post_id,comment_id,txt,url,offensiveness_score,Toxicity,Severe Toxicity,Profanity,Identity Attack,Insult,Threat,created,score,total_awards_received,controversiality,user,user_awardee_karma,user_awarder_karma,user_link_karma,user_comment_karma,user_total_karma
5mr02q,dc5nllg,So disrespectful and rude. What a monster!,https://www.reddit.com/r/AskMen/comments/5mr02q/how_do_you_feel_about_a_girl_that_cooks_for_you//dc5nllg/,0.333,0.68408644,0.024350211,0.21997347,0.025605056,0.6798578,0.010938995,1483885718.0,342,0,0,Hooray77,0.0,0.0,1684.0,7874.0,9558.0
5mr02q,dc5nn0g,I'm assuming it did if she's making him breakfast. Hahah. It's a hell of a thank you.,https://www.reddit.com/r/AskMen/comments/5mr02q/how_do_you_feel_about_a_girl_that_cooks_for_you//dc5nn0g/,-0.191,0.36095104,0.016254602,0.36230123,0.009915425,0.089778624,0.009178371,1483885800.0,18,0,0,piscina_dela_muerta,0.0,0.0,11702.0,51717.0,63419.0
5mr02q,dc5nqnm,"I FUCKING LOVE IT. 

I LOVE FOOD.

CAN SHE MAKE A DECENT CUP OF TEA TOO!?!?!? ",https://www.reddit.com/r/AskMen/comments/5mr02q/how_do_you_feel_about_a_girl_that_cooks_for_you//dc5nqnm/,0.708,0.61223894,0.16960317,0.7809412,0.02048012,0.1378885,0.010162249,1483886015.0,37,0,0,[deleted],,,,,
5mr02q,dc5rkks,"Agreed go no contact, get a lawyer, hit the gym, and find a hobby.",https://www.reddit.com/r/AskMen/comments/5mr02q/how_do_you_feel_about_a_girl_that_cooks_for_you//dc5rkks/,-0.522,0.12867521,0.004310608,0.019963788,0.002441859,0.02657372,0.058503386,1483892617.0,67,0,0,Fallout541,513.0,28.0,16025.0,69131.0,85697.0
5mr02q,dc5ry8q,"This happened today,  she brought me a latte and a bacon n egg sandwich. 

Next weekend I'm having her over and am gonna try to one up her with pancakes, fresh fruit, syrup and a Mocha. ",https://www.reddit.com/r/AskMen/comments/5mr02q/how_do_you_feel_about_a_girl_that_cooks_for_you//dc5ry8q/,-0.304,0.10089093,0.006752014,0.04642162,0.005475683,0.01632893,0.022853967,1483893177.0,11,0,0,Megafiend,455.0,12.0,1660.0,18912.0,21039.0
5mr02q,dc5t2xe,"> Hadn't thought of putting anything in green tea, though!

Don't or you'll go to Shinto Hell. ",https://www.reddit.com/r/AskMen/comments/5mr02q/how_do_you_feel_about_a_girl_that_cooks_for_you//dc5t2xe/,0.083,0.4269174,0.02425631,0.32965264,0.036878675,0.24835461,0.13815513,1483894826.0,2,0,0,[deleted],,,,,
5mr02q,dc5td04,"Delete lawyer, hit a hobby, get a gym?",https://www.reddit.com/r/AskMen/comments/5mr02q/how_do_you_feel_about_a_girl_that_cooks_for_you//dc5td04/,-0.213,,,,,,,1483895218.0,17,0,0,DasJuden63,30.0,0.0,7423.0,62802.0,70255.0
5mr02q,dc5tj15,"Don't worry, I take these things pretty seriously. I won't shame /u/quartilius for their choices, but neither will I play Izanagi to their Izanami. 😜",https://www.reddit.com/r/AskMen/comments/5mr02q/how_do_you_feel_about_a_girl_that_cooks_for_you//dc5tj15/,-0.208,0.06104896,0.002174377,0.031641733,0.007991537,0.02103047,0.008556974,1483895450.0,1,0,0,Bespectacled_Gent,80.0,35.0,486.0,19900.0,20501.0
5mr02q,dc5v9il,"Delete the gym, find facebook, hit a lawyer, then get another lawyer cause you just hit the first one",https://www.reddit.com/r/AskMen/comments/5mr02q/how_do_you_feel_about_a_girl_that_cooks_for_you//dc5v9il/,0.021,0.42349213,0.023645958,0.16078159,0.026609946,0.06599696,0.5195707,1483897805.0,21,0,0,evilpenguin234,0.0,0.0,11779.0,172945.0,184724.0
5mr02q,dc5w5s5,"As a dude who fucking loves breakfast, I would absolutely love this!

Might even have a quickie during/after we eat ;)",https://www.reddit.com/r/AskMen/comments/5mr02q/how_do_you_feel_about_a_girl_that_cooks_for_you//dc5w5s5/,0.667,0.5972042,0.070156105,0.8086746,0.02048012,0.107333586,0.008893564,1483899001.0,2,0,0,Earthbounds,0.0,0.0,1541.0,12763.0,14304.0
5mr02q,dc63xr1,"Cream... With tea?!

What the hell is this.

Green top or get out.",https://www.reddit.com/r/AskMen/comments/5mr02q/how_do_you_feel_about_a_girl_that_cooks_for_you//dc63xr1/,-0.083,0.509388,0.024725812,0.48510036,0.011987305,0.25007802,0.014220826,1483908462.0,2,0,0,[deleted],,,,,
5mr02q,dc686as,"As long as she doesn't try to make me drink coffee, that's redeemable for a back massage or cunnilingus.",https://www.reddit.com/r/AskMen/comments/5mr02q/how_do_you_feel_about_a_girl_that_cooks_for_you//dc686as/,0.25,0.5972042,0.08332442,0.48510036,0.021786476,0.17734702,0.014911477,1483913774.0,1,0,0,chilehead,1324.0,21.0,12093.0,209468.0,222906.0
5mr02q,dc6941v,"Christ, these questions are so dumb.

*How do you feel about 10/10 women who give you BJs while you play games and eat the awesome meal they just made for you?!*",https://www.reddit.com/r/AskMen/comments/5mr02q/how_do_you_feel_about_a_girl_that_cooks_for_you//dc6941v/,0.792,0.60311776,0.07542343,0.473824,0.10221587,0.4810288,0.011508608,1483914896.0,16,0,0,marley88,0.0,0.0,,,0.0
5mr02q,dc6c3x2,"I quite like the richness and depth it gives to the tea's flavour, actually. May I ask why you had such a strong negative reaction?

Where do you find your green top, by the way? I find it delicious, but haven't been able to readily find raw milk where I'm living now.",https://www.reddit.com/r/AskMen/comments/5mr02q/how_do_you_feel_about_a_girl_that_cooks_for_you//dc6c3x2/,-0.292,0.07608539,0.002765656,0.027273865,0.004587734,0.02567133,0.007495422,1483918398.0,1,0,0,Bespectacled_Gent,80.0,35.0,486.0,19900.0,20501.0
5mr02q,dc9cq7n,She wants the D. More of it.,https://www.reddit.com/r/AskMen/comments/5mr02q/how_do_you_feel_about_a_girl_that_cooks_for_you//dc9cq7n/,-0.188,0.16591948,0.007171631,0.11292298,0.005105704,0.025542418,0.008971239,1484085035.0,1,0,0,piscina_dela_muerta,0.0,0.0,11702.0,51717.0,63419.0
