post_id,comment_id,txt,url,offensiveness_score,Toxicity,Severe Toxicity,Profanity,Identity Attack,Insult,Threat,created,score,total_awards_received,controversiality,user,user_awardee_karma,user_awarder_karma,user_link_karma,user_comment_karma,user_total_karma
bjlq40,em9xdv4,Yeah the n95 will reduce your exposure to the virus in the 90s of percent.,https://i.redd.it/qm7e593conv21.jpg/em9xdv4/,-0.292,0.031684756,0.001363754,0.01220964,0.002996826,0.009545889,0.009463178,1556757995.0,10,0,0,DanimalsCrushCups,147.0,0.0,221.0,13632.0,14000.0
bjlq40,em9y9s7,"Even better, a bomb shelter.",https://i.redd.it/qm7e593conv21.jpg/em9y9s7/,-0.208,,,,,,,1556758629.0,44,0,0,[deleted],,,,,
bjlq40,ema76oa,Is there a bomb shelter I can wear around town?,https://i.redd.it/qm7e593conv21.jpg/ema76oa/,-0.25,0.13561769,0.006141663,0.024131214,0.006548621,0.013972916,0.13329996,1556764655.0,5,0,0,ithcy,1146.0,205.0,1645.0,87795.0,90791.0
bjlq40,emabtn8,Just none of the ones advertised by some blue suited yuts.,https://i.redd.it/qm7e593conv21.jpg/emabtn8/,-0.021,0.25462922,0.008010864,0.09001675,0.04564415,0.16897665,0.007456584,1556767990.0,1,0,0,kurisu7885,672.0,0.0,6996.0,611366.0,619034.0
bjlq40,emb3t0o,"Wow - I had never heard that chemo may affect vaccine derived immunity before!

This should be crossposted to /r/all somehow.",https://i.redd.it/qm7e593conv21.jpg/emb3t0o/,-0.458,0.022139108,0.001182556,0.015523086,0.003422302,0.008443882,0.007340072,1556797616.0,2,0,0,creepyfart4u,110.0,52.0,5911.0,38349.0,44422.0
bjlq40,embdxs5,Couldn’t he have spread measles too though,https://i.redd.it/qm7e593conv21.jpg/embdxs5/,-0.213,0.11367676,0.0050354,0.04867618,0.005956655,0.022770792,0.009644418,1556804803.0,-1,0,0,Clawvax,0.0,0.0,,,0.0
bjlq40,embhlvo,He should kill the measles with radiation,https://i.redd.it/qm7e593conv21.jpg/embhlvo/,-0.125,0.5532103,0.23224974,0.2661081,0.105836816,0.1378885,0.5940531,1556806978.0,-2,0,0,JDpurple4,38.0,0.0,1486.0,21924.0,23448.0
bjlq40,embi91i,Get the fuck out of here.,https://i.redd.it/qm7e593conv21.jpg/embi91i/,0.702,0.9563754,0.45895407,0.9421618,0.10221587,0.6120431,0.033386398,1556807321.0,4,0,0,[deleted],,,,,
bjlq40,emdf6h3,Im so sorry hope he get better,https://i.redd.it/qm7e593conv21.jpg/emdf6h3/,-0.75,,,,,,,1556848152.0,2,0,0,rouaa417,0.0,0.0,787.0,2517.0,3304.0
