post_id,comment_id,txt,url,offensiveness_score,Toxicity,Severe Toxicity,Profanity,Identity Attack,Insult,Threat,created,score,total_awards_received,controversiality,user,user_awardee_karma,user_awarder_karma,user_link_karma,user_comment_karma,user_total_karma
8lia9i,dzg2n96,"They admitted the Proctor’s office made a mistake, but taking it down from public locations was not incorrect and doesn’t require an apology. Getting rid of them was a mistake and promptly addressed by the administration.

This doesn’t have to be hard guys.",https://www.theguardian.com/world/2018/may/23/otago-university-seizes-and-destroys-copies-of-student-magazine-that-depict-menstruation/dzg2n96/,-0.085,0.077668175,0.002241135,0.017231047,0.003995769,0.031917825,0.012233571,1527087189.0,-12,0,1,ToxicPolarBear,365.0,0.0,113.0,186761.0,187239.0
8lia9i,dzg7tz8,">Imagine if the cover story was about a school shooting, and showed photos of dead bodies. I'm sure that would be fine

What? I'm absolutely sure people would be upset about dead bodies being shown on the cover of a student magazine. If you mean dead bodies that are drawn, I'm sure people would be upset about that, too.",https://www.theguardian.com/world/2018/may/23/otago-university-seizes-and-destroys-copies-of-student-magazine-that-depict-menstruation/dzg7tz8/,0.146,0.56269526,0.35368225,0.26603898,0.3857254,0.27558193,0.34804323,1527091692.0,8,0,0,HexagonHobbes,18.0,0.0,18161.0,23349.0,41528.0
8lia9i,dzgf992,What the fuck are you talking about? Are you saying if it was a crude drawing of a butthole spewing shit it would be any more appropriate? You don’t have the right to make other people beholden to your bodily functions just because it’s natural doesn’t mean it’s not gross wtf.,https://www.theguardian.com/world/2018/may/23/otago-university-seizes-and-destroys-copies-of-student-magazine-that-depict-menstruation/dzgf992/,0.729,0.91625386,0.5188304,0.86331284,0.18468912,0.6308392,0.06939816,1527098010.0,3,0,0,ToxicPolarBear,365.0,0.0,113.0,186761.0,187239.0
8lia9i,dzggdxg,"I'm sure they'd censor it if it were a non-menstruating female, or if it were a similarly-drawn male.  It's drawn at about the same skill level as ""fuuuuuu guy,"" for fuck's sake.",https://www.theguardian.com/world/2018/may/23/otago-university-seizes-and-destroys-copies-of-student-magazine-that-depict-menstruation/dzggdxg/,0.729,0.8252207,0.35368225,0.8690192,0.3817989,0.5239335,0.026307223,1527098980.0,4,0,0,TheAC997,0.0,0.0,4954.0,58816.0,63770.0
8lia9i,dzgiz1s,Sometimes there is good censorship.,https://www.theguardian.com/world/2018/may/23/otago-university-seizes-and-destroys-copies-of-student-magazine-that-depict-menstruation/dzgiz1s/,-0.362,0.03639866,0.001401901,0.015454767,0.004735726,0.011312899,0.008971239,1527101207.0,2,0,0,Poz_My_Neg_Fuck_Hole,0.0,0.0,,,0.0
8lia9i,dzglylb,I was on the magazines side until I seen the cover. What the fuck. The artist that drew that should be kicked out of the school if their major is anything related to drawing or designing. The school was doing that person a favor. If that’s the best you could create you would have been better of finding a picture of an actual human on their period and using that. ,https://www.theguardian.com/world/2018/may/23/otago-university-seizes-and-destroys-copies-of-student-magazine-that-depict-menstruation/dzglylb/,0.583,0.7252971,0.35368225,0.70864636,0.10221587,0.489133,0.22120713,1527103813.0,19,0,0,michaelrulaz,891.0,130.0,4342.0,129904.0,135267.0
8lia9i,dzgo1re,I wonder if you’d have the same tone if it was a dude’s hairy taint instead of a pussy.,https://www.theguardian.com/world/2018/may/23/otago-university-seizes-and-destroys-copies-of-student-magazine-that-depict-menstruation/dzgo1re/,0.667,0.8299589,0.16960317,0.7246992,0.084182754,0.45135358,0.009463178,1527105635.0,4,0,0,ToxicPolarBear,365.0,0.0,113.0,186761.0,187239.0
8lia9i,dzgruec,"I've got to say, even having been prepared by the headline, that is a fucking weird cover.",https://www.theguardian.com/world/2018/may/23/otago-university-seizes-and-destroys-copies-of-student-magazine-that-depict-menstruation/dzgruec/,0.438,0.7675452,0.16960317,0.8690192,0.019575719,0.35016364,0.008492245,1527108925.0,1,0,0,bendann,178.0,246.0,21860.0,35183.0,57467.0
8lia9i,dzgvjxz,"This will guarantee the magazine is seen by not only everyone at the school, but by people all over the world. What a bunch of fucking morons. I would have literally never even heard of this magazine had they not done this.",https://www.theguardian.com/world/2018/may/23/otago-university-seizes-and-destroys-copies-of-student-magazine-that-depict-menstruation/dzgvjxz/,0.562,0.8629672,0.35368225,0.83974665,0.104676254,0.75027496,0.0138755,1527112264.0,2,0,0,[deleted],,,,,
8lia9i,dzgwe9e,"Your lack of a reaction to having other people’s genitalia in your face is not an indication of your maturity or lack thereof.

Not being able to recognize that other people may not want crude sexually explicit displays in their public space, however, does.",https://www.theguardian.com/world/2018/may/23/otago-university-seizes-and-destroys-copies-of-student-magazine-that-depict-menstruation/dzgwe9e/,0.312,0.4269174,0.022839356,0.22321637,0.034042787,0.25007802,0.010887212,1527113061.0,2,0,0,ToxicPolarBear,365.0,0.0,113.0,186761.0,187239.0
8lia9i,dzgz6k9,">conducted a night-time raid to seize

What an imaginative headline. That makes it sound so much cooler, black turtlenecks, flashlights, slick black cars, sleep darting fat security guards.

Significantly more romantic than the probable reality of signing into their dropbox and deleting a single file from home while on the shitter",https://www.theguardian.com/world/2018/may/23/otago-university-seizes-and-destroys-copies-of-student-magazine-that-depict-menstruation/dzgz6k9/,0.188,0.7105462,0.35368225,0.5150164,0.46028158,0.48484445,0.13734594,1527115815.0,3,0,0,philmarcracken,452.0,0.0,28464.0,199309.0,228225.0
8lia9i,dzgzlk9,look up the difference between gender and sex,https://www.theguardian.com/world/2018/may/23/otago-university-seizes-and-destroys-copies-of-student-magazine-that-depict-menstruation/dzgzlk9/,-0.091,0.29405528,0.01159668,0.16729468,0.10221587,0.031697463,0.008867673,1527116242.0,-3,0,0,[deleted],,,,,
8lia9i,dzgzvxp,"So.  Just a little petty theft and vandalism?  Should be enough to get the perps fired from the Uni.  

This post has about 10 miles of comments, and not a single one asking if a crime has been committed.  Did I not understand the article?",https://www.theguardian.com/world/2018/may/23/otago-university-seizes-and-destroys-copies-of-student-magazine-that-depict-menstruation/dzgzvxp/,-0.021,0.2043827,0.004653931,0.017504321,0.008213525,0.08508729,0.026652548,1527116537.0,2,0,0,ricamac,0.0,0.0,1591.0,9288.0,10879.0
8lia9i,dzhi92q,"They're not affiliated with the university at all.
It's not a pretty picture but that's sort of the point - it's blatant and as far from sexualised as it's possible to be. 
It's also an intentionally gender neutral figure as obviously not only women bleed (trans etc). 

I Definitely don't like the picture. However, It's shameful that a institute of learning would censor it. ",https://www.theguardian.com/world/2018/may/23/otago-university-seizes-and-destroys-copies-of-student-magazine-that-depict-menstruation/dzhi92q/,0.0,0.27047762,0.008888245,0.07708528,0.21866,0.12521741,0.008505191,1527135106.0,-1,0,1,[deleted],,,,,
8lia9i,dzhlibh,[deleted],https://www.theguardian.com/world/2018/may/23/otago-university-seizes-and-destroys-copies-of-student-magazine-that-depict-menstruation/dzhlibh/,-0.062,,,,,,,1527139789.0,3,0,0,[deleted],,,,,
8lia9i,dzhurgm,"... so ? That's missing the point.
The university didn't destroy the magazine just because they didn't think it was a skilled and accurate description of someone menstruating.
",https://www.theguardian.com/world/2018/may/23/otago-university-seizes-and-destroys-copies-of-student-magazine-that-depict-menstruation/dzhurgm/,0.167,0.13908891,0.003128052,0.028503597,0.011765319,0.028502205,0.008815889,1527159036.0,0,0,0,[deleted],,,,,
