post_id,comment_id,txt,url,offensiveness_score,Toxicity,Severe Toxicity,Profanity,Identity Attack,Insult,Threat,created,score,total_awards_received,controversiality,user,user_awardee_karma,user_awarder_karma,user_link_karma,user_comment_karma,user_total_karma
7ub0hi,dtiwjk2,"This has gotten less and less obscure as the years go on but there's at least beer and pizza money to be made by self-publishing stories on Amazon and other platforms like Nook, iBooks, Kobo, etc.

A similar answer on a reddit thread like this back in 2014 got me started writing erotica and then romance. I went from beer and pizza money to job quitting money in less than a year. If you're good, willing to put in some time, and like writing then you can make a career out of it. Or you can throw something up from time to time and make beer and pizza money.",https://www.reddit.com/r/AskReddit/comments/7ub0hi/what_are_some_obscure_sources_of_income//dtiwjk2/,-0.146,0.1269396,0.005493164,0.1184936,0.012240025,0.024768941,0.008789998,1517416536.0,591,0,0,daecrist,1734.0,0.0,29767.0,121129.0,152630.0
7ub0hi,dtiwr90,"This sounds awesome.

How did you get started?",https://www.reddit.com/r/AskReddit/comments/7ub0hi/what_are_some_obscure_sources_of_income//dtiwr90/,-0.625,0.034748793,0.002183914,0.019895468,0.004125261,0.01309891,0.009100696,1517416738.0,64,0,0,Ellsworth_Chewie,58.0,49.0,4965.0,118726.0,123798.0
7ub0hi,dtixg3g,"1. Be horny as fuck

2. Write about it

3. Rinse / repeat",https://www.reddit.com/r/AskReddit/comments/7ub0hi/what_are_some_obscure_sources_of_income//dtixg3g/,0.604,0.8778702,0.35368225,0.8855216,0.06431354,0.48627716,0.020954676,1517417389.0,227,0,0,[deleted],,,,,
7ub0hi,dtk9xcu,"Mushroom picking.  I've not done this in decades but when I was a kid I would pick chanterelle's when they were in season.  Back in the early 90's they were 3-4 bucks a pound (I am sure it is much higher now).  On the weekends I could easily clear about 10lbs in a couple hours completely on foot.

Big money was matsutake which are even a much more limited season.  Buttons (top grade) used to be around 150ish a lb.  I once found 3 buttons after spending 10 minutes in the woods and made 100 bucks.",https://www.reddit.com/r/AskReddit/comments/7ub0hi/what_are_some_obscure_sources_of_income//dtk9xcu/,-0.375,0.025085296,0.001120567,0.015249812,0.002303117,0.013744914,0.006763986,1517471715.0,9,0,0,Gorstag,321.0,14.0,194.0,136431.0,136960.0
7ub0hi,dtkd1bu,"In London we have a street flanked each side by various jewelers. There are guys who hang around outside on the pavement waiting for the draft to blow tiny shavings of gold and such out of the shop doors so they can pick it off the cobbles.

I have no idea how much they make, but there seems to be a certain level of organisation to it. I pass this place (Leather Lane) most days and you always have the same guys working the same patch. I never even knew what they were doing there until I asked on of them.",https://www.reddit.com/r/AskReddit/comments/7ub0hi/what_are_some_obscure_sources_of_income//dtkd1bu/,-0.229,0.075294,0.002574921,0.02973333,0.013546381,0.030265106,0.009981008,1517479258.0,4,0,0,LennyMcTavish,96.0,0.0,1649.0,3747.0,5492.0
7ub0hi,dtkifr9,Not necessarily income  but my grandfather rebuilt a very very specific part for the local bakery when their original one broke. The baker was so thankful that he agreed to give my grandpa all leftover breads and buns and so on every day for the rest of his life. He never has to pay a cent to get bread and buns now... ,https://www.reddit.com/r/AskReddit/comments/7ub0hi/what_are_some_obscure_sources_of_income//dtkifr9/,-0.333,0.032863233,0.001249313,0.019963788,0.002626848,0.017088935,0.006718676,1517490729.0,3,0,0,NoHaxJustNoob,0.0,100.0,1279.0,9457.0,10836.0
7ub0hi,dtkpm0t,I once sent in some scenarios for a fetish porn site.  I was paid with a free month's membership.  I really should have made this a regular thing.,https://www.reddit.com/r/AskReddit/comments/7ub0hi/what_are_some_obscure_sources_of_income//dtkpm0t/,0.125,0.3974717,0.021935565,0.33141375,0.019173764,0.053205602,0.008867673,1517499206.0,1,0,0,felixfelix,1333.0,1474.0,4732.0,213279.0,220818.0
