post_id,comment_id,txt,url,offensiveness_score,Toxicity,Severe Toxicity,Profanity,Identity Attack,Insult,Threat,created,score,total_awards_received,controversiality,user,user_awardee_karma,user_awarder_karma,user_link_karma,user_comment_karma,user_total_karma
40jlbb,cyv1v2c,"I was going to say.

I always assumed world politics was more meant tonfocus on other countries.

It seems like basically every post I see here is ""Bernie this Bernie that"".",http://talkingpointsmemo.com/polltracker/arg-january-dems-iowa-nh?utm_content=buffer9e1be&utm_medium=social&utm_source=twitter.com&utm_campaign=buffer/cyv1v2c/,0.188,0.027206551,0.000844002,0.012585391,0.004069764,0.014352918,0.006162008,1452579405.0,9,0,0,theunnoanprojec,30.0,0.0,8779.0,137302.0,146111.0
40jlbb,cyv4fip,And so the two-party system carries forward while we argue about hypothetical histories...,http://talkingpointsmemo.com/polltracker/arg-january-dems-iowa-nh?utm_content=buffer9e1be&utm_medium=social&utm_source=twitter.com&utm_campaign=buffer/cyv4fip/,-0.17,0.016964182,0.000548363,0.010194245,0.002534353,0.009944891,0.006129643,1452586450.0,2,0,0,Buffalo__Buffalo,18.0,0.0,,,18.0
40jlbb,cyv4kde,"> It seems like basically every post I see here is ""Bernie this Bernie that"".

It's that pesky grass roots thing going on.

",http://talkingpointsmemo.com/polltracker/arg-january-dems-iowa-nh?utm_content=buffer9e1be&utm_medium=social&utm_source=twitter.com&utm_campaign=buffer/cyv4kde/,0.042,0.15600902,0.003662109,0.02795705,0.01191331,0.06442356,0.006938754,1452586908.0,-1,0,1,[deleted],,,,,
40jlbb,cyv67hf,I think any president would have done things differently than any other president. It's a pretty big difference.,http://talkingpointsmemo.com/polltracker/arg-january-dems-iowa-nh?utm_content=buffer9e1be&utm_medium=social&utm_source=twitter.com&utm_campaign=buffer/cyv67hf/,-0.271,0.014890783,0.000565052,0.011423977,0.002663846,0.009203887,0.006213791,1452593284.0,0,0,0,oldmoneey,0.0,0.0,3900.0,51085.0,54985.0
40jlbb,cyv6j5z,"Sounds like an excuse to not bother doing anything about it. Greece, Spain, France and the UK have all had major political surprises recently. Things can change. ",http://talkingpointsmemo.com/polltracker/arg-january-dems-iowa-nh?utm_content=buffer9e1be&utm_medium=social&utm_source=twitter.com&utm_campaign=buffer/cyv6j5z/,-0.104,0.02402467,0.000977516,0.013746806,0.006992595,0.010818896,0.007365964,1452594733.0,6,0,0,mrtube,160.0,0.0,11711.0,13080.0,24951.0
40jlbb,cyv75ga,Well isn't it a bit odd that they just discarded the yellow one like that? And yet you hear hear anyone talk about it?,http://talkingpointsmemo.com/polltracker/arg-january-dems-iowa-nh?utm_content=buffer9e1be&utm_medium=social&utm_source=twitter.com&utm_campaign=buffer/cyv75ga/,-0.396,0.10175867,0.002784729,0.019075647,0.023193322,0.028392024,0.008919456,1452597220.0,1,0,0,Tayto2000,63.0,0.0,31053.0,95073.0,126189.0
40jlbb,cyvbw0y,Juicy burn is more like it ,http://talkingpointsmemo.com/polltracker/arg-january-dems-iowa-nh?utm_content=buffer9e1be&utm_medium=social&utm_source=twitter.com&utm_campaign=buffer/cyvbw0y/,-0.312,0.29039988,0.023076924,0.117874645,0.014953227,0.03599453,0.20938614,1452609887.0,4,0,0,skieth86,0.0,0.0,2.0,11147.0,11149.0
40jlbb,cyvh2zr,"Like every time he speaks he's thinking, ""hello, isn't this obvious to everyone else?""

I mean this truthfully: it's a shame that he's not half his age and sexy as hell.",http://talkingpointsmemo.com/polltracker/arg-january-dems-iowa-nh?utm_content=buffer9e1be&utm_medium=social&utm_source=twitter.com&utm_campaign=buffer/cyvh2zr/,-0.021,0.4838166,0.02416241,0.4044591,0.051126,0.32682732,0.020954676,1452618013.0,4,0,0,dafones,2947.0,0.0,45662.0,282405.0,331014.0
