post_id,comment_id,txt,url,offensiveness_score,Toxicity,Severe Toxicity,Profanity,Identity Attack,Insult,Threat,created,score,total_awards_received,controversiality,user,user_awardee_karma,user_awarder_karma,user_link_karma,user_comment_karma,user_total_karma
855119,dvuqdg9,"**Movies/TV shows Corner**

Talk about movies or TV shows here!
",https://www.reddit.com/r/indonesia/comments/855119/march_18_2018_special_sunday_chat//dvuqdg9/,-0.479,0.021903414,0.00166893,0.019622196,0.006770608,0.009089886,0.0084793,1521306073.0,1,0,0,Vulphere,5984.0,8.0,99003.0,65360.0,170355.0
855119,dvuqebd,"**Game Corner**

Talk about video games here!
",https://www.reddit.com/r/indonesia/comments/855119/march_18_2018_special_sunday_chat//dvuqebd/,-0.542,0.032627538,0.002536774,0.024131214,0.007399572,0.010780896,0.010110466,1521306100.0,2,0,0,Vulphere,5984.0,8.0,99003.0,65360.0,170355.0
855119,dvuqeyq,"**Programming/Software Corner**

Talk about programming, share your software or IT-related discussion here!
",https://www.reddit.com/r/indonesia/comments/855119/march_18_2018_special_sunday_chat//dvuqeyq/,-0.438,0.020960633,0.001573563,0.020100424,0.006067649,0.008595883,0.008285114,1521306119.0,2,0,0,Vulphere,5984.0,8.0,99003.0,65360.0,170355.0
855119,dvuuqw3,"As much as I dislike the venue of this GESC Jakarta Minor, I kinda enjoy the crowds and the matches. So I guess 400k well spent?

Really disappointed with the food price though. I mean, 200k for a fucking bakso? Damn, mau buat borong arcana & rare items? ",https://www.reddit.com/r/indonesia/comments/855119/march_18_2018_special_sunday_chat//dvuuqw3/,0.417,0.47886392,0.20678867,0.5865656,0.10221587,0.32682732,0.013269233,1521311037.0,4,0,0,alphadeeto,3680.0,510.0,14997.0,169968.0,189155.0
855119,dvuvvnm,Disini ada yang tau jual g27 bekas dmn???,https://www.reddit.com/r/indonesia/comments/855119/march_18_2018_special_sunday_chat//dvuvvnm/,-0.292,0.01646154,0.001144409,0.015386449,0.002478856,0.009944891,0.006446815,1521312313.0,1,0,0,anrico17,383.0,75.0,1746.0,74514.0,76718.0
855119,dvuvylu,Gak boleh bawa makanan dari luar? ,https://www.reddit.com/r/indonesia/comments/855119/march_18_2018_special_sunday_chat//dvuvylu/,-0.271,0.009864358,0.000619888,0.01086035,0.00155391,0.007645877,0.005932221,1521312406.0,1,0,0,redo21,127.0,0.0,8474.0,51169.0,59770.0
855119,dvuydqy,"USBN is tomorrow boiss.

Wish everyone who run it luck.

edit : ""luck"" = nyontek xD",https://www.reddit.com/r/indonesia/comments/855119/march_18_2018_special_sunday_chat//dvuydqy/,-0.208,0.06421452,0.003910065,0.029596692,0.009989422,0.01819439,0.011741633,1521315161.0,3,0,0,[deleted],,,,,
855119,dvuylcn,"SEA crowds are really passionate.

The positive thing about GESC is at least they treat the players and talents really well. I hope they have a good enough impression for a second minor, probably even a major.",https://www.reddit.com/r/indonesia/comments/855119/march_18_2018_special_sunday_chat//dvuylcn/,-0.277,0.013822667,0.000834465,0.012858666,0.003514797,0.008462882,0.006822242,1521315408.0,1,0,0,Schizof,8951.0,42.0,51211.0,220299.0,280503.0
855119,dvvg551,"Bakso 200k

Pls tell me they use Kobe beef for the Bakso ",https://www.reddit.com/r/indonesia/comments/855119/march_18_2018_special_sunday_chat//dvvg551/,-0.521,0.08241652,0.006103516,0.059948977,0.013043936,0.026960457,0.011146127,1521336459.0,2,0,0,anrico17,383.0,75.0,1746.0,74514.0,76718.0
855119,dvvkbv4,"mmorpg untuk android yg ukurannya filenya kecil apaan ya? internal sisa 2.6gb sisain 1gb lah.

Nyobain order & chaos udah ngabisin 1.5gb tapi masih ada file yg mesti di download lagi.
Adventure quest 3d uinya kurang menarik
mau nyoba Lineage2 kira2 nyampek berapa gb nih filenya ada yang udah main?",https://www.reddit.com/r/indonesia/comments/855119/march_18_2018_special_sunday_chat//dvvkbv4/,-0.149,0.113263406,0.012703998,0.34099978,0.003385304,0.019676886,0.008103873,1521341686.0,1,0,0,toolzark,0.0,4.0,217.0,404.0,625.0
855119,dvvmofg,"I watched Game Night few days ago and it is already one of my favorite comedy this year.

Rachel McAdams should do more comedies, her chemistry with Jason Bateman and her performance was remarkable.",https://www.reddit.com/r/indonesia/comments/855119/march_18_2018_special_sunday_chat//dvvmofg/,-0.521,0.011937759,0.000815392,0.012722028,0.002340114,0.007759878,0.007443639,1521344855.0,1,0,0,Sisiwakanamaru,41706.0,0.0,2868197.0,764259.0,3674162.0
855119,dvvufr9,"Anyone else just really can't get into video games? Idk I always find smth that puts me off.

Just started playing Score! Match on mobile since everyone and their mum is playing it and I thought I'd enjoy it, but I found how they use timer to open the boxes pretty off putting.

I've tried some RPG and strategy games on my sister in law's PS3 as well but idk I lost interest quickly. I don't really care about story telling in the former and the latter usually has learning curves that I can't really be arsed to follow.

Pro Evo and FIFA are the only ones that I enjoy.",https://www.reddit.com/r/indonesia/comments/855119/march_18_2018_special_sunday_chat//dvvufr9/,-0.312,0.12520397,0.007286072,0.12096943,0.021585498,0.03312982,0.011612174,1521359211.0,1,0,0,[deleted],,,,,
855119,dvvum67,"Itu yng lomba esport yg skrng ini di ice y...

Lg di mcd dkt ice, rame banget yng pake 'jersey' dan name tag ",https://www.reddit.com/r/indonesia/comments/855119/march_18_2018_special_sunday_chat//dvvum67/,-0.188,0.04290464,0.002574921,0.027820412,0.008398513,0.0233509,0.007353018,1521359675.0,2,0,0,anrico17,383.0,75.0,1746.0,74514.0,76718.0
855119,dvvupbr,Saya jadi kangen maen game suit jepang itu...,https://www.reddit.com/r/indonesia/comments/855119/march_18_2018_special_sunday_chat//dvvupbr/,-0.167,0.021432023,0.001525879,0.023174755,0.00569767,0.009868891,0.006453287,1521359893.0,1,0,0,porcelio26,0.0,0.0,51.0,1336.0,1387.0
855119,dvvw0ep,"probably conventional RPGs are not your cup of tea then?

have you tried other genres like Assassin's Creed or Mass effect or Skyrim which has RPG elements but not conventional RPG?",https://www.reddit.com/r/indonesia/comments/855119/march_18_2018_special_sunday_chat//dvvw0ep/,-0.479,0.11109332,0.004749298,0.037904397,0.00673361,0.021997316,0.014048163,1521363369.0,1,0,0,Schizof,8951.0,42.0,51211.0,220299.0,280503.0
855119,dvvwcp0,"Di tempatku lineage2 sekitar 2,05gb. Awal download kemarin sih sekitar 1,8.",https://www.reddit.com/r/indonesia/comments/855119/march_18_2018_special_sunday_chat//dvvwcp0/,-0.292,0.004932179,0.000464916,0.012756188,0.000911072,0.005693615,0.005738034,1521364338.0,1,0,0,hohondoe,0.0,0.0,199.0,1906.0,2105.0
855119,dvvwkj9,"Balancing the student's council book, thought to myself 'How hard can it be?'.

None of the fuckers recorded the expenses properly and quite a few slips have gone missing.",https://www.reddit.com/r/indonesia/comments/855119/march_18_2018_special_sunday_chat//dvvwkj9/,0.208,0.68408644,0.16960317,0.7107322,0.057037655,0.5130944,0.013321015,1521364959.0,5,0,0,[deleted],,,,,
855119,dvvze02,"Soulsborne series? (Dark Souls 1-3, Demon Souls, Bloodborne)  
The learning curve is bit high, but you should try it",https://www.reddit.com/r/indonesia/comments/855119/march_18_2018_special_sunday_chat//dvvze02/,-0.458,0.057748068,0.003623962,0.026180768,0.008546505,0.013174911,0.013631714,1521372771.0,1,0,0,riposte94,157.0,6.0,3907.0,21677.0,25747.0
855119,dvw00rp,"It will be another weekend in no time, buddy. 

Time flies fast, so fill it with something you like doing.",https://www.reddit.com/r/indonesia/comments/855119/march_18_2018_special_sunday_chat//dvw00rp/,-0.646,0.028502874,0.001068115,0.012004685,0.001655654,0.013440913,0.007275343,1521374298.0,1,0,0,ichikaren,0.0,0.0,39.0,2364.0,2403.0
855119,dvw0baf,Gintama is my favorite anime now. Damn.,https://www.reddit.com/r/indonesia/comments/855119/march_18_2018_special_sunday_chat//dvw0baf/,-0.457,0.4269174,0.023106033,0.4989438,0.013445892,0.07301756,0.008919456,1521374948.0,2,0,0,honeybobok,240.0,0.0,678.0,23436.0,24354.0
855119,dvw0p3g,I'm going to the movies tomorrow and I can't decide between Game Night and Tomb Raider. Perhaps anyone here who has watched can give me suggestions? (No spoiler pls),https://www.reddit.com/r/indonesia/comments/855119/march_18_2018_special_sunday_chat//dvw0p3g/,-0.396,0.044141594,0.002746582,0.024814399,0.008657498,0.011160898,0.012958534,1521375765.0,1,0,0,TaikaWaitiddies,258.0,459.0,3982.0,96528.0,101227.0
855119,dvw11tv,"You know there are a special breed of people that will cross the train's intersection even though the gate has been closed? And sometimes, for places that don't have gates, the horn will be the signal for pak ogah to stop people to cross",https://www.reddit.com/r/indonesia/comments/855119/march_18_2018_special_sunday_chat//dvw11tv/,0.083,0.03969839,0.001773834,0.014464149,0.007584561,0.011654901,0.010291707,1521376480.0,2,0,0,rndwashere,7.0,0.0,109.0,3733.0,3849.0
855119,dvw1wix,"Setelah pergi dari rumah selama 3 tahun, kayanya gua semakin malas dengerin orang tua gua.

Apa ini namanya menjadi remaja?",https://www.reddit.com/r/indonesia/comments/855119/march_18_2018_special_sunday_chat//dvw1wix/,-0.043,0.1140901,0.003013611,0.03690237,0.008213525,0.06529768,0.007068211,1521378109.0,1,0,0,julius6565,0.0,0.0,166.0,3320.0,3486.0
855119,dvw2jls,"Game Night if you like some laughs and pop culture references, Tomb Raider if you want some brainless action and Alicia Vikander. 😁",https://www.reddit.com/r/indonesia/comments/855119/march_18_2018_special_sunday_chat//dvw2jls/,-0.085,0.23235008,0.006561279,0.06746418,0.01555616,0.0820023,0.010731863,1521379236.0,1,0,0,celix24,413.0,20.0,11724.0,13472.0,25629.0
855119,dvw3k94,"Kata tmn tomb raider bagusan gameny....

The plot is basically the tomb raider 2013 reboot game.... I personally haven't watch but my friend says it good, 

meanwhile my friend who played the game says the game's plot is better.... 

Also the tomb raider game voice actor should have been the one who's playing the movie imo.... She's sexier imo and she's done a great job at the voice acting ",https://www.reddit.com/r/indonesia/comments/855119/march_18_2018_special_sunday_chat//dvw3k94/,-0.104,0.2028889,0.016964722,0.16357292,0.028418748,0.04149419,0.019055385,1521380895.0,1,0,0,anrico17,383.0,75.0,1746.0,74514.0,76718.0
855119,dvw3tga,"kenapa gue nagih utang tapi malah perasaan gue yang ga enak ya?
tch",https://www.reddit.com/r/indonesia/comments/855119/march_18_2018_special_sunday_chat//dvw3tga/,-0.229,0.28312725,0.014447021,0.25275812,0.008176526,0.070799805,0.009256045,1521381313.0,1,0,0,telorbusuk,0.0,0.0,1.0,38.0,39.0
855119,dvw66sn,"its like food everyone hae preference. someone may like sweets but the other one maybe like spicy more just eat what you enjoy most. as for me i cant really enjoy PES or FIFA games, RPG ftw",https://www.reddit.com/r/indonesia/comments/855119/march_18_2018_special_sunday_chat//dvw66sn/,-0.354,0.09394901,0.004386902,0.04792466,0.008509507,0.019483518,0.009385503,1521384674.0,1,0,0,bukiya,59.0,0.0,235.0,73046.0,73340.0
855119,dvw6skg,[deleted],https://www.reddit.com/r/indonesia/comments/855119/march_18_2018_special_sunday_chat//dvw6skg/,-0.085,,,,,,,1521385461.0,1,0,0,[deleted],,,,,
855119,dvwfwle,"Nope we are cheap.

Except if you are bpk, then yes, you will great bribes a lot.

Or if you are those third tiers kap. Probably yes.

Also, bpk is fucking incompetent. I never trust their findings. I always laugh when people use bpk findings as argument against ahok. Like they are competent in the first place.",https://www.reddit.com/r/indonesia/comments/855119/march_18_2018_special_sunday_chat//dvwfwle/,0.617,0.62702215,0.21902075,0.6001929,0.2127345,0.5130944,0.022335978,1521395847.0,1,0,0,honeybobok,240.0,0.0,678.0,23436.0,24354.0
855119,dvx8j8p,"Sorry buddy, not a big fan of romcoms",https://www.reddit.com/r/indonesia/comments/855119/march_18_2018_special_sunday_chat//dvx8j8p/,-0.271,0.10913446,0.003223419,0.028503597,0.019374741,0.025929155,0.008026198,1521427741.0,1,0,0,TaikaWaitiddies,258.0,459.0,3982.0,96528.0,101227.0
