post_id,comment_id,txt,url,offensiveness_score,Toxicity,Severe Toxicity,Profanity,Identity Attack,Insult,Threat,created,score,total_awards_received,controversiality,user,user_awardee_karma,user_awarder_karma,user_link_karma,user_comment_karma,user_total_karma
93491m,e3aj0fj,Wait what? That second sentence of yours needs some revision.,https://www.globalcitizen.org/en/content/public-breastfeeding-is-now-legal-in-all-50-states/?utm_source=Iterable&utm_medium=email&utm_campaign=US_July_30_2018_content_digest/e3aj0fj/,-0.271,0.05280026,0.00108242,0.011868048,0.001442917,0.02103047,0.006699257,1532961938.0,1,0,1,nycdiveshack,266.0,582.0,11322.0,74379.0,86549.0
93491m,e3akf81,"> A law that restricts the actions of women from doing actions a man would be allowed to do is unconstitutional.

Maybe in your country, but the U.S. courts have not struck down all laws that differentiate men and women by anatomy. Rape laws are another example where some states define rape purely in terms of penetration such that sometimes only people with vaginas can be raped, sometimes only people with penises can commit rape, etc. based on the wording of the law. States are slowly changing them, but none of the old laws that define it on anatomy have been struck down by the courts, AFAIK.",https://www.globalcitizen.org/en/content/public-breastfeeding-is-now-legal-in-all-50-states/?utm_source=Iterable&utm_medium=email&utm_campaign=US_July_30_2018_content_digest/e3akf81/,0.458,0.4269174,0.023076924,0.26937544,0.14661247,0.16758773,0.055917133,1532963231.0,1,0,0,MidnightSlinks,909.0,0.0,2415.0,197264.0,200588.0
93491m,e3amalh,"> A law that restricts the actions of women from doing actions a man would be allowed to do is ~~unconstitutional~~ subject to intermediate scrutiny.

FTFY. See Craig v. Boren.

",https://www.globalcitizen.org/en/content/public-breastfeeding-is-now-legal-in-all-50-states/?utm_source=Iterable&utm_medium=email&utm_campaign=US_July_30_2018_content_digest/e3amalh/,-0.125,0.044388983,0.001554489,0.012858666,0.031980325,0.012490907,0.007016428,1532964898.0,2,0,0,ResIpsaBroquitur,458.0,41.0,2085.0,94952.0,97536.0
93491m,e3an0bd,American hysteria over the human body is a cultural mental illness and needs to be treated.,https://www.globalcitizen.org/en/content/public-breastfeeding-is-now-legal-in-all-50-states/?utm_source=Iterable&utm_medium=email&utm_campaign=US_July_30_2018_content_digest/e3an0bd/,0.271,0.36043653,0.013478675,0.07047026,0.2816105,0.32682732,0.012958534,1532965509.0,2,0,0,fifibuci,0.0,0.0,98.0,80727.0,80825.0
93491m,e3ap0g6,""" I don't understand how someone can't like something, so it's them who are stupid """,https://www.globalcitizen.org/en/content/public-breastfeeding-is-now-legal-in-all-50-states/?utm_source=Iterable&utm_medium=email&utm_campaign=US_July_30_2018_content_digest/e3ap0g6/,0.396,0.7510937,0.16960317,0.46460027,0.10221587,0.67735565,0.016292779,1532967227.0,-16,0,0,[deleted],,,,,
93491m,e3apdk1,"It wasn't.  There just wasn't a law specifically protecting it.  Never been to Idaho, but I know that women have been breastfeeding in public in Utah for many years.  ",https://www.globalcitizen.org/en/content/public-breastfeeding-is-now-legal-in-all-50-states/?utm_source=Iterable&utm_medium=email&utm_campaign=US_July_30_2018_content_digest/e3apdk1/,-0.25,0.081625134,0.002574921,0.028230323,0.020279141,0.017485369,0.006731622,1532967537.0,8,0,0,TheWoman2,152.0,0.0,332.0,30136.0,30620.0
93491m,e3arphg,"Wait, you have that expression in Dutch too? We call it that in Norway as well, the origin is that because newspapers didn't have much to write about during the summer, they sent journalists out to find out which stores had the cheapest cucumbers.",https://www.globalcitizen.org/en/content/public-breastfeeding-is-now-legal-in-all-50-states/?utm_source=Iterable&utm_medium=email&utm_campaign=US_July_30_2018_content_digest/e3arphg/,-0.104,0.056263726,0.001630783,0.019280603,0.010063417,0.019419061,0.00661511,1532969484.0,460,0,0,LumiLuminous,0.0,0.0,123.0,8486.0,8609.0
93491m,e3avcau,"We got that in Denmark too. So it comes as no surprise to me our former colonies would have the same expression.

With love, please come back",https://www.globalcitizen.org/en/content/public-breastfeeding-is-now-legal-in-all-50-states/?utm_source=Iterable&utm_medium=email&utm_campaign=US_July_30_2018_content_digest/e3avcau/,-0.13,0.06817148,0.003566742,0.02522431,0.026810925,0.017743196,0.010757755,1532972500.0,5,0,0,WeinMe,783.0,0.0,5890.0,141938.0,148611.0
93491m,e3awj2k,"only in public, and only because our puritanical roots influenced our culture so that we, as a whole, have a hard time viewing female breasts any way other than sexually.  Culturally, we've got some pretty big hangups about the human body and human sexuality.",https://www.globalcitizen.org/en/content/public-breastfeeding-is-now-legal-in-all-50-states/?utm_source=Iterable&utm_medium=email&utm_campaign=US_July_30_2018_content_digest/e3awj2k/,0.042,0.37751234,0.016771052,0.28708664,0.10221587,0.07333439,0.008311004,1532973478.0,2,0,0,Astramancer_,4730.0,363.0,1906.0,828948.0,835947.0
93491m,e3baang,"Have you breastfed in public? That's when you get the pleasure of really seeing it in action :) I see it plenty online, understandably as people tend to be shittier when they feel empowered by anonymity, but they can be hella rude in person, too.",https://www.globalcitizen.org/en/content/public-breastfeeding-is-now-legal-in-all-50-states/?utm_source=Iterable&utm_medium=email&utm_campaign=US_July_30_2018_content_digest/e3baang/,0.229,0.60152835,0.16960317,0.596623,0.050443888,0.3682569,0.021127338,1532984954.0,18,0,0,Lockraemono,425.0,1635.0,50927.0,133894.0,186881.0
93491m,e3bdtg7,I think a lot of the political pressure was coming from baby formula companies.,https://www.globalcitizen.org/en/content/public-breastfeeding-is-now-legal-in-all-50-states/?utm_source=Iterable&utm_medium=email&utm_campaign=US_July_30_2018_content_digest/e3bdtg7/,-0.396,0.024142517,0.000915527,0.012448754,0.006474625,0.010818896,0.006964645,1532988040.0,48,0,0,WhoaEpic,194.0,0.0,104835.0,24902.0,129931.0
