post_id,comment_id,txt,url,offensiveness_score,Toxicity,Severe Toxicity,Profanity,Identity Attack,Insult,Threat,created,score,total_awards_received,controversiality,user,user_awardee_karma,user_awarder_karma,user_link_karma,user_comment_karma,user_total_karma
4l7qd3,d3l5997,He's a nightmare for the environment and climate change.,http://www.theguardian.com/us-news/2016/may/26/donald-trump-environmental-policy-climate-change-keystone-xl/d3l5997/,-0.021,0.31825066,0.00617981,0.031641733,0.007214582,0.3388922,0.008427517,1464307267.0,59,0,0,m4bwav,99.0,0.0,1740.0,19428.0,21267.0
4l7qd3,d3lerrz,Maybe Obama shouldn't have bypassed Congress on the Paris climate treaty.,http://www.theguardian.com/us-news/2016/may/26/donald-trump-environmental-policy-climate-change-keystone-xl/d3lerrz/,-0.062,0.022139108,0.000734329,0.011150704,0.004624732,0.010704896,0.006608637,1464324699.0,-8,0,0,Forkboy2,289.0,0.0,3619.0,21268.0,25176.0
4l7qd3,d3lfneg,"Of course he would. He'd also end Obamacare, taking affordable healthcare away from nearly twenty million people. He'd also do his best to ban all abortions. He'd also bomb Iran. He'd also ... Oh hell just don't vote for the fucker alright? ",http://www.theguardian.com/us-news/2016/may/26/donald-trump-environmental-policy-climate-change-keystone-xl/d3lfneg/,0.479,0.7856813,0.35058254,0.764141,0.2877625,0.6407567,0.3077799,1464326748.0,27,0,0,weegee,185.0,1332.0,7488.0,52245.0,61250.0
4l7qd3,d3lgdau,"Because he has been hired by the Clintons to say the most inflamatory shit possible to boost the chances that Bernie people will cave and vote the lesser evil.

I say fuck the both of them in the eye. ",http://www.theguardian.com/us-news/2016/may/26/donald-trump-environmental-policy-climate-change-keystone-xl/d3lgdau/,0.792,0.8540474,0.39194742,0.8449782,0.15517195,0.6149945,0.21332647,1464328596.0,-3,0,0,TheKolbrin,778.0,74.0,103525.0,102802.0,207179.0
4l7qd3,d3lgl4a,"Bybassing a shitty, worthless do nothing Congress run by reactionaries, what a shame.",http://www.theguardian.com/us-news/2016/may/26/donald-trump-environmental-policy-climate-change-keystone-xl/d3lgl4a/,0.562,0.8252207,0.23226519,0.70864636,0.2700233,0.71120167,0.01698343,1464329169.0,6,0,0,AnalArdvark,0.0,0.0,293.0,8846.0,9139.0
4l7qd3,d3lhg4f,So you'll be OK if Trump gets elected and bypasses Congress then?,http://www.theguardian.com/us-news/2016/may/26/donald-trump-environmental-policy-climate-change-keystone-xl/d3lhg4f/,0.062,0.04166769,0.001101494,0.012004685,0.004957713,0.01648093,0.008311004,1464331632.0,2,0,1,Forkboy2,289.0,0.0,3619.0,21268.0,25176.0
4l7qd3,d3li9fo,Why because he won't abuse his power to pass climate change treaties and re-classify CO2 as a criteria pollutant without the required congressional approval?,http://www.theguardian.com/us-news/2016/may/26/donald-trump-environmental-policy-climate-change-keystone-xl/d3li9fo/,0.042,0.031684756,0.000839233,0.011611853,0.002793338,0.014808921,0.007094103,1464334186.0,-28,0,0,Forkboy2,289.0,0.0,3619.0,21268.0,25176.0
4l7qd3,d3lim9q,[deleted],http://www.theguardian.com/us-news/2016/may/26/donald-trump-environmental-policy-climate-change-keystone-xl/d3lim9q/,0.128,,,,,,,1464335421.0,17,0,0,[deleted],,,,,
4l7qd3,d3liqao,I'm just here because I thought the little picture was of Drew Carey sitting at his Whose Line Is It Anyway desk.,http://www.theguardian.com/us-news/2016/may/26/donald-trump-environmental-policy-climate-change-keystone-xl/d3liqao/,-0.292,0.034513097,0.001573563,0.017777596,0.006104646,0.014504919,0.008052089,1464335818.0,0,0,0,cudambercam13,178.0,143.0,4826.0,8024.0,13171.0
4l7qd3,d3livkq,"> He'd also end Obamacare, 

Replace Obamacare.",http://www.theguardian.com/us-news/2016/may/26/donald-trump-environmental-policy-climate-change-keystone-xl/d3livkq/,-0.188,0.023199737,0.000929832,0.009852652,0.004365747,0.010286893,0.006874025,1464336345.0,-7,0,0,Forkboy2,289.0,0.0,3619.0,21268.0,25176.0
4l7qd3,d3lixts,"No, welcome to American politics. ",http://www.theguardian.com/us-news/2016/may/26/donald-trump-environmental-policy-climate-change-keystone-xl/d3lixts/,-0.417,0.06500591,0.001554489,0.012277958,0.025404079,0.018838953,0.006718676,1464336566.0,6,0,0,AnalArdvark,0.0,0.0,293.0,8846.0,9139.0
4l7qd3,d3lj0tw,[deleted],http://www.theguardian.com/us-news/2016/may/26/donald-trump-environmental-policy-climate-change-keystone-xl/d3lj0tw/,0.404,,,,,,,1464336871.0,17,0,0,[deleted],,,,,
4l7qd3,d3lj4og,"> bitch slap us out of existence

Im using this ",http://www.theguardian.com/us-news/2016/may/26/donald-trump-environmental-policy-climate-change-keystone-xl/d3lj4og/,0.5,0.9061063,0.45895407,0.84506536,0.27662867,0.6675394,0.34804323,1464337258.0,0,0,1,brainstorm42,46.0,0.0,8224.0,49734.0,58004.0
4l7qd3,d3ljnud,"""Simple truth""?  There's nothing simple about it.   There are many complicating factors, including the way that money from corporations influence lawmakers, the way that gerrymandering affects how the citizens of the US actually get to elect their congresspeople, the way that media outlets use their influence to shape the citizens' understanding of the dangers of climate change, the way that people tend to weigh short-term concerns over long-term concerns, etc.  This isn't a simple truth.  It isn't a simple topic.  We are not living in some kind of pure utopian democracy where every single action of the congress or the government in general is the direct will of the citizens.  It's not simple.",http://www.theguardian.com/us-news/2016/may/26/donald-trump-environmental-policy-climate-change-keystone-xl/d3ljnud/,-0.065,0.05255287,0.00125885,0.015420608,0.004809721,0.027841117,0.006628056,1464339204.0,10,0,0,kmccoy,295.0,1832.0,4695.0,17850.0,24672.0
4l7qd3,d3ll4tx,I'm waiting for environment and climate change to become nightmares to him. All that money of his keeps his mind blindfolded from the reality of the world.,http://www.theguardian.com/us-news/2016/may/26/donald-trump-environmental-policy-climate-change-keystone-xl/d3ll4tx/,-0.167,0.23162876,0.003318787,0.021330157,0.005993653,0.15414265,0.008556974,1464344759.0,3,0,0,[deleted],,,,,
4l7qd3,d3llun8,What really boggles the mind is that Trump International Beach Resort and one of the Trump towers in Miami are in areas that are likely to be hit worst by a rising sea level. Of course he'll probably bankrupt the business and walk away with more money like he normally does.,http://www.theguardian.com/us-news/2016/may/26/donald-trump-environmental-policy-climate-change-keystone-xl/d3llun8/,0.0,0.19219314,0.004043579,0.026317406,0.008324518,0.11978693,0.011379151,1464347129.0,9,0,0,stanleypup,18.0,0.0,2198.0,23995.0,26211.0
4l7qd3,d3lm7tn,"> Trump supporters are not climate change deniers.

lol",http://www.theguardian.com/us-news/2016/may/26/donald-trump-environmental-policy-climate-change-keystone-xl/d3lm7tn/,0.021,0.11316007,0.002298355,0.015728042,0.013646871,0.055547886,0.006194372,1464348233.0,1,0,0,[deleted],,,,,
4l7qd3,d3lne76,Dumph is just following the Republican drive to dismantle the government until it is small enough to drown it in a bathtub...and the republicans like it!,http://www.theguardian.com/us-news/2016/may/26/donald-trump-environmental-policy-climate-change-keystone-xl/d3lne76/,0.167,0.36095104,0.013414118,0.07126612,0.048737846,0.32211447,0.13815513,1464351321.0,1,0,0,nequilter,0.0,0.0,1.0,846.0,847.0
4l7qd3,d3lnvrj,Truly staggering foolhardiness. If only there was a way for Trump and others like him to learn what such reckless ignorance would earn them without condemning the rest of the world.,http://www.theguardian.com/us-news/2016/may/26/donald-trump-environmental-policy-climate-change-keystone-xl/d3lnvrj/,0.064,0.5024724,0.011825562,0.072882555,0.013948337,0.5678696,0.00789674,1464352437.0,4,0,0,practiceandtheory,0.0,0.0,239.0,124.0,363.0
4l7qd3,d3lp89u,"So is Hillary. Really loving our ""choices"", here.",http://www.theguardian.com/us-news/2016/may/26/donald-trump-environmental-policy-climate-change-keystone-xl/d3lp89u/,0.062,0.027913637,0.000762939,0.011646013,0.002996826,0.014808921,0.005938693,1464355140.0,-6,0,1,tysc3,0.0,0.0,,,0.0
4l7qd3,d3lqqqo,"Ha Ha Ha. She don't care. She is with the corporations, not with the democrats voters.",http://www.theguardian.com/us-news/2016/may/26/donald-trump-environmental-policy-climate-change-keystone-xl/d3lqqqo/,0.0,0.15766735,0.003013611,0.021398475,0.020882076,0.06477321,0.0069517,1464357697.0,0,0,1,AVAtistar,0.0,0.0,,,0.0
4l7qd3,d3lr186,While promoting fracking and taking millions from big oil and saudis? What a fucking joke.,http://www.theguardian.com/us-news/2016/may/26/donald-trump-environmental-policy-climate-change-keystone-xl/d3lr186/,0.875,0.82048255,0.34927294,0.79449326,0.31307843,0.5130944,0.02682521,1464358170.0,3,0,0,tysc3,0.0,0.0,,,0.0
4l7qd3,d3lslio,"> bitch slap us out of existence if we continue with our current trajectory.

We are already changing our trajectory. There are big pushes for solar and other renewables already.  Not because of some climate treaty, but because of market forces and China's need to do something about their air pollution.

",http://www.theguardian.com/us-news/2016/may/26/donald-trump-environmental-policy-climate-change-keystone-xl/d3lslio/,0.646,0.85850734,0.45895407,0.759977,0.2783691,0.6831271,0.20178549,1464360516.0,-3,0,0,Forkboy2,289.0,0.0,3619.0,21268.0,25176.0
4l7qd3,d3lszjy,And Nebraskans are stubborn and told them to go pound sand.,http://www.theguardian.com/us-news/2016/may/26/donald-trump-environmental-policy-climate-change-keystone-xl/d3lszjy/,-0.022,0.32557452,0.012574885,0.05268429,0.22783615,0.2659317,0.022163315,1464361065.0,3,0,0,TheoreticalFunk,280.0,12.0,10697.0,125867.0,136856.0
4l7qd3,d3lu210,"Political views need to be cast aside. If we put a climate change denier in the presidency, we will be screwed.",http://www.theguardian.com/us-news/2016/may/26/donald-trump-environmental-policy-climate-change-keystone-xl/d3lu210/,-0.234,0.47886392,0.023076924,0.4381921,0.026007013,0.41530323,0.03373172,1464362544.0,4,0,0,Bocaj1000,122.0,0.0,10565.0,44869.0,55556.0
4l7qd3,d3lvclb,[deleted],http://www.theguardian.com/us-news/2016/may/26/donald-trump-environmental-policy-climate-change-keystone-xl/d3lvclb/,-0.043,,,,,,,1464364294.0,2,0,0,[deleted],,,,,
4l7qd3,d3lw49l,just your typical money obsessed prick that doesn't care about the planet we live on. ,http://www.theguardian.com/us-news/2016/may/26/donald-trump-environmental-policy-climate-change-keystone-xl/d3lw49l/,0.292,0.6289369,0.07805709,0.3827387,0.055218685,0.6370372,0.00933372,1464365327.0,2,0,0,prednisoloneace,0.0,0.0,12320.0,3021.0,15341.0
4l7qd3,d3lwdwt,"Oh man, that's a great idea! Nuke a few large cities in the US, this will send the economy to the sky!",http://www.theguardian.com/us-news/2016/may/26/donald-trump-environmental-policy-climate-change-keystone-xl/d3lwdwt/,0.104,0.4014846,0.09912638,0.14402086,0.18235919,0.08558089,0.511324,1464365692.0,1,0,0,Airazz,802.0,8.0,,,810.0
4l7qd3,d3m0uvd,Don't forget Vaccines cause autism. And torture is awesome.  And we should murder the families of terrorists.,http://www.theguardian.com/us-news/2016/may/26/donald-trump-environmental-policy-climate-change-keystone-xl/d3m0uvd/,0.5,0.71760553,0.35368225,0.2637234,0.3817989,0.36798462,0.6948254,1464371711.0,4,0,0,[deleted],,,,,
4l7qd3,d3m205i,"Yeah, I'm constantly questioning ""is this a ridiculous enough opinion that people will laugh instead of saying what the fuck?"" ",http://www.theguardian.com/us-news/2016/may/26/donald-trump-environmental-policy-climate-change-keystone-xl/d3m205i/,0.583,0.7510937,0.16960317,0.84506536,0.017465452,0.40243408,0.008582866,1464373299.0,2,0,0,agg2596,0.0,0.0,4744.0,67771.0,72515.0
4l7qd3,d3m2p9q,I've been on here long enough to realize that no opinion is ridiculous enough to be unbelievable. ,http://www.theguardian.com/us-news/2016/may/26/donald-trump-environmental-policy-climate-change-keystone-xl/d3m2p9q/,-0.208,0.4269174,0.00831604,0.16171204,0.010655383,0.47384647,0.007534259,1464374277.0,1,0,0,Airazz,802.0,8.0,,,810.0
4l7qd3,d3m33vc,It's sad but it's true... ,http://www.theguardian.com/us-news/2016/may/26/donald-trump-environmental-policy-climate-change-keystone-xl/d3m33vc/,-0.458,0.024849601,0.001029968,0.012175481,0.002404861,0.011616902,0.006524489,1464374840.0,2,0,0,agg2596,0.0,0.0,4744.0,67771.0,72515.0
