post_id,comment_id,txt,url,offensiveness_score,Toxicity,Severe Toxicity,Profanity,Identity Attack,Insult,Threat,created,score,total_awards_received,controversiality,user,user_awardee_karma,user_awarder_karma,user_link_karma,user_comment_karma,user_total_karma
cvlw7l,ey4xw65,"DHT as always been like that as far as I'm concerned. Many people are lazy, that's how it is ><

tbh I'm using mostly (if only) the FFBE sub hence I cannot to compare to other game subs so for me it is the normality. Still it always feels a bit frustrating to get downvoted just because you have a different opinion than the mass, event though you heavily explain your point of view and open discussion. It became more and more usual this past year that I'm starting to post less frequently.",https://www.reddit.com/r/FFBEblog/comments/cvlw7l/whats_wrong_with_main_sub//ey4xw65/,0.043,0.2359567,0.007553101,0.13168186,0.021987455,0.15911613,0.00899713,1566813821.0,10,0,0,Siana-chan,871,76,8758,44179,53884
cvlw7l,ey4y1lp,"I mean yeah lazy, but its faster to use google? Literally half of these questions are answered with wiki or builder. As long as i understand that builder is not for everyone, but wiki is just great...   
  
Yeah, exactly that, thats my only game sub on reddit, and was so fun to visit, comment, ect. Now its so bad, im not even trying anymore.",https://www.reddit.com/r/FFBEblog/comments/cvlw7l/whats_wrong_with_main_sub//ey4y1lp/,0.083,0.25462922,0.013155893,0.2188925,0.04667538,0.11172232,0.013165667,1566814036.0,3,0,0,Wookash92,0,0,147,18775,18922
cvlw7l,ey4ytag,"What's frustrating is that most build questions are answered by 'well, go on ffbeequip and put your stuff/unit, we cannot say otherwise?'. The questions are so specific sometimes that it feels people just want to show off their long STMR list and ask what they should farm/UoC now. Seriously, you're rank 180+, you know the game and you know your account/ressources far better than us, duh.

The ""what should I UoC"" are so frequent too. I just want to say ""well, if you're asking what to UoC, then you probably don't need to use your UoC. If you lack a role, you won't thing twice about what to get, the rest is pure epeen and epeen is a matter of preference"".

Sorry for the rant xD",https://www.reddit.com/r/FFBEblog/comments/cvlw7l/whats_wrong_with_main_sub//ey4ytag/,0.146,0.05725329,0.002393723,0.05543986,0.004772724,0.02283525,0.007158832,1566815095.0,10,0,0,Siana-chan,871,76,8758,44179,53884
cvlw7l,ey505c1,"I think a large problem might be that people are playing the game on their phone and are therefore also browsing Reddit on their phone.

I'm not sure how it is for others, but for me the Wiki isn't very phone friendly.  Neither is Reddit, but it's not as bad and you can continue playing the game whilst you wait for some chump to do the hard work for you of finding the answer to your question (sorry Tom).

I've pretty much given up on answering questions regularly on the DHT.  Too many questions that don't need to be asked.",https://www.reddit.com/r/FFBEblog/comments/cvlw7l/whats_wrong_with_main_sub//ey505c1/,-0.083,0.11212669,0.003395081,0.10549548,0.01087737,0.054962315,0.008000307,1566816811.0,3,0,0,Jack_Mikeson,0,0,3542,20639,24181
cvlw7l,ey50gki,"I mean i like helping people there sometimes, but with actual problems, not this bullshit.   
  
And mobile version of wiki is not that bad imo, but thats me.  
  
Reddit is much worse on phone.",https://www.reddit.com/r/FFBEblog/comments/cvlw7l/whats_wrong_with_main_sub//ey50gki/,0.354,0.5559701,0.028730227,0.6919765,0.052490227,0.3393024,0.009230154,1566817188.0,1,0,0,Wookash92,0,0,147,18775,18922
cvlw7l,ey52h1h,"Every time I load a page, switch to game and then back into chrome, the page reloads, which makes the game reload as well.",https://www.reddit.com/r/FFBEblog/comments/cvlw7l/whats_wrong_with_main_sub//ey52h1h/,-0.604,0.02968135,0.001506805,0.018665737,0.005068706,0.010248893,0.009540852,1566819440.0,1,0,0,mathhews95,188,197,34,25096,25515
cvlw7l,ey5bva4,"Just curious, what kind of examples does this show offs DHT questions did you see already?


I might have done it before, so that I can adjust too.",https://www.reddit.com/r/FFBEblog/comments/cvlw7l/whats_wrong_with_main_sub//ey5bva4/,-0.062,0.023199737,0.001206398,0.0157622,0.004384246,0.010704896,0.007456584,1566827685.0,1,0,0,-Gamer_JayEm-,0,6,345,4943,5294
cvlw7l,ey5djd5,"> I'm not sure how it is for others, but for me the Wiki isn't very phone friendly.

I'm curious, is this line regarding the default mobile layout for the wiki? (Which I think is downright horrible.)  

Or are you already requesting the desktop version of the wiki on your phone, and (justifiably) still find it unwieldy to navigate due to the frequent zooming and panning required?",https://www.reddit.com/r/FFBEblog/comments/cvlw7l/whats_wrong_with_main_sub//ey5djd5/,-0.188,0.15987846,0.004959106,0.0864606,0.024801146,0.06285016,0.009825659,1566828936.0,1,0,0,kscw,423,17,2794,32804,36038
cvlw7l,ey5gt3l,"Basically, people who ask who to UoC/Prism/STMR, because they have \*insert insane list of ressources, unit, STMR\*, and were lucky with the Anni tickets so, you know, they can spare the extra for fun.

It's a legit question, but tbh, you're not really asking the question, because you know the answer. But you want to hear it. Again nothing wrong with it, but it just feels tiring and like you just want to rub your luck in everyone's face, and I'd rather spend my time to answer legitimate questions.",https://www.reddit.com/r/FFBEblog/comments/cvlw7l/whats_wrong_with_main_sub//ey5gt3l/,0.333,0.1460314,0.005111694,0.12158839,0.009027477,0.061801232,0.008789998,1566831289.0,2,0,0,Siana-chan,871,76,8758,44179,53884
cvlw7l,ey5if1y,"My annoyance with this is ffbeequip is blocked at work, which is honestly when I would use it the most... Makes it really annoying if I am trying to do some hard trial during my lunch break and can't tell what the hell anyone is using in their event guide. I don't understand how that site is blocked, but reddit and the wiki and other game sites aren't",https://www.reddit.com/r/FFBEblog/comments/cvlw7l/whats_wrong_with_main_sub//ey5if1y/,-0.064,0.3722269,0.023076924,0.36230123,0.06567776,0.14150882,0.013372798,1566832444.0,1,0,0,whty706,0,17,1062,8538,9617
cvlw7l,ey5jii3,"If you need some builds to be performed, don't  hesitate to PM me :)",https://www.reddit.com/r/FFBEblog/comments/cvlw7l/whats_wrong_with_main_sub//ey5jii3/,-0.583,0.034041706,0.002803803,0.025497584,0.007880543,0.011008898,0.012181788,1566833212.0,2,0,0,Siana-chan,871,76,8758,44179,53884
cvlw7l,ey5u2hw,"Yeah I made the mistake of commenting on the ""hostile reminder"" post and got downvoted for saying light element Esthers should be in the Nemesis tab.  Like I get the guy would have got a better response had he not been ""hostile"" about it, but why downvote all the comments because the OP pissed you off?  Meh.",https://www.reddit.com/r/FFBEblog/comments/cvlw7l/whats_wrong_with_main_sub//ey5u2hw/,0.125,0.25462922,0.009651184,0.19524631,0.015355183,0.16795322,0.011301477,1566840344.0,2,0,0,desertrose0,314,0,898,21154,22366
cvlw7l,ey5ukk5,"It's seriously disgusting to me that the playerbase on the main sub will downvote criticism of gumi. Criticism that would result in their best interest as a consumer. These people are absolute degenerate morons. Gumi is not your friend, they never will be. They are a multi million dollar company...

Also the ""post your 10+1 pull"" threads need to be removed and people who post them should be banned off the sub. It's insanely annoying and just buries legitimate posts that may help better inform someone.",https://www.reddit.com/r/FFBEblog/comments/cvlw7l/whats_wrong_with_main_sub//ey5ukk5/,0.042,0.51980776,0.067522444,0.41436642,0.18235919,0.5145894,0.04686524,1566840678.0,4,0,0,WhiteHalo117,10,0,442,1041,1493
cvlw7l,ey5vyp1,Recommending Subservient to someone is like a really passive aggressive way of saying go kill yourself. :p,https://www.reddit.com/r/FFBEblog/comments/cvlw7l/whats_wrong_with_main_sub//ey5vyp1/,0.104,0.51980776,0.16960317,0.33317488,0.039972372,0.24928534,0.52786106,1566841602.0,3,0,0,Jack_Mikeson,0,0,3542,20639,24181
cvlw7l,ey5w3b1,Lack of RAM perhaps?  I have this problem on my older phone.  It doesn't like running multiple apps at once.,https://www.reddit.com/r/FFBEblog/comments/cvlw7l/whats_wrong_with_main_sub//ey5w3b1/,-0.375,0.018095128,0.000834465,0.013029462,0.002497356,0.008443882,0.006886971,1566841689.0,3,0,0,Jack_Mikeson,0,0,3542,20639,24181
cvlw7l,ey5w9xy,That's why I only try to post there once a month - for the usual outlooks. Main sub's getting more whacked these days.,https://www.reddit.com/r/FFBEblog/comments/cvlw7l/whats_wrong_with_main_sub//ey5w9xy/,-0.062,0.09568449,0.003299713,0.053435806,0.008324518,0.021417208,0.011922873,1566841811.0,2,0,0,amhnnfantasy,7142,428,57019,46362,110951
cvlw7l,ey5y9wu,"The main sub goes through phases like everything else. And I feel like there have always been easily researched questioned asked on the DHT, and players posting ""questions"" just to show off their rosters. Aside from a few too many Fan Unit Contest threads, I'm fine with it over there. I prefer hanging out here anyway.

As for downvotes, I generally only downvote people being asshats - rude, insulting, ignorant, dismissive. Though there are two users I downvote on sight. One is a homophobic shitbag who said something vile on the main a few weeks back and the other is a notorious longtime troll who needs to eff right off. I like them both to know they're not welcome, even if it doesn't do anything.",https://www.reddit.com/r/FFBEblog/comments/cvlw7l/whats_wrong_with_main_sub//ey5y9wu/,0.375,0.50503236,0.16960317,0.50818664,0.35299334,0.5129801,0.020954676,1566843129.0,2,0,0,Bountiful_Voodoo,367,0,4323,9351,14041
cvlw7l,ey6020h,"Every sub has its own problems. There's a lot of whiny folks milling about around here who just need to up and quit if the game really makes them as unhappy as they say. Pick your poison.

I try not to let it bother me and just sift through it. There's some good unit discussion and the like going on, you just have to look for it.",https://www.reddit.com/r/FFBEblog/comments/cvlw7l/whats_wrong_with_main_sub//ey6020h/,-0.043,0.3234372,0.015415368,0.22693542,0.04925346,0.24424846,0.02371728,1566844297.0,3,0,0,Mirakk82,93,541,125,15992,16751
cvlw7l,ey60fjy,"I'm not happy about it, but its good to hear i'm not the only one.  
  
Never liked the game, but tbh i dont know why. It looks better than ffbe.",https://www.reddit.com/r/FFBEblog/comments/cvlw7l/whats_wrong_with_main_sub//ey60fjy/,-0.208,0.058490243,0.0025177,0.029888187,0.009619443,0.017420914,0.008556974,1566844547.0,1,0,0,Wookash92,0,0,147,18775,18922
cvlw7l,ey60rrb,I thought i saw more comments/threads from you few months ago than nowadays. Well its depressing...,https://www.reddit.com/r/FFBEblog/comments/cvlw7l/whats_wrong_with_main_sub//ey60rrb/,-0.234,0.15048122,0.00328064,0.030138692,0.004846719,0.04207976,0.007598988,1566844772.0,1,0,0,Wookash92,0,0,147,18775,18922
cvlw7l,ey618a6,"Well im not downvoting anyone on sight, just people being very very wrong (like Akstar >Esther), but phases for me were always connected to major gumi fuck ups, but now nothing is wrong (well few small things maybe but nothing major). Thats why im posting this. Something has changed...",https://www.reddit.com/r/FFBEblog/comments/cvlw7l/whats_wrong_with_main_sub//ey618a6/,0.292,0.60254884,0.35368225,0.6672561,0.13163337,0.40243408,0.049774777,1566845074.0,2,0,0,Wookash92,0,0,147,18775,18922
cvlw7l,ey62r7u,"I think because everything is mostly fine in the game, there's a vacuum. The negative folks need to find reasons to be negative. The white knights need to white knight about shit for no reason. People post silly questions on the DHT because they want to talk about something.

It's why I truly like this sub more. Nobody over here seems all that concerned. People can post a low effort rant, or a weird thought, and everybody kinda rolls with it as long as someone isn't abusing the freedom to post.",https://www.reddit.com/r/FFBEblog/comments/cvlw7l/whats_wrong_with_main_sub//ey62r7u/,0.188,0.4269174,0.023599008,0.5013569,0.23694818,0.27763805,0.012285355,1566846078.0,2,0,0,Bountiful_Voodoo,367,0,4323,9351,14041
cvlw7l,ey63zf6,"It would have been whatever the default version is when you visit the site on a phone.  I assume it's the mobile version.

The site is simply not suitable for a phone in my opinion.  Not having a dig at the site owners, it's to do with the nature of the content on the site.

My phone's screen resolution is lower than my laptop's and the tables don't fit on the screen properly.  Looking up trial mechanics is a nightmare too because of all the scrolling you have to do.

Only time I visit the wiki on my phone is if I'm on holiday.  Otherwise I just wait until I get home to visit it on my laptop.",https://www.reddit.com/r/FFBEblog/comments/cvlw7l/whats_wrong_with_main_sub//ey63zf6/,-0.261,0.079250954,0.002355576,0.043165036,0.008657498,0.029053112,0.008919456,1566846895.0,2,0,0,Jack_Mikeson,0,0,3542,20639,24181
cvlw7l,ey646f9,"Yeah right, but those trials vids were fun to watch and talk about :D",https://www.reddit.com/r/FFBEblog/comments/cvlw7l/whats_wrong_with_main_sub//ey646f9/,-0.542,0.08953904,0.004615784,0.04291453,0.010655383,0.017549826,0.010602405,1566847024.0,1,0,0,Wookash92,0,0,147,18775,18922
cvlw7l,ey67ib7,"I played the game hardcore for the first 6 months or so and then backed away for a few months. I couldn't get back into it because the on banner rate is insanely high and the better stuff can't be pulled if they're not featured in a banner. Which meant if you missed the train (which I did) for the character you wanted, then you had to wait several months. Which kind of pushed me away little by little.",https://www.reddit.com/r/FFBEblog/comments/cvlw7l/whats_wrong_with_main_sub//ey67ib7/,-0.213,0.11140333,0.006408691,0.104876526,0.012139536,0.029053112,0.01238892,1566849172.0,1,0,0,IBlipAndBlop,15,0,517,3414,3946
cvlw7l,ey67pfs,"Yeah its kinda hard to pull older 5* right now, thats why im not quitting even for a day. When i skip one day its the end for me.",https://www.reddit.com/r/FFBEblog/comments/cvlw7l/whats_wrong_with_main_sub//ey67pfs/,-0.042,0.06263174,0.003547669,0.048425674,0.006548621,0.01290891,0.012906751,1566849299.0,1,0,0,Wookash92,0,0,147,18775,18922
cvlw7l,ey68h9b,Huh. Surprisingly that one is not blocked. I'd much rather have ffbeequip haha,https://www.reddit.com/r/FFBEblog/comments/cvlw7l/whats_wrong_with_main_sub//ey68h9b/,-0.229,0.18649188,0.008392334,0.0816113,0.018269362,0.03489272,0.011819307,1566849803.0,1,0,0,whty706,0,17,1062,8538,9617
cvlw7l,ey69mnh,"Ah, grats! Real life is far more important than this game",https://www.reddit.com/r/FFBEblog/comments/cvlw7l/whats_wrong_with_main_sub//ey69mnh/,-0.444,0.09611836,0.002536774,0.020032106,0.004809721,0.021675033,0.007521313,1566850554.0,2,0,0,Wookash92,0,0,147,18775,18922
cvlw7l,ey6dfw7,I am definitely not a white knight. Idk what I am. Probably just a pawn haha,https://www.reddit.com/r/FFBEblog/comments/cvlw7l/whats_wrong_with_main_sub//ey6dfw7/,-0.208,0.32074678,0.017868511,0.196476,0.22631748,0.17734702,0.010938995,1566853017.0,2,0,0,Valenderio,13353,1301,263333,135304,413291
cvlw7l,ey6jedy,"Probably the reddit hivemind syndrome, any kind of discussion gets downvoted, the most recent thing being the EP system.   


  


  


  
Discussion towards that topic gets kind of toxic, you can't have a discussion because the moment you get a negative \[not that it matters\] it means that you are wrong or your opinion doesn't count etc.  I only visit the main sub just for the news from either GL or JP, but to comment only on the DHT if i have free time or the rant thread.",https://www.reddit.com/r/FFBEblog/comments/cvlw7l/whats_wrong_with_main_sub//ey6jedy/,-0.188,0.20219094,0.010147095,0.16450337,0.04822223,0.08484049,0.012751401,1566856957.0,3,0,0,Raijin_Shai,18,0,1236,25674,26928
cvlw7l,ey75lh4,"I would assume similar to me, you recognize the bad shit but choose to ignore it and focus on the good stuff because it's a video game.",https://www.reddit.com/r/FFBEblog/comments/cvlw7l/whats_wrong_with_main_sub//ey75lh4/,0.042,0.6491204,0.048457388,0.77181685,0.026007013,0.34203702,0.007844958,1566872457.0,2,0,0,TomAto314,9929,847,80798,370955,462529
cvlw7l,eyb4bxj,Those threads are awesome.  People hug and cry together.  That's where I learned about the Swedish flag.  Hilarious.  I also love the Weekly Rant.,https://www.reddit.com/r/FFBEblog/comments/cvlw7l/whats_wrong_with_main_sub//eyb4bxj/,-0.417,0.06579731,0.003738403,0.030138692,0.02138452,0.018258847,0.010214032,1566975703.0,1,0,0,Aisa_Novac,8,0,28,1930,1966
cvlw7l,eybyp76,The weekly rant thread and achievement threads are ran by the mods. There's also a discord where people can circle jerk about their 1g 9b pulls all day. They get old extremely fast and if one gets buried another one pops up or multiple pop up.,https://www.reddit.com/r/FFBEblog/comments/cvlw7l/whats_wrong_with_main_sub//eybyp76/,0.229,0.30502358,0.018836858,0.3547165,0.01666154,0.107333586,0.014566151,1566993909.0,1,0,0,WhiteHalo117,10,0,442,1041,1493
