post_id,comment_id,txt,url,offensiveness_score,Toxicity,Severe Toxicity,Profanity,Identity Attack,Insult,Threat,created,score,total_awards_received,controversiality,user,user_awardee_karma,user_awarder_karma,user_link_karma,user_comment_karma,user_total_karma
63fpyv,dftpgre,"Vice is only slightly cooler than WSJ. Given their self image, that's gotta sting.",https://pbs.twimg.com/media/C8kB9O9U0AAKlOA.jpg/dftpgre/,0.043,0.21374844,0.005531311,0.058445938,0.013144426,0.076502606,0.01940071,1491328286.0,257,0,0,[deleted],,,,,
63fpyv,dftq4qp,Vice are being uncool ironically.,https://pbs.twimg.com/media/C8kB9O9U0AAKlOA.jpg/dftq4qp/,-0.208,0.23451406,0.003814697,0.046171114,0.009360458,0.15343215,0.007016428,1491328988.0,117,0,0,GirlbeardJ,55.0,0.0,453.0,220479.0,220987.0
63fpyv,dftr40z,I cringe whenever anybody mentions Vice. They are no different to Kotaku,https://pbs.twimg.com/media/C8kB9O9U0AAKlOA.jpg/dftr40z/,-0.229,0.20335422,0.006141663,0.07482228,0.013847848,0.05144889,0.008026198,1491330017.0,118,0,0,Shippoyasha,1282.0,0.0,147799.0,2258536.0,2407617.0
63fpyv,dfts1j2,"I also love that no one is aware of Vice and of those who are they think it's one of the least cool.

",https://pbs.twimg.com/media/C8kB9O9U0AAKlOA.jpg/dfts1j2/,-0.479,0.06421452,0.001449585,0.016957775,0.005734668,0.02373764,0.006692784,1491331000.0,121,0,0,Confirmation_Biased,0.0,0.0,2018.0,16106.0,18124.0
63fpyv,dftu1jr,As a non-American I've never even heard of them.,https://pbs.twimg.com/media/C8kB9O9U0AAKlOA.jpg/dftu1jr/,-0.396,0.069754265,0.001945496,0.021945024,0.04023018,0.01767874,0.007935578,1491333116.0,9,0,0,nkorslund,0.0,0.0,632.0,68999.0,69631.0
63fpyv,dfty370,They were interesting once upon a time where they had that guy go to North Korea and Liberia... otherwise it's just aimless culture nonsense,https://pbs.twimg.com/media/C8kB9O9U0AAKlOA.jpg/dfty370/,0.083,0.34328604,0.012283325,0.1308005,0.15303208,0.26196828,0.008712323,1491337342.0,103,0,0,Cinnadillo,135.0,0.0,16.0,98872.0,99023.0
63fpyv,dfu16ix,[deleted],https://pbs.twimg.com/media/C8kB9O9U0AAKlOA.jpg/dfu16ix/,0.125,,,,,,,1491340612.0,56,0,0,[deleted],,,,,
63fpyv,dfu3bju,"It's Vice News. Or was, they lost their best reporters.",https://pbs.twimg.com/media/C8kB9O9U0AAKlOA.jpg/dfu3bju/,-0.229,0.07687678,0.001325607,0.013917602,0.004199257,0.02708937,0.007832011,1491343068.0,10,0,0,SupremeReader,1544.0,0.0,,,1544.0
63fpyv,dfu3clo,"They got a HBO deal and Shane Smith, the guy that did all the cool stuff, vanished from youtube. They then started to acquire and integrate other outlets into themselves... which is probably where things started going down hill.",https://pbs.twimg.com/media/C8kB9O9U0AAKlOA.jpg/dfu3clo/,-0.271,0.031213367,0.001168251,0.015932998,0.003163317,0.01309891,0.007844958,1491343102.0,34,0,0,deltagear,0.0,0.0,151.0,22922.0,23073.0
63fpyv,dfu46kt,Is Shane okay after his work in NK?,https://pbs.twimg.com/media/C8kB9O9U0AAKlOA.jpg/dfu46kt/,-0.562,0.01822079,0.000925064,0.011560614,0.004569235,0.009678889,0.006718676,1491344104.0,2,0,0,ArgonBorn,58.0,0.0,13319.0,47180.0,60557.0
63fpyv,dfu6gd8,isnt patagonia a place of argentina?,https://pbs.twimg.com/media/C8kB9O9U0AAKlOA.jpg/dfu6gd8/,-0.447,0.055026773,0.002164841,0.018119188,0.040745795,0.014086916,0.007210615,1491346925.0,7,0,0,synfel,20.0,0.0,6041.0,5455.0,11516.0
63fpyv,dfu75cw,"I just love the fact that these are the kids that flip out ""Oh my god the corporations are spying on you! Muh privacy!"" and then their favorites companies are Apple and Alphabet.  Ya just wish for some consistency is all.",https://pbs.twimg.com/media/C8kB9O9U0AAKlOA.jpg/dfu75cw/,-0.104,0.09785384,0.003185272,0.043165036,0.008065533,0.027347196,0.007508367,1491347804.0,8,0,0,ValidAvailable,1577.0,33.0,10062.0,248810.0,260482.0
63fpyv,dfua1td,Gavin McInnes must be spinning in his grave.,https://pbs.twimg.com/media/C8kB9O9U0AAKlOA.jpg/dfua1td/,-0.021,0.47622904,0.11756202,0.16403814,0.034042787,0.27969417,0.5195707,1491351434.0,7,0,0,[deleted],,,,,
63fpyv,dfuapf1,"Fuck yeah, Oreos! :D

About as cool as PlayStations and Xboxes!",https://pbs.twimg.com/media/C8kB9O9U0AAKlOA.jpg/dfuapf1/,0.543,0.85333383,0.35368225,0.8855216,0.054763943,0.3388922,0.011767523,1491352240.0,2,0,0,turtles_and_frogs,288.0,1317.0,2203.0,103517.0,107325.0
63fpyv,dfudf6f,Lol this is why the msm wants to take down youtube. ,https://pbs.twimg.com/media/C8kB9O9U0AAKlOA.jpg/dfudf6f/,-0.229,0.1798404,0.00541687,0.053435806,0.015455672,0.033570543,0.024062606,1491355438.0,7,0,0,GreasyGongShow,0.0,0.0,1253.0,536.0,1789.0
63fpyv,dfudp5v,"If Vice just stuck to doing stuff covering... Vices - i.e. the sex trafficking, the underworld, shit most of us wouldn't have the balls to do I'd be fine with them...",https://pbs.twimg.com/media/C8kB9O9U0AAKlOA.jpg/dfudp5v/,0.375,0.743089,0.17315048,0.66456485,0.08749158,0.36798462,0.045572113,1491355769.0,4,0,0,White_Phoenix,797.0,49.0,,,846.0
63fpyv,dfufuvr,Fucking lol at Vice.  You cucks deserve it. ,https://pbs.twimg.com/media/C8kB9O9U0AAKlOA.jpg/dfufuvr/,0.875,0.93383175,0.52891463,0.8949436,0.2331515,0.6336687,0.1115629,1491358337.0,5,0,0,[deleted],,,,,
63fpyv,dfuh3nk,"Its a moutaineer clothing brand. 

And fucking hell it makes me look like a hipster fogie seeing most of my clothes are Uniqlo.",https://pbs.twimg.com/media/C8kB9O9U0AAKlOA.jpg/dfuh3nk/,0.458,0.8299589,0.35368225,0.8449782,0.12208464,0.4378843,0.009825659,1491359904.0,5,0,0,gyrobot,229.0,973.0,20403.0,34931.0,56536.0
63fpyv,dfuhlm1,"Gavin has a great show, and is a certified shitlord now.

",https://pbs.twimg.com/media/C8kB9O9U0AAKlOA.jpg/dfuhlm1/,0.417,0.62136006,0.12809667,0.5865656,0.07094744,0.5739874,0.010214032,1491360512.0,7,0,0,[deleted],,,,,
63fpyv,dfujbgc,A mainly financial and business oriented newspaper isn't popular with teens. Big suprise.,https://pbs.twimg.com/media/C8kB9O9U0AAKlOA.jpg/dfujbgc/,-0.062,0.029445656,0.000739098,0.011133623,0.003366805,0.014504919,0.006129643,1491362782.0,1,0,0,SigismundTheChampion,33.0,0.0,3264.0,1422.0,4719.0
63fpyv,dfukbgs,RIP . some one should tell him about his untimely demise ,https://pbs.twimg.com/media/C8kB9O9U0AAKlOA.jpg/dfukbgs/,0.25,0.22445217,0.008926392,0.045670103,0.011321344,0.05144889,0.07093142,1491364199.0,5,0,0,Awayfone,147.0,0.0,488.0,143055.0,143690.0
63fpyv,dfukf59,"I'll call into his show tomorrow on Compound Media & let him know, don't worry. 👍👍",https://pbs.twimg.com/media/C8kB9O9U0AAKlOA.jpg/dfukf59/,-0.447,0.027324399,0.001554489,0.013780965,0.003218814,0.011160898,0.009256045,1491364353.0,3,0,0,[deleted],,,,,
63fpyv,dful85g,How the fuck is United Airlines cooler than Virgin America?!?,https://pbs.twimg.com/media/C8kB9O9U0AAKlOA.jpg/dful85g/,0.458,0.8540474,0.35368225,0.84506536,0.15517195,0.40243408,0.008738215,1491365581.0,2,0,0,YetAnotherCommenter,305.0,0.0,9368.0,135903.0,145576.0
63fpyv,dfuppjp,"VICE is a pretty low bar at this point. Talk about a sting, indeed.",https://pbs.twimg.com/media/C8kB9O9U0AAKlOA.jpg/dfuppjp/,-0.25,0.15269235,0.002613068,0.026590679,0.00725158,0.06319981,0.007870848,1491374116.0,3,0,0,md1957,1150.0,0.0,638601.0,467227.0,1106978.0
63fpyv,dfuq1kq,".. mcdonalds is awesome, but not cool.

What the fuck is this even?",https://pbs.twimg.com/media/C8kB9O9U0AAKlOA.jpg/dfuq1kq/,0.596,0.8460273,0.34954423,0.85672,0.032753747,0.43158367,0.008582866,1491374926.0,1,0,0,evesea,0.0,0.0,612.0,39378.0,39990.0
63fpyv,dfuqjdt,"Feminist Frequency couldn't be included, as it was a negative 10. The Pop Culture Detective Agency fared even worse.",https://pbs.twimg.com/media/C8kB9O9U0AAKlOA.jpg/dfuqjdt/,-0.043,0.23198941,0.005340576,0.040910475,0.22631748,0.07555214,0.007598988,1491376184.0,1,0,0,KuffarisMaximus,0.0,0.0,2956.0,5644.0,8600.0
63fpyv,dfuqz4p,"It's a damn shame. The VICE documentaries from crazy warzones were solid gold. Some of the best on-the-ground journalism I've ever seen. 

Now the whole site is becoming Buzzfeed with better PR.",https://pbs.twimg.com/media/C8kB9O9U0AAKlOA.jpg/dfuqz4p/,-0.146,0.6308517,0.16960317,0.6001929,0.06385879,0.4378843,0.016120117,1491377345.0,4,0,0,FoiledFencer,41.0,0.0,5591.0,100590.0,106222.0
63fpyv,dfurk2g,They had to leave your mom off the list because everyone was so aware of her that it compressed the y-axis until it was unusable.,https://pbs.twimg.com/media/C8kB9O9U0AAKlOA.jpg/dfurk2g/,-0.104,0.22311419,0.008087158,0.07223598,0.008435511,0.07808672,0.011456826,1491378970.0,4,0,0,SomeReditor38641,86.0,100.0,87.0,118774.0,119047.0
63fpyv,dfuumg7,">instagram

I really don't get this generation of teens

>xbox ahead of ps4

I'm not a console warrior, but seriously, does the bone even have any games?",https://pbs.twimg.com/media/C8kB9O9U0AAKlOA.jpg/dfuumg7/,-0.042,0.25462922,0.01322045,0.096482486,0.04641757,0.047349896,0.018537397,1491388126.0,1,0,0,Cloukyo,52.0,0.0,314.0,14788.0,15154.0
63fpyv,dfv1kcw,"Something something,

got a trust fund I can borrow?",https://pbs.twimg.com/media/C8kB9O9U0AAKlOA.jpg/dfv1kcw/,-0.625,0.013885498,0.000710487,0.011253181,0.001627906,0.00812088,0.006317357,1491400649.0,1,0,0,[deleted],,,,,
