post_id,comment_id,txt,url,offensiveness_score,Toxicity,Severe Toxicity,Profanity,Identity Attack,Insult,Threat,created,score,total_awards_received,controversiality,user,user_awardee_karma,user_awarder_karma,user_link_karma,user_comment_karma,user_total_karma
cdj26n,etu6mnd,"get on reddit and repost as much as I can for the sweet, end-of-days karma",https://www.reddit.com/r/AskReddit/comments/cdj26n/aliens_invade_our_planet_whats_the_first_thing//etu6mnd/,-0.292,0.055274166,0.002822876,0.029186781,0.005105704,0.01465692,0.011223801,1563205533.0,12,0,0,monthlyduck,77.0,0.0,13951.0,6228.0,20256.0
cdj26n,etu6n8k,"Tweet some shit like ""Orson Welles was right, and you cunts thought it was fake"". Would tag NASA in the Tweet.",https://www.reddit.com/r/AskReddit/comments/cdj26n/aliens_invade_our_planet_whats_the_first_thing//etu6n8k/,0.604,0.8403191,0.3532795,0.84506536,0.13591312,0.65231085,0.023371955,1563205545.0,7,0,0,1950s_clickbait,160.0,34.0,,,194.0
cdj26n,etu6o5q,I'll become a white naked man with a bazooka!!!!,https://www.reddit.com/r/AskReddit/comments/cdj26n/aliens_invade_our_planet_whats_the_first_thing//etu6o5q/,0.37,0.52811706,0.16960317,0.36230123,0.3908055,0.24493282,0.1284288,1563205562.0,3,0,0,Leemo0088,0.0,0.0,883.0,3517.0,4400.0
cdj26n,etu6t5s,Wait for some nerd aliens to storm the aliens version of Area 51 to free me,https://www.reddit.com/r/AskReddit/comments/cdj26n/aliens_invade_our_planet_whats_the_first_thing//etu6t5s/,-0.062,0.42129645,0.023076924,0.2258264,0.22458547,0.36193377,0.13127698,1563205659.0,19,0,0,CollectsBlueThings,172.0,11.0,6991.0,95402.0,102576.0
cdj26n,etu7820,"Let's be honest, most of reddit would panic and die.",https://www.reddit.com/r/AskReddit/comments/cdj26n/aliens_invade_our_planet_whats_the_first_thing//etu7820/,0.083,0.38601747,0.023076924,0.22592722,0.050671257,0.07935401,0.5195707,1563205939.0,22,0,0,pyromanta,48.0,0.0,632.0,1558.0,2238.0
cdj26n,etu7bu5,Offer myself as their slave and informant.,https://www.reddit.com/r/AskReddit/comments/cdj26n/aliens_invade_our_planet_whats_the_first_thing//etu7bu5/,0.208,0.37576625,0.019224197,0.12286829,0.10221587,0.2469859,0.08089764,1563206008.0,6,0,0,BGgungame,1103.0,10.0,3084.0,231334.0,235531.0
cdj26n,etu7sc2,Slam into the alien spacecraft in a crop duster,https://www.reddit.com/r/AskReddit/comments/cdj26n/aliens_invade_our_planet_whats_the_first_thing//etu7sc2/,-0.167,0.2524482,0.014576134,0.07643871,0.0233943,0.03827355,0.13815513,1563206318.0,10,0,0,[deleted],,,,,
cdj26n,etu9a82,"If they’re planning to kill everyone, I’m in nuke radius of the biggest navel base on the planet. 


If friendly, alien gf",https://www.reddit.com/r/AskReddit/comments/cdj26n/aliens_invade_our_planet_whats_the_first_thing//etu9a82/,0.042,0.568186,0.26195827,0.2761231,0.11976352,0.16124763,0.601458,1563207342.0,14,0,0,DragonBlade9905,196.0,0.0,1410.0,5722.0,7328.0
cdj26n,etuaeg8,"Show them the collective wisdom of our species.

r/surrealmemes",https://www.reddit.com/r/AskReddit/comments/cdj26n/aliens_invade_our_planet_whats_the_first_thing//etuaeg8/,-0.375,0.08083374,0.004043579,0.02836696,0.022188433,0.016784932,0.016120117,1563208086.0,1,0,0,Nerverek,15.0,0.0,2623.0,103087.0,105725.0
cdj26n,etuc8f8,"Unfortunately there's only big peepee, what're you doing?",https://www.reddit.com/r/AskReddit/comments/cdj26n/aliens_invade_our_planet_whats_the_first_thing//etuc8f8/,0.128,0.46982017,0.023076924,0.37993968,0.010507392,0.15698463,0.009773877,1563209282.0,15,0,0,Uzernamealreaditaken,0.0,0.0,12.0,10065.0,10077.0
cdj26n,etuc96k,"Go on Facebook and ask the flat earthers if NASA is also faking this, too.",https://www.reddit.com/r/AskReddit/comments/cdj26n/aliens_invade_our_planet_whats_the_first_thing//etuc96k/,0.062,0.1373533,0.002994537,0.027683776,0.017867407,0.057890166,0.008285114,1563209295.0,7,0,0,PM_NUDES_4_DEGRADING,213.0,0.0,866.0,270101.0,271180.0
cdj26n,etud15q,"Remember that character in World War Z (book version) who was such a nerd that he didn't even realize the world had ended, he was just holed up in his apartment for a few days waiting for the Internet to come back?

And then when he realizes what happened, he manages to escape his apartment building and learn enough self-defense to take care of himself etc etc etc.

Yeah... that ain't happening to anyone here.",https://www.reddit.com/r/AskReddit/comments/cdj26n/aliens_invade_our_planet_whats_the_first_thing//etud15q/,-0.042,0.33587718,0.01083374,0.15635987,0.048737846,0.35161978,0.012026439,1563209799.0,21,0,0,PM_NUDES_4_DEGRADING,213.0,0.0,866.0,270101.0,271180.0
cdj26n,etuh625,you will be in panic too if you don't know where your towel is,https://www.reddit.com/r/AskReddit/comments/cdj26n/aliens_invade_our_planet_whats_the_first_thing//etuh625/,-0.188,0.1537979,0.00492096,0.038655918,0.00569767,0.02708937,0.014738814,1563212491.0,4,0,0,Hkluci,38.0,129.0,9424.0,20158.0,29749.0
cdj26n,etuhk35,"Mate I've got a towel in every room, just in case 😉",https://www.reddit.com/r/AskReddit/comments/cdj26n/aliens_invade_our_planet_whats_the_first_thing//etuhk35/,-0.5,0.11150667,0.005607605,0.057944927,0.008102531,0.019161236,0.012492486,1563212730.0,4,0,0,pyromanta,48.0,0.0,632.0,1558.0,2238.0
cdj26n,etuyg7j,Find the nearest red tank with a laser gun.,https://www.reddit.com/r/AskReddit/comments/cdj26n/aliens_invade_our_planet_whats_the_first_thing//etuyg7j/,-0.375,0.20973456,0.011520386,0.024062896,0.007103588,0.018645585,0.34804323,1563222520.0,2,0,0,CTronOmega,64.0,1703.0,2658.0,33856.0,38281.0
cdj26n,etuzgfc,"Look for tech and any information I can find, learn as much as possible.",https://www.reddit.com/r/AskReddit/comments/cdj26n/aliens_invade_our_planet_whats_the_first_thing//etuzgfc/,-0.479,0.051068526,0.001983643,0.01579636,0.003237312,0.016784932,0.00915248,1563223107.0,1,0,0,justacupacynicalcofe,0.0,0.0,1.0,0.0,1.0
cdj26n,etv266e,unbutton my shirt a bit and put lip gloss on,https://www.reddit.com/r/AskReddit/comments/cdj26n/aliens_invade_our_planet_whats_the_first_thing//etv266e/,-0.106,0.25462922,0.01393057,0.11601777,0.011469335,0.032468732,0.0347677,1563224691.0,1,0,0,swervefire,55.0,0.0,356.0,66398.0,66809.0
cdj26n,etv4pde,I mean invasion implies unfriendly,https://www.reddit.com/r/AskReddit/comments/cdj26n/aliens_invade_our_planet_whats_the_first_thing//etv4pde/,-0.17,0.17111848,0.007362366,0.054437835,0.0543092,0.030485468,0.012854968,1563226346.0,1,0,0,Orc_tids,0.0,0.0,219.0,6746.0,6965.0
cdj26n,etv60m9,Ask them What took them so long??,https://www.reddit.com/r/AskReddit/comments/cdj26n/aliens_invade_our_planet_whats_the_first_thing//etv60m9/,-0.5,0.022728346,0.000896454,0.012551232,0.001988635,0.009070885,0.007288289,1563227214.0,2,0,0,nelsonshady,0.0,0.0,2634.0,358.0,2992.0
cdj26n,etv7cud,Going to grab something to eat. Lines at McDonald’s are probably pretty short in a time like that.,https://www.reddit.com/r/AskReddit/comments/cdj26n/aliens_invade_our_planet_whats_the_first_thing//etv7cud/,-0.63,0.034513097,0.001177788,0.014361672,0.002774839,0.012300906,0.008194493,1563228117.0,1,0,0,totallynotatugboat,0.0,29.0,3896.0,4288.0,8213.0
cdj26n,etv80gm,"Equip myself. ""If it bleeds,I can kill it""",https://www.reddit.com/r/AskReddit/comments/cdj26n/aliens_invade_our_planet_whats_the_first_thing//etv80gm/,0.312,0.5885171,0.23223771,0.27207452,0.04693319,0.10148193,0.6611938,1563228577.0,1,0,0,LilG1984,540.0,0.0,788.0,153532.0,154860.0
cdj26n,etv837i,Use caution and be cautious towards them.  My first reaction would be try to get away from them and hide but they would probably find me.,https://www.reddit.com/r/AskReddit/comments/cdj26n/aliens_invade_our_planet_whats_the_first_thing//etv837i/,-0.205,0.103928015,0.003376007,0.02023706,0.004846719,0.016556932,0.07476458,1563228630.0,1,0,0,baronesslucy,403.0,0.0,5981.0,44727.0,51111.0
cdj26n,etv8ilv,Scream BEANS N-word (I’m white) and the die in the most stupidest way possible,https://www.reddit.com/r/AskReddit/comments/cdj26n/aliens_invade_our_planet_whats_the_first_thing//etv8ilv/,0.479,0.82048255,0.3735507,0.47435758,0.46028158,0.58196646,0.53875744,1563228929.0,2,0,0,AstronautBirb,0.0,9.0,81.0,25.0,115.0
cdj26n,etv8ynk,"I would say ""Yo big bois... When we fly back home and hit the sack? Y'all left me here for so long I'm exhausted"" Revealing my true alien self.",https://www.reddit.com/r/AskReddit/comments/cdj26n/aliens_invade_our_planet_whats_the_first_thing//etv8ynk/,0.064,0.20973456,0.009765625,0.0569429,0.015154205,0.06529768,0.08089764,1563229248.0,1,0,0,Yori_Tsuyoku,0.0,0.0,1.0,4.0,5.0
cdj26n,etv9is8,"Tell them to get out of this planet 
because we are a species that creates things that either mentally or physically scar someone",https://www.reddit.com/r/AskReddit/comments/cdj26n/aliens_invade_our_planet_whats_the_first_thing//etv9is8/,0.196,0.25462922,0.012359619,0.08225787,0.055218685,0.0638991,0.13397428,1563229651.0,1,0,0,Flashbang1987,0.0,0.0,139.0,1572.0,1711.0
cdj26n,etva4gx,Laugh at everyone freaking out.,https://www.reddit.com/r/AskReddit/comments/cdj26n/aliens_invade_our_planet_whats_the_first_thing//etva4gx/,-0.062,0.3389984,0.016190045,0.26645362,0.010285405,0.16875735,0.02855184,1563230087.0,1,0,0,dirtymoney,3345.0,128.0,87298.0,835899.0,926670.0
cdj26n,etvbcvn,Blame the people who are storming Area-51,https://www.reddit.com/r/AskReddit/comments/cdj26n/aliens_invade_our_planet_whats_the_first_thing//etvbcvn/,-0.271,0.19893374,0.00705719,0.030890211,0.027815815,0.029493837,0.048158366,1563230971.0,1,0,0,DoodleDoge00,0.0,0.0,1309.0,652.0,1961.0
cdj26n,etvcqc6,"Lots of people say alien gf, but who said the aliens are even humanoid creatures. There would also be a language barrier.",https://www.reddit.com/r/AskReddit/comments/cdj26n/aliens_invade_our_planet_whats_the_first_thing//etvcqc6/,-0.229,0.10522962,0.004405975,0.03690237,0.034816213,0.032138187,0.010188141,1563231969.0,1,0,0,Random_memes10,0.0,0.0,161.0,82.0,243.0
cdj26n,etvm9xj,You never said they were hostile. Probably grill some bratwursts and sip some beer.,https://www.reddit.com/r/AskReddit/comments/cdj26n/aliens_invade_our_planet_whats_the_first_thing//etvm9xj/,-0.426,0.121732734,0.003585815,0.021330157,0.004550736,0.03566399,0.012647836,1563239081.0,1,0,0,[deleted],,,,,
cdj26n,etvmcui,Change my shorts shortly after realizing the alien invasion.,https://www.reddit.com/r/AskReddit/comments/cdj26n/aliens_invade_our_planet_whats_the_first_thing//etvmcui/,-0.239,0.24603334,0.011367798,0.048425674,0.11860296,0.06582214,0.043955702,1563239137.0,1,0,0,Buffskater,35.0,192.0,741.0,2314.0,3282.0
cdj26n,etvmvd1,Take them to our leader.,https://www.reddit.com/r/AskReddit/comments/cdj26n/aliens_invade_our_planet_whats_the_first_thing//etvmvd1/,-0.583,0.051810697,0.002441406,0.013166099,0.006844604,0.015036922,0.017674083,1563239503.0,1,0,0,Anon_who_loves_memes,53.0,35.0,3882.0,1903.0,5873.0
cdj26n,etvntl7,"Find out of if they are fuckable hot aliens or destroy the world bad aliens.

Proceed from there if finding out this information didn't kill me.",https://www.reddit.com/r/AskReddit/comments/cdj26n/aliens_invade_our_planet_whats_the_first_thing//etvntl7/,0.383,0.8299589,0.4379392,0.8089582,0.28034934,0.5130944,0.44942492,1563240191.0,2,0,0,QuirkyCryptid,169.0,423.0,1092.0,17257.0,18941.0
cdj26n,etvpbvw,"I'd be like "" LOL, I guess we shouldn't have raided Area 51 for the Big Tiddie Aliens."" Then I die",https://www.reddit.com/r/AskReddit/comments/cdj26n/aliens_invade_our_planet_whats_the_first_thing//etvpbvw/,0.25,0.2854835,0.016964722,0.11292298,0.033011556,0.061451588,0.2836219,1563241294.0,1,0,0,Richmond_3X,0.0,0.0,1.0,30.0,31.0
cdj26n,etvq8wf,Go to Area 51 to uncover the truth that the United States government has been hiding for years.,https://www.reddit.com/r/AskReddit/comments/cdj26n/aliens_invade_our_planet_whats_the_first_thing//etvq8wf/,0.0,0.032391842,0.000805855,0.010347961,0.003218814,0.015872927,0.006530962,1563241952.0,1,0,0,RS_Germaphobic,526.0,160.0,2220.0,25684.0,28590.0
cdj26n,etvv04n,Try to learn their language. Imagine being a translator for another word entirely. Hella cool!,https://www.reddit.com/r/AskReddit/comments/cdj26n/aliens_invade_our_planet_whats_the_first_thing//etvv04n/,-0.521,0.056758508,0.002155304,0.02344803,0.008842488,0.019741343,0.007391856,1563245428.0,2,0,0,good-evening-clarice,1385.0,508.0,29063.0,62073.0,93029.0
