post_id,comment_id,txt,url,offensiveness_score,Toxicity,Severe Toxicity,Profanity,Identity Attack,Insult,Threat,created,score,total_awards_received,controversiality,user,user_awardee_karma,user_awarder_karma,user_link_karma,user_comment_karma,user_total_karma
6za8t4,dmtotzt,"Why do they call them ""public"" events when they're usually solo?",https://www.reddit.com/r/DestinyTheGame/comments/6za8t4/if_i_had_a_nickel_for_every_time_i_fast_traveled//dmtotzt/,-0.333,0.015456256,0.000691414,0.011406898,0.002682345,0.007740878,0.006712203,1505071640.0,156,0,0,Lowe0,308.0,0.0,185.0,32722.0,33215.0
6za8t4,dmty8bl,"I see this when I trigger a heroic. Always frustrating to finally find some randos who know what they're doing, just to be kicked back to the title screen.",https://www.reddit.com/r/DestinyTheGame/comments/6za8t4/if_i_had_a_nickel_for_every_time_i_fast_traveled//dmty8bl/,-0.146,0.25462922,0.01083374,0.10611444,0.025605056,0.06354945,0.13211988,1505082267.0,15,0,0,[deleted],,,,,
6za8t4,dmu7buf,Due to the low RNG of running into other players.,https://www.reddit.com/r/DestinyTheGame/comments/6za8t4/if_i_had_a_nickel_for_every_time_i_fast_traveled//dmu7buf/,-0.562,0.026970858,0.001130104,0.012961143,0.003144818,0.009982891,0.007637825,1505094254.0,6,0,0,bdimanno,0.0,20.0,2220.0,8791.0,11031.0
6za8t4,dmu7m36,It's weird. I just saw a post on the front page the other day how there were like 1.2 million concurrent players and I'd say 90% of the time the public events are completely empty. ,https://www.reddit.com/r/DestinyTheGame/comments/6za8t4/if_i_had_a_nickel_for_every_time_i_fast_traveled//dmu7m36/,-0.085,0.039462693,0.001773834,0.02030538,0.004957713,0.01465692,0.007728445,1505094621.0,114,0,0,LLYDizzle,75.0,0.0,6055.0,7459.0,13589.0
6za8t4,dmu8b4w,It's not exactly concurrent. It's 1.2 million active daily across both Xbox and PS.,https://www.reddit.com/r/DestinyTheGame/comments/6za8t4/if_i_had_a_nickel_for_every_time_i_fast_traveled//dmu8b4w/,-0.375,0.014450971,0.000853539,0.013200258,0.003588792,0.00808288,0.006990537,1505095546.0,-16,0,0,EternalAssasin,309.0,0.0,3865.0,257560.0,261734.0
6za8t4,dmuaaw4,Its good old bungies terrible networking code,https://www.reddit.com/r/DestinyTheGame/comments/6za8t4/if_i_had_a_nickel_for_every_time_i_fast_traveled//dmuaaw4/,-0.312,0.2854937,0.010299683,0.11230402,0.014048826,0.089778624,0.007857903,1505098263.0,3,0,1,onedestiny,61.0,47.0,1903.0,16316.0,18327.0
6za8t4,dmug1tx,fucking right? I played for 6 hours today and atleast 2 and a half of them were me getting back in after getting a ridiculous canary error. ,https://www.reddit.com/r/DestinyTheGame/comments/6za8t4/if_i_had_a_nickel_for_every_time_i_fast_traveled//dmug1tx/,0.638,0.8696708,0.4195425,0.8802007,0.28034934,0.4339631,0.011793415,1505107862.0,2,0,0,AwokenTitans,146.0,0.0,32412.0,7616.0,40174.0
6za8t4,dmugo7y,It's literally word-for-word what Bungie said- he even linked the source. lol tf ?,https://www.reddit.com/r/DestinyTheGame/comments/6za8t4/if_i_had_a_nickel_for_every_time_i_fast_traveled//dmugo7y/,-0.271,0.3266089,0.016641939,0.3194067,0.008509507,0.097093195,0.008194493,1505109198.0,20,0,0,James6ix,0.0,0.0,153.0,2251.0,2404.0
6za8t4,dmulirj,"I was getting olive'd like crazy, trying to go to the Farm. I just about gave up before it finally let me stay in. ",https://www.reddit.com/r/DestinyTheGame/comments/6za8t4/if_i_had_a_nickel_for_every_time_i_fast_traveled//dmulirj/,-0.191,0.18744208,0.003623962,0.07643871,0.004125261,0.0806213,0.008712323,1505122588.0,2,0,0,Kovitlac,1424.0,0.0,30335.0,242260.0,274019.0
6za8t4,dmulw3s,People who agree with you are down-voting you because they don't understand your point.,https://www.reddit.com/r/DestinyTheGame/comments/6za8t4/if_i_had_a_nickel_for_every_time_i_fast_traveled//dmulw3s/,-0.25,0.06381883,0.000805855,0.011406898,0.003292809,0.026315894,0.006518017,1505123733.0,1,0,0,CamPatUK,359.0,227.0,303.0,79290.0,80179.0
6za8t4,dmunzzf,I misread his comment at first but go back and read it again and the person he replied to,https://www.reddit.com/r/DestinyTheGame/comments/6za8t4/if_i_had_a_nickel_for_every_time_i_fast_traveled//dmunzzf/,-0.396,0.042657252,0.001688004,0.017231047,0.003773782,0.014390918,0.008582866,1505129469.0,1,0,0,MotDePasseEstFromage,15.0,0.0,4650.0,9084.0,13749.0
6za8t4,dmupokr,"SGA; If the public event is near a fast travel point, keep fast traveling till you are put in a server where other people are playing.",https://www.reddit.com/r/DestinyTheGame/comments/6za8t4/if_i_had_a_nickel_for_every_time_i_fast_traveled//dmupokr/,-0.417,0.013697007,0.000729561,0.00995513,0.001803646,0.007683877,0.007404801,1505132863.0,1,0,0,[deleted],,,,,
6za8t4,dmuq6rk,If I had a nickel for every time I fast traveled to a public event I would be broke,https://www.reddit.com/r/DestinyTheGame/comments/6za8t4/if_i_had_a_nickel_for_every_time_i_fast_traveled//dmuq6rk/,-0.417,0.11161,0.003948212,0.04516909,0.007917541,0.01929015,0.020954676,1505133751.0,1,0,0,Tyler_P07,244.0,241.0,1151.0,16171.0,17807.0
6za8t4,dmuqcoe,"Could buy some pop tarts, too.",https://www.reddit.com/r/DestinyTheGame/comments/6za8t4/if_i_had_a_nickel_for_every_time_i_fast_traveled//dmuqcoe/,-0.638,0.03592727,0.001783371,0.01846078,0.003977269,0.013896915,0.007624879,1505134032.0,1,0,0,[deleted],,,,,
6za8t4,dmuqws7,You still get a prize if you fail,https://www.reddit.com/r/DestinyTheGame/comments/6za8t4/if_i_had_a_nickel_for_every_time_i_fast_traveled//dmuqws7/,-0.417,0.17805049,0.005340576,0.02932342,0.007399572,0.032248367,0.02181799,1505134955.0,1,0,0,Nby36,0.0,0.0,,,0.0
6za8t4,dmurdh6,This game doesn't have matchmaking,https://www.reddit.com/r/DestinyTheGame/comments/6za8t4/if_i_had_a_nickel_for_every_time_i_fast_traveled//dmurdh6/,-0.458,0.10089093,0.003299713,0.024951037,0.006289636,0.018774498,0.007961469,1505135693.0,1,0,0,ToastyRotzy,456.0,0.0,,,456.0
6za8t4,dmutls0,"I don't really know what your talking about. I play on xbox and it's very rarely that I don't see anyone else at a PE. Maybe on IO, but pretty populated on Xbox, for me.",https://www.reddit.com/r/DestinyTheGame/comments/6za8t4/if_i_had_a_nickel_for_every_time_i_fast_traveled//dmutls0/,-0.292,0.04290464,0.002193451,0.02474608,0.009767435,0.015188923,0.008712323,1505138871.0,1,0,0,[deleted],,,,,
6za8t4,dmuv4k5,"For a game that has 1.2 million concurrent users, the world seems oddly empty at times. Hope that Bungie does a better job of optimizing the matchmaking and grouping players together. The game is a lot more fun when you see other people running around and randomly fighting together.",https://www.reddit.com/r/DestinyTheGame/comments/6za8t4/if_i_had_a_nickel_for_every_time_i_fast_traveled//dmuv4k5/,-0.188,0.06896287,0.003890991,0.041912504,0.010655383,0.021610579,0.012440704,1505140812.0,1,0,0,Wanax96,0.0,0.0,336.0,2086.0,2422.0
6za8t4,dmuxxzm,"I have a theory. 

I think it would better if you rode via sparrow because the game will have more time to MM you. 

When you fast travel the game only has like 5 seconds to MM. ",https://www.reddit.com/r/DestinyTheGame/comments/6za8t4/if_i_had_a_nickel_for_every_time_i_fast_traveled//dmuxxzm/,-0.217,0.039935954,0.002279282,0.02303812,0.002682345,0.010970897,0.012233571,1505144140.0,1,0,0,Kilo_Juliett,65.0,0.0,1281.0,30831.0,32177.0
6za8t4,dmuyh10,"Fun fact, if you re-fast travel to the same spot it'll sometimes queue you into a new lobby with people!",https://www.reddit.com/r/DestinyTheGame/comments/6za8t4/if_i_had_a_nickel_for_every_time_i_fast_traveled//dmuyh10/,-0.562,0.04785245,0.001573563,0.015386449,0.002534353,0.01767874,0.009540852,1505144729.0,2,0,0,Ben604,18.0,110.0,8630.0,4603.0,13361.0
6za8t4,dmv03te,"""If I had a nickel for every time I fast traveled to a public event and matchmade with no one I still wouldn't have enough money to buy one of those overpriced bright engrams""

FTFY",https://www.reddit.com/r/DestinyTheGame/comments/6za8t4/if_i_had_a_nickel_for_every_time_i_fast_traveled//dmv03te/,-0.128,0.028974265,0.001091957,0.012961143,0.00327431,0.013440913,0.006738094,1505146533.0,0,0,0,1lonewolf6,35.0,0.0,588.0,1862.0,2485.0
6za8t4,dmv0bvn,If i had a penny for every time ive visited the farm. Id have 3 pennys.,https://www.reddit.com/r/DestinyTheGame/comments/6za8t4/if_i_had_a_nickel_for_every_time_i_fast_traveled//dmv0bvn/,-0.326,0.03545588,0.001926422,0.020646973,0.002460358,0.009982891,0.008246276,1505146774.0,1,0,0,blaze_thug,15.0,0.0,557.0,1277.0,1849.0
6za8t4,dmv53cm,"If I had a quarter for every time I was killed in D2 from jumping off something 3 feet high, I'd be able to buy a case of decent quality beer.",https://www.reddit.com/r/DestinyTheGame/comments/6za8t4/if_i_had_a_nickel_for_every_time_i_fast_traveled//dmv53cm/,-0.125,0.20242359,0.008735657,0.034397304,0.004809721,0.019870255,0.2836219,1505151954.0,1,0,0,[deleted],,,,,
6za8t4,dmv8wls,"The old trick of sparrow close and then run in the hundred yards before 'zone change' helps.
",https://www.reddit.com/r/DestinyTheGame/comments/6za8t4/if_i_had_a_nickel_for_every_time_i_fast_traveled//dmv8wls/,-0.378,0.02543884,0.001316071,0.010979908,0.001609407,0.009393888,0.01086132,1505156230.0,1,0,0,gzr-spawn,0.0,0.0,1.0,955.0,956.0
6za8t4,dmvdc8p,And you know what? You'd probably get the Salty emote from them. ;),https://www.reddit.com/r/DestinyTheGame/comments/6za8t4/if_i_had_a_nickel_for_every_time_i_fast_traveled//dmvdc8p/,-0.304,0.10175867,0.003643036,0.031641733,0.006289636,0.022448512,0.011249693,1505161152.0,1,0,0,AleksanderSteelhart,79.0,647.0,307.0,25771.0,26804.0
6za8t4,dmvdlap,Too soon... Poor Tyra (Banks) Karn.  [Spoiler](#s She's the old lady of the farm everyone forgot about.),https://www.reddit.com/r/DestinyTheGame/comments/6za8t4/if_i_had_a_nickel_for_every_time_i_fast_traveled//dmvdlap/,-0.062,0.11450345,0.004882813,0.044668075,0.015154205,0.032909457,0.013424582,1505161430.0,1,0,0,bbarks,63.0,24.0,645.0,25529.0,26261.0
6za8t4,dmvfrdc,"If you're looking to farm public events, go to Titan.  The spider walker event is super easy to solo, and you can just run back and forth between both of them there.  You'll get the occasional witch one instead, but for the most part it seems pretty reliable to just get two spider tank events.

You do one, then run over to the other, rally to the flag to stock up, and usually wait a minute or two for the next to start.  Repeat for 6 hours until you have one exotic engram.",https://www.reddit.com/r/DestinyTheGame/comments/6za8t4/if_i_had_a_nickel_for_every_time_i_fast_traveled//dmvfrdc/,-0.229,0.09828771,0.003433228,0.045670103,0.0103594,0.031036375,0.01508414,1505163866.0,1,0,0,Officer_Hotpants,2937.0,208.0,2970.0,197439.0,203554.0
