post_id,comment_id,txt,url,offensiveness_score,Toxicity,Severe Toxicity,Profanity,Identity Attack,Insult,Threat,created,score,total_awards_received,controversiality,user,user_awardee_karma,user_awarder_karma,user_link_karma,user_comment_karma,user_total_karma
6pj74w,dkpsd8z,"Yes you should have told her to get an enema
",https://www.reddit.com/r/AskReddit/comments/6pj74w/what_is_the_last_thing_you_did_for_the_first_time//dkpsd8z/,0.0,0.29953843,0.017158391,0.108590275,0.025605056,0.062150877,0.22120713,1501019557.0,-7,0,0,AlwaysunnyNsocal,373.0,58.0,240.0,130729.0,131400.0
6pj74w,dkpzjn3,Well I mean each to their own but I prefer to clean all up there before anal and I would think someone into daily buttplugs would similarly be into that sort of prep routine. Spontaneous anal isn't really my thing. ,https://www.reddit.com/r/AskReddit/comments/6pj74w/what_is_the_last_thing_you_did_for_the_first_time//dkpzjn3/,0.104,0.687436,0.056527592,0.61633086,0.013546381,0.07396803,0.009877442,1501028234.0,3,0,0,justwannagiveupvotes,38.0,0.0,59.0,31445.0,31542.0
6pj74w,dkq1ll7,One of the most rewarding games I've ever beat! ,https://www.reddit.com/r/AskReddit/comments/6pj74w/what_is_the_last_thing_you_did_for_the_first_time//dkq1ll7/,-0.646,0.029563503,0.001773834,0.019212283,0.002793338,0.010856897,0.00899713,1501030867.0,2,0,0,ulfric1,105.0,0.0,15.0,11815.0,11935.0
6pj74w,dkqbjl5,Went shooting at a gun range. So much fun!  I love the adrenaline that one gets when shooting.,https://www.reddit.com/r/AskReddit/comments/6pj74w/what_is_the_last_thing_you_did_for_the_first_time//dkqbjl5/,-0.229,0.4269174,0.03321367,0.098067984,0.010211408,0.054376744,0.5253276,1501043743.0,2,0,0,IsthatyouGideon,0.0,8.0,23.0,121.0,152.0
6pj74w,dkqfect,"Teach elementary school, had to sub for a 3rd grade colleague. 

I was close to going on a killing spree by 10am!",https://www.reddit.com/r/AskReddit/comments/6pj74w/what_is_the_last_thing_you_did_for_the_first_time//dkqfect/,0.213,0.36095104,0.023076924,0.077731855,0.020781586,0.06889887,0.44942492,1501050511.0,1,0,0,samstown23,148.0,0.0,68.0,71240.0,71456.0
6pj74w,dkqk0pt,Chest X-rays. Turns out I've got pneumonia.,https://www.reddit.com/r/AskReddit/comments/6pj74w/what_is_the_last_thing_you_did_for_the_first_time//dkqk0pt/,-0.354,0.083999306,0.002975464,0.019348921,0.004698728,0.022706337,0.009618527,1501061455.0,1,0,0,ToErrDivine,292.0,0.0,1888.0,77849.0,80029.0
6pj74w,dkqmbdt,Went up the Willis Tower Skydeck and stood on the glass looking down over Chicago. Quite an experience! ,https://www.reddit.com/r/AskReddit/comments/6pj74w/what_is_the_last_thing_you_did_for_the_first_time//dkqmbdt/,-0.542,0.018974753,0.00123024,0.011184863,0.003496297,0.009431887,0.008013252,1501067161.0,1,0,0,Eglerz,0.0,21.0,1015.0,325.0,1361.0
6pj74w,dkr8j80,"Sex without a condom. 
Twas niiiice",https://www.reddit.com/r/AskReddit/comments/6pj74w/what_is_the_last_thing_you_did_for_the_first_time//dkr8j80/,0.292,0.61223894,0.09385906,0.44431314,0.024600167,0.06319981,0.017328756,1501093007.0,1,0,0,[deleted],,,,,
