post_id,comment_id,txt,url,offensiveness_score,Toxicity,Severe Toxicity,Profanity,Identity Attack,Insult,Threat,created,score,total_awards_received,controversiality,user,user_awardee_karma,user_awarder_karma,user_link_karma,user_comment_karma,user_total_karma
4yp318,d6pd6iq,"God does not, the punishment for sin is death. 

Just like a lovin God does not ""kill people so he can have another angel in heaven"", the ""soul"" is the person and not some active spirit inside of you that lives on. 

Likewise, when a person dies ""he knows nothing"" as he is dead and not in heaven or hell, the place for the righteous people will one day be here on earth as God had originally intended.",https://www.reddit.com/r/AskReddit/comments/4yp318/serioushow_can_a_loving_god_send_people_to_hell//d6pd6iq/,0.064,0.1991664,0.008621216,0.069969244,0.08666438,0.056133457,0.07246469,1471701341.0,1,0,0,Nejxjdjdhxud,0.0,0.0,16.0,5.0,21.0
4yp318,d6peikj,How could anyone choose Hell over a loving God?,https://www.reddit.com/r/AskReddit/comments/4yp318/serioushow_can_a_loving_god_send_people_to_hell//d6peikj/,-0.062,0.25462922,0.011444092,0.15283443,0.10221587,0.056719027,0.013424582,1471703926.0,3,0,0,[deleted],,,,,
4yp318,d6pet3p,"Can't. Ergo, no loving god, or no hell. At least as conceived of in Christianity or other Abrahamic religions.",https://www.reddit.com/r/AskReddit/comments/4yp318/serioushow_can_a_loving_god_send_people_to_hell//d6pet3p/,0.062,0.2820025,0.010604858,0.0887236,0.30256465,0.06984934,0.008789998,1471704438.0,2,0,0,[deleted],,,,,
4yp318,d6phxxf,"I just quickly skimmed through the posts here. On a quick skim through it appears most people agree that... yeah... this Hell thing is a little silly... or not real... or whatever.   

What I find interesting is this thread has overall downvotes. That says to me that there are a lot of people who disagree... but have -no logic- or any arguments to back their shit up. -All- they can do is downvote. That's the thing with religion... no logic... and deep cognitive dissonance.",https://www.reddit.com/r/AskReddit/comments/4yp318/serioushow_can_a_loving_god_send_people_to_hell//d6phxxf/,0.167,0.44393396,0.03590374,0.4989438,0.17303948,0.34314156,0.020436687,1471709594.0,3,0,0,-Moonpuppy-,53.0,0.0,619.0,3541.0,4213.0
4yp318,d6plwry,"We put most bad people in prison for a limited time in an attempt to correct their behavior and to protect the rest of us.  In particularly egregious cases we may put them in permanently to protect the rest of us.

We don't sadistically torture them for the rest of eternity. ",https://www.reddit.com/r/AskReddit/comments/4yp318/serioushow_can_a_loving_god_send_people_to_hell//d6plwry/,-0.042,0.16098402,0.005302429,0.06145202,0.012139536,0.06512285,0.050098058,1471715861.0,1,0,0,bookant,915.0,0.0,1.0,84533.0,85449.0
4yp318,d6pqzon,Didn't know we put people in jail for having other religions or speaking ill of the country. ,https://www.reddit.com/r/AskReddit/comments/4yp318/serioushow_can_a_loving_god_send_people_to_hell//d6pqzon/,-0.042,0.18554166,0.003299713,0.016342908,0.105256535,0.06442356,0.00866054,1471723951.0,0,0,0,Rainbow_Doughnuts23,0.0,0.0,1966.0,31680.0,33646.0
4yp318,d6pt1ax,"> or speaking ill of the country. 

Gods not sending you to hell because you said ""America sucks!""

",https://www.reddit.com/r/AskReddit/comments/4yp318/serioushow_can_a_loving_god_send_people_to_hell//d6pt1ax/,0.333,0.7510937,0.16960317,0.55356324,0.46028158,0.61794597,0.009644418,1471727340.0,1,0,0,mcdrunkin,100.0,16.0,1824.0,46473.0,48413.0
4yp318,d6ptwxi,We don't send them to burn for eternity for not believing the approved belief system.,https://www.reddit.com/r/AskReddit/comments/4yp318/serioushow_can_a_loving_god_send_people_to_hell//d6ptwxi/,-0.021,0.18459146,0.008430481,0.025634222,0.019676208,0.020063626,0.2836219,1471728753.0,3,0,0,elkabongg,0.0,0.0,5.0,15489.0,15494.0
4yp318,d6puj8c,Easy. He loves sending people to hell.,https://www.reddit.com/r/AskReddit/comments/4yp318/serioushow_can_a_loving_god_send_people_to_hell//d6puj8c/,0.438,0.54823303,0.0394905,0.39409557,0.058401883,0.36537176,0.13815513,1471729756.0,2,0,0,ThisNameForRent,0.0,0.0,12.0,27534.0,27546.0
4yp318,d6pxi7s,Hell... Hell is for children. - Pat Benatar,https://www.reddit.com/r/AskReddit/comments/4yp318/serioushow_can_a_loving_god_send_people_to_hell//d6pxi7s/,0.0,0.36095104,0.02453801,0.29209393,0.04048799,0.107333586,0.053007595,1471734662.0,0,0,0,Ben_Chokin,0.0,0.0,7.0,5308.0,5315.0
4yp318,d6qmm04,"Because we should completely trust every source regarding information that is hand-fed to us without using any form of discretion or looking into it for ourselves⸮ After all, the world is very trustworthy⸮",https://www.reddit.com/r/AskReddit/comments/4yp318/serioushow_can_a_loving_god_send_people_to_hell//d6qmm04/,-0.167,0.034748793,0.002012253,0.019075647,0.007288578,0.0114649,0.008867673,1471791666.0,1,0,0,ElementNinja,0.0,0.0,30.0,229.0,259.0
4yp318,d6rz48l,"Yep, not what I even insinuated.  More understanding and less presumption please people.
",https://www.reddit.com/r/AskReddit/comments/4yp318/serioushow_can_a_loving_god_send_people_to_hell//d6rz48l/,-0.229,0.024613906,0.000562668,0.00997221,0.001544661,0.01306091,0.006207318,1471881406.0,1,0,0,Oi_Oi_Spanky,0.0,0.0,133.0,1063.0,1196.0
4yp318,d6zwc0b,"Not once did I even type that God punishes the unbelievers.

Did you get that?",https://www.reddit.com/r/AskReddit/comments/4yp318/serioushow_can_a_loving_god_send_people_to_hell//d6zwc0b/,-0.021,0.19789438,0.00617981,0.02126184,0.13163337,0.0350029,0.044278983,1472389295.0,1,0,0,Oi_Oi_Spanky,0.0,0.0,133.0,1063.0,1196.0
