post_id,comment_id,txt,url,offensiveness_score,Toxicity,Severe Toxicity,Profanity,Identity Attack,Insult,Threat,created,score,total_awards_received,controversiality,user,user_awardee_karma,user_awarder_karma,user_link_karma,user_comment_karma,user_total_karma
az33mf,ei53376,"How many years of GOP led investigations that came up with nothing? How many, fuck face? ",https://twitter.com/Snowden/status/1103833291491368960/ei53376/,0.875,0.8403191,0.35058254,0.8255558,0.10221587,0.5739874,0.025443908,1552142605.0,24,0,0,TurdManMcDooDoo,609.0,9.0,852.0,101218.0,102688.0
az33mf,ei5c95u,"> War crimes...aren’t breaking the law?

They don't matter, once you win the war.",https://twitter.com/Snowden/status/1103833291491368960/ei5c95u/,-0.146,0.049089402,0.001955032,0.011389818,0.004032766,0.013744914,0.013579931,1552149809.0,-3,0,0,stefantalpalaru,988.0,0.0,24978.0,156869.0,182835.0
az33mf,ei5erew,"Because she didn’t, dumbass.",https://twitter.com/Snowden/status/1103833291491368960/ei5erew/,0.391,0.83334327,0.21596274,0.542788,0.04822223,0.8012121,0.010705971,1552151589.0,2,0,0,TrumpVotersAreBigots,0.0,0.0,,,0.0
az33mf,ei6j41w,Lack of Common Sense and Critical Thinking are the downfall of the USA.,https://twitter.com/Snowden/status/1103833291491368960/ei6j41w/,0.083,0.1537979,0.002317429,0.013610168,0.04925346,0.06407392,0.007029374,1552184068.0,1,0,0,THEVILLAGEIDI0T,1352.0,2311.0,69217.0,24436.0,97316.0
az33mf,ei6u1fu,Who can name the famous black pastor that didn’t get charged for his tax evasion because of his race?,https://twitter.com/Snowden/status/1103833291491368960/ei6u1fu/,0.333,0.37751234,0.014447021,0.03840541,0.46028158,0.1935001,0.008194493,1552194096.0,2,0,0,davidaware,0.0,0.0,,,0.0
az33mf,ei6ueba,Different sparks for different ranks. Admiral gets a prostitute and is forced to retire seaman comes back 30 minutes past curfew with a good excuse gets njp half pay and kicked out,https://twitter.com/Snowden/status/1103833291491368960/ei6ueba/,0.312,0.38601747,0.02077355,0.2801717,0.052490227,0.27969417,0.11769595,1552194499.0,1,0,0,pmolmstr,40.0,0.0,634.0,30582.0,31256.0
az33mf,ei6wa9n,"Manafort was never supposed to be sentenced at all. He was supposed to flip. Digging up dirt on him was just part of the ""get Trump"" project. 

*How it's supposed to work*: Investigate anyone who might know something about Trump to see if there's anything he can be charged with. Threaten him with prison unless he gives up something that Trump can be charged with. 

*Why it doesn't work*: No one has anything on Trump to give up. 

*Why conservatives don't like this*: The whole idea behind criminal justice is that you investigate crimes to see who can be charged with them, not men to see what you can charge them with. 

*Why liberals do like this*: Orange man bad. 




",https://twitter.com/Snowden/status/1103833291491368960/ei6wa9n/,0.489,0.24924077,0.00705719,0.07482228,0.016058605,0.16868424,0.04363242,1552196705.0,1,0,0,Whisper,1920.0,0.0,,,1920.0
az33mf,ei741zt,"No dumbass, your sentence derives from from the seriousness of the crime. Treason is a higher crime than tax evasion and fraud. Oh and your assessment of Petraeus' crimes are wrong.",https://twitter.com/Snowden/status/1103833291491368960/ei741zt/,0.417,0.6020386,0.023552058,0.36230123,0.012441003,0.6308392,0.010472948,1552208198.0,1,0,0,arb3765,0.0,0.0,1.0,-4.0,-3.0
az33mf,ei79qa7,"As I seem to say everytime a post from this sub pops up, this isn't world politics. This has absolutely no effect on the world, only on the US, and should be in a sub like r/politics.",https://twitter.com/Snowden/status/1103833291491368960/ei79qa7/,-0.191,0.028974265,0.00125885,0.019007329,0.007584561,0.011008898,0.00737891,1552218170.0,1,0,0,N1NJ4W4RR10R_,724.0,99.0,14818.0,164276.0,179917.0
az33mf,eigc8ep,Nice “attack on the judiciary”,https://twitter.com/Snowden/status/1103833291491368960/eigc8ep/,-0.021,0.2412222,0.009040833,0.022013342,0.016058605,0.033680726,0.2836219,1552505927.0,1,0,0,[deleted],,,,,
