post_id,comment_id,txt,url,offensiveness_score,Toxicity,Severe Toxicity,Profanity,Identity Attack,Insult,Threat,created,score,total_awards_received,controversiality,user,user_awardee_karma,user_awarder_karma,user_link_karma,user_comment_karma,user_total_karma
arq9us,egp600o,"Medicine is full of all sorts of weird hazing. It pretty much never gets called out on it because you get a career that is high paying, so there's a very ingrained feeling that you have to prove yourself no matter how intense it gets. ",https://nextshark.com/surgeon-hospitalized-180-hour-shifts/?fbclid=IwAR0XFenJheQ4b8J3iVm7udfQVfd7xwxLptJRHBXPlSfMoZuDrlfnTMj5E_8/egp600o/,-0.043,0.06104896,0.001516342,0.021740068,0.008953481,0.024382202,0.006349722,1550452440.0,1324,0,0,robotteeth,1331.0,92.0,1808.0,241946.0,245177.0
arq9us,egpecft,[deleted],https://nextshark.com/surgeon-hospitalized-180-hour-shifts/?fbclid=IwAR0XFenJheQ4b8J3iVm7udfQVfd7xwxLptJRHBXPlSfMoZuDrlfnTMj5E_8/egpecft/,-0.229,,,,,,,1550459250.0,223,0,0,[deleted],,,,,
arq9us,egpgtvg,180 hours??? How the fuck did she do it? ,https://nextshark.com/surgeon-hospitalized-180-hour-shifts/?fbclid=IwAR0XFenJheQ4b8J3iVm7udfQVfd7xwxLptJRHBXPlSfMoZuDrlfnTMj5E_8/egpgtvg/,0.417,0.85333383,0.3247677,0.8907955,0.017163984,0.36798462,0.010291707,1550461336.0,2,0,1,bannedMeFuckiT,0.0,0.0,1.0,3978.0,3979.0
arq9us,egph55f,180 hours is 7.5 days. This has to be a mistake,https://nextshark.com/surgeon-hospitalized-180-hour-shifts/?fbclid=IwAR0XFenJheQ4b8J3iVm7udfQVfd7xwxLptJRHBXPlSfMoZuDrlfnTMj5E_8/egph55f/,-0.417,0.029799197,0.001354218,0.015113175,0.002441859,0.011236899,0.007404801,1550461614.0,8,0,1,ogiRous,185.0,0.0,963.0,17454.0,18602.0
arq9us,egpho7q,"My surgeon does 350+ surgeries per year. She removes my tumors every few months, and she even treated my mother's cancer.

Other patients in waiting room complain whenever she's late. Just last week ago they were really pissed, she was running 1-2 hours late. When I finally entered her room, the first thing I did was thank her for her time. ",https://nextshark.com/surgeon-hospitalized-180-hour-shifts/?fbclid=IwAR0XFenJheQ4b8J3iVm7udfQVfd7xwxLptJRHBXPlSfMoZuDrlfnTMj5E_8/egpho7q/,-0.125,0.13388206,0.005187988,0.12551236,0.006807606,0.055547886,0.008634649,1550462068.0,996,0,0,[deleted],,,,,
arq9us,egpibox,How the fuck does anyone not notice that she was working those shifts? That's an insane level of incompetence  on her employers part.,https://nextshark.com/surgeon-hospitalized-180-hour-shifts/?fbclid=IwAR0XFenJheQ4b8J3iVm7udfQVfd7xwxLptJRHBXPlSfMoZuDrlfnTMj5E_8/egpibox/,0.708,0.82048255,0.34966052,0.8117245,0.044870727,0.4710501,0.011301477,1550462627.0,5,0,1,Dica92,53.0,14.0,1338.0,67443.0,68848.0
arq9us,egpih67,180 hours is like a week and a half. No one is working that long in one go. I'm on call 24/7. The only time I'm not on call is if I'm on a vacation. I don't plan on being hospitalized any time soon. She should have managed her downtime better.  ,https://nextshark.com/surgeon-hospitalized-180-hour-shifts/?fbclid=IwAR0XFenJheQ4b8J3iVm7udfQVfd7xwxLptJRHBXPlSfMoZuDrlfnTMj5E_8/egpih67/,-0.125,0.016021729,0.000658035,0.011355659,0.001285676,0.008880884,0.006395032,1550462765.0,-28,0,0,chihuahua001,202.0,0.0,11523.0,56414.0,68139.0
arq9us,egpiw4q,"Dam, still a fucked sleeping patterns .",https://nextshark.com/surgeon-hospitalized-180-hour-shifts/?fbclid=IwAR0XFenJheQ4b8J3iVm7udfQVfd7xwxLptJRHBXPlSfMoZuDrlfnTMj5E_8/egpiw4q/,0.261,0.8460273,0.35368225,0.8949436,0.034042787,0.43296707,0.010628296,1550463147.0,13,0,0,bannedMeFuckiT,0.0,0.0,1.0,3978.0,3979.0
arq9us,egpj1h1,"> I knew what it would mean to resign — I would be blacklisted and I would never get a job in plastic surgery again in Sydney.

WTF kind of institution is this?",https://nextshark.com/surgeon-hospitalized-180-hour-shifts/?fbclid=IwAR0XFenJheQ4b8J3iVm7udfQVfd7xwxLptJRHBXPlSfMoZuDrlfnTMj5E_8/egpj1h1/,0.062,0.52139956,0.027833538,0.5318404,0.062039822,0.3388922,0.009851551,1550463287.0,796,0,0,monsantobreath,1246.0,0.0,939.0,364937.0,367122.0
arq9us,egpjs0g,Poor Yumiko. Someone that fine shouldn’t have to kill themselves. ,https://nextshark.com/surgeon-hospitalized-180-hour-shifts/?fbclid=IwAR0XFenJheQ4b8J3iVm7udfQVfd7xwxLptJRHBXPlSfMoZuDrlfnTMj5E_8/egpjs0g/,0.261,0.32971194,0.019224197,0.07449899,0.009693438,0.033570543,0.44942492,1550463984.0,-27,0,0,Ganjisseur,53.0,0.0,,,53.0
arq9us,egpk08d,Thank you for being understanding. No one likes waiting at the clinic or in the waiting room. But cases get complex and physicians can get late.,https://nextshark.com/surgeon-hospitalized-180-hour-shifts/?fbclid=IwAR0XFenJheQ4b8J3iVm7udfQVfd7xwxLptJRHBXPlSfMoZuDrlfnTMj5E_8/egpk08d/,-0.638,0.010743983,0.000481606,0.009835573,0.001840643,0.007645877,0.006136116,1550464206.0,374,0,0,verneforchat,379.0,1686.0,134.0,74531.0,76730.0
arq9us,egpljjz,"Lol - no doctor I know wants to be unionized. Cap their earnings? No thanks. 


In fact, no professional I know would want a union. I've worked all sorts of crazy hours - regular 100 hour weeks, 300+ billable hour months, ~45 days without a day off, etc. - hell, when I was articling, my friends who were doing their residencies acknowledged my schedule was way more fucked up than theirs. There's no fucking way I'd want a union. 


Professionals choose these occupations knowing that it gets better and that it (literally) pays off in the end. When you start out, the more you work, the more you learn. And now the more I work, the more I earn. You think I want a union restricting me to 40hrs / week? Fuck that. ",https://nextshark.com/surgeon-hospitalized-180-hour-shifts/?fbclid=IwAR0XFenJheQ4b8J3iVm7udfQVfd7xwxLptJRHBXPlSfMoZuDrlfnTMj5E_8/egpljjz/,0.708,0.45090583,0.023927659,0.4840093,0.030433474,0.36798462,0.010058682,1550465660.0,-98,0,0,SophistXIII,899.0,33.0,1692.0,109597.0,112221.0
arq9us,egplo8n,"If you've never been on call it's easy to dismiss it but it's not like your brain is turned off. You're jumpy, you don't sleep well, you can't do so many things. You have to even shower quick if your place is demanding, mine required me to be in within 20 min and I lived 10-15 away. 

Sure, if you're a senior clinician with years under you, on call is much less stressful because you've got interns and residents to handle all that bullshit. ",https://nextshark.com/surgeon-hospitalized-180-hour-shifts/?fbclid=IwAR0XFenJheQ4b8J3iVm7udfQVfd7xwxLptJRHBXPlSfMoZuDrlfnTMj5E_8/egplo8n/,0.188,0.41910073,0.023076924,0.46222726,0.01766643,0.36798462,0.010498839,1550465785.0,239,0,0,Rayketh,35.0,93.0,2590.0,24157.0,26875.0
arq9us,egplxba,"It was 2 weeks, so it was 90 hours on call?",https://nextshark.com/surgeon-hospitalized-180-hour-shifts/?fbclid=IwAR0XFenJheQ4b8J3iVm7udfQVfd7xwxLptJRHBXPlSfMoZuDrlfnTMj5E_8/egplxba/,-0.426,0.01017851,0.00064373,0.011082385,0.001405919,0.006838372,0.006395032,1550466025.0,1,0,0,XHF2,945.0,298.0,,,1243.0
arq9us,egprgm7,"Throwaway.  Did one of the “hardest” surgical residencies in my home country.  140 clinical hour plus weeks.  Would often pick up a moon lighting shift to help pay the bills as our salary wasn’t good. When not working, had to write literature for Staffs.  Drug use was very common, many antidepressants and amohetaminos.  Now, not many good surgeon work in home country, so have to move.",https://nextshark.com/surgeon-hospitalized-180-hour-shifts/?fbclid=IwAR0XFenJheQ4b8J3iVm7udfQVfd7xwxLptJRHBXPlSfMoZuDrlfnTMj5E_8/egprgm7/,0.25,0.059974585,0.002145767,0.02119352,0.003940272,0.02618698,0.008298059,1550472508.0,5,0,0,Scuttmonkeylikedew,0.0,0.0,1.0,4.0,5.0
arq9us,egq5wen,"Need to save the earth from an asteroid that would destroy everything you love? Then work these hours, otherwise, take care of yourself.",https://nextshark.com/surgeon-hospitalized-180-hour-shifts/?fbclid=IwAR0XFenJheQ4b8J3iVm7udfQVfd7xwxLptJRHBXPlSfMoZuDrlfnTMj5E_8/egq5wen/,-0.125,0.11479026,0.003108978,0.017572641,0.003588792,0.030485468,0.021300001,1550495276.0,1,0,0,[deleted],,,,,
