post_id,comment_id,txt,url,offensiveness_score,Toxicity,Severe Toxicity,Profanity,Identity Attack,Insult,Threat,created,score,total_awards_received,controversiality,user,user_awardee_karma,user_awarder_karma,user_link_karma,user_comment_karma,user_total_karma
av0d28,ehbp0va,"Does it bother anyone else that the axes should be switched here? Age is more closely aligned with time and fits naturally in the x-axis, whereas cost is more closely aligned with money and fits naturally on the y-axis to show how much higher the cost is in the US. r/mildyinfuriating ",https://imgur.com/KLXNPb5/ehbp0va/,0.0,0.07371122,0.003089905,0.041661996,0.009360458,0.022255141,0.00780612,1551194635.0,30,0,0,_airsick_lowlander_,250,67,659.0,10185.0,11161
av0d28,ehbrded,"Do you have any fucking clue what ""per capita"" means",https://imgur.com/KLXNPb5/ehbrded/,0.625,0.8540474,0.35368225,0.8907955,0.034816213,0.48228607,0.009903334,1551196384.0,16,0,0,WorgeJashington,0,0,427.0,15182.0,15609
av0d28,ehbt2la,"I hear this argument so much and it never makes sense. 

Being too big is not a problem, you can always divide the country into administrative subregions. If healthcare was administered at state level, the largest system would cover only 40m people. Smaller than each of Germany, UK, France, Italy and Spain. 

And you think each of these systems is completely centralised? I know UK operates the NHS through over 200 clinical commissioning groups (CCGs) that comission the vast majority services at a local level. 

And considering that some of the biggest health insurers in the US insure tens of millions (United healthcare group insures more than the population of Italy), whatever size problems would exist in a universal health care system for tens of millions of people *already fucking exist* in the US system.",https://imgur.com/KLXNPb5/ehbt2la/,0.458,0.041172907,0.00123024,0.015044857,0.006363631,0.021481665,0.006485652,1551197614.0,4,0,0,jam11249,383,33,13223.0,255493.0,269132
av0d28,ehbxcdh,"Not sure. I see it more as: money spent is your independent variable, the think you can control; life expectancy is the dependent variable, the result you get. The ""time"" variable here is the year each of these measurements are taken, marked along the line, but to put that on an axis, while it would be useful, isn't really the point the graph is trying to show: the point is the *economic efficiency* of public healthcare.",https://imgur.com/KLXNPb5/ehbxcdh/,0.0,0.024260364,0.001044273,0.01627459,0.002737841,0.014048916,0.006382086,1551200640.0,15,0,0,SamBrev,240,641,30922.0,51937.0,83740
av0d28,ehc4jfh,"Fair point - that does make sense, just have a hard time seeing age/time as the y-axis as it is 95%+ of the time the x-axis showing some occurrence over time so have to re-frame my mindset when understanding what this is trying to show.  ",https://imgur.com/KLXNPb5/ehc4jfh/,-0.298,0.014325311,0.000844002,0.012858666,0.002830336,0.008006879,0.006686311,1551205625.0,0,0,0,_airsick_lowlander_,250,67,659.0,10185.0,11161
av0d28,ehc743w,"One thing I think a lot of people in the US seem fearful of is compulsory public health care, which to my understanding is how it works in Canada. In most countries I believe there exists a private system alongside the public one. The great advantage (as an end user) in that situation is that the private system competes with a free one, so ends up more affordable and effective. Of course this is bad for the private business as they are effectively against a state sponsored pseudo-monopoly. But honestly fuck the business if they are against something that provides care for all.",https://imgur.com/KLXNPb5/ehc743w/,0.229,0.032627538,0.001163483,0.014634945,0.006881601,0.019225692,0.006485652,1551207429.0,1,0,0,jam11249,383,33,13223.0,255493.0,269132
av0d28,ehchssf,"The age difference is also rather exaggerated, the vertical axis starts at 70 instead of 0.",https://imgur.com/KLXNPb5/ehchssf/,-0.489,0.01847211,0.000805855,0.012380436,0.004421244,0.008557882,0.006634528,1551214626.0,3,0,0,voidref,81,64,5040.0,22797.0,27982
av0d28,ehd5d86,"Only if you don't understand how to read axes on a graph.

Exaggerating the differences is a perfectly valid reason to truncate an axis. If you don't, you won't have room to put other information on the graph, like labels for different lines. ",https://imgur.com/KLXNPb5/ehd5d86/,-0.146,0.022021262,0.000629425,0.010296722,0.001405919,0.011160898,0.006420923,1551232294.0,3,0,0,TrueAnimal,0,0,,,0
av0d28,ehd5srn,"Generally the y-axis is used for the responding variable, which in this case most closely matches the life expectancy since it is the ""result"" they are measuring.",https://imgur.com/KLXNPb5/ehd5srn/,-0.354,0.010367001,0.000753403,0.011184863,0.002340114,0.00649637,0.007055265,1551232626.0,1,0,0,IchWillRingen,204,38,28962.0,26522.0,55726
av0d28,ehdtm3t,"Come on, dude. Dependent variable goes on the Y axis. This is like the first thing you learn in middle school science class. In this case the assumption is that life expectancy changes depending on health care spending, making health care spending the independent variable.",https://imgur.com/KLXNPb5/ehdtm3t/,-0.042,0.09915545,0.002670288,0.027273865,0.005623675,0.031807642,0.007301235,1551256564.0,1,0,0,321burner123,35,0,521.0,8884.0,9440
av0d28,ehf2ltv,Can we nit have the useless arrows.  Let me see the god damn chart,https://imgur.com/KLXNPb5/ehf2ltv/,0.208,0.687436,0.16960317,0.7107322,0.029917859,0.40189892,0.011249693,1551295725.0,1,0,0,Marcus-Auralius,0,0,216.0,1401.0,1617
av0d28,ehfh3rk,Has nothing to do with the obesity crisis in America the only factor in a country’s life expectancy is healthcare!,https://imgur.com/KLXNPb5/ehfh3rk/,-0.229,0.0414203,0.00123024,0.010894509,0.019073274,0.015416925,0.00598724,1551304635.0,1,0,0,NFGRants,43,50,331.0,35972.0,36396
av0d28,ehfzkrg,"The research I've seen indicates obesity takes 3 years off your life on average. Comparing the US to, say, the UK we have 11.3% more of our population that's obese. That would correlate with a 0.339 year difference in longevity.

The United States has an average longevity of 79.3 years. In the United Kingdom it's 81.2, or 1.9 years longer. Thus cursory analysis would show obesity differences account for about 19% of the total.

The more striking difference is the difference in cost. The UK achieves that average while spending $5,963 less per person per year on healthcare. That's $472,866 less over a typical lifetime for an individual. ",https://imgur.com/KLXNPb5/ehfzkrg/,-0.312,0.054779384,0.002040863,0.021056883,0.01555616,0.021868404,0.006925808,1551318548.0,1,0,0,ThatsWhatXiSaid,4257,0,,,4257
av0d28,ehhlw7w,"As soon as people stop picking sides like democrat and republican (a manufactured spectrum akin to Vikings vs packers) maybe we can actually solve some issues.

We need to look at things from a humanistic perspective; not political or religious.

Pissing contest day in and day out. Shoot me. ",https://imgur.com/KLXNPb5/ehhlw7w/,0.17,0.25727063,0.014447021,0.14666493,0.08170113,0.13607834,0.16067244,1551375625.0,1,0,0,Bjubers,197,457,610.0,9436.0,10700
av0d28,ehl4nwv,"Cheaper and more effective... gee, if only we ran the country like a business. ",https://imgur.com/KLXNPb5/ehl4nwv/,-0.188,0.019226074,0.000696182,0.011031146,0.001692652,0.010210892,0.006336776,1551478741.0,1,0,0,Jengaleng422,169,11,2265.0,40464.0,42909
av0d28,ehlw77r,"This is great, but seriously, how can someone make such a good graph and not know how to use a dollar sign?",https://imgur.com/KLXNPb5/ehlw77r/,0.0,0.054779384,0.001726151,0.021945024,0.003995769,0.018323302,0.007365964,1551502086.0,1,0,0,LegitimateCrepe,535,0,11182.0,59501.0,71218
