post_id,comment_id,txt,url,offensiveness_score,Toxicity,Severe Toxicity,Profanity,Identity Attack,Insult,Threat,created,score,total_awards_received,controversiality,user,user_awardee_karma,user_awarder_karma,user_link_karma,user_comment_karma,user_total_karma
5cepca,d9w2h77,My father took his life December 2014. I'm so sorry you went through all that. Stay strong <3 Let it draw your loved ones together.,http://i.imgur.com/V3GCtC3.png?1/d9w2h77/,-0.333,0.024967449,0.00166893,0.017299367,0.004236255,0.008424882,0.009618527,1478885332.0,21,0,0,AstridDragon,1518,24,23372.0,122817.0,147731
5cepca,d9w3kx7,"Your father obviously raised a great daughter.  I am sure that a large part of who you are is a result of him.  Your fiancé knows your father, through the values you carry with you everyday.  He lives through you.  If there is a heaven, you dad is there.  Watching over you and looking fondly upon the woman he helped create.  I imagine that when he looks upon you, his face is much like the face in the beautiful photo.  I hope the anger you feel fades with time.  So sorry for your loss.",http://i.imgur.com/V3GCtC3.png?1/d9w3kx7/,-0.417,0.054779384,0.002231598,0.01627459,0.005401687,0.028832749,0.007663717,1478886734.0,25,0,0,MiltownKBs,1152,0,3573.0,168154.0,172879
5cepca,d9woigb,and with the vietnam war millions of civilians died. yeah but fuck them. at least your family is alive /s,http://i.imgur.com/V3GCtC3.png?1/d9woigb/,0.667,0.8696708,0.45895407,0.8255558,0.381025,0.49389273,0.3481519,1478915916.0,3,0,0,takeonme864,0,0,,,0
5cepca,d9x6eal,"OP, thank you for sharing this picture. It's absolutely beautiful, and the smiles are bringing back some happy memories of my old man. I lost him eleven years ago almost to the day, and I can't help but think that if there were more people like yourself and some of the other folks in this thread spreading the word about resources for people in need of mental health care he might still be around today.",http://i.imgur.com/V3GCtC3.png?1/d9x6eal/,-0.292,0.03545588,0.002241135,0.028640235,0.007806548,0.017872108,0.008168601,1478961178.0,2,0,0,darlingtonia___,0,41,949.0,5188.0,6178
