post_id,comment_id,txt,url,offensiveness_score,Toxicity,Severe Toxicity,Profanity,Identity Attack,Insult,Threat,created,score,total_awards_received,controversiality,user,user_awardee_karma,user_awarder_karma,user_link_karma,user_comment_karma,user_total_karma
7zekac,dund78e,I never understood how to play minesweeper as a kid.  Tbh I still don’t understand,https://i.redd.it/o7xryayxdrh01.jpg/dund78e/,-0.5,0.057748068,0.002746582,0.030138692,0.006548621,0.014504919,0.007534259,1519303920.0,71,0,0,T-doggy,0.0,0.0,24.0,526.0,550.0
7zekac,dund7wa,"""I'm here because I'm bored!""",https://i.redd.it/o7xryayxdrh01.jpg/dund7wa/,-0.458,0.15158679,0.00333786,0.04867618,0.006659614,0.04442204,0.007961469,1519303952.0,137,0,0,[deleted],,,,,
7zekac,dune30i,The numbers indicate how many mines are adjacent to the cell.  The goal is to mark all of them without clicking on a cell hiding a mine.,https://i.redd.it/o7xryayxdrh01.jpg/dune30i/,-0.208,0.013005874,0.000772476,0.010501678,0.001794396,0.007170874,0.008181547,1519305312.0,70,0,0,_stream_line_,103.0,27.0,6964.0,11181.0,18275.0
7zekac,dunfdwc,"It's easy, randomly click until you lose.",https://i.redd.it/o7xryayxdrh01.jpg/dunfdwc/,-0.479,0.10175867,0.003471375,0.021330157,0.002922831,0.015872927,0.05203775,1519307164.0,1,0,0,PitchforkAssistant,703.0,2434.0,84524.0,947235.0,1034896.0
7zekac,dunfs47,That is only how you start the game.,https://i.redd.it/o7xryayxdrh01.jpg/dunfs47/,-0.5,0.02779579,0.001573563,0.016479544,0.002978328,0.009602889,0.008634649,1519307679.0,23,0,0,Sl4sh4ndD4sh,197.0,394.0,9604.0,67450.0,77645.0
7zekac,dunftzw,"Additionally, adjacent can mean on the flat side of a square or a corner. The highest number that could be seen is ""8"", that would mean that that square is completely surrounded by mines.

Edit: It is the most basic deduction game, but, in my experience, there is a ton of luck involved too.",https://i.redd.it/o7xryayxdrh01.jpg/dunftzw/,-0.208,0.036634352,0.002088547,0.02071529,0.005808664,0.015492925,0.00948907,1519307748.0,20,0,0,henryhyde,1474.0,111.0,21456.0,429683.0,452724.0
7zekac,dungsm5,"""What's his problem?""

""His dad died in a mine field.""",https://i.redd.it/o7xryayxdrh01.jpg/dungsm5/,-0.021,0.25462922,0.011520386,0.026317406,0.006992595,0.03710241,0.21332647,1519308936.0,39,0,0,Blacksabre,13.0,0.0,143.0,17683.0,17839.0
7zekac,dungttj,"Start, finish.
It’s all the same.
One. Big. Bang",https://i.redd.it/o7xryayxdrh01.jpg/dungttj/,-0.522,0.21776234,0.013285006,0.1554785,0.006067649,0.022319598,0.11922921,1519308979.0,18,0,0,mein_god,0.0,0.0,2124.0,2328.0,4452.0
7zekac,dunhpvl,If you're interested we can meet up and play minesweeper. Just meet me in Cambodia. ,https://i.redd.it/o7xryayxdrh01.jpg/dunhpvl/,-0.333,0.05230548,0.003242493,0.023516348,0.011617327,0.01306091,0.017674083,1519310013.0,8,0,0,Markiep52,0.0,0.0,1514.0,71013.0,72527.0
7zekac,dunhskq,"Back when CollegeHumor was decent.

Also, with the current trend in making movies out of board games, I'm surprised this isn't a real thing. Yet.",https://i.redd.it/o7xryayxdrh01.jpg/dunhskq/,-0.333,0.029327808,0.000958443,0.013405213,0.002978328,0.01313691,0.006291465,1519310100.0,20,0,0,P0rtal2,646.0,0.0,483.0,266031.0,267160.0
7zekac,duni889,"I still can't listen to We Didn't Start the Fire without mentally hearing ""first post, fucking gay, second post, go away""",https://i.redd.it/o7xryayxdrh01.jpg/duni889/,0.681,0.8460273,0.44787344,0.8255558,0.6649212,0.5678696,0.047835086,1519310584.0,12,0,0,RancidLemons,1887.0,0.0,4805.0,334014.0,340706.0
7zekac,dunidi3,Someone get the army onto this guy and get him hired. He could be saving lives!,https://i.redd.it/o7xryayxdrh01.jpg/dunidi3/,-0.458,0.21241048,0.013155893,0.019007329,0.005290694,0.021094928,0.34804323,1519310745.0,18,0,0,hannsfoogo,0.0,0.0,2.0,343.0,345.0
7zekac,dunijju,"Ahhhh, precursor to Dark Souls",https://i.redd.it/o7xryayxdrh01.jpg/dunijju/,-0.417,0.08874765,0.004005432,0.027000591,0.007843546,0.017227544,0.011327368,1519310928.0,0,0,1,[deleted],,,,,
7zekac,duniljt,I don't remember the real lyrics anymore.,https://i.redd.it/o7xryayxdrh01.jpg/duniljt/,-0.479,0.03639866,0.001449585,0.017845914,0.004698728,0.012680908,0.008026198,1519310989.0,2,0,0,SuspiciouslyElven,1635.0,241.0,138701.0,337144.0,477721.0
7zekac,dunipr2,"I got to teach someone how to play it in high school, and it was so much fun.  She didn't believe she'd ever be fast at it like I was, but of course, it just took a few days for her to get there.  I really hadn't thought there was anyone my age who didn't know, because we were in the perfect range where we grew up with the game.

I guess you're one of today's lucky 10,000!",https://i.redd.it/o7xryayxdrh01.jpg/dunipr2/,-0.271,0.041915078,0.002269745,0.03189224,0.005623675,0.018838953,0.00823333,1519311114.0,0,0,0,knitterknerd,0.0,0.0,790.0,19009.0,19799.0
7zekac,dunjesv,You actually don't have to mark them. The goal is to click all the non mine squares,https://i.redd.it/o7xryayxdrh01.jpg/dunjesv/,-0.213,0.03781283,0.00207901,0.02119352,0.006548621,0.012072904,0.009722093,1519311877.0,3,0,0,reversewolverine,0.0,0.0,1.0,35730.0,35731.0
7zekac,dunk7jh,"Worth noting though that the game doesn’t end when all mines are marked though, the game only ends when all cells that are not mines are opened.",https://i.redd.it/o7xryayxdrh01.jpg/dunk7jh/,-0.396,0.015142105,0.001068115,0.013336895,0.003163317,0.007360875,0.008556974,1519312693.0,5,0,0,3ebfan,899.0,113.0,10256.0,224121.0,235389.0
7zekac,dunligv,"Yeah same here, someone actually using a camera to take a picture of a screen rather then using print screen. A surprise to be sure, but a welcome one. ",https://i.redd.it/o7xryayxdrh01.jpg/dunligv/,-0.271,0.019477395,0.000915527,0.012175481,0.002266119,0.009906891,0.007171778,1519313996.0,6,0,0,92Grapes,0.0,0.0,3181.0,44188.0,47369.0
7zekac,dunlwnv,Last time i played minesweeper was when i had two games in a row where i hit a mine on the first turn. ,https://i.redd.it/o7xryayxdrh01.jpg/dunlwnv/,-0.375,0.029445656,0.001468658,0.01579636,0.002608349,0.008804884,0.010990778,1519314377.0,1,0,0,Law_of_Matter,13.0,13.0,3401.0,28634.0,32061.0
7zekac,dunm02q,I think it's more rare player actually knows what to do with this game. I just click random spots as fast as possible to see how far I get. ,https://i.redd.it/o7xryayxdrh01.jpg/dunm02q/,-0.312,0.025320992,0.001583099,0.01982715,0.005623675,0.010476895,0.008945347,1519314470.0,2,0,0,muff_muff,0.0,0.0,37435.0,4266.0,41701.0
7zekac,dunm3mf,I could never figure out that stupid game,https://i.redd.it/o7xryayxdrh01.jpg/dunm3mf/,0.125,0.7675452,0.053837523,0.48510036,0.023796257,0.5678696,0.009074804,1519314567.0,1,0,0,BlakusDingus,65.0,0.0,83.0,39687.0,39835.0
7zekac,dunmail,Risky click of the day,https://i.redd.it/o7xryayxdrh01.jpg/dunmail/,-0.239,0.051810697,0.002012253,0.017914234,0.003884775,0.015340924,0.0100069,1519314754.0,4,0,0,joeshmo101,888.0,2301.0,3844.0,42007.0,49040.0
7zekac,dunmb47,Makes me nervous just looking at it,https://i.redd.it/o7xryayxdrh01.jpg/dunmb47/,-0.277,,,,,,,1519314770.0,2,0,0,[deleted],,,,,
7zekac,dunmir2,"In minesweeper, the first click is always safe. If the space you click would be a bomb, it is moved to the top left square.",https://i.redd.it/o7xryayxdrh01.jpg/dunmir2/,-0.438,0.08637348,0.003604889,0.020373698,0.007029593,0.012794908,0.053007595,1519314973.0,2,0,0,iHateRBF,554.0,43.0,8779.0,171433.0,180809.0
7zekac,dunmnlu,"""Don't. Fucking. Touch. Anything.""",https://i.redd.it/o7xryayxdrh01.jpg/dunmnlu/,0.583,0.83334327,0.3361876,0.90862066,0.014551271,0.25800487,0.012337137,1519315102.0,1,0,0,cjdabeast,28.0,10.0,2019.0,73942.0,75999.0
7zekac,dunn66o,"I don't know how people consistently get more than two clicks in... Without fail, I die on click #3. ALWAYS.",https://i.redd.it/o7xryayxdrh01.jpg/dunn66o/,-0.083,0.17198499,0.00705719,0.05543986,0.004994711,0.020708188,0.1115629,1519315596.0,2,0,0,kavenoff,20.0,0.0,169.0,5518.0,5707.0
7zekac,dunna7n,I thought they were extinct,https://i.redd.it/o7xryayxdrh01.jpg/dunna7n/,-0.604,0.09958932,0.003890991,0.031641733,0.011765319,0.021481665,0.01750142,1519315699.0,1,0,0,Lofax,0.0,0.0,667.0,124.0,791.0
7zekac,dunnkb6,Gotten it 5x or so. Happens when you go through a minesweeper addiction and play ~ 100+ games a day for 2 or 3 years.,https://i.redd.it/o7xryayxdrh01.jpg/dunnkb6/,-0.333,0.014639461,0.000801086,0.011816809,0.001489164,0.007797878,0.006899917,1519315968.0,1,0,0,[deleted],,,,,
7zekac,dunnqlc,"did u win it or what??? 
",https://i.redd.it/o7xryayxdrh01.jpg/dunnqlc/,-0.457,0.043399423,0.001850128,0.017094411,0.002996826,0.014884921,0.007637825,1519316132.0,2,0,0,kocibyk,0.0,0.0,1452.0,6437.0,7889.0
7zekac,dunojhd,"I haven't seen it mentioned and the OP has been deleted, but how I got good at minesweeper was using the right click and double click buttons on the mouse. Once you know where a bomb is, you right click it and it adds a little flag. You can then right click on a number square and if you have flagged the correct number of bombs according to the number, it'll open the surrounding squares. ",https://i.redd.it/o7xryayxdrh01.jpg/dunojhd/,-0.208,0.13388206,0.007514954,0.068967216,0.017465452,0.031256735,0.06593887,1519316879.0,-1,0,0,djcarlos,0.0,12.0,554.0,3857.0,4423.0
7zekac,dunp9x2,Alright sir imma need to see your expert top times.,https://i.redd.it/o7xryayxdrh01.jpg/dunp9x2/,-0.043,0.038048524,0.001897812,0.018734055,0.003866276,0.013516913,0.00866054,1519317564.0,1,0,0,MarmotL0rd,0.0,0.0,197.0,8265.0,8462.0
7zekac,dunxf1e,Talk about a risky click,https://i.redd.it/o7xryayxdrh01.jpg/dunxf1e/,-0.065,0.06500591,0.00202179,0.020442016,0.003699786,0.01767874,0.009747985,1519324926.0,1,0,0,Pelikahn,45.0,0.0,,,45.0
7zekac,duo7w7y,I remember i played on version where you can lose on the first click and i was always unlucky ,https://i.redd.it/o7xryayxdrh01.jpg/duo7w7y/,-0.583,0.043646812,0.001811981,0.023379711,0.005512681,0.013326911,0.008893564,1519334365.0,1,0,0,cableses,0.0,37.0,931.0,3277.0,4245.0
