post_id,comment_id,txt,url,offensiveness_score,Toxicity,Severe Toxicity,Profanity,Identity Attack,Insult,Threat,created,score,total_awards_received,controversiality,user,user_awardee_karma,user_awarder_karma,user_link_karma,user_comment_karma,user_total_karma
6mnp3r,dk2ziv5,..Scotland is giving out free toilet paper and soap?  Awesome!,https://www.the-pool.com/news-views/latest-news/2017/28/scotland-first-to-launch-free-sanitary-product-initiative/dk2ziv5/,-0.542,0.15600902,0.004844666,0.019212283,0.072601855,0.04383647,0.0061879,1499796611.0,-57,0,1,Axel_Foley_,45,57,14914,17534,32550
6mnp3r,dk37b8h,"Could also be a blessing. ""Yikes, I'm late. Time to break out the white pants!""",https://www.the-pool.com/news-views/latest-news/2017/28/scotland-first-to-launch-free-sanitary-product-initiative/dk37b8h/,-0.354,0.23523538,0.009994507,0.09775851,0.14019285,0.047935467,0.025271246,1499804681.0,26,0,0,Lazybeans,438,178,17696,21283,39595
6mnp3r,dk38ahr,Like the umbrella's ability to banish clouds.,https://www.the-pool.com/news-views/latest-news/2017/28/scotland-first-to-launch-free-sanitary-product-initiative/dk38ahr/,-0.5,0.04216247,0.001382828,0.013234417,0.002515854,0.016100928,0.008246276,1499805714.0,6,0,0,sexyjigsawpuzzle,0,0,141,10252,10393
6mnp3r,dk399ov,"I can't wait to become old and kick it in my all-white pantsuit and vaguely purple perm 👏

edit: don't know why this is being downvoted, I'm being perfectly serious. i wish i could have a vaguely purple perm right now 😍",https://www.the-pool.com/news-views/latest-news/2017/28/scotland-first-to-launch-free-sanitary-product-initiative/dk399ov/,-0.062,0.52272606,0.23224114,0.40783462,0.10221587,0.15982662,0.43007585,1499806746.0,203,0,0,pepcorn,96,46,3722,188636,192500
6mnp3r,dk3mis1,This is by far the smartest thing any government has done for it's country in the past 5 years.,https://www.the-pool.com/news-views/latest-news/2017/28/scotland-first-to-launch-free-sanitary-product-initiative/dk3mis1/,-0.354,0.012691722,0.000710487,0.01174849,0.002441859,0.007835878,0.006524489,1499823242.0,2,0,0,TheExuberantRaptor,0,130,134,114,378
6mnp3r,dk3qibr,"I would just like to hear a Scottish person say, ""Menstruation."" That'd be awesome. This story is awesome. Everything is awesome. ",https://www.the-pool.com/news-views/latest-news/2017/28/scotland-first-to-launch-free-sanitary-product-initiative/dk3qibr/,-0.062,0.28425202,0.017029278,0.16403814,0.072601855,0.033460364,0.043309137,1499828604.0,3,0,0,ohnoitsthefuzz,187,0,607,41620,42414
6mnp3r,dk43y8m,IIRC the tax issue is due to European legislation not UK (this is not a brexit rant) to circumvent this the UK spend everything raised by this tax funding women's charities. ,https://www.the-pool.com/news-views/latest-news/2017/28/scotland-first-to-launch-free-sanitary-product-initiative/dk43y8m/,-0.229,0.026499467,0.000858307,0.010484599,0.016058605,0.010894896,0.006045496,1499857116.0,5,0,0,youtossershad1job2do,576,14,24603,75380,100573
