post_id,comment_id,txt,url,offensiveness_score,Toxicity,Severe Toxicity,Profanity,Identity Attack,Insult,Threat,created,score,total_awards_received,controversiality,user,user_awardee_karma,user_awarder_karma,user_link_karma,user_comment_karma,user_total_karma
650ea7,dg6f2vl,"The issue I have with it, and what I think is at the root of a lot of societies aversion to it, is that incestuous relations are ripe for abuse and coercion to take place - even when the actors are legal adults.  Similar to how teacher/student relationships (while not always illegal) are largely prohibited because of the issue of power dynamics. 

Does that mean that there aren't any cases where incest would be healthy? No.  But I think that the risk of unhealthy, coercion and abuse in normalizing incest *generally* outweighs the gains - since it's not like you don't have other options for partners outside of your family. ",https://www.reddit.com/r/changemyview/comments/650ea7/cmv_incestuous_sex_between_two_consenting_adults//dg6f2vl/,0.167,0.21107252,0.006370544,0.07999486,0.026007013,0.036545437,0.012699619,1492025771.0,320,0,0,allsfair86,0.0,0.0,1.0,7984.0,7985.0
650ea7,dg6hcen,What about relationships between a child and parent? that can have many problematic power dynamics. ,https://www.reddit.com/r/changemyview/comments/650ea7/cmv_incestuous_sex_between_two_consenting_adults//dg6hcen/,-0.106,0.02543884,0.000920296,0.01354185,0.003736784,0.009146886,0.006744567,1492028091.0,22,0,0,Huntingmoa,93.0,0.0,36.0,25012.0,25141.0
650ea7,dg6hhg5,But there are problematic power dynamics in ordinary relationships. I'm not sure we necessarily want to go too far down that path... ,https://www.reddit.com/r/changemyview/comments/650ea7/cmv_incestuous_sex_between_two_consenting_adults//dg6hhg5/,-0.083,0.027442247,0.001153946,0.01620627,0.005512681,0.012110904,0.007404801,1492028239.0,3,0,0,[deleted],,,,,
650ea7,dg6i8hs,"Coerced sex is already a crime. If the parent tried to use their position to pressure their child into sex that would be illegal as that is not consensual sex under current legislation. It's the same as an employer saying ""if you want this job you have to have sex with me"" which is also illegal. In the example of the parent-child relationship, the child could testify that they were pressured into sex and therefore did not consent and the parent would go to prison.

In a separate instance where a parent and child chose to have consensual sex with each other, what gives a third party the right to say that, simply because one was a child of the other, that act was automatically not consensual? ",https://www.reddit.com/r/changemyview/comments/650ea7/cmv_incestuous_sex_between_two_consenting_adults//dg6i8hs/,0.25,0.37751234,0.015544481,0.20916378,0.027413858,0.07016616,0.02613456,1492029001.0,9,0,0,Vcrew192,0.0,0.0,987.0,6581.0,7568.0
650ea7,dg6jcaz,"Do most families have weird power dynamics going on? In my experiences, all of my family members were on equal footing.",https://www.reddit.com/r/changemyview/comments/650ea7/cmv_incestuous_sex_between_two_consenting_adults//dg6jcaz/,-0.271,0.027088705,0.001029968,0.014737424,0.005660672,0.011578901,0.006977591,1492030165.0,-1,0,0,Rpgwaiter,128.0,1145.0,5585.0,156997.0,163855.0
650ea7,dg6n1tm,"So should it be illegal to have sex between two people where one is wealthier than the other.

Or ehh.. a man and a woman? Let's be honest. With 95% of being physically superior than 95% of women you have a power dynamic here.",https://www.reddit.com/r/changemyview/comments/650ea7/cmv_incestuous_sex_between_two_consenting_adults//dg6n1tm/,0.146,0.37751234,0.015544481,0.15635987,0.27701542,0.08831572,0.011249693,1492034476.0,-1,0,1,Kluizenaer,0.0,0.0,686.0,4944.0,5630.0
650ea7,dg6n1vo,I think it's just wrong. And many bad things can come without new genes in the gene pool,https://www.reddit.com/r/changemyview/comments/650ea7/cmv_incestuous_sex_between_two_consenting_adults//dg6n1vo/,0.021,0.11129999,0.004501343,0.050680235,0.030433474,0.022899706,0.008893564,1492034478.0,0,0,1,_Unique_Username_1,0.0,0.0,395.0,239.0,634.0
650ea7,dg6n9l8,"So I can get an understanding of your view a little further:

What kind of incestuous relationships are you okay with? Just brother/sister? Father/daughter? Mother/son?",https://www.reddit.com/r/changemyview/comments/650ea7/cmv_incestuous_sex_between_two_consenting_adults//dg6n9l8/,0.25,0.32074678,0.017739398,0.18663849,0.04151922,0.0638991,0.018364733,1492034743.0,3,0,0,getintheVandell,619.0,850.0,30862.0,118334.0,150665.0
650ea7,dg6o72y,"If you believe in moral relativism, rather than proscribed morality from religion, anything that a culture finds acceptable is moral and anything it finds unacceptable is immoral, and of course this is dynamic and changes with time. This means there is no universal morality, but there are a some actions that are considered immoral across most cultures, past and present. Murder, theft, and incest are the most frequent. I think this makes a case for incest to be considered immoral, and if legislation is based on morality (obviously up for debate whether it should be) then incest would be criminal.",https://www.reddit.com/r/changemyview/comments/650ea7/cmv_incestuous_sex_between_two_consenting_adults//dg6o72y/,-0.021,0.21776234,0.006942749,0.069969244,0.09741807,0.06529768,0.030278467,1492035914.0,2,0,0,[deleted],,,,,
650ea7,dg6oog3,"Having said that, I don't think it should be criminal. When SCOTUS ruled in favor of homosexual marriage, I had this same idea. A minority of people would benefit from the right. Historically and even currently it's considered immoral. Detractors argue about how children will be negatively affected if raised by a couple in one of these relationships.  NOTE- I'm not saying that incest and gay marriage are or should be considered in the same way. It's just food for thought.",https://www.reddit.com/r/changemyview/comments/650ea7/cmv_incestuous_sex_between_two_consenting_adults//dg6oog3/,0.083,0.26104406,0.00869751,0.078378424,0.2808415,0.0806213,0.011922873,1492036516.0,2,0,0,[deleted],,,,,
650ea7,dg6p5dp,"Sex leads to babies, babies created through incest have genetic and IQ problems. Bad for the entire human species. Dont know why anyone would be for it.",https://www.reddit.com/r/changemyview/comments/650ea7/cmv_incestuous_sex_between_two_consenting_adults//dg6p5dp/,0.333,0.4269174,0.024350211,0.26624632,0.1444726,0.16773392,0.07476458,1492037087.0,0,0,0,spinalmemes,0.0,0.0,,,0.0
650ea7,dg6pst0,"Babies born to older mothers have significantly higher chances of defects.
Should we ban old mothers?

Edit: I've now made 3 posts seemingly defending incest, that is going to look creepy as fuck.",https://www.reddit.com/r/changemyview/comments/650ea7/cmv_incestuous_sex_between_two_consenting_adults//dg6pst0/,0.638,0.7252971,0.34981552,0.70864636,0.23770751,0.4378843,0.13599728,1492037886.0,2,0,0,[deleted],,,,,
650ea7,dg6s5a4,"Problematic and illegal aren't the same thing. By this argument it should be illegal to marry a sadist, or someone with a drinking problem, or a sexual dominant. But it isn't.",https://www.reddit.com/r/changemyview/comments/650ea7/cmv_incestuous_sex_between_two_consenting_adults//dg6s5a4/,0.149,0.37340668,0.013995127,0.13344458,0.18391247,0.31740165,0.01052473,1492040788.0,0,0,0,martin_grosse,0.0,0.0,200.0,10063.0,10263.0
650ea7,dg6tsn8,"The issue I have above all is if a child is conceived, it has to be aborted. No matter the circumstance it doesn't have a chance. It is cheating a life that shouldn't have been conceived in the first place. Its immoral to play with life like that and selfish above all. ",https://www.reddit.com/r/changemyview/comments/650ea7/cmv_incestuous_sex_between_two_consenting_adults//dg6tsn8/,0.104,0.25462922,0.01483436,0.10240069,0.028016793,0.0818789,0.12382901,1492042847.0,-1,0,0,maxout2142,402.0,0.0,5158.0,431346.0,436906.0
650ea7,dg6veco,Can we ask whether you or your sister were sexually abused as child by someone else in your family?  Because it seems like boundaries were broken long ago.,https://www.reddit.com/r/changemyview/comments/650ea7/cmv_incestuous_sex_between_two_consenting_adults//dg6veco/,0.208,0.37751234,0.018449519,0.1352073,0.027815815,0.09563028,0.09009721,1492044738.0,-1,0,0,ScurvyDervish,326.0,0.0,6395.0,23264.0,29985.0
650ea7,dg6y7g7,It is not a victimless crime. The victim is the potential child who has to live with disorders. ,https://www.reddit.com/r/changemyview/comments/650ea7/cmv_incestuous_sex_between_two_consenting_adults//dg6y7g7/,-0.042,0.03828422,0.00125885,0.011936366,0.003977269,0.015188923,0.009281937,1492048202.0,0,0,0,qezler,20.0,0.0,1364.0,22396.0,23780.0
650ea7,dg6zew7,New things in the gene pool? This is actually the opposite of the argument when it comes to incest. Incest allows for recessive genes to be more likely shown in the case that both individuals have the recessive gene. So it's actually an issue with a smaller gene pool not a growing one.,https://www.reddit.com/r/changemyview/comments/650ea7/cmv_incestuous_sex_between_two_consenting_adults//dg6zew7/,-0.106,0.23343207,0.009269714,0.0961592,0.030433474,0.033460364,0.013424582,1492049715.0,1,0,0,[deleted],,,,,
650ea7,dg6zg1a,That's what I was trying to say but I suck at talking I guess lol,https://www.reddit.com/r/changemyview/comments/650ea7/cmv_incestuous_sex_between_two_consenting_adults//dg6zg1a/,-0.021,0.6827122,0.16960317,0.6069483,0.0376521,0.40243408,0.010058682,1492049753.0,1,0,0,_Unique_Username_1,0.0,0.0,395.0,239.0,634.0
650ea7,dg70zz1,He said it was a hypothetical situation.,https://www.reddit.com/r/changemyview/comments/650ea7/cmv_incestuous_sex_between_two_consenting_adults//dg70zz1/,-0.511,0.022139108,0.000858307,0.013439372,0.002793338,0.010856897,0.00679635,1492051721.0,3,0,0,Locoj,0.0,0.0,93.0,5882.0,5975.0
650ea7,dg73ma2,"The thing is, culturally-based moral relativism and religious-based moral absolutism are not the only options for defining morality.",https://www.reddit.com/r/changemyview/comments/650ea7/cmv_incestuous_sex_between_two_consenting_adults//dg73ma2/,0.0,0.034277402,0.001010895,0.011902207,0.02238941,0.011692902,0.006077861,1492055371.0,4,0,0,Razgriz01,58.0,0.0,727.0,40539.0,41324.0
650ea7,dg771g0,[deleted],https://www.reddit.com/r/changemyview/comments/650ea7/cmv_incestuous_sex_between_two_consenting_adults//dg771g0/,0.354,,,,,,,1492060979.0,0,0,0,[deleted],,,,,
650ea7,dg77791,">One well-known government experimented with regulation of the gene pool (also known as eugenics). They were called Nazis.


I'm not sure if you were being specific on purpose, but  many, many governments endorsed eugenics for quite a while (including the United States) and some individuals still endorse it to this day. ",https://www.reddit.com/r/changemyview/comments/650ea7/cmv_incestuous_sex_between_two_consenting_adults//dg77791/,0.0,0.49139655,0.35368225,0.240511,0.46028158,0.3388922,0.05947323,1492061300.0,2,0,0,MattLorien,0.0,0.0,296.0,5119.0,5415.0
650ea7,dg781c6,So gay incest is okay?,https://www.reddit.com/r/changemyview/comments/650ea7/cmv_incestuous_sex_between_two_consenting_adults//dg781c6/,0.438,0.6426206,0.34981552,0.43744424,0.55044734,0.3388922,0.33609006,1492063103.0,5,0,0,Saposhiente,13.0,0.0,1166.0,6817.0,7996.0
650ea7,dg7835k,"People can talk about issues like this in a logical way, setting aside instinctual prejudices, without being ""broken"".",https://www.reddit.com/r/changemyview/comments/650ea7/cmv_incestuous_sex_between_two_consenting_adults//dg7835k/,-0.292,0.015456256,0.000619888,0.011868048,0.002441859,0.008481883,0.006776932,1492063217.0,3,0,0,Saposhiente,13.0,0.0,1166.0,6817.0,7996.0
650ea7,dg784v9,"""just wrong"" without a logical justification sounds a lot like ""ew it's gross"". Meanwhile, OP said that government should not be in the business of regulating the gene pool, though you could try to counterargue this.",https://www.reddit.com/r/changemyview/comments/650ea7/cmv_incestuous_sex_between_two_consenting_adults//dg784v9/,0.0,0.19504376,0.004196167,0.069969244,0.008250522,0.08582769,0.007055265,1492063324.0,1,0,0,Saposhiente,13.0,0.0,1166.0,6817.0,7996.0
650ea7,dg788zw,"Your predicted ""epidemic"" is highly unrealistic. Regardless of whether it is legal or not, most people do not want to engage in incest, and most of those that do want to avoid having babies with each other for exactly this reason.

There are plenty of places where adult incest is legal that are not experiencing any such epidemic.",https://www.reddit.com/r/changemyview/comments/650ea7/cmv_incestuous_sex_between_two_consenting_adults//dg788zw/,0.149,0.27975297,0.009651184,0.08710717,0.027413858,0.077136256,0.016638106,1492063588.0,2,0,0,Saposhiente,13.0,0.0,1166.0,6817.0,7996.0
650ea7,dg78o48,"Your comment on the Nazis is drawing a false moral equivalence between ideology fueled eugenics and not wanting more kids to be born with rare genetic disorders. I think that genetic testing and discouraging two people with recessive disorders from breeding would be a good thing, and not at all comparable to nazi beliefs if racial purity and superiority. 

That being said, if siblings wanted to have a baby, it should be required that they take blood samples to ",https://www.reddit.com/r/changemyview/comments/650ea7/cmv_incestuous_sex_between_two_consenting_adults//dg78o48/,0.271,0.32919475,0.023076924,0.11168506,0.3072352,0.22303216,0.050098058,1492064568.0,1,0,0,Canvasch,55.0,0.0,,,55.0
650ea7,dg794ux,Teacher student relationships are inherently adult minor relationships. Thus not adult adult and totally different than incest.,https://www.reddit.com/r/changemyview/comments/650ea7/cmv_incestuous_sex_between_two_consenting_adults//dg794ux/,0.043,0.29953843,0.011062622,0.16264248,0.030949092,0.04442204,0.010058682,1492065738.0,-1,0,0,EconomistMagazine,108.0,0.0,513.0,54992.0,55613.0
650ea7,dg79dpt,"There are 18 year old high school students, and there are also colleges and universities where legal adults attend school. ",https://www.reddit.com/r/changemyview/comments/650ea7/cmv_incestuous_sex_between_two_consenting_adults//dg79dpt/,-0.375,0.01225191,0.000567436,0.010382121,0.004291751,0.007911879,0.00603255,1492066359.0,5,0,0,allsfair86,0.0,0.0,1.0,7984.0,7985.0
650ea7,dg79qa2,IMO it should be decriminalised but still heavily discouraged.,https://www.reddit.com/r/changemyview/comments/650ea7/cmv_incestuous_sex_between_two_consenting_adults//dg79qa2/,-0.348,0.06896287,0.002689362,0.017026093,0.007954539,0.015416925,0.018192071,1492067303.0,1,0,0,[deleted],,,,,
650ea7,dg79rec,"It's not victimless. When two first cousins in my family got into it, hot & heavy, then cold and vicious... it became a problem forever for the whole family. Decades later the damage goes on.",https://www.reddit.com/r/changemyview/comments/650ea7/cmv_incestuous_sex_between_two_consenting_adults//dg79rec/,-0.062,0.15766735,0.00617981,0.06195303,0.004402745,0.023093075,0.039602257,1492067384.0,1,0,0,Elestria,0.0,0.0,409.0,2883.0,3292.0
650ea7,dg7a20o,"My main concern would be that in some situations, the family could possibly groom a child towards incestuous relationships. If a parent conditions a child to believe that the parent is their future lover, is that healthy? Or that a child should be with their sibling. While you could outlaw this practise, it seems like something that'd be difficult to get at, and I'd rather have the incest banned in general than risk such situations from happening. 

That said, there's always prosecutorial discretion. If it seems obvious that two siblings have had sex and there's been no grooming or anything like that, a prosecutor could just choose not to press charges. A bit like how jaywalking is technically a crime in many places, but people are never charged with it unless they actually do something dangerous. ",https://www.reddit.com/r/changemyview/comments/650ea7/cmv_incestuous_sex_between_two_consenting_adults//dg7a20o/,0.375,0.19986437,0.006370544,0.08710717,0.023796257,0.031697463,0.012803185,1492068188.0,4,0,0,rollingForInitiative,512.0,185.0,884.0,92564.0,94145.0
650ea7,dg7c5b0,"You were pointing logical fallacies in OPs comment. I think under these circumstances you can be forgiven for being *pro-*incest, ya fucken *weirdo*.      
      
Oop...shit...sorry mate.       
I've got no idea where *that* came from ¯\\_(ツ)_/¯      
      
      
",https://www.reddit.com/r/changemyview/comments/650ea7/cmv_incestuous_sex_between_two_consenting_adults//dg7c5b0/,0.562,0.7308154,0.45895407,0.80158395,0.21668483,0.56997263,0.06787856,1492074360.0,1,0,0,_the-dark-truth_,1717.0,82.0,1049.0,127765.0,130613.0
650ea7,dg7cmq8,"In Utah, you can marry your first cousin as long as you're both over the age of 55. ",https://www.reddit.com/r/changemyview/comments/650ea7/cmv_incestuous_sex_between_two_consenting_adults//dg7cmq8/,-0.17,0.024849601,0.000905991,0.012414595,0.008916483,0.009222887,0.007327127,1492075835.0,1,0,0,carmillivanilli,206.0,31.0,4852.0,31540.0,36629.0
650ea7,dg7d6w3,fuck who you want to as long as they can consent.  ,https://www.reddit.com/r/changemyview/comments/650ea7/cmv_incestuous_sex_between_two_consenting_adults//dg7d6w3/,0.688,0.9061063,0.35368225,0.91513264,0.036105253,0.40420914,0.023889944,1492077558.0,1,0,0,Hibria,0.0,0.0,543.0,58655.0,59198.0
650ea7,dg7d99y,"> One well-known government experimented with regulation of the gene pool (also known as eugenics). They were called Nazis.

I just want to point out for historical accuracy that this was also extremely popular in the USA.",https://www.reddit.com/r/changemyview/comments/650ea7/cmv_incestuous_sex_between_two_consenting_adults//dg7d99y/,0.083,0.103060275,0.003623962,0.015215653,0.052490227,0.02618698,0.006886971,1492077756.0,1,0,0,haggusmcgee,0.0,0.0,762.0,1759.0,2521.0
650ea7,dg7dm0d,"I think the government should regulate the gene pool. It is proven that with our interaction with new genes children have lower iq, can have mental problems, and can cause defects. ",https://www.reddit.com/r/changemyview/comments/650ea7/cmv_incestuous_sex_between_two_consenting_adults//dg7dm0d/,0.277,0.24603334,0.009460449,0.035900343,0.17381613,0.15698463,0.012181788,1492078806.0,1,0,0,_Unique_Username_1,0.0,0.0,395.0,239.0,634.0
650ea7,dg7ec7n,"> he issue I have with it, and what I think is at the root of a lot of societies aversion to it

By that logic homosexuals should be illegal since the majority of societies are against them.",https://www.reddit.com/r/changemyview/comments/650ea7/cmv_incestuous_sex_between_two_consenting_adults//dg7ec7n/,0.229,0.43475235,0.02420936,0.22213541,0.55011386,0.26957804,0.03718498,1492080882.0,1,0,0,Iceklimber,1967.0,0.0,,,1967.0
650ea7,dg7fxoy,The main issue with Incest is that the offspring is most likely going to be messed up from a genetic perspective.,https://www.reddit.com/r/changemyview/comments/650ea7/cmv_incestuous_sex_between_two_consenting_adults//dg7fxoy/,0.0,0.28425202,0.013801457,0.18171974,0.024600167,0.02708937,0.036839653,1492084584.0,1,0,0,neothecat1,0.0,0.0,284.0,68.0,352.0
650ea7,dg7fyhi,"A while ago, I had a good think about what was so wrong about incest.

It's instinctively gross to me, but then so is huge age gaps. But I wouldn't think about making huge age gaps illegal because the world doesn't revolve around what I like and dislike.

""FFS, not even in my own home!"" was my thought about incest. The thought that I could be up for grabs in my own family was what is off putting. Like my immediate family is where I could have relationships free of sexual interaction of any nature. Imagine what would happen if I had to reject my dad. What if my brother was raging about how women are denying him sex, including his sister?

",https://www.reddit.com/r/changemyview/comments/650ea7/cmv_incestuous_sex_between_two_consenting_adults//dg7fyhi/,0.271,0.3389984,0.019611536,0.26614267,0.04925346,0.07301756,0.022853967,1492084630.0,1,0,0,Methylenie,0.0,0.0,4.0,533.0,537.0
650ea7,dg7g48u,"There is a famous experiment dealing with relations and human behaviors. If one blood cell in your body was dyed green, but had all the same functionality, it would eventually reproduce and become at least 50% of the bloodstream over many generations. Though statistically, it should reproduce at the same rate as all normal red cells, it still ends up dominating half the bloodstream.

The same goes for population growth, evolution, etc. Countries that legalize incest (I'll use Spain as an example) have among the highest rates of reported genetic mutations. We haven't had enough time to see it's full result. I'm talking about over 10000 generations at least. ",https://www.reddit.com/r/changemyview/comments/650ea7/cmv_incestuous_sex_between_two_consenting_adults//dg7g48u/,0.167,0.18554166,0.007247925,0.09486605,0.033784978,0.032028005,0.01254427,1492084943.0,1,0,0,synester101,55.0,0.0,7894.0,18945.0,26894.0
650ea7,dg7guym,Ok but what about parent child relations where a child is raised to 18 and is there fore an adult but was raised to make sex with the parent ok and assumed through the 18 years of being raised and don't know that it isn't supposed to work like that its still incest but between consenting adults,https://www.reddit.com/r/changemyview/comments/650ea7/cmv_incestuous_sex_between_two_consenting_adults//dg7guym/,0.375,0.41168427,0.023599008,0.27274927,0.09410924,0.15485314,0.04686524,1492086309.0,1,0,0,Kingalece,125.0,0.0,16.0,5327.0,5468.0
650ea7,dg7h58r,">One well-known government experimented with regulation of the gene pool (also known as eugenics). They were called Nazis.

I agree with your post, but this particular argument is just fallacious.",https://www.reddit.com/r/changemyview/comments/650ea7/cmv_incestuous_sex_between_two_consenting_adults//dg7h58r/,0.271,0.4645176,0.16960317,0.22213541,0.44690517,0.26957804,0.02924249,1492086794.0,1,0,0,SyndicalismIsEdge,357.0,0.0,10007.0,90831.0,101195.0
650ea7,dg7i3yg,Thats a pretty large what if you're throwing around.,https://www.reddit.com/r/changemyview/comments/650ea7/cmv_incestuous_sex_between_two_consenting_adults//dg7i3yg/,-0.312,0.10696511,0.004291534,0.040158957,0.002867334,0.01632893,0.03304107,1492088321.0,1,0,0,maxout2142,402.0,0.0,5158.0,431346.0,436906.0
650ea7,dg7mc0a,"Heterosexual sex between a man and a smaller, weaker woman are also ripe for abuse and coercion.",https://www.reddit.com/r/changemyview/comments/650ea7/cmv_incestuous_sex_between_two_consenting_adults//dg7mc0a/,0.5,0.45761138,0.023880709,0.29209393,0.39773783,0.21602537,0.04233929,1492093869.0,1,0,0,ThompsonBoy,272.0,0.0,49.0,95112.0,95433.0
650ea7,dg7vkk4,"Society creates laws. That is the reason we have laws against salting railroads and raising pigs on Israeli land. Eliminating all societal influence is impossible, especially in democracy. Also in some countries it is legal. ",https://www.reddit.com/r/changemyview/comments/650ea7/cmv_incestuous_sex_between_two_consenting_adults//dg7vkk4/,0.167,0.18364124,0.006408691,0.0569429,0.12440576,0.070799805,0.012958534,1492103862.0,1,0,0,oshaboy,3128.0,0.0,259086.0,159258.0,421472.0
650ea7,dg8dhey,"I think like most other morally heinous crimes, incestuous sex ""just once"" should be very very illegal.",https://www.reddit.com/r/changemyview/comments/650ea7/cmv_incestuous_sex_between_two_consenting_adults//dg8dhey/,0.304,0.33587718,0.014963473,0.20262444,0.033527173,0.046764325,0.0287245,1492124332.0,0,0,0,miasdontwork,0.0,0.0,322.0,2297.0,2619.0
650ea7,dg8fmby,"Woody Allen.  The dude groomed his wife's daughter from the age after 13, waited till she was 18, then fucked her. Grooming is the key here, a brother whom is several years older than little sister, lightly exposes her to ideas, then the trust that is built up through the years gets abused. Same with daddy and daughter.

Imbalance of power and a situation that gets built from childhood.  It is just all kinds of fucked up.",https://www.reddit.com/r/changemyview/comments/650ea7/cmv_incestuous_sex_between_two_consenting_adults//dg8fmby/,0.533,0.6289369,0.34950548,0.64657205,0.09162762,0.4339631,0.091630474,1492127167.0,1,0,0,[deleted],,,,,
