post_id,comment_id,txt,url,offensiveness_score,Toxicity,Severe Toxicity,Profanity,Identity Attack,Insult,Threat,created,score,total_awards_received,controversiality,user,user_awardee_karma,user_awarder_karma,user_link_karma,user_comment_karma,user_total_karma
696lha,dh49lpb,I just got a revolution hard on.,https://i.redd.it/wj80pt7oigvy.jpg/dh49lpb/,0.062,0.044141594,0.002498627,0.021535112,0.009471451,0.012984909,0.011042561,1493901885.0,6,0,1,Mambo_5,0.0,0.0,668.0,30329.0,30997.0
696lha,dh4atrw,"""Venezuelans, what is your profession?!""",https://i.redd.it/wj80pt7oigvy.jpg/dh4atrw/,-0.021,0.18649188,0.005683899,0.020783609,0.17381613,0.05027775,0.00746953,1493903772.0,286,0,0,[deleted],,,,,
696lha,dh4c8cz,"This is most likely being fomented in order to restrict the freedom of the Venezuelans. It's an ersatz revolution, but since it's being publicized by the US media I guess that would be a given",https://i.redd.it/wj80pt7oigvy.jpg/dh4c8cz/,-0.062,0.06817148,0.002632141,0.022286616,0.0376521,0.01819439,0.011456826,1493905692.0,18,0,0,Sysiphuslove,13.0,0.0,27070.0,158369.0,185452.0
696lha,dh4shwu,"I am lebanese. In 2003 something similar happened after a series of assassinations of political figures who argued the interference of Syrians in Lebanon's politics. I was in the streets. Proud, happy, scared, excited, and petrified for my future.

Nothing is written in stone, even though on hindsight you are correct, so many unforseen eventualities might occur.",https://i.redd.it/wj80pt7oigvy.jpg/dh4shwu/,-0.104,0.17545098,0.007896423,0.06145202,0.10221587,0.06319981,0.07629784,1493923484.0,2,0,0,Neocruiser,20.0,0.0,37264.0,2524.0,39808.0
696lha,dh54ngx,Part of the Chavista movement is coopting Simon Bolivar.  They call their movement the 'bolivarian revolution' or something like that.,https://i.redd.it/wj80pt7oigvy.jpg/dh54ngx/,-0.146,0.03639866,0.001173019,0.013780965,0.011247349,0.015796926,0.0069517,1493937075.0,2,0,0,allen33782,18.0,12.0,343.0,8624.0,8997.0
696lha,dh55p1j,"The American Dream, according to Bernie.",https://i.redd.it/wj80pt7oigvy.jpg/dh55p1j/,-0.438,0.019100413,0.000677109,0.010228404,0.003126319,0.011882903,0.005980767,1493938438.0,1,0,0,ghastlyactions,0.0,0.0,1415.0,264927.0,266342.0
696lha,dh57bun,Looks like they are getting ready to storm the beaches outside of Troy,https://i.redd.it/wj80pt7oigvy.jpg/dh57bun/,-0.25,0.15103401,0.006294251,0.028503597,0.010951365,0.020901557,0.11769595,1493940671.0,1,0,0,Bohemianbitchslap,148.0,0.0,23.0,9430.0,9601.0
696lha,dh58pnz,"I would give the benefit of the doubt in favor of a better future if I had absolutely no context or history about the situation in Venezuela.

This is not a revolution, it is a counter revolution.

I remember the car bomb that got Rafiq Hariri. It seemed rather suspicious, as Syria had the most to lose in doing it.

Lebanon and car bombs, huh.",https://i.redd.it/wj80pt7oigvy.jpg/dh58pnz/,0.087,0.11336674,0.004558563,0.02795705,0.047706615,0.03588435,0.026307223,1493942610.0,1,0,0,PracticeMakesPraxis,88.0,0.0,1785.0,30452.0,32325.0
696lha,dh5qc4e,this is what all the citizens of usa should be doing aswell. RIGHT FUCKING NOW,https://i.redd.it/wj80pt7oigvy.jpg/dh5qc4e/,0.667,0.88599813,0.45895407,0.8855216,0.2463217,0.4339631,0.04098356,1493973903.0,2,0,0,er1end,156.0,24.0,43864.0,21206.0,65250.0
