post_id,comment_id,txt,url,offensiveness_score,Toxicity,Severe Toxicity,Profanity,Identity Attack,Insult,Threat,created,score,total_awards_received,controversiality,user,user_awardee_karma,user_awarder_karma,user_link_karma,user_comment_karma,user_total_karma
95ija5,e3t1433,"The knowledge that we’re algorithmic, there’s no such thing as free will, just the illusion of it, that there’s no such thing as a beginning and end of time, I didn’t exist for negative infinite years and I’ll soon be dead to not exist for infinite years.
And gawd there’s a lot of hot women I want to bang before I’m old",https://www.reddit.com/r/AskMen/comments/95ija5/what_weighs_heavy_on_your_mind_right_now//e3t1433/,0.021,0.509388,0.2322463,0.46460027,0.12440576,0.24424846,0.1733226,1533700464.0,3,0,0,[deleted],,,,,
95ija5,e3t15ld,"Feeling kinda lonely tbh. Thinking about the last time I had like a guys night. But at least I have my wife, it's just nice to have friends outside a relationship. Plus I failed my rifle qual.",https://www.reddit.com/r/AskMen/comments/95ija5/what_weighs_heavy_on_your_mind_right_now//e3t15ld/,-0.021,0.14082454,0.006446838,0.09260304,0.016862517,0.023866551,0.026307223,1533700511.0,54,0,0,[deleted],,,,,
95ija5,e3t5l31,I'll take the rest after that if you guys don't mind,https://www.reddit.com/r/AskMen/comments/95ija5/what_weighs_heavy_on_your_mind_right_now//e3t5l31/,-0.489,0.15324512,0.006866455,0.050930742,0.008213525,0.024382202,0.05753354,1533706184.0,3,0,0,[deleted],,,,,
95ija5,e3twcab,Will i ever find someone of the opposite sex to connect with on an intimate level or am i really going to go through my entire life alone?,https://www.reddit.com/r/AskMen/comments/95ija5/what_weighs_heavy_on_your_mind_right_now//e3twcab/,-0.125,0.2854937,0.008468628,0.196476,0.019977676,0.020063626,0.009074804,1533743069.0,1,0,0,Dea_G,0.0,0.0,39.0,1525.0,1564.0
95ija5,e3ueayb,What? How? Are you trying to be a doctor?,https://www.reddit.com/r/AskMen/comments/95ija5/what_weighs_heavy_on_your_mind_right_now//e3ueayb/,-0.375,0.044636376,0.001149178,0.013302735,0.002386362,0.01767874,0.006207318,1533757569.0,2,0,0,MaximumCameage,0.0,0.0,61.0,279877.0,279938.0
95ija5,e3ueeev,"You probably need a new job. Once burnout happens, it’s hard to fix. Most of the time it’s your subconscious telling you that you need to change things up.",https://www.reddit.com/r/AskMen/comments/95ija5/what_weighs_heavy_on_your_mind_right_now//e3ueeev/,-0.234,0.06817148,0.002298355,0.01846078,0.003033824,0.019547975,0.013579931,1533757648.0,1,0,0,MaximumCameage,0.0,0.0,61.0,279877.0,279938.0
95ija5,e3ufjsp,"Will I ever get to have someone love me? Will I ever actually get to kiss a girl who wants it, and not someone who I've paid/who just wants to get stuffed (I haven't done either of these, but realistically I probably could if I threw away everything I believe in and value)? Also, the longer I go without having any romantic/sexual experience, how much less desirable does that make me? Did I miss my opportunity to have a first relationship? Am I just too old now for anyone to want me?",https://www.reddit.com/r/AskMen/comments/95ija5/what_weighs_heavy_on_your_mind_right_now//e3ufjsp/,0.042,0.25462922,0.009002686,0.18417911,0.016762028,0.030044744,0.010265815,1533758597.0,1,0,0,[deleted],,,,,
95ija5,e3wc6to,"Too many things are messed up in the world and it isn’t really possible to fix them. 

Also automation is gonna fuck everything someday. ",https://www.reddit.com/r/AskMen/comments/95ija5/what_weighs_heavy_on_your_mind_right_now//e3wc6to/,0.562,0.75208336,0.19761463,0.8255558,0.025203101,0.2659317,0.026997874,1533834942.0,1,0,0,0ne_of_many,0.0,0.0,5312.0,53508.0,58820.0
