post_id,comment_id,txt,url,offensiveness_score,Toxicity,Severe Toxicity,Profanity,Identity Attack,Insult,Threat,created,score,total_awards_received,controversiality,user,user_awardee_karma,user_awarder_karma,user_link_karma,user_comment_karma,user_total_karma
90fhuh,e2qjqj2,I'm breaking down now. And I'll probably remember the that I broke down at work when I'm at home and breakdown there too.,https://www.reddit.com/r/AskReddit/comments/90fhuh/how_do_you_deal_with_stress_and_anxiety_without//e2qjqj2/,-0.438,0.039226998,0.001621246,0.018324144,0.003477799,0.0113509,0.010265815,1532109344.0,3,0,0,Fpssims,15,0,4004,51522,55541
90fhuh,e2qpk6d,"You sleep heavier, but it interferes with your REM cycles and all that jazz. So even though it feels deeper, its actually much lower quality sleep. ",https://www.reddit.com/r/AskReddit/comments/90fhuh/how_do_you_deal_with_stress_and_anxiety_without//e2qpk6d/,-0.479,0.018849092,0.000782013,0.012858666,0.002349364,0.008804884,0.006459761,1532114192.0,2,0,0,AngryGroceries,736,65,8227,83078,92106
90fhuh,e2rfgdn,"I remove myself as best I can from the situation, or try and find humor in it. 99% of the times when I get angry, it's been blown way out of proportion to what actually is happening, it's easy to work yourself into a frenzy and get really pissed. I always find that, generally, things are never as bad as they seem and it's good to not take yourself too seriously.",https://www.reddit.com/r/AskReddit/comments/90fhuh/how_do_you_deal_with_stress_and_anxiety_without//e2rfgdn/,-0.062,0.200795,0.009117126,0.25549942,0.008620501,0.053205602,0.019228047,1532139402.0,1,0,0,TriggerNoMantry,148,140,1126,2689,4103
90fhuh,e2rgw3m,"I don't.......  
Aside from that the best advice I was ever given was to wash my hands. It's not a long term solution but it helps to remove all that adrenaline and anxiety and calm you down for a while. I believe it's because you're focusing on your hands and not the stress and you're also feeling the water touch your skin. It works for me. Also it helps to figure out your triggers so that you can slow the process down. So if you know that thinking about exams is going to send you into an anxiety attack mentally prepare yourself before going into a study session.",https://www.reddit.com/r/AskReddit/comments/90fhuh/how_do_you_deal_with_stress_and_anxiety_without//e2rgw3m/,-0.208,0.028149333,0.001478195,0.020168742,0.002478856,0.014238917,0.008272167,1532141061.0,1,0,0,lbmjtd,54,13,542,2280,2889
