post_id,comment_id,txt,url,offensiveness_score,Toxicity,Severe Toxicity,Profanity,Identity Attack,Insult,Threat,created,score,total_awards_received,controversiality,user,user_awardee_karma,user_awarder_karma,user_link_karma,user_comment_karma,user_total_karma
75qyfu,do8837z,[deleted],https://www.reddit.com/r/AskMen/comments/75qyfu/girls_can_now_join_boy_scouts_what_do_you_think//do8837z/,-0.271,,,,,,,1507745812.0,30,0,0,[deleted],,,,,
75qyfu,do89p3p,"> I have long thought that Boy Scouts was one of the last places for boys to be boys and learn how to be men. 

Can you elaborate on that? I was never a Scout and I don't know any, that I know of anyway. What sort of things did you learn in the Scouts that you think should be taught in a single sex environment? 

I ask because what from what I've read, nothing about Scouting seems to be gender specific knowledge.

",https://www.reddit.com/r/AskMen/comments/75qyfu/girls_can_now_join_boy_scouts_what_do_you_think//do89p3p/,0.0,0.1537979,0.003910065,0.031641733,0.055218685,0.04207976,0.006861079,1507747468.0,11,0,0,Clintman,1456.0,0.0,4707.0,342245.0,348408.0
75qyfu,do8bxw4,Do you suppose that allowing girls into the Scouts will have a positive effect of getting soon-to-be women to better understand men rather than have the opposite influence of 'de-masculining' the Scouts?,https://www.reddit.com/r/AskMen/comments/75qyfu/girls_can_now_join_boy_scouts_what_do_you_think//do8bxw4/,-0.104,0.08004235,0.001688004,0.013473531,0.06340405,0.019419061,0.006401504,1507749809.0,-6,0,1,Clintman,1456.0,0.0,4707.0,342245.0,348408.0
75qyfu,do8c87s,more of a rhetorical question. ,https://www.reddit.com/r/AskMen/comments/75qyfu/girls_can_now_join_boy_scouts_what_do_you_think//do8c87s/,-0.562,0.029327808,0.00067234,0.01041628,0.001859142,0.015188923,0.006149062,1507750110.0,3,0,0,[deleted],,,,,
75qyfu,do8fsow,">And how do you think that will change if some people in the group aren't boys?

The interactions won't be the same. The roughness in the play that the boys were always ok with will be ""toned down"" to accommodate the girls.",https://www.reddit.com/r/AskMen/comments/75qyfu/girls_can_now_join_boy_scouts_what_do_you_think//do8fsow/,-0.104,0.44393396,0.16960317,0.21673056,0.39773783,0.16883044,0.044602267,1507753839.0,8,0,0,harmlessdjango,1144.0,176.0,33497.0,180556.0,215373.0
75qyfu,do8qw94,[deleted],https://www.reddit.com/r/AskMen/comments/75qyfu/girls_can_now_join_boy_scouts_what_do_you_think//do8qw94/,0.062,,,,,,,1507766577.0,6,0,0,[deleted],,,,,
75qyfu,do9b6m0,"As an Eagle Scout, it's about time the US joined most of the world's scouting movements and allowed girls to join. We're on a list with the likes of Saudi Arabia, and Pakistan as countries where membership into Scouting was restricted to boys only, with the small caveat of co-ed Venture Scouting for older teens (of course, it was often difficult to find a crew to join).

It's time to merge the Boy Scouts and and Girl Scouts and Guides in the US, as most nations have done for decades at this point. Not all dens, packs, patrols, or troops need to be 100% mixed, but the true ideals of Scouting aren't restricted to one gender.",https://www.reddit.com/r/AskMen/comments/75qyfu/girls_can_now_join_boy_scouts_what_do_you_think//do9b6m0/,-0.062,0.043399423,0.001726151,0.016479544,0.023796257,0.019999169,0.00789674,1507799910.0,1,0,0,P0rtal2,646.0,0.0,483.0,266031.0,267160.0
75qyfu,dob5bmt,"My young romps in the woods with my mates would have been vastly different had there been females present. Also, adult male supervision tends to be more enjoyable than adult female.
I feel for the girls in the GSA. Council GS camps I've been to had lots of arts and crafts. There wasn't any high adventure, just maybe a canoe.
I'd be OK with this if there were separate troops for male and female.
All I remember is that my experience when somebody's sister tagged along was much less fun than when it was a bunch of dudes hanging out. ",https://www.reddit.com/r/AskMen/comments/75qyfu/girls_can_now_join_boy_scouts_what_do_you_think//dob5bmt/,0.062,0.10783285,0.003261566,0.03915693,0.060220852,0.027841117,0.009385503,1507896518.0,2,0,0,[deleted],,,,,
75qyfu,dob7lhw,"i thought girl scouts was a thing? what's the point?

seems to be some sjw appeasing crap but really who cares what sex people are in any given situation that doesn't involve sex/romance",https://www.reddit.com/r/AskMen/comments/75qyfu/girls_can_now_join_boy_scouts_what_do_you_think//dob7lhw/,0.438,0.6342749,0.16960317,0.50818664,0.2823795,0.48675314,0.01698343,1507900203.0,2,0,0,[deleted],,,,,
75qyfu,duwy60j,Same here is Sweden atlest since my dad was a scout during what the late 70 to the early 90. ,https://www.reddit.com/r/AskMen/comments/75qyfu/girls_can_now_join_boy_scouts_what_do_you_think//duwy60j/,-0.458,0.020231359,0.000977516,0.01309778,0.009915425,0.008956885,0.006815769,1519752920.0,2,0,0,emmlin1985,0.0,0.0,1.0,511.0,512.0
