post_id,comment_id,txt,url,offensiveness_score,Toxicity,Severe Toxicity,Profanity,Identity Attack,Insult,Threat,created,score,total_awards_received,controversiality,user,user_awardee_karma,user_awarder_karma,user_link_karma,user_comment_karma,user_total_karma
7oevis,ds8zgjr,Fun fact when Andromeda and the Milky Way collide in a couple billion years not a single star is expected to collide from either galaxy that's how soul crushingly vast space is and it isn't even as isolated as OP would feel right now.,https://www.reddit.com/r/AskMen/comments/7oevis/i_went_to_hug_a_girl_and_she_grabbed_my_hand_and//ds8zgjr/,0.0,0.043399423,0.002126694,0.01982715,0.004402745,0.014580919,0.008841781,1515192085.0,4704,0,0,[deleted],,,,,
7oevis,ds9baqt,Holy Fuck that is an amazing comment. ,https://www.reddit.com/r/AskMen/comments/7oevis/i_went_to_hug_a_girl_and_she_grabbed_my_hand_and//ds9baqt/,0.521,0.7105462,0.16960317,0.8855216,0.015154205,0.24928534,0.008000307,1515206218.0,1,0,0,[deleted],,,,,
7oevis,ds9fg7w,"Not entirely true, there's an expected collision rate about once per century. We'll also become an AGN which will wipe out all life in both galaxies!",https://www.reddit.com/r/AskMen/comments/7oevis/i_went_to_hug_a_girl_and_she_grabbed_my_hand_and//ds9fg7w/,-0.239,0.11150667,0.004673004,0.020032106,0.006326634,0.017549826,0.07629784,1515211556.0,2,0,0,Rodot,1122.0,51.0,5445.0,308386.0,315004.0
7oevis,ds9jg55,"A billion years. An unfathomable time. And that’s still a fraction of ours suns age. 

I fucking love space.  ",https://www.reddit.com/r/AskMen/comments/7oevis/i_went_to_hug_a_girl_and_she_grabbed_my_hand_and//ds9jg55/,0.354,0.5721988,0.035007052,0.764141,0.012842959,0.12159709,0.009359611,1515217730.0,2,0,0,Garden_Of_My_Mind,472.0,0.0,17078.0,22913.0,40463.0
7oevis,dsa0c39,To be safe I just assume a handshake is sufficient. ,https://www.reddit.com/r/AskMen/comments/7oevis/i_went_to_hug_a_girl_and_she_grabbed_my_hand_and//dsa0c39/,-0.646,0.034041706,0.002002716,0.014395831,0.002682345,0.010894896,0.010783645,1515254058.0,1,0,0,_w00k_,383.0,0.0,,,383.0
7oevis,dsa0qaf,"r/titlegore 

I don’t even know what the fuck all this means",https://www.reddit.com/r/AskMen/comments/7oevis/i_went_to_hug_a_girl_and_she_grabbed_my_hand_and//dsa0qaf/,0.681,0.75208336,0.24482845,0.86331284,0.019676208,0.20434737,0.009825659,1515254572.0,0,0,0,Capt_Smashnballs,275.0,39.0,149.0,59188.0,59651.0
7oevis,dsa3wzn,"If she was really turned off she would *not* have grabbed your hand and shaken it, she would have ducked around you entirely.  Reasons I sometimes don't like hugs from people I'm not long-term friends with:  I tend to pick up on underarm smells, I don't like certain fabrics, I feel pulled into it instead of it being mutual, if they're large I feel engulfed, my right shoulder sometimes hurts from a decades-old accident, I have a different body-space comfort zone . . . none of this has to do with someone's personality. Please try not to let it bother you so much!",https://www.reddit.com/r/AskMen/comments/7oevis/i_went_to_hug_a_girl_and_she_grabbed_my_hand_and//dsa3wzn/,0.146,0.1460314,0.005912781,0.12220735,0.008583503,0.034782536,0.011249693,1515258525.0,1,0,0,4point5billion45,18.0,0.0,537.0,55704.0,56259.0
7oevis,dsaeeg2,"I can imagine being the girl in that situation.

""Cute guy tried to hug me and I just gave him an awkward handshake instead. How do I kill myself?"" ",https://www.reddit.com/r/AskMen/comments/7oevis/i_went_to_hug_a_girl_and_she_grabbed_my_hand_and//dsaeeg2/,0.261,0.42129645,0.023552058,0.21024476,0.026609946,0.05964688,0.53045547,1515270993.0,4,0,0,AmberStar91,0.0,0.0,964.0,29569.0,30533.0
7oevis,dt09kma,"Jarbidge, Nevada holds the title of most isolated town in the continental United States, the oldest  year round resident is in his 40’s, but everybody else there is well above that, you could try there.",https://www.reddit.com/r/AskMen/comments/7oevis/i_went_to_hug_a_girl_and_she_grabbed_my_hand_and//dt09kma/,-0.255,0.013508516,0.000624657,0.009698936,0.004106762,0.008519882,0.006401504,1516532504.0,1,0,0,[deleted],,,,,
7oevis,dt6r9ui,Serbia doesn’t have extradition ,https://www.reddit.com/r/AskMen/comments/7oevis/i_went_to_hug_a_girl_and_she_grabbed_my_hand_and//dt6r9ui/,-0.146,0.112953395,0.00377655,0.023652986,0.089973204,0.021610579,0.008841781,1516830167.0,1,0,0,koreshistheprophet,0.0,0.0,1565.0,4174.0,5739.0
