post_id,comment_id,txt,url,offensiveness_score,Toxicity,Severe Toxicity,Profanity,Identity Attack,Insult,Threat,created,score,total_awards_received,controversiality,user,user_awardee_karma,user_awarder_karma,user_link_karma,user_comment_karma,user_total_karma
ampi6l,efnmdss,For a minute I thought she was saying that a vaccine caused her husband to get a second degree burn. I wouldn’t be surprised if someone thought that was possible. ,https://i.redd.it/xvtsuv1ytce21.jpg/efnmdss/,-0.042,0.11450345,0.004425049,0.02119352,0.007214582,0.0233509,0.048158366,1549200570.0,353,0,0,RoseradeBlade,0.0,0.0,78.0,1829.0,1907.0
ampi6l,efo3dgp,I had second degree burns on my leg. My doctor told me it was healing and told me to take Tylenol. My aunt is a care aid and told me I needed to go to the hospital ASAP so off i went. Turns out my leg was not healing and was getting  gangrene and they almost took it off so I had to be in the hospital for a week with an IV hooked up and the 'silver' cream put on multiple times a day. I still have my leg due to medicine that we have.,https://i.redd.it/xvtsuv1ytce21.jpg/efo3dgp/,-0.188,0.07608539,0.003833771,0.059948977,0.007695554,0.023221988,0.010317599,1549216142.0,1191,0,0,KatagatCunt,905.0,111.0,51666.0,199039.0,251721.0
ampi6l,efo701b,It's actually a vaccine rash,https://i.redd.it/xvtsuv1ytce21.jpg/efo701b/,-0.188,0.23343207,0.013091337,0.10549548,0.051126,0.070482984,0.010343489,1549218756.0,5,0,0,Danbradford7,240.0,0.0,1128.0,32637.0,34005.0
ampi6l,efohyqb,[deleted],https://i.redd.it/xvtsuv1ytce21.jpg/efohyqb/,0.125,,,,,,,1549227074.0,95,0,0,[deleted],,,,,
ampi6l,efoit0v,I realize that. But either way its too late now to do anything. ,https://i.redd.it/xvtsuv1ytce21.jpg/efoit0v/,-0.396,0.017843807,0.000920296,0.012995303,0.00224762,0.008747884,0.008090926,1549227708.0,25,0,0,KatagatCunt,905.0,111.0,51666.0,199039.0,251721.0
ampi6l,efojk9c,"No hes not, hes still practicing there. And im pretty sure it may be too late. Either way I couldn't afford a lawyer anyways. My leg is healed and i learned a valuable lesson.",https://i.redd.it/xvtsuv1ytce21.jpg/efojk9c/,-0.271,0.029445656,0.00105381,0.013302735,0.002774839,0.01290891,0.007417747,1549228277.0,11,0,0,KatagatCunt,905.0,111.0,51666.0,199039.0,251721.0
ampi6l,efojo1a,"Not a lawyer -- report him to his board. 

Not every action requires a lawyer. Report him to his state board, so they can investigate. ",https://i.redd.it/xvtsuv1ytce21.jpg/efojo1a/,-0.312,0.028031485,0.001072884,0.010689554,0.001997884,0.011768902,0.010705971,1549228357.0,3,0,0,OptionalCookie,733.0,247.0,5167.0,129560.0,135707.0
ampi6l,efpf3k1," Next post:  “ I’m a single mother, how do I prevent doctors from killing my children.”",https://i.redd.it/xvtsuv1ytce21.jpg/efpf3k1/,0.146,0.36456755,0.023076924,0.10363861,0.058401883,0.06794841,0.44942492,1549254916.0,3,0,0,Bahoty,0.0,0.0,10.0,173.0,183.0
ampi6l,efpmtku,"""We went to the emergency services and they told us my husband had a second degree burn. We belive them, but we don't want to use their medication""
Antivaxx logic 11/10",https://i.redd.it/xvtsuv1ytce21.jpg/efpmtku/,0.042,0.062236045,0.002727509,0.016821137,0.00828752,0.014504919,0.013424582,1549263991.0,2,0,0,Melyxis,0.0,12.0,8276.0,2838.0,11126.0
ampi6l,efqf7z7,JUST RUB SOME TUSSIN ON THERE!,https://i.redd.it/xvtsuv1ytce21.jpg/efqf7z7/,-0.333,0.25462922,0.012639442,0.09001675,0.005216698,0.047935467,0.067232,1549299144.0,1,0,0,American_potatoe,0.0,0.0,33665.0,63152.0,96817.0
ampi6l,efqw2a2,Just amputate it like the good ol’ days of medicine.,https://i.redd.it/xvtsuv1ytce21.jpg/efqw2a2/,0.021,0.20126031,0.010452271,0.03715288,0.006659614,0.024768941,0.1954604,1549311376.0,1,0,0,Redwards426,0.0,82.0,11247.0,4970.0,16299.0
