post_id,comment_id,txt,url,offensiveness_score,Toxicity,Severe Toxicity,Profanity,Identity Attack,Insult,Threat,created,score,total_awards_received,controversiality,user,user_awardee_karma,user_awarder_karma,user_link_karma,user_comment_karma,user_total_karma
b78bub,ejpy42e,Can you send the link? I wanna see the comments ,https://i.redd.it/qi550reig7p21.jpg/ejpy42e/,-0.646,0.038048524,0.002727509,0.022696527,0.007399572,0.011198899,0.012130005,1553931482.0,29,0,0,Someonedm,382.0,95.0,6266.0,77856.0,84599.0
b78bub,ejq1cbk,"As someone with autism, i feel those people might want to kill me sometimes",https://i.redd.it/qi550reig7p21.jpg/ejq1cbk/,0.125,0.4977744,0.16960317,0.26641908,0.43256098,0.17486192,0.53875744,1553937222.0,966,0,0,[deleted],,,,,
b78bub,ejq2uuy,"Wait what? I don't get it, can somebody explain?",https://i.redd.it/qi550reig7p21.jpg/ejq2uuy/,-0.583,0.02107848,0.000882149,0.012961143,0.001877641,0.009165886,0.007003482,1553939877.0,16,0,0,occams_machete09,128.0,285.0,15751.0,6333.0,22497.0
b78bub,ejq5403,Karen is the new Hitler,https://i.redd.it/qi550reig7p21.jpg/ejq5403/,0.458,0.36095104,0.023076924,0.10116278,0.13805299,0.19225755,0.010680079,1553943652.0,10,0,0,A_Good_Goat,0.0,0.0,521.0,10669.0,11190.0
b78bub,ejqbz5r,Wait is arian spelled aryan in the non-german parts of the world?!,https://i.redd.it/qi550reig7p21.jpg/ejqbz5r/,-0.083,0.19029272,0.007209778,0.05393682,0.18391247,0.02982438,0.010835429,1553952358.0,5,0,0,[deleted],,,,,
b78bub,ejqgvzg,"If it's any consolation, these idiots want to kill their non-autistic kids as well",https://i.redd.it/qi550reig7p21.jpg/ejqgvzg/,0.521,0.8460273,0.35058254,0.50818664,0.44690517,0.7497506,0.49142194,1553956321.0,12,0,0,ThePixelCoder,47.0,0.0,57882.0,136139.0,194068.0
b78bub,ejqnxv1,"Autism is still not a good thing. Some people may say they are who they are because of it and are thankful for that’s fine, but remember that it’s a spectrum and can be horrible. I don’t think any normal parent would want their child to have autism, so what the anti-vaxxer is saying makes sense other than the part about vaccines causing autism. The point I’m trying to make is that the person might not be acting like autism is monstrous, but rather that it is often a negative experience for the one with autism.

I am not an expert on autism nor do I have it (as far as I know) so please correct me if I’m wrong about something.

Antivaxxers still suck.",https://i.redd.it/qi550reig7p21.jpg/ejqnxv1/,0.167,0.13041082,0.005226135,0.070942834,0.10221587,0.046178754,0.008608758,1553961435.0,2,0,0,[deleted],,,,,
b78bub,ejqsj7p,"Claiming that vaccines cause autism... yet there's a DoTerra/YoungLiving Essential Oil that ""fixes"" autism.

Those two groups pretend like there's some magic on/off switch involving autism, so why isn't there a promotion for combining essential oils with vaccines? ",https://i.redd.it/qi550reig7p21.jpg/ejqsj7p/,0.021,0.1373533,0.003547669,0.019895468,0.04564415,0.06494803,0.006783404,1553964544.0,3,0,0,Sigma7,85.0,0.0,103.0,23673.0,23861.0
b78bub,ejqskr9,Sometimes I really wanna be a doctor just to try and make a cure for autism or something to see how antivaxxers react,https://i.redd.it/qi550reig7p21.jpg/ejqskr9/,0.021,0.06184035,0.003395081,0.028640235,0.037394293,0.019161236,0.009929225,1553964571.0,2,0,0,[deleted],,,,,
b78bub,ejqtck0,Do you suffer from high cholesterol? If you don't i believe you would go great with some mint jelly.,https://i.redd.it/qi550reig7p21.jpg/ejqtck0/,-0.042,0.1641865,0.006599426,0.028230323,0.007658557,0.046178754,0.013631714,1553965081.0,3,0,0,[deleted],,,,,
b78bub,ejqurg6,Are you kidding? They literally kill their own kids,https://i.redd.it/qi550reig7p21.jpg/ejqurg6/,0.354,0.52811706,0.16960317,0.26586622,0.089973204,0.16788013,0.52547425,1553965996.0,7,0,0,SquidZillaYT,110.0,795.0,1214.0,28649.0,30768.0
b78bub,ejqzifo,"I have ASD and I had someone tell me I should be “put down like a dog.” 

Hates dogs and people with autism. What a fucking prick. ",https://i.redd.it/qi550reig7p21.jpg/ejqzifo/,0.771,0.911035,0.45895407,0.8855216,0.5108175,0.7827088,0.055270568,1553969167.0,8,0,0,[deleted],,,,,
b78bub,ejr6onb,"The media and certain ""advocacy groups"" spent decades portraying autism as causing distant, cold children who can't love or be loved, can't interact with other people or have fulfilling lives, and will break their parent's hearts.  I wonder how many of these people still think that's true (not that it's an excuse, because it's obvious now that's untrue).",https://i.redd.it/qi550reig7p21.jpg/ejr6onb/,0.146,0.12867521,0.003700256,0.021603432,0.09245483,0.061801232,0.007819066,1553974085.0,3,0,0,Nackles,530.0,0.0,6772.0,191651.0,198953.0
b78bub,ejrabn4,As someone with autism I want to kms,https://i.redd.it/qi550reig7p21.jpg/ejrabn4/,0.104,0.37751234,0.02425631,0.22105443,0.33675182,0.16788013,0.08703069,1553976763.0,2,0,0,RobloxLover369421,1480.0,241.0,102757.0,174450.0,278928.0
b78bub,ejrnkjt,"One autistic kid got labeled as a cheater on Xbox live and got all the achievements for the games he owned, I feel bad for him.",https://i.redd.it/qi550reig7p21.jpg/ejrnkjt/,0.042,0.30502358,0.011901856,0.108590275,0.27875587,0.16846494,0.009100696,1553986389.0,2,0,0,The_Pacific_gamer,1130.0,73.0,31775.0,32717.0,65695.0
b78bub,ejs90ug,"and thats how i got mega autism

edit: its a fucking joke I'm autistic im allowed to have fun with it",https://i.redd.it/qi550reig7p21.jpg/ejs90ug/,0.646,0.88599813,0.45895407,0.8255558,0.3817989,0.48228607,0.03235042,1554004802.0,2,0,0,[deleted],,,,,
b78bub,ejsfyzc,I'm just saying it because I want to know what they would think about a vaccine for autism,https://i.redd.it/qi550reig7p21.jpg/ejsfyzc/,-0.125,0.10870059,0.005493164,0.04792466,0.06249457,0.022577424,0.011379151,1554013204.0,2,0,0,[deleted],,,,,
b78bub,ejt2fqa,"As an autistic person myself, you deserve the fucking noble prize.

",https://i.redd.it/qi550reig7p21.jpg/ejt2fqa/,0.5,0.7308154,0.25624833,0.86331284,0.33060804,0.4125297,0.015774792,1554044474.0,2,0,0,TheIrishSpider,0.0,0.0,1.0,0.0,1.0
b78bub,ejv0ei2,"Me: I've been born with autism and yes, I'm vaccined.  
Anti-Vaxxers: SEE?! VACCINES CAUSE AUTISM!!!

BTW, IF vaccines would cause autism, wouldn't then 90% of world population be autistic?",https://i.redd.it/qi550reig7p21.jpg/ejv0ei2/,0.188,0.30319387,0.017222947,0.07708528,0.22631748,0.14512913,0.009437286,1554104295.0,2,0,0,Gompie28,1834.0,1017.0,14378.0,9109.0,26338.0
