post_id,comment_id,txt,url,offensiveness_score,Toxicity,Severe Toxicity,Profanity,Identity Attack,Insult,Threat,created,score,total_awards_received,controversiality,user,user_awardee_karma,user_awarder_karma,user_link_karma,user_comment_karma,user_total_karma
ai9etd,eem2z7o,"Reddit loves this clown, like she is not a politician lying through her teeth. ",https://www.salon.com/2019/01/17/paul-krugman-alexandria-ocasio-cortez-exposes-average-congressional-republican-as-dumb-as-a-rock_partner//eem2z7o/,0.104,0.51980776,0.023076924,0.2661081,0.029402243,0.5739874,0.010214032,1548074518.0,-71,0,0,BadgerDad115,391.0,318.0,,,709.0
ai9etd,eem3u95,"> she is not a politician lying through her teeth. 

Funny, that's exactly why we like her",https://www.salon.com/2019/01/17/paul-krugman-alexandria-ocasio-cortez-exposes-average-congressional-republican-as-dumb-as-a-rock_partner//eem3u95/,-0.083,0.2359567,0.003356934,0.02030538,0.004550736,0.1711343,0.006712203,1548075575.0,44,0,0,RenaissanceHumanist,236.0,19.0,1252.0,92840.0,94347.0
ai9etd,eem5dq3,She has more intelligence than you... hence why you’re on reddit and she’s helping to make a change..,https://www.salon.com/2019/01/17/paul-krugman-alexandria-ocasio-cortez-exposes-average-congressional-republican-as-dumb-as-a-rock_partner//eem5dq3/,0.104,0.32971194,0.01251033,0.09034003,0.01857083,0.29383746,0.009877442,1548077294.0,-63,0,1,ThingsMyWifeWouldSay,0.0,0.0,742.0,10985.0,11727.0
ai9etd,eem651e,"Sorry you feel so inadequate. Maybe you should run for a leadership position, perhaps you could be part of your local home owners association or become a leader of your neighborhood watch. It could help you feel important and give your life purpose.",https://www.salon.com/2019/01/17/paul-krugman-alexandria-ocasio-cortez-exposes-average-congressional-republican-as-dumb-as-a-rock_partner//eem651e/,-0.188,0.07212844,0.001506805,0.012175481,0.002192123,0.031807642,0.006537435,1548078082.0,-44,0,1,ThingsMyWifeWouldSay,0.0,0.0,742.0,10985.0,11727.0
ai9etd,eem6v2e,"I said helping, you dumb fuck... ",https://www.salon.com/2019/01/17/paul-krugman-alexandria-ocasio-cortez-exposes-average-congressional-republican-as-dumb-as-a-rock_partner//eem6v2e/,0.896,0.95048624,0.45895407,0.927271,0.10221587,0.82974654,0.027515862,1548078837.0,-34,0,0,ThingsMyWifeWouldSay,0.0,0.0,742.0,10985.0,11727.0
ai9etd,eepxw3c,"She is the daughter of Nicolas Madura and will destroy America, America needs a moderate, not trump racism or Venezuelan socialism of bernie",https://www.salon.com/2019/01/17/paul-krugman-alexandria-ocasio-cortez-exposes-average-congressional-republican-as-dumb-as-a-rock_partner//eepxw3c/,0.417,0.4269174,0.023076924,0.0887236,0.2831485,0.36798462,0.10236332,1548192306.0,-1,0,0,trailertrashloser,0.0,0.0,1.0,4.0,5.0
ai9etd,eeqfjly,If that isn’t the pot calling the kettle black...,https://www.salon.com/2019/01/17/paul-krugman-alexandria-ocasio-cortez-exposes-average-congressional-republican-as-dumb-as-a-rock_partner//eeqfjly/,-0.021,0.25462922,0.009918213,0.059447967,0.25647953,0.08459369,0.009074804,1548205122.0,1,0,0,theMileof8,0.0,0.0,15543.0,26735.0,42278.0
ai9etd,eeqjv7h,This lady is stupid as fuck if you research half the shit that comes out of her mouth ,https://www.salon.com/2019/01/17/paul-krugman-alexandria-ocasio-cortez-exposes-average-congressional-republican-as-dumb-as-a-rock_partner//eeqjv7h/,0.812,0.9563754,0.61260825,0.84995824,0.2854555,0.8204276,0.09776353,1548208324.0,-5,0,0,cuckhold_king,0.0,0.0,63.0,272.0,335.0
ai9etd,eetfs13,Think you made a typo there bud. ,https://www.salon.com/2019/01/17/paul-krugman-alexandria-ocasio-cortez-exposes-average-congressional-republican-as-dumb-as-a-rock_partner//eetfs13/,-0.333,0.051810697,0.001363754,0.015318131,0.002219871,0.023995465,0.007003482,1548299557.0,2,0,0,freethep,20.0,0.0,223.0,10063.0,10306.0
ai9etd,eev380l,In what way is this world politics,https://www.salon.com/2019/01/17/paul-krugman-alexandria-ocasio-cortez-exposes-average-congressional-republican-as-dumb-as-a-rock_partner//eev380l/,-0.333,0.029327808,0.001659393,0.01764096,0.006992595,0.010514895,0.007974415,1548355556.0,1,0,0,[deleted],,,,,
ai9etd,efoxt2m,The funny thing about this post is that people in thus sub are too dumb  this has nothing to do with world politics   SMH people. ,https://www.salon.com/2019/01/17/paul-krugman-alexandria-ocasio-cortez-exposes-average-congressional-republican-as-dumb-as-a-rock_partner//efoxt2m/,0.354,0.63782936,0.029626917,0.39409557,0.16373143,0.65865606,0.010421164,1549239614.0,1,0,0,Stickittodaman,108.0,169.0,206.0,3236.0,3719.0
