post_id,comment_id,txt,url,offensiveness_score,Toxicity,Severe Toxicity,Profanity,Identity Attack,Insult,Threat,created,score,total_awards_received,controversiality,user,user_awardee_karma,user_awarder_karma,user_link_karma,user_comment_karma,user_total_karma
8eqqlc,dxxcldt,Fuck or even date someone I'm not attracted to.,https://www.reddit.com/r/AskMen/comments/8eqqlc/men_of_reddit_what_can_you_not_bring_yourself_to//dxxcldt/,0.542,0.93383175,0.45895407,0.9421618,0.078392304,0.5129801,0.053007595,1524629063.0,521,0,0,[deleted],,,,,
8eqqlc,dxxllrg,"Man fuck, I'm just getting back into the dating thing in my 30s and that's depressing. ",https://www.reddit.com/r/AskMen/comments/8eqqlc/men_of_reddit_what_can_you_not_bring_yourself_to//dxxllrg/,0.604,0.75208336,0.20067264,0.84995824,0.043839492,0.32211447,0.010680079,1524645042.0,94,0,0,Hulkhogansgaynephew,0.0,0.0,999.0,54658.0,55657.0
8eqqlc,dxy1eav,As a fit 32 year old with a good job - sure you can.,https://www.reddit.com/r/AskMen/comments/8eqqlc/men_of_reddit_what_can_you_not_bring_yourself_to//dxy1eav/,-0.458,0.020607091,0.000767708,0.011560614,0.00189614,0.010134893,0.00636914,1524668191.0,18,0,0,pragmojo,2172.0,0.0,31521.0,157200.0,190893.0
8eqqlc,dxy7xrc,"Is not supposed to make anyone feel better. It's just a sad fact of life, that some women are like this, and have been doing this for a long time.",https://www.reddit.com/r/AskMen/comments/8eqqlc/men_of_reddit_what_can_you_not_bring_yourself_to//dxy7xrc/,0.0,0.18364124,0.004844666,0.026317406,0.1714862,0.06477321,0.007611934,1524673869.0,9,0,0,SirSausagePants,15.0,0.0,1495.0,31842.0,33352.0
8eqqlc,dxyf088,"Am I the only one that doesn't care about that? 

Like...I'm 25 and just now, for the first time in my life, I'm hooking up with women that I find attractive pretty regularly.

As a guy that was utterly without sex for all of high school and some college...THIS SHIT IS GREAT.

Why would I care if she hooked up with some losers before? I'm hooking up with her now and you don't even need to want to settle down! She can think all her exes were prettier than me too...doesn't matter to me! ",https://www.reddit.com/r/AskMen/comments/8eqqlc/men_of_reddit_what_can_you_not_bring_yourself_to//dxyf088/,0.375,0.65996873,0.30763787,0.66405153,0.2127345,0.43296707,0.06626215,1524679899.0,6,0,0,I_Am_King_Killmonger,0.0,0.0,55.0,7923.0,7978.0
8eqqlc,dxyf8gx,"Break up with my gf. We're both miserable but the logistical headache over moving out and stuff, plus the fact that she has OCD and I can't imagine how hard it will be for her to be on her own, means I just can't say the words. Every time we argue I get right there but I can't pull the trigger.

I still really care about her and feel somehow like I'm quitting on something if I don't stick around to help her through things. She's in therapy now for the first time ever and I worry that me leaving will prompt her to stop going and she'll never learn to manage it.",https://www.reddit.com/r/AskMen/comments/8eqqlc/men_of_reddit_what_can_you_not_bring_yourself_to//dxyf8gx/,0.062,0.21776234,0.009841919,0.22429734,0.018972786,0.0838533,0.01119791,1524680098.0,1,0,0,anferny08,28.0,0.0,2498.0,8815.0,11341.0
8eqqlc,dxyhu77,"I'm not talking about sex, I'm talking relationships. Congrats on the laids.",https://www.reddit.com/r/AskMen/comments/8eqqlc/men_of_reddit_what_can_you_not_bring_yourself_to//dxyhu77/,0.146,0.37458646,0.017093835,0.26189584,0.022590388,0.06424874,0.009851551,1524682345.0,3,0,0,SirSausagePants,15.0,0.0,1495.0,31842.0,33352.0
8eqqlc,dxylitp,"I mean, you can fuck them.",https://www.reddit.com/r/AskMen/comments/8eqqlc/men_of_reddit_what_can_you_not_bring_yourself_to//dxylitp/,0.688,0.9061063,0.35368225,0.90150756,0.0376521,0.37619758,0.079364374,1524685475.0,1,0,0,[deleted],,,,,
8eqqlc,dxylqvs,"Lmao speak for yourselves. I've seen many men, and I myself have the same mindset, that if we find that awesome quality girl then thats great, but if not, being single isn't bad either. Very many people on here and who I talk with mention this. So no, I do not think we men by and large always settle, I think some may sure but others will keep their preferences and if someone nevers meets them, thats okay. ",https://www.reddit.com/r/AskMen/comments/8eqqlc/men_of_reddit_what_can_you_not_bring_yourself_to//dxylqvs/,-0.208,0.29039988,0.01935331,0.22653213,0.07508347,0.08434689,0.011974656,1524685664.0,2,0,0,ZExplainsItAll,0.0,0.0,,,0.0
8eqqlc,dxymakt,"give a fuck about my mental, physical, or social health.",https://www.reddit.com/r/AskMen/comments/8eqqlc/men_of_reddit_what_can_you_not_bring_yourself_to//dxymakt/,0.688,0.9061063,0.35368225,0.9205162,0.034558404,0.40420914,0.012440704,1524686132.0,2,0,0,[deleted],,,,,
8eqqlc,dxyth7v,"Honestly...I still wouldn't be able to do that. I'm not judging at all (well maybe a little), but that's just strange. Though, I also never dated someone I work with. ",https://www.reddit.com/r/AskMen/comments/8eqqlc/men_of_reddit_what_can_you_not_bring_yourself_to//dxyth7v/,-0.25,0.0414203,0.001735687,0.023243073,0.006992595,0.01465692,0.008013252,1524692361.0,1,0,0,[deleted],,,,,
8eqqlc,dxyujff,Pee/poo with the bathroom door open even though I'm home alone with the curtains closed. It just feels weird.,https://www.reddit.com/r/AskMen/comments/8eqqlc/men_of_reddit_what_can_you_not_bring_yourself_to//dxyujff/,0.021,0.295883,0.013801457,0.2659699,0.003829278,0.042665333,0.008000307,1524693358.0,1,0,0,SheZowRaisedByWolves,611.0,71.0,343794.0,378732.0,723208.0
8eqqlc,dxz9fhw,"I have a really hard time accepting compliments.  Like, I picked out a really cool tie that has Starry Night by Van Gogh and I really love it, and when someone compliments it, I just feel like, thanks?  I used to drive a brand new BMW that was red and super sexy and people would compliment me all the time, and I just say thanks.  I don't know how to act except awkward.",https://www.reddit.com/r/AskMen/comments/8eqqlc/men_of_reddit_what_can_you_not_bring_yourself_to//dxz9fhw/,-0.109,0.1641865,0.007629395,0.14754629,0.013144426,0.029163294,0.009048914,1524707871.0,1,0,0,Send_Me_Back_To_Work,0.0,0.0,1.0,1674.0,1675.0
8eqqlc,dxziz9z,"Actually talk about what I'm really feeling, because honestly it feels like it's always misinterpreted or nobody really gets it when I say I feel isolated, or I have a hard time falling in love with someone.",https://www.reddit.com/r/AskMen/comments/8eqqlc/men_of_reddit_what_can_you_not_bring_yourself_to//dxziz9z/,-0.17,0.05255287,0.002784729,0.044167064,0.007732552,0.013554913,0.008556974,1524718410.0,2,0,0,Watsyurdeal,114.0,13.0,10882.0,17976.0,28985.0
8eqqlc,dyf44uw,"not follow my principles. It's really hard, given that there are loved ones who have come into contact with those; and I just can't give them up. At the end of the day when I'm 6ft under\-on a good day\-all I'll have left is the choices and person that I am/was. I'd rather have good morals and ethics which were equally applied and that I stood by as a man. ",https://www.reddit.com/r/AskMen/comments/8eqqlc/men_of_reddit_what_can_you_not_bring_yourself_to//dyf44uw/,-0.128,0.112333365,0.004348755,0.06546012,0.014048826,0.032689095,0.010162249,1525402384.0,1,0,0,rsvp_to_life,0.0,161.0,927.0,8633.0,9721.0
