post_id,comment_id,txt,url,offensiveness_score,Toxicity,Severe Toxicity,Profanity,Identity Attack,Insult,Threat,created,score,total_awards_received,controversiality,user,user_awardee_karma,user_awarder_karma,user_link_karma,user_comment_karma,user_total_karma
apd57h,eg7iobd,The fuck is happening to the world?  My friends and I were interested in getting secret beers when we were teens.,https://www.thedailybeast.com/australian-teens-ignore-anti-vaxxer-parents-by-getting-secret-vaccinations/eg7iobd/,0.553,0.7675452,0.16960317,0.86331284,0.02037963,0.24903896,0.008608758,1549866098.0,2222,0,0,FattyCorpuscle,1534,30,54362,1171889,1227815
apd57h,eg7jjex,"Beer is cool and all, but you know what I really like?

Being alive. Totally underrated IMO.",https://www.thedailybeast.com/australian-teens-ignore-anti-vaxxer-parents-by-getting-secret-vaccinations/eg7jjex/,-0.292,0.07450261,0.002708435,0.021330157,0.007732552,0.019741343,0.008492245,1549867174.0,1876,0,0,NebXan,1721,101,489,387396,389707
apd57h,eg81qu1,The big problem is mommy facebook groups and mommy blogs/forums. Antivax spreads like wildfire.,https://www.thedailybeast.com/australian-teens-ignore-anti-vaxxer-parents-by-getting-secret-vaccinations/eg81qu1/,-0.062,0.16043124,0.004367828,0.034397304,0.011987305,0.061626412,0.008090926,1549893456.0,1,0,0,Sundaydinobot1,141,0,3524,88120,91785
apd57h,eg8huzh,And then you get echo chambers of this nonsense in online groups.,https://www.thedailybeast.com/australian-teens-ignore-anti-vaxxer-parents-by-getting-secret-vaccinations/eg8huzh/,-0.188,0.37751234,0.007781982,0.09992486,0.006881601,0.37279442,0.009126588,1549904972.0,1,0,0,idontwannabemeNEmore,506,0,49,31770,32325
apd57h,eg97sw6,"Just a thought thrown in the ocean: I'm pro vaccination, but I just want to know why, in my country at least, I have to sign a paper where I take all the responsibility IF something goes wrong and me, or who I'm responsible for, got any kind of desease/handicap/pathology related to the vaccine I've/they've made. Why I have to get this burden on my back.

If I could simply don't care with some highly tested vaccine, maybe like the measles or tetanus (that could give some minor reactions, that's far I know). How I could don't care for some not-so-well tested ones, for some rare pathologies/viruses?

That said, I'm still ok to get vaccinations, just saying...

Edit: I apologize for my english, if I wrote some monstrosity.",https://www.thedailybeast.com/australian-teens-ignore-anti-vaxxer-parents-by-getting-secret-vaccinations/eg97sw6/,0.083,0.083999306,0.003185272,0.035649836,0.008546505,0.028612386,0.008945347,1549919646.0,2,0,0,GeenoPuggile,0,0,134,1777,1911
apd57h,eg99eks,This is the best form of teen rebellion...but so sad that is not considered teen rebellion. ,https://www.thedailybeast.com/australian-teens-ignore-anti-vaxxer-parents-by-getting-secret-vaccinations/eg99eks/,-0.188,0.06817148,0.002374649,0.015557245,0.009027477,0.01617693,0.012596053,1549920543.0,2,0,0,NotSoComicSans,0,0,77,1094,1171
apd57h,ega4m8f,"""top 10 anime betrayals""

.

.

.

wait",https://www.thedailybeast.com/australian-teens-ignore-anti-vaxxer-parents-by-getting-secret-vaccinations/ega4m8f/,-0.125,0.10609736,0.003662109,0.031140719,0.005993653,0.02567133,0.008052089,1549941774.0,2,0,0,jyozefu,298,32,1,29501,29832
