post_id,comment_id,txt,url,offensiveness_score,Toxicity,Severe Toxicity,Profanity,Identity Attack,Insult,Threat,created,score,total_awards_received,controversiality,user,user_awardee_karma,user_awarder_karma,user_link_karma,user_comment_karma,user_total_karma
acqrc6,eda6c6h,"Planned a ridiculously extensive vacation that included flying us to my hometown so she could meet my friends and family, flying to her hometown for the same, then renting her dream vehicle for a few days so we could travel alone for a bit, and since shes obsessed with the beach, at each part of the trip she found a small bottle with a letter written inside about how much that part of the trip meant to me and why is was so important. On the last day of the trip she found the last bottle, number ten, marked 'X' right on the spot where I proposed. ",https://www.reddit.com/r/AskMen/comments/acqrc6/whats_the_most_romantic_thing_youve_ever_done_for//eda6c6h/,-0.417,0.27975297,0.00705719,0.18417911,0.006252638,0.20901857,0.008181547,1546668022.0,364,0,0,Taco_2s_day,445.0,0.0,11500.0,66144.0,78089.0
acqrc6,edababg,did you Google translate or look online for poems or what,https://www.reddit.com/r/AskMen/comments/acqrc6/whats_the_most_romantic_thing_youve_ever_done_for//edababg/,-0.404,0.05824285,0.002403259,0.02344803,0.006104646,0.018516673,0.007391856,1546673719.0,32,0,0,bbslimebeck,0.0,0.0,1791.0,1796.0,3587.0
acqrc6,edacras,"Handwritten letters are pure gold. It is a simple but immensely pleasant gift to receive.  
Still have the ones my ex gf would sent me when we were apart. ",https://www.reddit.com/r/AskMen/comments/acqrc6/whats_the_most_romantic_thing_youve_ever_done_for//edacras/,-0.196,0.02035702,0.001049042,0.015864678,0.002700844,0.00808288,0.007210615,1546675775.0,30,0,0,pecheux,97.0,19.0,1187.0,6412.0,7715.0
acqrc6,edai184,Wait so what’s your job ,https://www.reddit.com/r/AskMen/comments/acqrc6/whats_the_most_romantic_thing_youve_ever_done_for//edai184/,-0.583,0.041915078,0.001716614,0.017094411,0.003477799,0.014086916,0.007288289,1546683994.0,21,0,0,1s2_2s2_2p6_3s1,291.0,135.0,15059.0,34547.0,50032.0
acqrc6,edamtud,[deleted],https://www.reddit.com/r/AskMen/comments/acqrc6/whats_the_most_romantic_thing_youve_ever_done_for//edamtud/,-0.312,,,,,,,1546690408.0,20,0,0,[deleted],,,,,
acqrc6,edaridq,"I’ve never been much of a flower giver, but my ex woke something up in me and I loved getting her flowers. I went to an informal flower design session so I could learn how to pick out flowers and cut them appropriately to the narrow vase I had given her. I would only spend $8-12 at a time, and it was the greatest thing in the world seeing how happy she got receiving flowers just because it was Tuesday.",https://www.reddit.com/r/AskMen/comments/acqrc6/whats_the_most_romantic_thing_youve_ever_done_for//edaridq/,-0.149,0.17025198,0.013995127,0.20139475,0.008916483,0.025155678,0.012854968,1546696266.0,6,0,0,mdmerz,384.0,675.0,7432.0,781.0,9272.0
acqrc6,edarm0b,"Our first vacation was to Nashville and my future wife and I met a singer from our state and had a good time and we had also passed the fountain at the Nashville Symphony that my wife really liked. We went back almost a year later and I had the singer at the fountain playing our favorite song, at dusk, and proposed to her while having a photographer photograph it. Was a lot of work but was awesome!  Sent photos to the singer who actually just wrote a somewhat large hit",https://www.reddit.com/r/AskMen/comments/acqrc6/whats_the_most_romantic_thing_youve_ever_done_for//edarm0b/,-0.396,0.03109552,0.002269745,0.026044132,0.006770608,0.014808921,0.008764107,1546696367.0,7,0,0,gunnar1313,0.0,0.0,65.0,3170.0,3235.0
acqrc6,edarofu,"When I was in college I spent around 4-5 hours baking a 2-layer chocolate cake with dark chocolate ganache, and another 4ish hours hand-drawing a card for a girl's birthday I was friends with and had a massive crush on. She didn't feel the same way, broke my heart, ghosted me and now she is married. Oh well.",https://www.reddit.com/r/AskMen/comments/acqrc6/whats_the_most_romantic_thing_youve_ever_done_for//edarofu/,-0.229,0.1587729,0.008659363,0.14225815,0.026609946,0.03522326,0.010990778,1546696436.0,3,0,0,WtheCore,26.0,0.0,3098.0,3352.0,6476.0
acqrc6,edastyx,Isn’t this the plot of every season of The Bachelor?,https://www.reddit.com/r/AskMen/comments/acqrc6/whats_the_most_romantic_thing_youve_ever_done_for//edastyx/,-0.479,0.019351736,0.000844002,0.012551232,0.003070822,0.009374888,0.006738094,1546697546.0,8,0,0,ARedPoppy,0.0,20.0,689.0,1754.0,2463.0
acqrc6,edatlus,Brought her up to a rooftop where I had wine and art painting supplies waiting. We drank and painted the cityscape. For food I just did Uber eats.,https://www.reddit.com/r/AskMen/comments/acqrc6/whats_the_most_romantic_thing_youve_ever_done_for//edatlus/,-0.362,0.041915078,0.002088547,0.015010698,0.003126319,0.011958904,0.010602405,1546698220.0,1,0,0,Rei_Areaaaaaaa,61.0,307.0,6065.0,18087.0,24520.0
acqrc6,edavit3,"Without parents' permission, I legally found an excuse to leave the dorm and go somewhere else -- in this case, a town/city near her place.",https://www.reddit.com/r/AskMen/comments/acqrc6/whats_the_most_romantic_thing_youve_ever_done_for//edavit3/,-0.167,0.018095128,0.000710487,0.011082385,0.002275368,0.008291881,0.007003482,1546699817.0,1,0,0,najecniv20,788.0,56.0,18924.0,3701.0,23469.0
acqrc6,edavoe7,Fuck. Now i'm questioning eveything. ,https://www.reddit.com/r/AskMen/comments/acqrc6/whats_the_most_romantic_thing_youve_ever_done_for//edavoe7/,0.583,0.9029226,0.35368225,0.9205162,0.019475231,0.35333878,0.010214032,1546699945.0,1,0,0,anikinfartsnacks,125.0,0.0,11316.0,12097.0,23538.0
acqrc6,edayv0i,"One time, I gave a a girl a candy cane. ",https://www.reddit.com/r/AskMen/comments/acqrc6/whats_the_most_romantic_thing_youve_ever_done_for//edayv0i/,-0.396,0.10045706,0.003643036,0.027820412,0.013244915,0.022061773,0.010783645,1546702385.0,2,0,0,Someidot,126.0,183.0,5975.0,45728.0,52012.0
acqrc6,edbgbpk,"Distance made it difficult long with other constraints, but I totally agree. ",https://www.reddit.com/r/AskMen/comments/acqrc6/whats_the_most_romantic_thing_youve_ever_done_for//edbgbpk/,-0.545,0.009927189,0.000600815,0.010484599,0.002136626,0.007436876,0.006420923,1546713716.0,1,0,0,Taco_2s_day,445.0,0.0,11500.0,66144.0,78089.0
acqrc6,ede637p,"Sorry for the late reply, but my grandmother was German, so I asked her what a few words in German were. She wrote them down for me, so I could have the correct spelling, and I put those words together to create a poem worthy of the goddess that lay before me. ",https://www.reddit.com/r/AskMen/comments/acqrc6/whats_the_most_romantic_thing_youve_ever_done_for//ede637p/,-0.479,0.08004235,0.004444122,0.04516909,0.047706615,0.023093075,0.01086132,1546792763.0,1,0,0,ForlornPilgrim,0.0,55.0,10264.0,2814.0,13133.0
