post_id,comment_id,txt,url,offensiveness_score,Toxicity,Severe Toxicity,Profanity,Identity Attack,Insult,Threat,created,score,total_awards_received,controversiality,user,user_awardee_karma,user_awarder_karma,user_link_karma,user_comment_karma,user_total_karma
9oceiu,e7syx1z,Why couldn't someone think it is bad? ,https://www.reddit.com/r/AskReddit/comments/9oceiu/what_gets_more_hate_than_it_deserves//e7syx1z/,-0.312,0.034748793,0.001039505,0.015318131,0.003181816,0.014010916,0.006524489,1539608588.0,4,0,0,[deleted],,,,,
9oceiu,e7t0ck8,I feel the opposite way.  Skylar I felt sorry for.  Chuck was a complete dick to Jimmy.,https://www.reddit.com/r/AskReddit/comments/9oceiu/what_gets_more_hate_than_it_deserves//e7t0ck8/,0.646,0.82048255,0.23223256,0.70864636,0.053399716,0.65129566,0.009747985,1539610120.0,8,0,0,jurassicbond,998.0,67.0,22674.0,551445.0,575184.0
9oceiu,e7t1q5z,"She committed adultery, that’s a good reason",https://www.reddit.com/r/AskReddit/comments/9oceiu/what_gets_more_hate_than_it_deserves//e7t1q5z/,0.021,0.50759226,0.16960317,0.27005023,0.10221587,0.27969417,0.34804323,1539611507.0,-3,0,0,Beard10,0.0,0.0,144.0,12163.0,12307.0
9oceiu,e7t1xht,"Not to mention it isn’t exactly suddenly, he’s been learning from the force alone for years ",https://www.reddit.com/r/AskReddit/comments/9oceiu/what_gets_more_hate_than_it_deserves//e7t1xht/,-0.188,0.017215505,0.000801086,0.012073003,0.002996826,0.008576883,0.007119995,1539611706.0,2,0,0,SparkyTheHappyGiraff,33.0,14.0,2918.0,6939.0,9904.0
9oceiu,e7t24in,"Walter literally killed people (both directly and indirectly) and *sold fucking meth*, but sure, Skyler getting a little strange on the side makes her the worst.",https://www.reddit.com/r/AskReddit/comments/9oceiu/what_gets_more_hate_than_it_deserves//e7t24in/,0.562,0.7761081,0.35368225,0.8089582,0.09824528,0.47384647,0.34804323,1539611893.0,9,0,0,cbratty,209.0,0.0,6112.0,222848.0,229169.0
9oceiu,e7t2d7r,"yeah, especially when it's a mostly empty parking lot like who cares?",https://www.reddit.com/r/AskReddit/comments/9oceiu/what_gets_more_hate_than_it_deserves//e7t2d7r/,-0.255,0.03828422,0.001158714,0.017299367,0.001886891,0.017012933,0.006388559,1539612125.0,2,0,0,FranklyTheRobot,0.0,0.0,8472.0,6463.0,14935.0
9oceiu,e7t2f6y,yeah it's not like they're mosquitos,https://www.reddit.com/r/AskReddit/comments/9oceiu/what_gets_more_hate_than_it_deserves//e7t2f6y/,-0.188,0.2853768,0.011749268,0.12035047,0.034816213,0.16802633,0.009023022,1539612177.0,3,0,0,FranklyTheRobot,0.0,0.0,8472.0,6463.0,14935.0
9oceiu,e7t4mjl,"The Young Turks.

They are bombastic and hyperbolic, but they are also a fantastic program full of people who are trying hard to make a serious difference.",https://www.reddit.com/r/AskReddit/comments/9oceiu/what_gets_more_hate_than_it_deserves//e7t4mjl/,-0.383,0.15987846,0.006904602,0.062454045,0.09741807,0.060752302,0.018537397,1539614183.0,1,0,0,[deleted],,,,,
