post_id,comment_id,txt,url,offensiveness_score,Toxicity,Severe Toxicity,Profanity,Identity Attack,Insult,Threat,created,score,total_awards_received,controversiality,user,user_awardee_karma,user_awarder_karma,user_link_karma,user_comment_karma,user_total_karma
ao9jm1,efz8a85,"Scientists followed most of the 14 (I think) participants in The Biggest Loser TV show for a couple years and were startled by what they discovered. Most of the participants gained back a significant portion of their weight, but they discovered that they were consuming fewer calories and burning more than before, and in most cases had lower calorie consumption than same age, height and gender peers that were not overweight, and struggled to lose the weight they gained back or to keep off what they lost. It was very clear that there is more going on than some type of high-end,carbon gluttony causing this and that it isn't that much of a choice. There is other research that's revealing this.",https://www.reddit.com/r/changemyview/comments/ao9jm1/cmv_i_dont_hate_fat_people_but_i_fail_to_see_how//efz8a85/,-0.167,0.12260055,0.002937317,0.031391226,0.019475231,0.06722072,0.007637825,1549579382.0,30,0,0,Sorkel3,1319.0,128.0,38503.0,121192.0,161142.0
ao9jm1,efz8nmh,None of what you said indicates your conclusion that it isn’t a choice though. You merely made it clear that it is a harder choice to make for those who have already been obese. All the more reason to not get there in the first place. ,https://www.reddit.com/r/changemyview/comments/ao9jm1/cmv_i_dont_hate_fat_people_but_i_fail_to_see_how//efz8nmh/,-0.106,0.057748068,0.001373291,0.012073003,0.0233943,0.022319598,0.006000186,1549579646.0,7,0,0,yumyumnom,638.0,0.0,673.0,117304.0,118615.0
ao9jm1,efz8s6q,[deleted],https://www.reddit.com/r/changemyview/comments/ao9jm1/cmv_i_dont_hate_fat_people_but_i_fail_to_see_how//efz8s6q/,-0.022,,,,,,,1549579738.0,12,0,0,[deleted],,,,,
ao9jm1,efz9qpp,"That's kind of an unreasonable position. That's like saying ""Well Hilary climbed everest, so why don't you"" when you've had no training etc. Yes in both cases it's a choice, but some people have more difficulty to go through. Also, as the post points out, some of them make the choice but don't get results.",https://www.reddit.com/r/changemyview/comments/ao9jm1/cmv_i_dont_hate_fat_people_but_i_fail_to_see_how//efz9qpp/,-0.042,0.11181668,0.002784729,0.029186781,0.007880543,0.054962315,0.007353018,1549580434.0,9,0,0,VertigoOne,845.0,0.0,20909.0,25361.0,47115.0
ao9jm1,efz9r5b,"People do not choose between between being fat and being thin. They choose between satisfying their hunger and presenting an pleasing shape or longevity.

The obesity problem in the Western world is caused partly by dietary choices but also the lack of non fattening satisfying food.

My ex girlfriend went to south korea for one semester of student exchange. In 4 months she lost 30 pounds. She gained those back when she got back home. I went to SK for two weeks. Lost 4 pounds too. I did not choose to eat healthy. Me and my ex did not eat anything remotely diet-like over there. What we ate would make a north american diet expert run for the hills. Yet we lost weight.",https://www.reddit.com/r/changemyview/comments/ao9jm1/cmv_i_dont_hate_fat_people_but_i_fail_to_see_how//efz9r5b/,0.104,0.09958932,0.002555847,0.022559889,0.039456755,0.033790905,0.006699257,1549580443.0,14,0,0,littlebubulle,1030.0,86.0,8504.0,65567.0,75187.0
ao9jm1,efza83f,Can you give us some examples of the food?,https://www.reddit.com/r/changemyview/comments/ao9jm1/cmv_i_dont_hate_fat_people_but_i_fail_to_see_how//efza83f/,-0.604,0.015079274,0.000939369,0.012346277,0.002700844,0.007702877,0.006789878,1549580795.0,3,0,0,eshvar60,18.0,0.0,1881.0,3874.0,5773.0
ao9jm1,efzaem3,"Why are the needed cultural shifts you’ve identified the companies problems rather that the consumers own responsibility?

Why can’t the culture shift in ways to lessen peoples want for substance abuse? ",https://www.reddit.com/r/changemyview/comments/ao9jm1/cmv_i_dont_hate_fat_people_but_i_fail_to_see_how//efzaem3/,-0.229,0.027324399,0.000858307,0.010467518,0.002386362,0.012300906,0.007210615,1549580930.0,1,0,0,IAmTheTrueWalruss,474.0,0.0,922.0,64310.0,65706.0
ao9jm1,efzagc9,"> then use it as a platform for reward 

What do you mean by this? I see people who want to be *tolerated*, i.e. ""left alone"", but I can't think of any fat people who are actively seeking rewards for becoming fat.",https://www.reddit.com/r/changemyview/comments/ao9jm1/cmv_i_dont_hate_fat_people_but_i_fail_to_see_how//efzagc9/,0.255,0.3127066,0.010910034,0.08581402,0.2869935,0.20668297,0.007417747,1549580965.0,9,0,0,Kirbyoto,2236.0,655.0,8121.0,398341.0,409353.0
ao9jm1,efzam75,"Also what we see as a ""choice"" is way more complicated than that. Our behaviors are more a product of our drives, circumstances and predispositions  than cognitive decisions. ",https://www.reddit.com/r/changemyview/comments/ao9jm1/cmv_i_dont_hate_fat_people_but_i_fail_to_see_how//efzam75/,-0.14,0.011120965,0.0005126,0.010347961,0.002044132,0.007607877,0.006168481,1549581088.0,5,0,0,zeinshver,13.0,0.0,150959.0,45565.0,196537.0
ao9jm1,efzan8z,I agree. Some locations just have a ton of relatively healthy food to eat for cheap. Some places are literally food deserts where you need to travel a bit to even buy produce. Theres a big gradient between them that make it harder or easier to eat healthy.,https://www.reddit.com/r/changemyview/comments/ao9jm1/cmv_i_dont_hate_fat_people_but_i_fail_to_see_how//efzan8z/,-0.34,0.020960633,0.000982285,0.015728042,0.003070822,0.012224905,0.006362667,1549581109.0,1,0,0,Bomberman_N64,13.0,0.0,438.0,8775.0,9226.0
ao9jm1,efzao3o,"- Fried chicken
- Soju
- Pastries
- Rice cakes in sweet sauce
- Sugar coated corn dogs
- Ramen
- Kimchi
- Cow intestines stuffed with fat
- Pork belly
- Meat
- More soju (yeah I got drunk a lot)
- Beer (a lot)
- Silk worms
- Fried cutlets
- Seafood
- Kraft yellow cheese
- Spam
- Sausages
- Chocolate mashmallow cream stuffed cakes
- Fried pastries i can't remember the name of
- Fish cake

Edit : formatting
",https://www.reddit.com/r/changemyview/comments/ao9jm1/cmv_i_dont_hate_fat_people_but_i_fail_to_see_how//efzao3o/,-0.333,0.09525062,0.005607605,0.078378424,0.012842959,0.022448512,0.010265815,1549581127.0,5,0,0,littlebubulle,1030.0,86.0,8504.0,65567.0,75187.0
ao9jm1,efzb3vq,"Don't forget about restaurant portions that are enough to feed two or more people. This is how many people learn what a ""normal"" meal size is.",https://www.reddit.com/r/changemyview/comments/ao9jm1/cmv_i_dont_hate_fat_people_but_i_fail_to_see_how//efzb3vq/,-0.229,0.013445686,0.000581741,0.010279642,0.0017204,0.00812088,0.00627852,1549581463.0,3,0,0,RippDrive,55.0,0.0,311.0,15399.0,15765.0
ao9jm1,efzbbzl,"I mean, depends what you call a choice. Do you think how hungry they are at any given moment is a choice? How about their desire to be thin? Or desire to live a long time?

At the end of the day, the ""choice"" to over eat comes from many factors, none you have control over. I believe this about every ""choice"" btw, not just this one.",https://www.reddit.com/r/changemyview/comments/ao9jm1/cmv_i_dont_hate_fat_people_but_i_fail_to_see_how//efzbbzl/,-0.128,0.056263726,0.001955032,0.024131214,0.009619443,0.021546122,0.007987361,1549581637.0,1,0,0,JoelMahon,3721.0,321.0,30508.0,457379.0,491929.0
ao9jm1,efzbq28,"People who live healthy lives live longer, consume more in their life, consume more healthcare and still die of expensive conditions at end of life and need family and financial assistance. If these were really the reasons you don’t like obese people then you should really really hate healthy people. ",https://www.reddit.com/r/changemyview/comments/ao9jm1/cmv_i_dont_hate_fat_people_but_i_fail_to_see_how//efzbq28/,-0.104,0.18554166,0.006637573,0.043415543,0.099072486,0.075868964,0.012130005,1549581939.0,5,0,0,zaparans,28.0,0.0,,,28.0
ao9jm1,efzbut8,"Can you explain this more? Why is eating sugar and processed foods not fattening in Korea?

Wouldn't you attribute that more to a lifestyle change? Maybe walking around to sight-see, etc?",https://www.reddit.com/r/changemyview/comments/ao9jm1/cmv_i_dont_hate_fat_people_but_i_fail_to_see_how//efzbut8/,-0.125,0.040183347,0.001163483,0.011594773,0.018872296,0.015568925,0.006608637,1549582041.0,8,0,0,passwordgoeshere,68.0,0.0,11669.0,61786.0,73523.0
ao9jm1,efzbzeg,Posing questions for clarification:  I assume you feel the same way about drug and alcohol addiction ?,https://www.reddit.com/r/changemyview/comments/ao9jm1/cmv_i_dont_hate_fat_people_but_i_fail_to_see_how//efzbzeg/,-0.064,0.10913446,0.001754761,0.014327513,0.004088263,0.03335018,0.007301235,1549582136.0,2,0,0,[deleted],,,,,
ao9jm1,efzdmtz,"Obesity is essentially an addiction to food.  The obese get a greater dopamine kick from eating than the average person which makes it extremely difficult for them to eat within a healthy range.  But here's the real trouble: unlike every other addiction, there is ZERO possibility of abstinence - the only way to truly end an addiction.  Imagine a heroin addict who needs to give himself a tiny dose of heroin every day to stay alive.  Like all addictions, it's partly moral choice, but there is a massive unchosen biological component they can't do a thing about.   ",https://www.reddit.com/r/changemyview/comments/ao9jm1/cmv_i_dont_hate_fat_people_but_i_fail_to_see_how//efzdmtz/,-0.125,0.11161,0.004291534,0.028776871,0.031464707,0.03412145,0.0130621,1549583424.0,23,0,0,shallowblue,4863.0,1126.0,636678.0,135897.0,778564.0
ao9jm1,efzdmun," This may get removed, but the word is affects, not effects

And it is not *always* a choice. Sometimes there are hereditary parts to it. Snd even if someone chooses to lose weight it is not always that simple",https://www.reddit.com/r/changemyview/comments/ao9jm1/cmv_i_dont_hate_fat_people_but_i_fail_to_see_how//efzdmun/,-0.128,0.035220183,0.0020504,0.023106437,0.009915425,0.0113889,0.008311004,1549583425.0,1,0,0,[deleted],,,,,
ao9jm1,efzdq4q,"When you were in SK did you drive everywhere? Do you drive everywhere you live currently?

People severely underestimate the difference 10-30mins walking a day to get places vs only walking from their front door to the car does to their body.",https://www.reddit.com/r/changemyview/comments/ao9jm1/cmv_i_dont_hate_fat_people_but_i_fail_to_see_how//efzdq4q/,-0.312,0.01822079,0.00087738,0.00995513,0.004421244,0.009412888,0.006537435,1549583497.0,7,0,0,GiddyChild,33.0,0.0,86.0,6450.0,6569.0
ao9jm1,efzdve2,"You are conflating your emotions about your father with worldly consequence. You're projecting a very personal situation onto all fat people. Santa Claus is fat... Jolly, generous, hard working. I'm sorry your dad wasn't more like Santa. Storing fat is a survival advantage. Starvation is far more deleterious.",https://www.reddit.com/r/changemyview/comments/ao9jm1/cmv_i_dont_hate_fat_people_but_i_fail_to_see_how//efzdve2/,0.25,0.37751234,0.02116089,0.11477985,0.22935481,0.3682569,0.00915248,1549583613.0,1,0,0,schtickybunz,53.0,0.0,7718.0,6500.0,14271.0
ao9jm1,efze29a,"Here's a similar argument I might make: being poor is a choice. (Almost) anybody could move to a shitty part of town with low rent, walk an hour to work, cut out all entertainment from their lives, and just buy food and toilet paper, and they'd save tons of tons of money. Why don't they do that? Why are there poor people?

There are myriads of reasons of why that logic is wrong. And I would bet most of them would apply to losing weight as well. ",https://www.reddit.com/r/changemyview/comments/ao9jm1/cmv_i_dont_hate_fat_people_but_i_fail_to_see_how//efze29a/,0.333,0.39441586,0.023076924,0.4242778,0.07177465,0.3388922,0.01119791,1549583761.0,2,0,0,cosmololgy,42.0,0.0,24765.0,39434.0,64241.0
ao9jm1,efze5k6,"Boogie made some extremely touching videos explaining why he was so overweight. I highly recommend those videos. If you dont want to watch them basically his mom beat him and his sibling. Which probably sparked severe anxiety and food was the only good thing in his life, which his mother was more than willing to supply.",https://www.reddit.com/r/changemyview/comments/ao9jm1/cmv_i_dont_hate_fat_people_but_i_fail_to_see_how//efze5k6/,-0.312,0.3281604,0.023270357,0.22622968,0.11163961,0.16802633,0.16383497,1549583834.0,1,0,0,Frohling13,35.0,0.0,893.0,31888.0,32816.0
ao9jm1,efzehri,"To add another clarification question, to what extent do we equate obesity with food addiction?",https://www.reddit.com/r/changemyview/comments/ao9jm1/cmv_i_dont_hate_fat_people_but_i_fail_to_see_how//efzehri/,-0.37,0.06184035,0.001621246,0.015488927,0.01565665,0.018774498,0.006666893,1549584103.0,1,0,0,[deleted],,,,,
ao9jm1,efzej0i,"Do you view all addiction as a choice? I think a lot of people with obesity are just people with addiction problems, though their addiction is to food.",https://www.reddit.com/r/changemyview/comments/ao9jm1/cmv_i_dont_hate_fat_people_but_i_fail_to_see_how//efzej0i/,-0.188,0.09655223,0.002269745,0.016137952,0.040745795,0.028392024,0.006388559,1549584130.0,3,0,0,[deleted],,,,,
ao9jm1,efzenim,"Why does society need to change? Plenty of people manage to regulate their food/caloric intake without buying half the confectionary isle, just because it is on offer.

This is an an internal, mentality problem, some developmental, some psychological, probably in rare cases environmental, but never is it uncontrollable. Why does a nation need to change to stop people stuffing their faces?",https://www.reddit.com/r/changemyview/comments/ao9jm1/cmv_i_dont_hate_fat_people_but_i_fail_to_see_how//efzenim/,-0.083,0.054037213,0.001783371,0.018324144,0.004772724,0.023866551,0.007586042,1549584231.0,-1,0,0,[deleted],,,,,
ao9jm1,efzeuco,"When you create a new fat cell, your body keeps it for life. Therefore, it makes it even easier to gain weight after losing the weight from before (childhood in my case). So for people like me, who do work hard even just to maintain my weight after losing some, the question is... was it a choice for me as a kid to create all those new fat cells. Because I’m stuck with them now... they just lay there waiting to be inflated by any calorie I eat and don’t burn. It sucks man it’s a lot harder than people think. ",https://www.reddit.com/r/changemyview/comments/ao9jm1/cmv_i_dont_hate_fat_people_but_i_fail_to_see_how//efzeuco/,-0.021,0.3047732,0.017029278,0.33453682,0.02238941,0.12702756,0.00933372,1549584384.0,3,0,0,motownmods,559.0,78.0,31631.0,97809.0,130077.0
ao9jm1,efzfeud,"I eat fast food almost every day, work a desk job and almost never exercise. Yet I am naturally thin to average. 

I’ve met many overweight people who eat great and exercise all the time and are just heavier. People’s size and shape are not a direct reflection of their choices. ",https://www.reddit.com/r/changemyview/comments/ao9jm1/cmv_i_dont_hate_fat_people_but_i_fail_to_see_how//efzfeud/,-0.25,0.08004235,0.00295639,0.026863953,0.027413858,0.025929155,0.007301235,1549584840.0,1,0,0,flamingoshoess,199.0,1415.0,1297.0,6843.0,9754.0
ao9jm1,efzfgbk,"It's not by choice. The same way people don't choose to become drug addicts, or gambling addicts, etc. There is a psychological, subconscious motivation. We all have our pathologies, and most of us can keep them in check and hidden for the most part. Some people can't help but wear them on the outside.",https://www.reddit.com/r/changemyview/comments/ao9jm1/cmv_i_dont_hate_fat_people_but_i_fail_to_see_how//efzfgbk/,-0.146,0.1100022,0.003013611,0.02932342,0.007732552,0.045593183,0.00838868,1549584871.0,1,0,0,chickenclaw,190.0,12.0,3501.0,58351.0,62054.0
ao9jm1,efzgie5,"Become fat, then you'll understand.  Yes, it's somewhat about choice, but it could also be due to medical reason (thyroid and the like).  We're used to being discriminated against in all kinds of ways, and trust me when I say that we don't enjoy being fat.  I surely hope you hold the same criticism over alcoholics and drug addicts and cigarette smokers.",https://www.reddit.com/r/changemyview/comments/ao9jm1/cmv_i_dont_hate_fat_people_but_i_fail_to_see_how//efzgie5/,-0.021,0.24924077,0.007553101,0.047173142,0.12208464,0.15769513,0.009540852,1549585691.0,1,0,0,ulkesh,198.0,0.0,10061.0,16754.0,27013.0
ao9jm1,efzha3d,"I'd like to point out that some people have complicated health issues that contribute to their weight. It's not always something they're conscience of, it's just something that has always been for them.  When you add (non-weight related) disability or perhaps lack of nutritional education to the mix it only complicates matters further. Most obese people are not happy with their illness. You have to try not to generalize a people too broadly. You can't simply look at someone and know their circumstances or really anything about them aside from their size, nor can you know how they raise their children or interact with their family.  There are simply too many unknowns to have such a blanket description of the obese. ",https://www.reddit.com/r/changemyview/comments/ao9jm1/cmv_i_dont_hate_fat_people_but_i_fail_to_see_how//efzha3d/,-0.283,0.06896287,0.001926422,0.016957775,0.031464707,0.028171662,0.006783404,1549586292.0,1,0,0,UserNameUnknown117,0.0,511.0,1.0,669.0,1181.0
ao9jm1,efzhdsu,">I’ve met many overweight people who eat great and exercise all the time and are just heavier. People’s size and shape are not a direct reflection of their choices. 

How can you possibly actually think this? Where did the weight come from if not from excess eating? Are these overweight people you know creating matter out of nothing? It is completely impossible to become overweight without eating more calories than you burn",https://www.reddit.com/r/changemyview/comments/ao9jm1/cmv_i_dont_hate_fat_people_but_i_fail_to_see_how//efzhdsu/,0.104,0.4269174,0.16960317,0.18909787,0.3043136,0.23237456,0.04233929,1549586373.0,0,0,0,vizkan,0.0,0.0,766.0,29468.0,30234.0
ao9jm1,efzhfvx,I don't think we equate them.  One may cause the other.  I think an obsessive compulsive desire to overeat comes from the same place as obsessive compulsive use of drugs or alcohol. I don't think there is universal agreement on what  constitutes being elevated to the status of addiction. Is it merely chemical dependence?  What about counselors who treat sex addiction?  Craving is craving no matter what causes it. If it is not addiction it's still an obsessive compulsive craving. ,https://www.reddit.com/r/changemyview/comments/ao9jm1/cmv_i_dont_hate_fat_people_but_i_fail_to_see_how//efzhfvx/,-0.089,0.15324512,0.003910065,0.06345607,0.008583503,0.02982438,0.008336896,1549586419.0,1,0,0,[deleted],,,,,
ao9jm1,efziuia,"I feel like this whole sub should be called
Look at how my soul is broken or maybe I might look like a good person but ......",https://www.reddit.com/r/changemyview/comments/ao9jm1/cmv_i_dont_hate_fat_people_but_i_fail_to_see_how//efziuia/,-0.125,0.09351514,0.003643036,0.048175167,0.008657498,0.018323302,0.011042561,1549587608.0,1,0,0,Obdurodonis,97.0,183.0,3802.0,23092.0,27174.0
ao9jm1,efzjflw,"You cannot always tell someone’s health by their weight. I’ve struggled with eating disorders for 20 years - at my lowest weight I was being commended for how slim and “healthy” I looked - when I reality my hair was falling out and my heart was in very real danger. Through recovery I have gained over 3 stone and am now at a stable weight which hovers near obese - but I’m finally feeling healthy, my metabolism is steadily going back to normal, my digestion is correcting. And yet my family (who don’t know about my ED) are suddenly “worried for my health”. I don’t buy that we’re all constantly worried about the health of fat people or the impact on society - we just don’t like fat people - and most of that is based on stereotype assumptions and prejudice ",https://www.reddit.com/r/changemyview/comments/ao9jm1/cmv_i_dont_hate_fat_people_but_i_fail_to_see_how//efzjflw/,-0.146,0.03592727,0.001440048,0.015830519,0.00776955,0.018516673,0.006925808,1549588082.0,1,0,0,delilah_vega,0.0,0.0,4892.0,7577.0,12469.0
ao9jm1,efzkdm2,"I realize this is probably a minority’s of the cases, but important. I have a friend who was never skinny, but never the sort of fat you describe either. They developed a medical condition and required medication. The medication must be taken with food (350 calories or more) or it gives them a severe upset stomach. The medicine also makes them hungry nearly all the time even after eating a lot. But without it their quality of life would be extremely poor due to their condition. 

They try to watch their weight, try to exercise, but they can’t get back to the pre medicine weight and probably never will. They hate it, but it’s the lesser of two evils for them. ",https://www.reddit.com/r/changemyview/comments/ao9jm1/cmv_i_dont_hate_fat_people_but_i_fail_to_see_how//efzkdm2/,0.146,0.10002319,0.00289917,0.025634222,0.053399716,0.03335018,0.008155655,1549588855.0,1,0,0,nscale,50.0,0.0,500.0,20678.0,21228.0
ao9jm1,efzla44,"I suppose they choose it in the same was that addicts ""choose"" to be addicts. ",https://www.reddit.com/r/changemyview/comments/ao9jm1/cmv_i_dont_hate_fat_people_but_i_fail_to_see_how//efzla44/,-0.085,0.11367676,0.002136231,0.02208166,0.010507392,0.06407392,0.006550381,1549589577.0,1,0,0,Leift_Clike,0.0,0.0,190.0,1144.0,1334.0
ao9jm1,efzlji7,"Being morbidly obese is a choice, but a little chunky may be due to genetics.",https://www.reddit.com/r/changemyview/comments/ao9jm1/cmv_i_dont_hate_fat_people_but_i_fail_to_see_how//efzlji7/,0.022,0.23667802,0.008277893,0.08840031,0.10221587,0.08558089,0.010421164,1549589785.0,1,0,0,[deleted],,,,,
ao9jm1,efzlu1i,"The way I see it is, I have never really paid too close attention to what I eat and I hate excercise, yet I have always been thin. 

If there are people like me whose natural state is thin, then there are people who default to quite large. Yes, those people could work hard at watching their diet and exercising, but I don't have to do that stuff and I would truly hate it if I did have to. So they are doing the exact same thing I am and by simple bad luck of genetic make-up, getting different results. Doesn't seem fair to be judgmental of them when I don't know that I would be willing to do any thing different in their shoes. ",https://www.reddit.com/r/changemyview/comments/ao9jm1/cmv_i_dont_hate_fat_people_but_i_fail_to_see_how//efzlu1i/,-0.125,0.17025198,0.005569458,0.10363861,0.026609946,0.06302499,0.008259222,1549590016.0,2,0,0,EatYourCheckers,2452.0,39.0,16045.0,378241.0,396777.0
ao9jm1,efzmejz,"Do you choose the food you like? Do you choose the desire to eat such foods? Do you choose the knowledge you have to combat these desires? Do you choose the desire to get up and go to the gym? 

Nothing is a choice. Sometimes you get provoked into doing one thing or another. What we need to do is set up an incentive system prodding people into happy, healthy lives. ",https://www.reddit.com/r/changemyview/comments/ao9jm1/cmv_i_dont_hate_fat_people_but_i_fail_to_see_how//efzmejz/,-0.167,0.04315203,0.001506805,0.018802373,0.003385304,0.019096779,0.007573096,1549590463.0,1,0,0,machineslearnit,0.0,0.0,256.0,4844.0,5100.0
ao9jm1,efzmfev,"Imagine you were a heroin addict, but you couldn't give it up completely, you had to keep it under a certain amount per day - or else you might die younger in four decades time.",https://www.reddit.com/r/changemyview/comments/ao9jm1/cmv_i_dont_hate_fat_people_but_i_fail_to_see_how//efzmfev/,0.25,0.18079062,0.006027222,0.025497584,0.006548621,0.03522326,0.1348172,1549590482.0,3,0,0,blasto_blastocyst,15.0,0.0,15952.0,383441.0,399408.0
ao9jm1,efzmfot,"You don't lose weight studying abroad in Asia because of the food, it's because you walk so much. The same thing will happen any place you move where you don't have a car and need to get around a city.",https://www.reddit.com/r/changemyview/comments/ao9jm1/cmv_i_dont_hate_fat_people_but_i_fail_to_see_how//efzmfot/,-0.298,0.031684756,0.001182556,0.012585391,0.019173764,0.010286893,0.006822242,1549590488.0,1,0,0,improbable_humanoid,99.0,0.0,8878.0,136712.0,145689.0
ao9jm1,efznf9x,"I never thought about obesity from this point of view before. Seeing it as an addiction where there is no possibility of abstinence puts it into perspective. The only other addiction I can think of that has a comparable problem would be a spending addiction, but even in this case you could get someone else to shop and purchase things for you if it really came to that.",https://www.reddit.com/r/changemyview/comments/ao9jm1/cmv_i_dont_hate_fat_people_but_i_fail_to_see_how//efznf9x/,-0.042,0.055274166,0.00243187,0.020988565,0.01756594,0.020579277,0.007288289,1549591253.0,3,0,0,Saxophia,0.0,0.0,640.0,14.0,654.0
ao9jm1,efzo5oa,"I think for the vast majority of obese people, it is a choice, or rather, a lack of the right choice.

I used to stress eat after procrastinating my work. I should have been making the right choice of proactivity, both professionally and in my own well-being. I wasn't making the right choices and my body suffered because of it.

In the last month I have been running, eating healthier, and getting good sleep. And have lost considerable weight because of it!

I always feel misrepresented when people claim ""healthy at every size"" or to ""love your body (no matter what)."" The only thing that got me to change so far has been dissatisfaction with my current state, and satisfaction from making healthy choices.",https://www.reddit.com/r/changemyview/comments/ao9jm1/cmv_i_dont_hate_fat_people_but_i_fail_to_see_how//efzo5oa/,-0.021,0.07845957,0.002059937,0.02119352,0.031722516,0.027841117,0.006977591,1549591825.0,1,0,0,Vice4Food,10.0,0.0,197.0,14691.0,14898.0
ao9jm1,eg02za7,I checked the difference in walking time between my home (Montreal) and where I was on vacation (Seoul). It was the same. I expected to gain weight during my vacation and I lost weight instead. Which is what prompted me to check what the hell is difference between montreal and seoul.,https://www.reddit.com/r/changemyview/comments/ao9jm1/cmv_i_dont_hate_fat_people_but_i_fail_to_see_how//eg02za7/,0.021,0.19124292,0.007896423,0.2356715,0.017364962,0.06023245,0.007456584,1549605177.0,1,0,0,littlebubulle,1030.0,86.0,8504.0,65567.0,75187.0
ao9jm1,eg033tl,"I don't have car. And I walked as much in Seoul as I do regularly in Montreal. I thought it might be all the walking but most of the time, I was sitting and stuffing my face with food and booze.",https://www.reddit.com/r/changemyview/comments/ao9jm1/cmv_i_dont_hate_fat_people_but_i_fail_to_see_how//eg033tl/,-0.208,0.02968135,0.001354218,0.015283971,0.005031709,0.0115029,0.007922632,1549605324.0,1,0,0,littlebubulle,1030.0,86.0,8504.0,65567.0,75187.0
ao9jm1,eg0cuw7,"I'd like to see this scientific research, I'm rather sceptical. ",https://www.reddit.com/r/changemyview/comments/ao9jm1/cmv_i_dont_hate_fat_people_but_i_fail_to_see_how//eg0cuw7/,-0.417,0.027206551,0.001325607,0.015591404,0.005771666,0.0113509,0.007728445,1549620279.0,1,0,0,mightbeanass,25.0,0.0,43.0,12329.0,12397.0
