post_id,comment_id,txt,url,offensiveness_score,Toxicity,Severe Toxicity,Profanity,Identity Attack,Insult,Threat,created,score,total_awards_received,controversiality,user,user_awardee_karma,user_awarder_karma,user_link_karma,user_comment_karma,user_total_karma
41twkg,cz5341e,"Risk is great fun - especially if you play drinking rules and don't particularly care about winning.

Carcassonne is a pretty fun game for a few rounds every now and then - I find 4 players is about ideal.

Exploding Kittens! - I got this for my gf for Christmas and it's really silly but you can certainly get into it.",https://www.reddit.com/r/AskMen/comments/41twkg/whats_your_favourite_cardboard_game//cz5341e/,-0.312,0.11140333,0.00333786,0.06495911,0.004624732,0.046178754,0.010343489,1453289649.0,21,0,0,hilburn,1707.0,18.0,2425.0,258456.0,262606.0
41twkg,cz535zt,"Battlestar Galactica.

Even if you've never seen the show.  It has double-crossing, sleeper agents, fighter pilots, intrigue, massive space battles, and you can fire nuclear weapons.  What's not to love?",https://www.reddit.com/r/AskMen/comments/41twkg/whats_your_favourite_cardboard_game//cz535zt/,-0.354,0.10002319,0.003662109,0.018119188,0.005512681,0.015112923,0.058826666,1453289848.0,19,0,0,Broken_Blade,0.0,0.0,1026.0,37697.0,38723.0
41twkg,cz53atr,OP go out and buy King of Tokyo right now. My 3 roommates and I just got this and it gets daily use. So fucking fun.,https://www.reddit.com/r/AskMen/comments/41twkg/whats_your_favourite_cardboard_game//cz53atr/,0.375,0.60254884,0.2322566,0.7809412,0.028016793,0.2435641,0.012233571,1453290334.0,15,0,0,Getragen,145.0,0.0,302.0,6750.0,7197.0
41twkg,cz55669,If you like Risk you should also try Stratego. ,https://www.reddit.com/r/AskMen/comments/41twkg/whats_your_favourite_cardboard_game//cz55669/,-0.489,0.024260364,0.000896454,0.010535837,0.002025633,0.010818896,0.007767282,1453295968.0,6,0,0,BowsNToes21,0.0,0.0,2126.0,189048.0,191174.0
41twkg,cz55i4o,Risk aka whoever gets Australasia wins,https://www.reddit.com/r/AskMen/comments/41twkg/whats_your_favourite_cardboard_game//cz55i4o/,-0.375,,,,,,,1453296770.0,3,0,0,Micronex,852.0,44.0,26403.0,43108.0,70407.0
41twkg,cz567tm,Clearly Hitler never played Risk as a kid...,https://www.reddit.com/r/AskMen/comments/41twkg/whats_your_favourite_cardboard_game//cz567tm/,0.167,0.1798404,0.006980896,0.024131214,0.044612918,0.031917825,0.008505191,1453298345.0,6,0,0,tenderbranson301,376.0,19.0,12239.0,305226.0,317860.0
41twkg,cz59l4q,"Your friends must be nice.  Monopoly ends up being a random winner for us because everyone is an asshole and refuses to give anyone a monopoly on anything.  

It becomes basically a luck thing and we stopped playing. ",https://www.reddit.com/r/AskMen/comments/41twkg/whats_your_favourite_cardboard_game//cz59l4q/,0.229,0.60311776,0.06011435,0.57488567,0.04925346,0.5678696,0.009747985,1453304247.0,3,0,0,Schmedes,0.0,0.0,125.0,249811.0,249936.0
41twkg,cz5eiyh,Nobody wants your fucking sheep!,https://www.reddit.com/r/AskMen/comments/41twkg/whats_your_favourite_cardboard_game//cz5eiyh/,0.688,0.96069145,0.52891463,0.927271,0.27510223,0.755201,0.07016479,1453311355.0,2,0,0,TacoFlacaFlame,238.0,0.0,17187.0,1870.0,19295.0
41twkg,cz5f9od,I found exploding kittens to lack depth after playing it a few rounds. It gets very samey.,https://www.reddit.com/r/AskMen/comments/41twkg/whats_your_favourite_cardboard_game//cz5f9od/,-0.062,0.2412222,0.016254602,0.07870171,0.014752249,0.023866551,0.3297989,1453312378.0,2,0,0,[deleted],,,,,
41twkg,cz5wjwc,No bridge? Bridge is awesome. ,https://www.reddit.com/r/AskMen/comments/41twkg/whats_your_favourite_cardboard_game//cz5wjwc/,-0.562,0.02826718,0.001688004,0.01442999,0.00379228,0.010704896,0.007741391,1453336338.0,1,0,0,MarchewaJP,0.0,0.0,181.0,13859.0,14040.0
41twkg,cz5z7ed,"Board games: Risk, Life, Monopoly, chess, checkers.

I wish I could remember half the card games I used to play. Need a book of those for relevant occasions.",https://www.reddit.com/r/AskMen/comments/41twkg/whats_your_favourite_cardboard_game//cz5z7ed/,-0.417,0.013257195,0.000815392,0.0113215,0.002007134,0.007512876,0.007340072,1453340562.0,1,0,0,UnhingedSalmon,18.0,0.0,6901.0,22363.0,29282.0
41twkg,cz6deld,"Seven extra men at the beginning of every go, *but you couldn't fucking hold it*",https://www.reddit.com/r/AskMen/comments/41twkg/whats_your_favourite_cardboard_game//cz6deld/,0.812,0.7510937,0.16960317,0.84506536,0.037909906,0.24928534,0.012337137,1453373974.0,1,0,0,grayleikus,0.0,0.0,692.0,20731.0,21423.0
