post_id,comment_id,txt,url,offensiveness_score,Toxicity,Severe Toxicity,Profanity,Identity Attack,Insult,Threat,created,score,total_awards_received,controversiality,user,user_awardee_karma,user_awarder_karma,user_link_karma,user_comment_karma,user_total_karma
a3duj3,eb5ck6t,"They are all about punishing women, end of story",https://fox8.com/2018/12/05/unmarried-pregnant-teacher-fired-from-catholic-school//eb5ck6t/,0.128,0.37751234,0.02296847,0.10611444,0.35948995,0.081261896,0.34804323,1544028383.0,97,0,1,weeburdies,693.0,36.0,453.0,191948.0,193130.0
a3duj3,eb5g3k6,Got to be illegal surely? It certainly would be in the uk. ,https://fox8.com/2018/12/05/unmarried-pregnant-teacher-fired-from-catholic-school//eb5g3k6/,-0.25,0.10522962,0.002355576,0.014327513,0.04641757,0.02425329,0.007793174,1544030916.0,1924,0,0,matej86,1047.0,187.0,19221.0,125346.0,145801.0
a3duj3,eb5gtj3,"I wonder if they'd be so harsh on a man who got his girlfriend pregnant. 
ETA: if you have any evidence of gender equity in their treatment of this situation I'm still waiting for it, seriously. Replying ""Yes"" does little to convince me. ",https://fox8.com/2018/12/05/unmarried-pregnant-teacher-fired-from-catholic-school//eb5gtj3/,0.0,0.10089093,0.002746582,0.020851927,0.037909906,0.016860934,0.010938995,1544031391.0,572,0,0,eros_bittersweet,3209.0,847.0,15689.0,259737.0,279482.0
a3duj3,eb5gyan,"I used to be a cafeteria Catholic then a reluctant Catholic now I am just ashamed to be one. This is one of so many examples of hypocrisy so it's not just the horrific sexual scandals but their attitudes towards women, the sick, those who they are supposed to be all about serving.",https://fox8.com/2018/12/05/unmarried-pregnant-teacher-fired-from-catholic-school//eb5gyan/,0.17,0.4402136,0.023076924,0.17987521,0.43896464,0.40975618,0.013010317,1544031478.0,11,0,1,[deleted],,,,,
a3duj3,eb5iiqn,"Actually, since his employer was the Catholic Church, it's not illegal. While cancer is a protected disability under the ADA, religious institutions and entities they control are exempt from implementing the ADA.",https://fox8.com/2018/12/05/unmarried-pregnant-teacher-fired-from-catholic-school//eb5iiqn/,0.0,0.09785384,0.001993179,0.012004685,0.07921951,0.023479814,0.006395032,1544032507.0,433,0,0,BEEFTANK_Jr,156.0,0.0,9547.0,387051.0,396754.0
a3duj3,eb5km6n,So they are tax exempt and law exempt. It's can't be that easy.,https://fox8.com/2018/12/05/unmarried-pregnant-teacher-fired-from-catholic-school//eb5km6n/,-0.447,0.017718147,0.000658035,0.010040528,0.002099628,0.010324894,0.006291465,1544033875.0,17,0,0,Meek_Triangle,0.0,0.0,2.0,5378.0,5380.0
