post_id,comment_id,txt,url,offensiveness_score,Toxicity,Severe Toxicity,Profanity,Identity Attack,Insult,Threat,created,score,total_awards_received,controversiality,user,user_awardee_karma,user_awarder_karma,user_link_karma,user_comment_karma,user_total_karma
bfcbhu,elcjde2,"Its funny cus Christians are often comical in their sense of materialism and lack of resolve when it comes to helping those in need, yet often claim the moral highground over others.",https://i.imgur.com/OxJOvRc.jpg/elcjde2/,0.25,0.30502358,0.008773804,0.04065997,0.36702603,0.16853803,0.007197669,1555768090.0,14,0,1,yallxisxtrippin,385.0,141.0,114.0,63710.0,64350.0
bfcbhu,elcovl8,I heard the alarm company cleared the notification figuring it was just a false alarm.,https://i.imgur.com/OxJOvRc.jpg/elcovl8/,-0.447,0.036634352,0.001058579,0.014874061,0.003255812,0.015568925,0.0077155,1555772383.0,3,0,0,misterwizzard,864.0,0.0,2180.0,145757.0,148801.0
bfcbhu,eljleg9,Oh man that’s a murder if I’ve ever seen one,https://i.imgur.com/OxJOvRc.jpg/eljleg9/,-0.021,0.37751234,0.023076924,0.17380778,0.025002124,0.06285016,0.34839883,1555986345.0,2,0,0,college_bound2020,0.0,0.0,80.0,4968.0,5048.0
bfcbhu,elm8pxv,At the risk of not being able to ‘decipher figurative English speech’ I also figured the same. Can I write my own list of ‘just about everything else’ cuz this Cathedral is a work of art and I’m not sure what rubric we are using for importance anymore so I’d like to be a contender for some things here.,https://i.imgur.com/OxJOvRc.jpg/elm8pxv/,-0.292,0.1100022,0.002689362,0.022286616,0.055673428,0.034672357,0.007158832,1556065243.0,2,0,0,tekie49,35.0,261.0,1392.0,3691.0,5379.0
bfcbhu,eln05x3,Lol it’s kind of our lives to dig now eh?,https://i.imgur.com/OxJOvRc.jpg/eln05x3/,-0.362,0.11161,0.003833771,0.043415543,0.005031709,0.027605021,0.008272167,1556088478.0,2,0,0,tekie49,35.0,261.0,1392.0,3691.0,5379.0
bfcbhu,elpnh3x,I love people using our religion to push their political agenda. If you want us to stay out of your business you better stay the hell away from ours.,https://i.imgur.com/OxJOvRc.jpg/elpnh3x/,0.062,0.41690505,0.023076924,0.36230123,0.17925262,0.26957804,0.046218675,1556159316.0,1,0,0,weedlepete,0.0,19.0,,,19.0
bfcbhu,elq20ds,"People don’t need religion or churches to be good, and we certainly don’t need to donate money to some shitty old ass church, fuck your stained glass.",https://i.imgur.com/OxJOvRc.jpg/elq20ds/,0.766,0.9288007,0.45895407,0.902047,0.55044734,0.69164425,0.03165977,1556170859.0,1,0,0,[deleted],,,,,
bfcbhu,elqqho1,"The Vatican has walls full of priceless works of art, the church of the nativity in Bethlehem has a wall made of solid gold inlayed with gems and jewels. 
They can pay to fix their own bloody church!",https://i.imgur.com/OxJOvRc.jpg/elqqho1/,0.271,0.45757914,0.023176458,0.1719469,0.43896464,0.45135358,0.025961896,1556197632.0,1,0,0,Lesinator,495.0,5263.0,11018.0,86901.0,103677.0
bfcbhu,elw1i8i,"The church doesn’t own that church,  France does....",https://i.imgur.com/OxJOvRc.jpg/elw1i8i/,-0.229,0.07608539,0.00164032,0.01261955,0.051580742,0.017420914,0.006220264,1556336549.0,1,0,0,Bjor13,0.0,0.0,1.0,2466.0,2467.0
