post_id,comment_id,txt,url,offensiveness_score,Toxicity,Severe Toxicity,Profanity,Identity Attack,Insult,Threat,created,score,total_awards_received,controversiality,user,user_awardee_karma,user_awarder_karma,user_link_karma,user_comment_karma,user_total_karma
7k945q,drcgyvj,"> It appears to me that we've gotten to a point where liberals and conservatives hate each other with such passion, that those who disagree with us are seen as the enemy.

Liberals don't hate conservatives. There are lots of conservatives that are normal people who just have differing views on some subjects. These are people who are willing to come to a middle ground and work things out.

Now, replace ""conservative"" with ""Donald Trump supporter"" and you're closer to the mark. But not all conservatives support Trump. Just the ones that deserve pity.",https://www.reddit.com/r/changemyview/comments/7k945q/cmv_the_biggest_problem_with_american_politics_is//drcgyvj/,0.083,0.15822013,0.002822876,0.020851927,0.046159767,0.0806213,0.008285114,1513454449.0,-8,0,1,WippitGuud,3252.0,107.0,246166.0,785062.0,1034587.0
7k945q,drchb99,"Do you think there are *some* beliefs where it's reasonable to assume someone is your enemy for taking them? Surely it's not right to vilify someone just because they prefer a different healthcare or education scheme or want the top marginal tax rate to be 10% different from what you'd prefer, but it seems just as unreasonable to expect, say, queer Americans to not view people actively trying to erode or prevent their rights as enemies. ",https://www.reddit.com/r/changemyview/comments/7k945q/cmv_the_biggest_problem_with_american_politics_is//drchb99/,0.0,0.22980402,0.006752014,0.09551262,0.18391247,0.0838533,0.00899713,1513454895.0,39,0,0,[deleted],,,,,
7k945q,drchnoo,"""Moving forward"" towards what? Perhaps the reason that politics is so polarized is that the issues we are discussing are unable to be compromised without similarly compromising our principles. For instance, there can be no compromise between myself and my politics and the alt-right. They are incompatible. ",https://www.reddit.com/r/changemyview/comments/7k945q/cmv_the_biggest_problem_with_american_politics_is//drchnoo/,-0.042,0.061444655,0.001602173,0.018665737,0.008324518,0.026444806,0.007521313,1513455354.0,5,0,0,Mitoza,5513.0,0.0,3599.0,64771.0,73883.0
7k945q,drcifgf,"Historically, this has been the case.  It's unfortunate, but it's just the nature of politics, as well as human nature.  

However, I think that there is very little, if any, real hatred in politics.  The issue is that the social problems at hand are so complex and debatable, they are to sell with just objective data.  For any data set I give you in the affirmative, there are several that can refute it.  That leaves no other option but to push agendas by painting the 'other side' in a negative way.

That said, it is a problem when personal attacks become front and center in political discourse.  All we can do as a people is see through these games, and focus on the facts, difficult as it may be.",https://www.reddit.com/r/changemyview/comments/7k945q/cmv_the_biggest_problem_with_american_politics_is//drcifgf/,0.042,0.056263726,0.001344681,0.017162729,0.006141644,0.027347196,0.007197669,1513456360.0,-1,0,0,YoungTruuth,28.0,0.0,2854.0,2755.0,5637.0
7k945q,drcimwy,"Money. 

Money in politics is a bigger issue than partisan bickering. Honestly, I don’t care if someone views me a the enemy if I can still use evidence and reason to ensure the proper incentives for good structure. I definitely do care if me and my well meaning political opponents are both undermined by monetary incentives to the people with power  ",https://www.reddit.com/r/changemyview/comments/7k945q/cmv_the_biggest_problem_with_american_politics_is//drcimwy/,0.083,0.112333365,0.002822876,0.03239325,0.008361516,0.037395194,0.00866054,1513456627.0,3,0,1,fox-mcleod,4188.0,1750.0,40013.0,291164.0,337115.0
7k945q,drciuk4,"This isn't a matter of ""disagreement"". 

People who explicitly attack your way of life and want to restrict how you live it literally *are* your enemies. There's no other way to view it. 

The difference today is that in the past people didn't hear these messages stated out in the open so widely as they do now.

Therefore we didn't realize how many of our neighbors actually *were* our enemies. In fact, I would say that this openness helps in the long run.

In absolute numbers, there really are fewer such people today than in the past, because people talk about it openly. Racism and sexism are, in the arrow of history, still declining over time. We just hear about it more now.",https://www.reddit.com/r/changemyview/comments/7k945q/cmv_the_biggest_problem_with_american_politics_is//drciuk4/,0.146,0.09785384,0.002880096,0.032894265,0.011321344,0.030265106,0.012647836,1513456902.0,67,0,0,hacksoncode,4843.0,0.0,55265.0,328825.0,388933.0
7k945q,drckzm7,"There are Trump supporters who are just normal people with different views. You're contributing to the problem OP is describing, basically saying ""We don't hate those who disagree with us. We just hate those who *really* disagree with us.""

I mean I'm far from a Trump fan and I would never in a million years vote for the man, but I know people who did and I don't hate or pity them. I respect them as humans and try to understand their choices, even the ones I firmly and vehemently disagree with.",https://www.reddit.com/r/changemyview/comments/7k945q/cmv_the_biggest_problem_with_american_politics_is//drckzm7/,0.062,0.17111848,0.004348755,0.053435806,0.038683333,0.0806213,0.009463178,1513459674.0,6,0,0,Quimera_Caniche,0.0,0.0,484.0,15472.0,15956.0
7k945q,drclol7,I never said I hated anyone.,https://www.reddit.com/r/changemyview/comments/7k945q/cmv_the_biggest_problem_with_american_politics_is//drclol7/,-0.234,0.10609736,0.003089905,0.04792466,0.021786476,0.021546122,0.009281937,1513460552.0,-1,0,1,WippitGuud,3252.0,107.0,246166.0,785062.0,1034587.0
7k945q,drcpkvi,"I'd say healthcare is also an area where many people are justified in vilifying the opposing side, since GOP policies are likely to result in a lot of premature deaths. Anyone with a serious preexisting condition would be perfectly accurate in considering the GOP their mortal enemy.",https://www.reddit.com/r/changemyview/comments/7k945q/cmv_the_biggest_problem_with_american_politics_is//drcpkvi/,-0.043,0.1269396,0.004138947,0.023516348,0.026408968,0.058475737,0.039947584,1513465455.0,12,0,0,ItsAConspiracy,526.0,0.0,19389.0,136599.0,156514.0
7k945q,drcr0j1,"I would say both sides are guilty of this, but the left is more guilty than the right. ",https://www.reddit.com/r/changemyview/comments/7k945q/cmv_the_biggest_problem_with_american_politics_is//drcr0j1/,-0.333,0.10696511,0.001974106,0.014464149,0.018068384,0.04149419,0.009048914,1513467301.0,-17,0,1,[deleted],,,,,
7k945q,drcrydm,"Examples of ""the left"" in government delivering a list of banned words to an entity please.",https://www.reddit.com/r/changemyview/comments/7k945q/cmv_the_biggest_problem_with_american_politics_is//drcrydm/,-0.208,0.039226998,0.001044273,0.010894509,0.009434453,0.017743196,0.007029374,1513468523.0,42,0,0,[deleted],,,,,
7k945q,drcu7xh,"Fair enough, I didn't mean to imply that you did.  Replace ""we"" with ""liberals"" and my point stands.",https://www.reddit.com/r/changemyview/comments/7k945q/cmv_the_biggest_problem_with_american_politics_is//drcu7xh/,0.062,0.028031485,0.000801086,0.010262563,0.00828752,0.014086916,0.006375613,1513471452.0,1,0,0,Quimera_Caniche,0.0,0.0,484.0,15472.0,15956.0
7k945q,drcx8yw,"The left doesn't outright deliver a list of banned words, you're right. 
I would argue that the left is primarily responsible determining what words are appropriate or inappropriate to say in society.  For example, I have seen the left heavily attack people that use whatever language is deemed to be inappropriate, or even further, they heavily attack people that don't use the language deemed to be correct. 

Transgender pronouns are the best example I can think of regarding this.",https://www.reddit.com/r/changemyview/comments/7k945q/cmv_the_biggest_problem_with_american_politics_is//drcx8yw/,0.146,0.21642438,0.004882813,0.030389199,0.22458547,0.0818789,0.01086132,1513475609.0,5,0,1,[deleted],,,,,
7k945q,drczut6,"See? That's not really the left. You're comparing officials in our government banning words to a Tumblr mob getting some poor sop fired. The two aren't comparable at all, and it shows your bias.",https://www.reddit.com/r/changemyview/comments/7k945q/cmv_the_biggest_problem_with_american_politics_is//drczut6/,0.125,0.17458448,0.002937317,0.021056883,0.011247349,0.082619295,0.00915248,1513479056.0,24,0,0,Rengiil,510.0,66.0,15657.0,76968.0,93201.0
7k945q,drd004t,"I consider myself to be a left leaning independent, if that provides some context. ",https://www.reddit.com/r/changemyview/comments/7k945q/cmv_the_biggest_problem_with_american_politics_is//drd004t/,-0.542,0.024260364,0.000839233,0.012073003,0.00899048,0.0115029,0.006440342,1513479251.0,2,0,1,[deleted],,,,,
7k945q,drd0969,"It does, I didn't necessarily mean some conservative bias. Though that was at the forefront of my mind. But it can also be something like a topical internet bias. It's easy to poke fun at the ""54378 genders"" people. But I believe it's a much larger step forward when one elects representatives in government who have a list of banned words that our agencies can't use. Saying that the left is more guilty of this seems criminally unfair when compared to actual government banned words.",https://www.reddit.com/r/changemyview/comments/7k945q/cmv_the_biggest_problem_with_american_politics_is//drd0969/,-0.083,0.09394901,0.002231598,0.024814399,0.0233943,0.03489272,0.008272167,1513479573.0,17,0,0,Rengiil,510.0,66.0,15657.0,76968.0,93201.0
7k945q,drd0u8w,"Allow me to revise my statement:

The left plays a larger role in shaping the language allowed and disallowed in our society. ",https://www.reddit.com/r/changemyview/comments/7k945q/cmv_the_biggest_problem_with_american_politics_is//drd0u8w/,-0.292,0.09481675,0.001850128,0.013439372,0.032753747,0.0279513,0.007495422,1513480368.0,14,0,0,[deleted],,,,,
7k945q,drd1vm1,"Huh, yeah I'd have to agree with that. Don't very much have a response to it either. ",https://www.reddit.com/r/changemyview/comments/7k945q/cmv_the_biggest_problem_with_american_politics_is//drd1vm1/,-0.375,0.026617315,0.001134872,0.015864678,0.003847777,0.011046898,0.00713294,1513481800.0,2,0,0,Rengiil,510.0,66.0,15657.0,76968.0,93201.0
7k945q,drd2jap,"It's not a direct comparison, you're right. ",https://www.reddit.com/r/changemyview/comments/7k945q/cmv_the_biggest_problem_with_american_politics_is//drd2jap/,-0.63,0.010932474,0.000472069,0.010501678,0.001951637,0.007512876,0.006071387,1513482715.0,3,0,0,[deleted],,,,,
7k945q,drd2leo,"Are they comparable in severity? If the left is trying to control the discourse by convincing people that certain language is acceptable is that a problem, especially compared to the right legislating the discourse?",https://www.reddit.com/r/changemyview/comments/7k945q/cmv_the_biggest_problem_with_american_politics_is//drd2leo/,-0.125,0.028031485,0.000762939,0.010433359,0.006844604,0.013326911,0.006556854,1513482798.0,3,0,0,cstar1996,645.0,39.0,3150.0,79805.0,83639.0
7k945q,drd2vco,"The right legislating the discourse is more severe than the left trying to control the discourse.  Although, I would argue that this one off instance of the left trying to legislate the discourse (the CDC memo) will have a much lesser impact on our society than the overall effect of the left trying to control the discourse through other means.",https://www.reddit.com/r/changemyview/comments/7k945q/cmv_the_biggest_problem_with_american_politics_is//drd2vco/,-0.104,0.051563308,0.001602173,0.014293353,0.013345404,0.025413504,0.007935578,1513483192.0,3,0,0,[deleted],,,,,
7k945q,drd317c,How is the CDC memo the left legislating discourse? The right is explicitly using the executive to limit the words that can be used in the dialogue.,https://www.reddit.com/r/changemyview/comments/7k945q/cmv_the_biggest_problem_with_american_politics_is//drd317c/,0.022,0.015456256,0.000534058,0.009869732,0.003607291,0.009032886,0.006356194,1513483433.0,6,0,0,cstar1996,645.0,39.0,3150.0,79805.0,83639.0
7k945q,drdn997,"Yea I read and askreddit post a while back where a foreigner asked Americans why we use the phrases The War on x or
 The battle over x so loosely. Apparently crazy foreigners only use those terms for actual violent things and not to describe domestic policy squabbles!",https://www.reddit.com/r/changemyview/comments/7k945q/cmv_the_biggest_problem_with_american_politics_is//drdn997/,0.083,0.41168427,0.023599008,0.2847897,0.44690517,0.40698266,0.053007595,1513526673.0,1,0,0,wiseguy_86,20.0,0.0,410.0,24793.0,25223.0
7k945q,drdnnxg,"I can only try to change your view by offering problems that may be larger - I just can’t downplay the importance of your point. 

1. The method we use to vote (referred to as “first past the post” I believe) will always lead to a two party system. If we change the method used for voting, we would have more choices; it would no longer be us vs. them. 

2. It is human nature to stay away from perspectives we disagree with. Viewing the other side as the enemy is just a small part of this problem.",https://www.reddit.com/r/changemyview/comments/7k945q/cmv_the_biggest_problem_with_american_politics_is//drdnnxg/,-0.188,0.038048524,0.001139641,0.013849284,0.003829278,0.020256994,0.007353018,1513527221.0,1,0,0,Mooch07,286.0,36.0,2397.0,43025.0,45744.0
7k945q,drdoo9s,The problem is the inability to separate a political opponent from an actual enemy. It’s a complete lack of nuance.,https://www.reddit.com/r/changemyview/comments/7k945q/cmv_the_biggest_problem_with_american_politics_is//drdoo9s/,-0.146,0.048842013,0.000972748,0.011902207,0.003089321,0.020321451,0.007210615,1513528535.0,1,0,0,Gil_V,143.0,228.0,1764.0,64471.0,66606.0
7k945q,drdpeba,You are actually spot on here. I ha e stopped claiming I’m part of one political party for this reason.,https://www.reddit.com/r/changemyview/comments/7k945q/cmv_the_biggest_problem_with_american_politics_is//drdpeba/,-0.532,0.02873857,0.000796318,0.013131939,0.004328749,0.013364912,0.006284993,1513529448.0,1,0,0,cj1sock,234.0,309.0,5518.0,12197.0,18258.0
7k945q,drdqpn6,That is a much more eloquent way of saying what I was trying to say.  Thanks!,https://www.reddit.com/r/changemyview/comments/7k945q/cmv_the_biggest_problem_with_american_politics_is//drdqpn6/,-0.667,0.012880214,0.000839233,0.012551232,0.001886891,0.007949878,0.007081157,1513531058.0,1,0,0,[deleted],,,,,
7k945q,drdr01s,"I know this is change-my-view, but I think you're right. I'd add to it the additional bit that each side doesn't understand the other, and refuses to try.",https://www.reddit.com/r/changemyview/comments/7k945q/cmv_the_biggest_problem_with_american_politics_is//drdr01s/,-0.34,0.03309893,0.001239777,0.016752819,0.007288578,0.014276917,0.008453408,1513531407.0,1,0,0,BeABetterHumanBeing,443.0,36.0,59.0,50586.0,51124.0
7k945q,drdsna4,"They are the enemy, you are more likely to be negatively affected by Trump administration than by North Korea. CMV.

Don't get me wrong, republicans think the same way. Obama was worse than Putin in their view. They actually admire Putin.",https://www.reddit.com/r/changemyview/comments/7k945q/cmv_the_biggest_problem_with_american_politics_is//drdsna4/,0.208,0.2330714,0.004634857,0.02303812,0.05794714,0.15769513,0.008867673,1513533396.0,1,0,0,atred,1162.0,85.0,357.0,170912.0,172516.0
7k945q,drdvg64,Amen brother. Never would have I imagined that people would become so stuck in their ways... it's hard to see the path that Reddit and other social medias have been heading down ,https://www.reddit.com/r/changemyview/comments/7k945q/cmv_the_biggest_problem_with_american_politics_is//drdvg64/,-0.146,0.03192045,0.001316071,0.01805087,0.009175468,0.013364912,0.008246276,1513536504.0,1,0,0,Steez-n-Treez,0.0,0.0,82990.0,28248.0,111238.0
7k945q,drdwzcd,Kind of true but I think the biggest problem is money I politics. Lobbyists are be lost undemocratic thing in our country when paired with Citizens United ,https://www.reddit.com/r/changemyview/comments/7k945q/cmv_the_biggest_problem_with_american_politics_is//drdwzcd/,-0.255,0.039226998,0.001115799,0.014293353,0.008435511,0.017163089,0.00713294,1513538155.0,1,0,0,doesnt_reallymatter,412.0,387.0,1373.0,58893.0,61065.0
7k945q,dre2zcq,"Would you consider a thief an enemy? Or someone who extorts you for money? These people are extorters, and if you don't comply they'll send their goons to kidnap you.

And worse of all, they kill innocent people around the world on our behalf.

Of course they're our enemies.",https://www.reddit.com/r/changemyview/comments/7k945q/cmv_the_biggest_problem_with_american_politics_is//dre2zcq/,0.438,0.3972142,0.023076924,0.16496858,0.07673789,0.40243408,0.34804323,1513544505.0,1,0,0,acCripteau,0.0,0.0,2226.0,1648.0,3874.0
7k945q,dre4c0j,This is true in that everyone is fixated on the wrong enemy. The enemy of the people is the rich. ,https://www.reddit.com/r/changemyview/comments/7k945q/cmv_the_biggest_problem_with_american_politics_is//dre4c0j/,-0.146,0.11378009,0.002880096,0.015557245,0.052490227,0.034011267,0.01101667,1513545882.0,1,0,0,mammaliens,13.0,0.0,763.0,1086.0,1862.0
7k945q,dre4scn,"If you want to take away my rights because of something I was born with and didn’t choose, you are my fucking enemy.",https://www.reddit.com/r/changemyview/comments/7k945q/cmv_the_biggest_problem_with_american_politics_is//dre4scn/,0.681,0.8778702,0.3532795,0.90150756,0.10221587,0.54471385,0.063999176,1513546358.0,1,0,0,AntiAbleism,3896.0,1174.0,,,5070.0
7k945q,drep66z,It's the right legislating discourse. Had a brain fart when I wrote it :P,https://www.reddit.com/r/changemyview/comments/7k945q/cmv_the_biggest_problem_with_american_politics_is//drep66z/,0.021,0.45757914,0.023076924,0.36230123,0.022188433,0.41530323,0.010783645,1513569771.0,1,0,0,[deleted],,,,,
7k945q,drezvbu,"The biggest problem is the multi-party system. We need a one party state, a government that is wholly and entirely nationalistic, with principles founded in tradition, societal pillars, conservatism and conservationism, which values the collective above and, and ever strides towards a better future, preserving the fire of tradition while in it, forging the steel of tomorrow.",https://www.reddit.com/r/changemyview/comments/7k945q/cmv_the_biggest_problem_with_american_politics_is//drezvbu/,-0.208,0.07845957,0.002069473,0.017845914,0.024600167,0.027476108,0.00838868,1513590233.0,1,0,0,[deleted],,,,,
7k945q,drfd1tt,"I propose an issue that hinders us from moving forward even more so - a complete disregarding for facts and evidence from one of the sides, replaced with magical thinking, fear mongering, bogeyman, and adherence to the word of authoritarian figures even though their claims have no basis in reality.   

How do you even argue with someone when they are completely disconnected from reality, refuse to acknowledge reality, and brand any effort to correct them as ""fake news"" or ""liberal/leftist brainwashing""?   It seems that these people are impervious to being reasoned with. ",https://www.reddit.com/r/changemyview/comments/7k945q/cmv_the_biggest_problem_with_american_politics_is//drfd1tt/,0.125,0.19789438,0.003528595,0.02795705,0.04023018,0.14150882,0.007844958,1513613223.0,1,0,0,gamefaqs_astrophys,171.0,0.0,23981.0,286173.0,310325.0
7k945q,drfl5t1,"The modern fight is not between Liberals and Conservatives but between both of them and Post-Modernists, imho.  It'd help, at least, to understand where the battle-lines are drawn.",https://www.reddit.com/r/changemyview/comments/7k945q/cmv_the_biggest_problem_with_american_politics_is//drfl5t1/,-0.229,0.019226074,0.000700951,0.010518758,0.007954539,0.009602889,0.006874025,1513621668.0,1,0,0,Godskook,424.0,0.0,995.0,37754.0,39173.0
7k945q,drjehg7,"I disagree with your premise. If you go talk to the average American, you'll find that you have more in common than not. The Media knows that the US v. Them narrative is powerful, so they run with it. I love America, I'm a liberal, but I know that I simply have a different view of what America should be than your average Trump voter. I hope that they give me the same curtesy when critiquing my political inclinations.  ",https://www.reddit.com/r/changemyview/comments/7k945q/cmv_the_biggest_problem_with_american_politics_is//drjehg7/,-0.125,0.10826672,0.002260208,0.023652986,0.034042787,0.038566336,0.0084793,1513803653.0,1,0,0,jaytehman,142.0,476.0,5478.0,16546.0,22642.0
7k945q,drka2bp,"Except that the radical conservatives and radical liberals are the enemy.

Radical conservatives push racism and cultural traditionalism to a degree that is infinitely harmful to almost everyone in the country. This does nothing but restrict the freedom and intellectualism of the population.

Radical liberals are extremely misandrist and racist towards whites and have no concept of how economics work.

At the end of the day both camps are mindless drones that seek the restriction of necessary liberties like freedom of speech and personal autonomy. There are not enough moderates in the US to fix the issue.",https://www.reddit.com/r/changemyview/comments/7k945q/cmv_the_biggest_problem_with_american_politics_is//drka2bp/,-0.021,0.38434127,0.01483436,0.060951006,0.38238457,0.36939126,0.012285355,1513846341.0,1,0,0,[deleted],,,,,
7k945q,drmmiui,"They are the enemy. We are engaged in a cold war to steer this nation toward what we respectively want it to be. We want greatness and hope, they want exclusion and security above all other considerations. There is no way to put this aside, any attempt to do so would be a falsehood. I'm not going to weaken myself just to play nice with ignorant bigots. Frankly can't wait for them to die off. Sorry, was I supposed to be reconsiliatory in this thread? Forget it.",https://www.reddit.com/r/changemyview/comments/7k945q/cmv_the_biggest_problem_with_american_politics_is//drmmiui/,0.404,0.4269174,0.019611536,0.1765991,0.08004672,0.46327567,0.13815513,1513967513.0,1,0,0,Madhatter25224,1731.0,0.0,329.0,145750.0,147810.0
7k945q,dt6hg39,"The biggest problem with American politics is that our politicians are all bought.  ""Government is the entertainment division of the military industrial complex.""  What this means is that the ""liberals vs conservatives"" stuff is a farce.  It's a show they put on to make us think our opinions matter when all that really matters is money.",https://www.reddit.com/r/changemyview/comments/7k945q/cmv_the_biggest_problem_with_american_politics_is//dt6hg39/,-0.104,0.165053,0.00289917,0.031641733,0.035589635,0.08212569,0.007547205,1516820896.0,1,0,0,BobbyGabagool,289.0,0.0,,,289.0
7k945q,du9hb3p,I will always see someone who doesn't view me as a person my enemy.,https://www.reddit.com/r/changemyview/comments/7k945q/cmv_the_biggest_problem_with_american_politics_is//du9hb3p/,-0.25,0.054037213,0.001726151,0.019075647,0.006585619,0.013592913,0.011922873,1518655357.0,1,0,0,justathrowaway5567,0.0,0.0,525.0,2832.0,3357.0
7k945q,du9rrh5,"Who doesn't see you as a person, if you don't mind me asking?",https://www.reddit.com/r/changemyview/comments/7k945q/cmv_the_biggest_problem_with_american_politics_is//du9rrh5/,-0.146,0.123468354,0.002727509,0.020988565,0.005068706,0.039737478,0.008556974,1518667609.0,1,0,0,[deleted],,,,,
7k945q,du9rtx7,Just go check T_D out. You really expect me to play nice with these people? They'd hang me if they had their way. ,https://www.reddit.com/r/changemyview/comments/7k945q/cmv_the_biggest_problem_with_american_politics_is//du9rtx7/,0.089,0.28674445,0.012833111,0.08225787,0.007362573,0.036435258,0.34804323,1518667693.0,1,0,0,justathrowaway5567,0.0,0.0,525.0,2832.0,3357.0
7k945q,du9wciz,"I don't know anything about you, and I am not a conservative, but I believe you're being hyperbolic.  What would they dislike about you so much?

Edit: Looked through your post history, and I'm assuming you're trans.  While I believe that they would be not friendly to you on the whole, I also think that they wouldn't try to hang you, nor would they deny you humanity.  But then again, I'm just guessing.",https://www.reddit.com/r/changemyview/comments/7k945q/cmv_the_biggest_problem_with_american_politics_is//du9wciz/,0.042,0.26859093,0.012359619,0.11477985,0.22707681,0.14512913,0.075531214,1518673888.0,1,0,0,[deleted],,,,,
7k945q,du9wm0w,"Just spend some time on that sub to see what I mean. Of course not all of them are like that, but there's enough of them who are so I don't trust them. Plenty of resources on here that showcase what they spout. I don't have any issues with conservatives. I have issues with people who don't think I should have civil rights. 

I take threats seriously. ",https://www.reddit.com/r/changemyview/comments/7k945q/cmv_the_biggest_problem_with_american_politics_is//du9wm0w/,0.125,0.2359567,0.010528564,0.15019037,0.09410924,0.0836065,0.044278983,1518674301.0,1,0,0,justathrowaway5567,0.0,0.0,525.0,2832.0,3357.0
7k945q,dvf4bbr,I love how this thread instantly went into gun debates.,https://www.reddit.com/r/changemyview/comments/7k945q/cmv_the_biggest_problem_with_american_politics_is//dvf4bbr/,-0.354,0.10739898,0.00459671,0.027547138,0.00847251,0.013934915,0.055917133,1520576727.0,1,0,0,CodenamePeaches,603.0,0.0,19192.0,21340.0,41135.0
