post_id,comment_id,txt,url,offensiveness_score,Toxicity,Severe Toxicity,Profanity,Identity Attack,Insult,Threat,created,score,total_awards_received,controversiality,user,user_awardee_karma,user_awarder_karma,user_link_karma,user_comment_karma,user_total_karma
awu037,ehp55a8,I'm curious to know what his opinions on same sex marriage are.,https://www.idahostatesman.com/news/politics-government/state-politics/article226944034.html/ehp55a8/,-0.261,0.17371799,0.00415802,0.06546012,0.10221587,0.022448512,0.007327127,1551621260.0,1545,0,0,ritathecat,48.0,0.0,268.0,31493.0,31809.0
awu037,ehp64sy,See the link above.  The person making this quote supported same-sex marriage.,https://www.idahostatesman.com/news/politics-government/state-politics/article226944034.html/ehp64sy/,-0.146,0.22177623,0.00541687,0.045419596,0.20088354,0.043250903,0.007236506,1551622385.0,182,0,0,[deleted],,,,,
awu037,ehp6iku,Will they let us drink real beer then?,https://www.idahostatesman.com/news/politics-government/state-politics/article226944034.html/ehp6iku/,-0.438,0.021314176,0.001001358,0.013063621,0.002904332,0.009640889,0.007158832,1551622788.0,63,0,0,Jmanr6,0.0,15.0,1484.0,7386.0,8885.0
awu037,ehp6v14,"So you’re saying two 17 year olds are old enough to have sex and a baby, but not get married?  I think that is where it bogged down, at least that is what the article implies.",https://www.idahostatesman.com/news/politics-government/state-politics/article226944034.html/ehp6v14/,0.106,0.3389984,0.015931819,0.18356428,0.025404079,0.071433455,0.018537397,1551623159.0,-60,0,0,Sportin1,0.0,14.0,1.0,4137.0,4152.0
awu037,ehp74gs,"It’s more like what is realistic. Whatever your views on seventeen year olds having sex, it is always gonna happen, and sometimes they will get pregnant. I don’t think seventeen year olds are old enough to get pregnant, but it’s gonna happen. 

Child marriages, on the other hand, are very easily avoided.",https://www.idahostatesman.com/news/politics-government/state-politics/article226944034.html/ehp74gs/,0.128,0.3234372,0.01573815,0.19278693,0.030691283,0.05964688,0.020609349,1551623430.0,82,0,0,mankytoes,944.0,347.0,4338.0,393970.0,399599.0
awu037,ehp7rvp,Republicans always have the most radical and prehistoric ideas. I’m independent but dam GOP is really fucked up.,https://www.idahostatesman.com/news/politics-government/state-politics/article226944034.html/ehp7rvp/,0.583,0.78855824,0.31905776,0.79449326,0.36803186,0.5497792,0.013631714,1551624072.0,1,0,1,[deleted],,,,,
awu037,ehpvam2,GOP to women:  shut up and get back in the kitchen.,https://www.idahostatesman.com/news/politics-government/state-politics/article226944034.html/ehpvam2/,0.438,0.7105462,0.16960317,0.34682226,0.5135796,0.6308392,0.13211988,1551642856.0,0,0,1,loki_hellsson,55.0,6.0,1.0,9790.0,9852.0
awu037,ehpz3ea,"Conservatives are always on THAT side of things. Here is a short list of things Conservatives have caught for or against in the past that are either gone or still available despite them. 

Anti revolution pro loyalty to Britain 
Pro slavery
Against the 40 hour work week
Against the 5 day work week
Pro child labor 
Against blacks having right to vote 
Against women’s right to vote 
Anti Civil rights movement 
Pro Vietnam war 
Against interracial marriages 
Pro segregation 
Pro separate but equal schools 
For the wars in Iraq / Afghanistan 
Against the healthcare act 
For the wall 


Feel free to add to this list. 

",https://www.idahostatesman.com/news/politics-government/state-politics/article226944034.html/ehpz3ea/,0.083,0.25915736,0.007858276,0.032894265,0.28034934,0.11978693,0.011922873,1551645731.0,-6,0,1,JessRoyall,1398.0,227.0,10229.0,30774.0,42628.0
