post_id,comment_id,txt,url,offensiveness_score,Toxicity,Severe Toxicity,Profanity,Identity Attack,Insult,Threat,created,score,total_awards_received,controversiality,user,user_awardee_karma,user_awarder_karma,user_link_karma,user_comment_karma,user_total_karma
aaahgo,ecqqqyw,"Fuck that's sad. Fuck antivaxers!
I hope the respondant mother (of the child who passed away) finds peace.",https://i.redd.it/wvy18k6ex0721.png/ecqqqyw/,0.833,0.95048624,0.52891463,0.927271,0.39870077,0.6407567,0.09776353,1546018759.0,125,0,0,sonicboi,113.0,0.0,1174.0,54707.0,55994.0
aaahgo,ecr1i8g,Could you pm me the link?,https://i.redd.it/wvy18k6ex0721.png/ecr1i8g/,-0.667,0.028974265,0.002593994,0.021945024,0.006400629,0.009108886,0.011353259,1546025975.0,1,0,0,Goliath_Gamer,134.0,437.0,10228.0,58167.0,68966.0
aaahgo,ecr5nws,"Welp, my heart just broke.",https://i.redd.it/wvy18k6ex0721.png/ecr5nws/,-0.479,0.031213367,0.001468658,0.016137952,0.002922831,0.009678889,0.008841781,1546028485.0,3,0,0,FiveEver5,34.0,955.0,7034.0,16983.0,25006.0
aaahgo,ecr7ph8,"The other infected child, which infected the child of the commenter on the fb post, was also dependent upon herd immunity as the child was not yet old enough for the MMR vax. Such a vicious cycle that could have been prevented if someone along the line had been properly vaccinated, as these kids weren't able to be. ",https://i.redd.it/wvy18k6ex0721.png/ecr7ph8/,0.042,0.112333365,0.003414154,0.021808386,0.006511623,0.05203446,0.009696201,1546029707.0,156,0,0,twatwaffleandbacon,139.0,0.0,402.0,13170.0,13711.0
aaahgo,ecr8tu4,That is absolutely tragic. That poor baby did not deserve that. ,https://i.redd.it/wvy18k6ex0721.png/ecr8tu4/,-0.239,0.04785245,0.001869202,0.01535229,0.003144818,0.014314918,0.0100069,1546030415.0,49,0,0,DerpyFish,401.0,271.0,20310.0,9650.0,30632.0
aaahgo,ecrazqj,"well, fuck. I googled it to get you an answer and it was more than one country this has happened in. I think this particular case is the Serbian one though. ",https://i.redd.it/wvy18k6ex0721.png/ecrazqj/,0.583,0.83334327,0.35368225,0.85672,0.36702603,0.41530323,0.012751401,1546031895.0,51,0,0,TopMacaroon,1249.0,198.0,133.0,139755.0,141335.0
aaahgo,ecrfw2g,I wish we'd at least get a reason why it's not okay to post a story that the woman herself posted. She wants it to be seen and spread. He'd still blur out pics and names. ,https://i.redd.it/wvy18k6ex0721.png/ecrfw2g/,-0.271,0.039935954,0.001268387,0.014225035,0.00899048,0.012794908,0.008867673,1546035486.0,29,0,0,Tiny_Rick515,55.0,0.0,,,55.0
aaahgo,ecsw506,Show her that Jim Jeffries piece on autism,https://i.redd.it/wvy18k6ex0721.png/ecsw506/,0.021,0.32289913,0.018191293,0.10735235,0.17381613,0.16337912,0.013010317,1546091819.0,1,0,0,[deleted],,,,,
aaahgo,ed355qg,"Eh just vaccinate the child, the mom won’t be able to complain for long as she will be dead soon",https://i.redd.it/wvy18k6ex0721.png/ed355qg/,0.208,0.4475325,0.05742428,0.17380778,0.040745795,0.10587067,0.5003284,1546448444.0,1,0,0,stewymanx378,111.0,16.0,16007.0,45923.0,62057.0
aaahgo,edw5zxi,GET FULL CUSTODY AND THEN GET THE HELL OUT.,https://i.redd.it/wvy18k6ex0721.png/edw5zxi/,0.521,0.5566829,0.14389864,0.41375932,0.029144434,0.3388922,0.22908778,1547302605.0,1,0,0,AnaHeRo,0.0,0.0,47.0,337.0,384.0
aaahgo,emxy4ho,I'm willing to bet if he took his child to the doctor and explained the situation the doctor wouldn't tell his wife. Kids are dumb AF so I'm sure it wouldn't be too difficult to convince him they were doing something else.,https://i.redd.it/wvy18k6ex0721.png/emxy4ho/,0.417,0.55739564,0.023076924,0.3597395,0.07921951,0.6308392,0.013113883,1557426786.0,1,0,0,captainflowers91,15.0,14.0,20931.0,13820.0,34780.0
