post_id,comment_id,txt,url,offensiveness_score,Toxicity,Severe Toxicity,Profanity,Identity Attack,Insult,Threat,created,score,total_awards_received,controversiality,user,user_awardee_karma,user_awarder_karma,user_link_karma,user_comment_karma,user_total_karma
ct879o,exj7hsh,"People with viral posts become incapacitated

Edit: Wakes up incapacitated",https://www.reddit.com/r/AskReddit/comments/ct879o/upvotes_now_grant_orgasms_to_the_person_who_gets//exj7hsh/,-0.25,0.28087774,0.012962224,0.09551262,0.042550452,0.123407245,0.04167421,1566343679.0,17686,1,0,M00NFLASK,33.0,81.0,9024.0,7129.0,16267.0
ct879o,exk1tcw,"*more karma ensues*

^oh ^no",https://www.reddit.com/r/AskReddit/comments/ct879o/upvotes_now_grant_orgasms_to_the_person_who_gets//exk1tcw/,-0.188,0.21762769,0.32564896,0.22129783,0.15141243,0.1290059,0.7105107,1566368862.0,325,0,0,Mlaszboyo,767.0,131.0,2868.0,147525.0,151291.0
ct879o,exka0e8,Lmao I died doing what I hated,https://www.reddit.com/r/AskReddit/comments/ct879o/upvotes_now_grant_orgasms_to_the_person_who_gets//exka0e8/,0.229,0.40891263,0.023552058,0.25093055,0.04023018,0.08533409,0.13815513,1566380832.0,2,0,0,Skyhawk13,236.0,285.0,24171.0,47838.0,72530.0
ct879o,exkc8fk,Baby that's all we need.,https://www.reddit.com/r/AskReddit/comments/ct879o/upvotes_now_grant_orgasms_to_the_person_who_gets//exkc8fk/,-0.646,0.027206551,0.002136231,0.014498309,0.003810779,0.010172892,0.008971239,1566383933.0,16,0,0,Phayze87,83.0,0.0,5155.0,9431.0,14669.0
ct879o,exkg8ul,Took me way too long to understand that this question arose from the username.,https://www.reddit.com/r/AskReddit/comments/ct879o/upvotes_now_grant_orgasms_to_the_person_who_gets//exkg8ul/,-0.604,0.025203144,0.00120163,0.016616182,0.004772724,0.010704896,0.007728445,1566388464.0,9,0,0,shoebob,296.0,0.0,1382.0,36057.0,37735.0
ct879o,exkgvk5,"Oh, what, you think you just wade in and start throwing bombs and that's how you whup ass on a platypus? Check yourself, son. When you step to God's little collection of spare parts, you come heavy, or you don't come at all. You don't beat a platypus, you try like hell to stay alive until it gets bored. And don't you never call it a platy-pussy.

(No seriously, stay away from them. They're cute and all, but they're also one of the very rare group of venomous mammals. The pain is said to be absolutely excruciating.)",https://www.reddit.com/r/AskReddit/comments/ct879o/upvotes_now_grant_orgasms_to_the_person_who_gets//exkgvk5/,0.562,0.6491204,0.35220072,0.596623,0.10699738,0.48313886,0.19229786,1566389080.0,77,0,0,mimes_piss_me_off,38.0,706.0,542.0,8947.0,10233.0
ct879o,exkh4ci,Just another Australian animal that’ll fuck you up.,https://www.reddit.com/r/AskReddit/comments/ct879o/upvotes_now_grant_orgasms_to_the_person_who_gets//exkh4ci/,0.625,0.9391453,0.50703704,0.90862066,0.46028158,0.6261769,0.19862294,1566389313.0,22,0,0,colt45an2zigzags,441.0,247.0,10309.0,65926.0,76923.0
ct879o,exmzqmg,I guess that means downvotes bring an STD-like burning sensation then? Let me just figure out the reddit usernames of my enemies...,https://www.reddit.com/r/AskReddit/comments/ct879o/upvotes_now_grant_orgasms_to_the_person_who_gets//exmzqmg/,0.188,0.18459146,0.007362366,0.110447146,0.01666154,0.035553806,0.050744623,1566442980.0,1,0,0,Haylyn221,881.0,166.0,20029.0,17835.0,38911.0
ct879o,exn2qgr,Ah fuck; I can't believe I've done this.,https://www.reddit.com/r/AskReddit/comments/ct879o/upvotes_now_grant_orgasms_to_the_person_who_gets//exn2qgr/,0.298,0.8115627,0.19761463,0.8949436,0.013847848,0.24928534,0.008815889,1566444896.0,2,0,0,probablyhrenrai,30.0,0.0,2166.0,451214.0,453410.0
ct879o,exn41tk,All the men on reddit die. The women have a pleasant day.,https://www.reddit.com/r/AskReddit/comments/ct879o/upvotes_now_grant_orgasms_to_the_person_who_gets//exn41tk/,0.25,0.4977744,0.22513679,0.26634997,0.46028158,0.3388922,0.49142194,1566445783.0,1,0,0,Jake0024,806.0,0.0,22838.0,183532.0,207176.0
ct879o,exn7jro,Guys I'm horny do your thing please,https://www.reddit.com/r/AskReddit/comments/ct879o/upvotes_now_grant_orgasms_to_the_person_who_gets//exn7jro/,0.479,0.51980776,0.032316983,0.41255033,0.036105253,0.12159709,0.023026628,1566448089.0,3,0,0,[deleted],,,,,
ct879o,ey145n1,Reddit is now the #1 porn site,https://www.reddit.com/r/AskReddit/comments/ct879o/upvotes_now_grant_orgasms_to_the_person_who_gets//ey145n1/,-0.042,0.47886392,0.03321367,0.4033339,0.054763943,0.11464815,0.009644418,1566689357.0,2,0,0,Sonks559,333.0,240.0,20598.0,12619.0,33790.0
ct879o,ey4q80j,"Loophole: Upvote, then downvote, so you can upvote again. -> Orgasm anytime, anywhere, as long as you have internet access and phone.",https://www.reddit.com/r/AskReddit/comments/ct879o/upvotes_now_grant_orgasms_to_the_person_who_gets//ey4q80j/,0.085,0.50503236,0.023106033,0.3866461,0.011765319,0.05964688,0.014738814,1566802479.0,1,0,0,pandarean15,54.0,59.0,685.0,-100.0,698.0
