post_id,comment_id,txt,url,offensiveness_score,Toxicity,Severe Toxicity,Profanity,Identity Attack,Insult,Threat,created,score,total_awards_received,controversiality,user,user_awardee_karma,user_awarder_karma,user_link_karma,user_comment_karma,user_total_karma
cnbls5,ew8mxly,"I kinda want to make a space marine costume, but that’ll be difficult to do",https://www.reddit.com/r/AskReddit/comments/cnbls5/to_everyone_of_reddit_what_are_you_thinking_of//ew8mxly/,-0.667,0.050326355,0.003147125,0.026727317,0.008879486,0.012262905,0.01187109,1565212064.0,6,0,0,Daylight_The_Furry,482,89,6698,83092,90361
cnbls5,ew8q7v5,Yeah but what if it’s that person’s day off and they decide to wear a shirt and jeans?,https://www.reddit.com/r/AskReddit/comments/cnbls5/to_everyone_of_reddit_what_are_you_thinking_of//ew8q7v5/,-0.458,0.024849601,0.001087189,0.014805742,0.003588792,0.009127886,0.006977591,1565213510.0,2,0,0,Chrisboy04,143,277,814,47808,49042
cnbls5,ew8usvn,"Zombie retail assistant, got the shirt from my old job still",https://www.reddit.com/r/AskReddit/comments/cnbls5/to_everyone_of_reddit_what_are_you_thinking_of//ew8usvn/,-0.174,0.10783285,0.003089905,0.024472807,0.005586676,0.029383656,0.008194493,1565215493.0,2,0,0,Jackie_Quill,35,813,533,23447,24828
cnbls5,ew93he3,Oh dress up as farming simulator but be holding a machine gun!,https://www.reddit.com/r/AskReddit/comments/cnbls5/to_everyone_of_reddit_what_are_you_thinking_of//ew93he3/,0.062,0.2855005,0.014059683,0.03715288,0.008176526,0.04032305,0.21332647,1565219067.0,2,0,0,luiginub1,502,25,59263,5215,65005
cnbls5,ewa6s86,The black flash from the flash TV show.,https://www.reddit.com/r/AskReddit/comments/cnbls5/to_everyone_of_reddit_what_are_you_thinking_of//ewa6s86/,-0.292,0.10089093,0.003452301,0.025087673,0.04280826,0.024382202,0.009463178,1565237628.0,2,0,0,Jamesmateer100,341,0,941,62083,63365
