post_id,comment_id,txt,url,offensiveness_score,Toxicity,Severe Toxicity,Profanity,Identity Attack,Insult,Threat,created,score,total_awards_received,controversiality,user,user_awardee_karma,user_awarder_karma,user_link_karma,user_comment_karma,user_total_karma
75typn,do9sg5d,Shoot the modmail a photo of your recruiter business cards with your PII blacked out and your username on it. ,https://www.reddit.com/r/army/comments/75typn/october_recruiter_thread//do9sg5d/,-0.354,0.22311419,0.010375977,0.02795705,0.010285405,0.02173949,0.31092548,1507825946.0,1,0,0,thanks_for_the_fish,1784.0,29.0,47528.0,77276.0,126617.0
75typn,doayxgo,"Former 12B enlisted here about to graduate with a BS and considering OCS with the reserves. My main concern is geographic location, but lucky for me there's an engineer unit nearby. 

If accepted as an officer candidate with a local unit, do I have any guarantee for staying with that unit and not getting reassigned elsewhere?",https://www.reddit.com/r/army/comments/75typn/october_recruiter_thread//doayxgo/,-0.375,0.050821137,0.002250671,0.03915693,0.003977269,0.021546122,0.007223561,1507879955.0,1,0,0,snailspace,51.0,17.0,4285.0,46003.0,50356.0
75typn,dobmmkv,I got qualified for the army yesterday but decided not to enlist because the mos I want (15t) wasn't available. My recruiter was alright with this decision but a few of the other recruiters talked to me and said I was making a mistake and that I should instead take a job I don't really want. They told me it could be years until the job is open and that it's not worth it. What do you guys think about this? Is it a big mistake and could it really be that long until the job opens up?,https://www.reddit.com/r/army/comments/75typn/october_recruiter_thread//dobmmkv/,-0.312,0.09481675,0.003948212,0.051932767,0.012061302,0.026315894,0.01508414,1507916902.0,1,0,0,jbuttt,436.0,559.0,10406.0,1434.0,12835.0
75typn,dobz9r7,"Your first mistake, and the mistake of your recruiters, was to go up to MEPS with no backup jobs identified. 

What came up at MEPS that you didn't want to pick?",https://www.reddit.com/r/army/comments/75typn/october_recruiter_thread//dobz9r7/,0.125,0.023788974,0.000638962,0.009750174,0.001276426,0.013212911,0.005877201,1507931121.0,1,0,0,[deleted],,,,,
75typn,dobzc9f,"The refrain is the same everywhere. Going reserve/Guard to Active is a painful process. If you want Active, go Active. 

We just put in a WOFT candidate through our office in Washington. Do you live out by there?",https://www.reddit.com/r/army/comments/75typn/october_recruiter_thread//dobzc9f/,-0.25,0.04067813,0.001125336,0.012414595,0.003070822,0.018129934,0.00713294,1507931211.0,2,0,0,[deleted],,,,,
75typn,doc0181,"Make it worth your recruiters while. Every recruiting office can do OCS and WOFT, but if they are lazy or if they don't think you are a good candidate they will not go that extra mile for you. 

WOFT candidates need good PT, need to be able to pass a flight physical, take and pass the SIFT and ASVAB, etc. PM me your email and I can give you a packet checklist of what you need. ",https://www.reddit.com/r/army/comments/75typn/october_recruiter_thread//doc0181/,-0.106,0.11912931,0.002536774,0.027137227,0.003588792,0.06889887,0.009281937,1507932096.0,2,0,0,[deleted],,,,,
75typn,doc4fzj,"I took a cursory look at your posting history and found out you were processing for the National Guard, which changes things.  What's your end goal here? Just to be aircrew?  I have to tell you, enlisting as 15T or 15U doesn't guarantee a flight slot.  I know people that spent 20 years in either an AVUM maintenance platoon or AVIM company and never crewed.  If your goal is WOFT you need to just work on and submit a WOFT packet (or whatever the Guard version of it is).  I'm not trying to talk you in or out of anything I'm just sayin'.  

Oh and 15T is the best job in the Army.  Source: I'm a 13 year 15T with a couple thousand hours flight experience.",https://www.reddit.com/r/army/comments/75typn/october_recruiter_thread//doc4fzj/,-0.167,0.1100022,0.002861023,0.05243378,0.003773782,0.05144889,0.007702554,1507938091.0,2,0,0,SupahSteve,298.0,0.0,97.0,22814.0,23209.0
75typn,doce8dj,Thanks! That's what I wanted to know.,https://www.reddit.com/r/army/comments/75typn/october_recruiter_thread//doce8dj/,-0.812,0.013822667,0.001220703,0.014771583,0.002867334,0.007759878,0.007637825,1507952293.0,1,0,0,snailspace,51.0,17.0,4285.0,46003.0,50356.0
75typn,dofpvtk,[deleted],https://www.reddit.com/r/army/comments/75typn/october_recruiter_thread//dofpvtk/,-0.062,,,,,,,1508146452.0,1,0,0,[deleted],,,,,
75typn,doi9lsb,"Hi. I'm currently waiting on a waiver for a past injury. The MEPS doctors put my ""L"" in PULHES at a 3. My recruiter advised if the waiver only brings me down to a 2 I will not be able to do my primary MOSs of interest (11B, 13F). Is it common for a waiver to not give a 1 score? If I do get a 2 is there any way I can still go into one of the MOS I want?

EDIT: National Guard

Thank you for your help",https://www.reddit.com/r/army/comments/75typn/october_recruiter_thread//doi9lsb/,-0.354,0.039462693,0.002164841,0.022969801,0.00880549,0.015720926,0.010214032,1508272776.0,4,0,0,nkprives,0.0,0.0,1845.0,5003.0,6848.0
75typn,dpold56,"way too early.  If youre not ready to join now, no need to say hello to us yet.",https://www.reddit.com/r/army/comments/75typn/october_recruiter_thread//dpold56/,-0.312,0.03309893,0.001392365,0.015591404,0.003662788,0.011768902,0.008893564,1510439801.0,2,0,0,snowdude1026,332.0,0.0,2849.0,21165.0,24346.0
75typn,dpoojeo,"When youre ready to leave.

Shipping quick is a real thing.  No recruitment office is going to send you to ASVAB or physical if youre not ready to join right now",https://www.reddit.com/r/army/comments/75typn/october_recruiter_thread//dpoojeo/,-0.292,0.021903414,0.001091957,0.011663092,0.002978328,0.008728883,0.008556974,1510443825.0,1,0,0,snowdude1026,332.0,0.0,2849.0,21165.0,24346.0
75typn,dpovald,So I was discharged from BCT with an ELS and Conduct(JGA). I tried to get a recode waiver through the NG initially but  NGB denied my waiver the first time. They said I needed a “Long Work History”. At the current moment I am employed through federal workstudy and I started at the beginning of the semester. I don’t have any prior work experience and I already have my letter of recommendations from work. Now should I wait and apply for an recode waiver through the NG in December or should I do it now? What do you guys feel?,https://www.reddit.com/r/army/comments/75typn/october_recruiter_thread//dpovald/,-0.255,0.021903414,0.00099659,0.01354185,0.003403803,0.012224905,0.00666042,1510452586.0,1,0,0,Throwaway34566789,0.0,0.0,3.0,8.0,11.0
75typn,dpqkh8i,"My recruiter told me I was DQ'ed from an option 40 for my experimental pot use in high school several years ago, then when I questioned him he had another recruiter check and that recruiter confirmed it and showed me on paper something that said any drug use was disqualifying period. Is this true? ",https://www.reddit.com/r/army/comments/75typn/october_recruiter_thread//dpqkh8i/,-0.106,0.058737632,0.001821518,0.021945024,0.004883717,0.023866551,0.008052089,1510543012.0,2,0,0,cozmo14,0.0,0.0,12.0,10.0,22.0
75typn,dpqo2q8,"Sounds to me like you saw the proof you needed, why do you need us?  Ask your recruiter to hot seat you.",https://www.reddit.com/r/army/comments/75typn/october_recruiter_thread//dpqo2q8/,-0.156,0.15490346,0.005340576,0.059447967,0.003477799,0.030044744,0.017846745,1510547800.0,1,0,0,snowdude1026,332.0,0.0,2849.0,21165.0,24346.0
75typn,dpqovde,"Well, you did this to yourself.  Dont blame us because you dont like the answer.",https://www.reddit.com/r/army/comments/75typn/october_recruiter_thread//dpqovde/,0.333,0.069754265,0.001182556,0.01354185,0.002127377,0.024897853,0.006815769,1510549004.0,1,0,0,snowdude1026,332.0,0.0,2849.0,21165.0,24346.0
75typn,dprsal4,"I am one year over the active duty age limit. Is an age waiver difficult? 

If it is difficult to get an age waiver, would you say it is easier to go from ARNG to active, or from Reserve to active? 

Years ago I went ARNG to active and it was easy. But I'm not sure any more. I know they subtract the prior service active duty years, but I'm one over still. Thanks!",https://www.reddit.com/r/army/comments/75typn/october_recruiter_thread//dprsal4/,-0.277,0.026970858,0.001130104,0.013610168,0.002571351,0.014808921,0.006815769,1510606810.0,1,0,0,RigelThrow,0.0,0.0,5.0,67.0,72.0
75typn,dpwh1q8,Is there anyway to negotiate an enlistment bonus? I DEPed two weeks ago under 11x opt40 with a GED and my enlistment bonus was 0. Ship date Jan 3rd. Not a big deal but I'm still wondering if it is possible to get a bonus on my contract the day I ship? ,https://www.reddit.com/r/army/comments/75typn/october_recruiter_thread//dpwh1q8/,-0.167,0.022846194,0.001063347,0.015659723,0.001674153,0.011844902,0.0065698,1510826332.0,1,0,0,al_1776,0.0,0.0,,,0.0
75typn,dpzgrqa,"Am I eligible for enlistment into the Army under an Option 40 Contract if I admit to having been a social smoker of marijuana in the past? I am currently 26 and I smoked socially with friends on an irregular basis between the ages of 18 and 23 - no criminal record involving marijuana and never consumed other illegal drugs. I do have a misdemeanor Minor in Consumption of Alcohol which took place at the age of 16 (roughly 9 1/2 years ago).

 I haven't smoked in 3 years, hold a B.S. degree, and am in good physical shape with a clean bill of health. What are my odds of being able to enlist under Option 40 at this time?  ",https://www.reddit.com/r/army/comments/75typn/october_recruiter_thread//dpzgrqa/,-0.149,0.13561769,0.004577637,0.072882555,0.009397456,0.061101943,0.00948907,1510966041.0,1,0,0,jmartinez1346979,0.0,0.0,1.0,3.0,4.0
75typn,dqj8jz0,"Yes. You will require a waiver, but it is at the battalion level depending on how many kids you have. It is easy to get a battalion level, so...

How many kids, and are you in the great state of Washington?",https://www.reddit.com/r/army/comments/75typn/october_recruiter_thread//dqj8jz0/,-0.271,0.028031485,0.001487732,0.013029462,0.004846719,0.009355888,0.010084574,1512000926.0,1,0,0,[deleted],,,,,
75typn,dqj8o8f,"No, option 40 is your bonus, especially as a GED.",https://www.reddit.com/r/army/comments/75typn/october_recruiter_thread//dqj8o8f/,-0.298,0.01859777,0.000782013,0.010194245,0.002284618,0.00971689,0.006427396,1512001058.0,1,0,0,[deleted],,,,,
75typn,dqjf1x2,Thanks for the info really appreciate it. I am prepared for 6 year anyway. No I’m unfortunately in So Ca .,https://www.reddit.com/r/army/comments/75typn/october_recruiter_thread//dqjf1x2/,-0.583,0.028385026,0.001306534,0.013166099,0.009249465,0.011312899,0.00737891,1512008596.0,1,0,0,mopar38e,0.0,0.0,32.0,57.0,89.0
75typn,dqkh7dw,Thanks for the reply I do appreciate it. I have planned for 6 just was curious. Unfortunately I’m in SoCal,https://www.reddit.com/r/army/comments/75typn/october_recruiter_thread//dqkh7dw/,-0.447,0.054037213,0.003013611,0.031391226,0.011247349,0.014086916,0.010110466,1512065878.0,1,0,0,mopar38e,0.0,0.0,32.0,57.0,89.0
75typn,dqoonp0,"Hey I got into a situation a while back in high school.My plan was to go to the military,but I got a case and I had to put it on hold.I finally got it situated and came out with a deferred prosecution. No probation or fees the judge said not to get into anymore trouble for 6 months. My lawyer said I wouldn't even have to show up if I sent the volunteer work to him. I want to talk to a recruiter, but I don't want to make it seem like I'm wasting time due to the bs earlier this year. Can I talk to a recruiter with a deferred prosecution ?",https://www.reddit.com/r/army/comments/75typn/october_recruiter_thread//dqoonp0/,-0.106,0.16245349,0.00617981,0.18294942,0.01087737,0.06442356,0.009618527,1512270227.0,2,0,0,Th3Darknight,0.0,0.0,4.0,255.0,259.0
