post_id,comment_id,txt,url,offensiveness_score,Toxicity,Severe Toxicity,Profanity,Identity Attack,Insult,Threat,created,score,total_awards_received,controversiality,user,user_awardee_karma,user_awarder_karma,user_link_karma,user_comment_karma,user_total_karma
6aet6j,dhdziua,What's it really like to watch a Russian ship then? I'm a corpsman so not much chance to go out to sea.,https://www.reddit.com/r/AskReddit/comments/6aet6j/serious_sailors_of_reddit_whats_the_creepiest//dhdziua/,-0.149,0.08241652,0.002994537,0.02167175,0.039714564,0.017614283,0.010214032,1494444392.0,2,0,0,nooseknight23,0.0,0.0,2423.0,2966.0,5389.0
6aet6j,dhe3eym,Did they pay well to compensate?,https://www.reddit.com/r/AskReddit/comments/6aet6j/serious_sailors_of_reddit_whats_the_creepiest//dhe3eym/,-0.617,0.013382856,0.000686646,0.010655395,0.001840643,0.007930879,0.006382086,1494448479.0,11,0,0,[deleted],,,,,
6aet6j,dhe5n29,"Don't know if this qualifies, but kayaking in the bayou, what I thought were dolphins checking me out turned out to be sharks. They just circled as I anxiously paddled to the nearest bank. 

Tense",https://www.reddit.com/r/AskReddit/comments/6aet6j/serious_sailors_of_reddit_whats_the_creepiest//dhe5n29/,-0.292,0.10739898,0.003681183,0.04592061,0.009915425,0.032248367,0.011172019,1494450898.0,82,0,0,91Bolt,202.0,0.0,5593.0,92138.0,97933.0
6aet6j,dhe7be3,"On time yachting across the to the Isle of Mann at night the skipper asked us about the vessel near us that had come up on the radar , there was a full moon as well as bioluminescence in the water and we were alone, skipper comes out yelling to adjust course, but stops when she sees that we're alone, then the depth meter drops down to 5 meters, and then the mysterious blip vanished, was probably a sub but was pretty freaky",https://www.reddit.com/r/AskReddit/comments/6aet6j/serious_sailors_of_reddit_whats_the_creepiest//dhe7be3/,-0.229,0.147767,0.006942749,0.10178173,0.011025362,0.0573046,0.0138755,1494452830.0,28,0,0,Conservative_Pleb,0.0,0.0,6741.0,71716.0,78457.0
6aet6j,dhe9eoy,"It's been a privilege, and a hell of a ride. Thanks for your support!",https://www.reddit.com/r/AskReddit/comments/6aet6j/serious_sailors_of_reddit_whats_the_creepiest//dhe9eoy/,-0.574,0.24603334,0.008010864,0.2661081,0.005327691,0.06354945,0.008492245,1494455390.0,4,0,0,Rebe1Scum,38.0,0.0,453.0,17928.0,18419.0
6aet6j,dhe9nua,"I've read that rogue waves were a big threat to WW2 submarines. They'd run surfaced at night to keep the batteries charged without being seen, and a rogue wave could sneak up and take out the bridge watch.",https://www.reddit.com/r/AskReddit/comments/6aet6j/serious_sailors_of_reddit_whats_the_creepiest//dhe9nua/,-0.326,0.044636376,0.002155304,0.017162729,0.006326634,0.011084898,0.019918699,1494455718.0,2,0,0,shleppenwolf,140.0,0.0,7.0,270680.0,270827.0
6aet6j,dhe9yi7,Big ol' wave out of nowhere ,https://www.reddit.com/r/AskReddit/comments/6aet6j/serious_sailors_of_reddit_whats_the_creepiest//dhe9yi7/,-0.5,0.048099842,0.002536774,0.021945024,0.004365747,0.014884921,0.00899713,1494456113.0,5,0,0,imSkarr,8.0,0.0,2863.0,21303.0,24174.0
6aet6j,dheb0n7,"After years of being on the same river, I encountered my first water mocassin. I almost smacked it with my oar out of panic",https://www.reddit.com/r/AskReddit/comments/6aet6j/serious_sailors_of_reddit_whats_the_creepiest//dheb0n7/,-0.146,0.0926474,0.00377655,0.03464781,0.005068706,0.018581128,0.013476364,1494457486.0,5,0,0,Saelza_,18.0,0.0,17.0,9255.0,9290.0
6aet6j,dhft6en,"Well, you are protein - a scarce commodity...

Pretty scary stuff. Have a point. :)",https://www.reddit.com/r/AskReddit/comments/6aet6j/serious_sailors_of_reddit_whats_the_creepiest//dhft6en/,-0.292,0.29405528,0.009613037,0.035399333,0.022188433,0.24928534,0.007909686,1494537199.0,1,0,0,Trutherist,357.0,38.0,9002.0,30767.0,40164.0
