post_id,comment_id,txt,url,offensiveness_score,Toxicity,Severe Toxicity,Profanity,Identity Attack,Insult,Threat,created,score,total_awards_received,controversiality,user,user_awardee_karma,user_awarder_karma,user_link_karma,user_comment_karma,user_total_karma
8kqdeg,dz9p5n9,that would open the door to more conspiracy theories than we're already dealing with.,https://www.reddit.com/r/changemyview/comments/8kqdeg/cmv_news_outlets_should_refrain_from_showing_the//dz9p5n9/,-0.312,0.03639866,0.00120163,0.013268576,0.003385304,0.013782915,0.008207439,1526789029.0,12,0,0,robinater,15.0,0.0,93.0,1697.0,1805.0
8kqdeg,dz9ptkj,"News outlets report news that the general public is interested in, and unfortunately, the general public is intrigued by these people. Even if MSM considered not reporting these mass shooters for this exact reason, smaller outlets and lone individuals would try to investigate for themselves because there would still be a demand, potentially leading to the spreading of misinformation. ",https://www.reddit.com/r/changemyview/comments/8kqdeg/cmv_news_outlets_should_refrain_from_showing_the//dz9ptkj/,-0.042,0.09872158,0.0025177,0.020578653,0.009619443,0.034562174,0.014738814,1526790005.0,41,0,0,d_reim,20.0,16.0,2063.0,8953.0,11052.0
8kqdeg,dz9rki9,"No you have it backwards. People are interested at whatever is interesting AND up in their faces. The media doesn't follow public opinions and interests it creates them. Just like a coca cola ad along with coca cola availability everywhere creates a need for sweet sparkling poison water that wasn't there in the first place.

The evidence for repeated mass shootings is there. It's worth a shot.

Note i'm not saying the media want to promote mass shootings. They just happen to lack morality other than 'profit is good'.",https://www.reddit.com/r/changemyview/comments/8kqdeg/cmv_news_outlets_should_refrain_from_showing_the//dz9rki9/,0.0,0.22579013,0.009155273,0.033144772,0.010433395,0.07428485,0.19229786,1526792743.0,9,0,0,throwawaygghdd66,0.0,0.0,6.0,401.0,407.0
8kqdeg,dz9rnkx,"So media outlets should just suppress information from everyone because it might inspire another shooter? It's not like it's a secret, people will figure out the guys name anyway if they were really that interested (potential copycats).

And who is supposed to pressure them, the government?",https://www.reddit.com/r/changemyview/comments/8kqdeg/cmv_news_outlets_should_refrain_from_showing_the//dz9rnkx/,0.0,0.112540044,0.003604889,0.026317406,0.007103588,0.03511308,0.034422375,1526792883.0,3,0,1,Scatre,0.0,0.0,321.0,4453.0,4774.0
8kqdeg,dz9rsgx,"Well the viewers would be the ones to pressure them. And there's a distinction to be made between the information being available, and it being constantly plastered on the news for weeks on end. I understand your point that it is suppressing information, but I'm not sure what value the information has.",https://www.reddit.com/r/changemyview/comments/8kqdeg/cmv_news_outlets_should_refrain_from_showing_the//dz9rsgx/,-0.167,0.04290464,0.00128746,0.017982552,0.003181816,0.020772645,0.007857903,1526793110.0,20,0,0,PerpPartyLines,0.0,0.0,4648.0,45832.0,50480.0
8kqdeg,dz9rtmt,They only plaster it because people want to see it.,https://www.reddit.com/r/changemyview/comments/8kqdeg/cmv_news_outlets_should_refrain_from_showing_the//dz9rtmt/,-0.277,0.069754265,0.002727509,0.028093686,0.004624732,0.01640493,0.011974656,1526793163.0,-1,0,1,Scatre,0.0,0.0,321.0,4453.0,4774.0
8kqdeg,dz9rzvr,"You make a good point as far as the misinformation goes. And I don't doubt that lone individuals would be able to search out the information anyway. But it could reduce the ""benefit"" of fame that perpetrating a mass shooting has. I'm not sure if the misinformation aspect would outweigh the possible benefits, but it's certainly something to think about.",https://www.reddit.com/r/changemyview/comments/8kqdeg/cmv_news_outlets_should_refrain_from_showing_the//dz9rzvr/,-0.125,0.07291982,0.002403259,0.017709278,0.006326634,0.026058068,0.020782012,1526793461.0,17,0,0,PerpPartyLines,0.0,0.0,4648.0,45832.0,50480.0
8kqdeg,dz9s3y1,"It seems to be working just fine in Finland.

I'm not sure that it really would open the door to more conspiracy theories though.  I mean I don't think anyone is saying don't report on the shootings.  We're just saying don't turn the shooters into celebrities.  And celebrities is a good word for a lot of these shooters.  Many of them have become household names with the amount of coverage they've received.

I don't agree with a government ban but I think the media should self-regulate here just as the Finnish press did a decade ago.  ",https://www.reddit.com/r/changemyview/comments/8kqdeg/cmv_news_outlets_should_refrain_from_showing_the//dz9s3y1/,0.196,0.10175867,0.003356934,0.021876704,0.011543332,0.030265106,0.03856628,1526793659.0,9,0,0,[deleted],,,,,
8kqdeg,dz9x20z,"Imagine this practice has already been enacted - no shooter's identity or image is ever released. The copycat will still know them as the Pulse Nightclub shooter who killed 50 people or the Las Vegas shooter who killed 58 people.

What difference does knowing one's identity make to a potential copycat? I can't imagine this being as effective as you think it will be. The news will report locations and casualty totals and that's really what is remembered after a shooting.",https://www.reddit.com/r/changemyview/comments/8kqdeg/cmv_news_outlets_should_refrain_from_showing_the//dz9x20z/,0.152,0.15158679,0.00492096,0.021125201,0.007510565,0.037980765,0.100830056,1526804129.0,18,0,0,Benjips,1059.0,89.0,27733.0,228124.0,257005.0
8kqdeg,dz9xnwr,knowing that your name and face will become the main story for a few weeks could be enough for someone who is already deranged and fallen.,https://www.reddit.com/r/changemyview/comments/8kqdeg/cmv_news_outlets_should_refrain_from_showing_the//dz9xnwr/,-0.167,0.23235008,0.00831604,0.027410502,0.019776696,0.11172232,0.032005094,1526805628.0,18,0,0,darthjkf,84.0,0.0,981.0,14095.0,15160.0
8kqdeg,dz9xs2k,"Or maybe they don't care and are just trying to get a better ""high score"". That's a type of copycat that wouldn't be affected by OPs suggestion.",https://www.reddit.com/r/changemyview/comments/8kqdeg/cmv_news_outlets_should_refrain_from_showing_the//dz9xs2k/,-0.021,0.042657252,0.000987053,0.016172111,0.003163317,0.018710041,0.006576272,1526805918.0,7,0,0,Benjips,1059.0,89.0,27733.0,228124.0,257005.0
8kqdeg,dz9y0ya,"a ""high score"" which would be announced to everyone in the nation for weeks 24/7.  Very appealing to the fucked up.",https://www.reddit.com/r/changemyview/comments/8kqdeg/cmv_news_outlets_should_refrain_from_showing_the//dz9y0ya/,0.375,0.75208336,0.16960317,0.8089582,0.029660052,0.5130944,0.018364733,1526806539.0,7,0,0,darthjkf,84.0,0.0,981.0,14095.0,15160.0
8kqdeg,dz9z0r7,"The fact that this doesn't help in ALL cases isn't sufficient to not do this.  Obviously it won't end school shooting, but if it prevents some portion of cases it seems reasonable.  Same thing with gun control, the argument isn't that it will stop all violence, just some of the gun violence.",https://www.reddit.com/r/changemyview/comments/8kqdeg/cmv_news_outlets_should_refrain_from_showing_the//dz9z0r7/,-0.042,0.11192002,0.0050354,0.020032106,0.007806548,0.02657372,0.079364374,1526809143.0,11,0,0,sirxez,35.0,0.0,4007.0,22518.0,26560.0
8kqdeg,dza0fl1,"If the “profit is good” sentiment is true how would the media determine what to broadcast in the first place?

Also the Coca Cola analogy is flawed because you’re talking about a product that wasn’t in demand because it simply didn’t exist. If Coca Cola were to go out of business today do you genuinely believe there wouldn’t be a demand for it?",https://www.reddit.com/r/changemyview/comments/8kqdeg/cmv_news_outlets_should_refrain_from_showing_the//dza0fl1/,-0.229,0.054284602,0.001277924,0.015830519,0.003607291,0.027347196,0.006576272,1526812876.0,1,0,0,d_reim,20.0,16.0,2063.0,8953.0,11052.0
8kqdeg,dza1cnu,"Wouldn't they prefer a high score knowing everyone around the state/country/world will see their name and face beside it?

If we take their name+face away from news reports once the attacker is not a threat to the public anymore, then the fame/notoriety goes away. This won't stop copycats 100% but it will reduce the appeal if there's no recognition. ",https://www.reddit.com/r/changemyview/comments/8kqdeg/cmv_news_outlets_should_refrain_from_showing_the//dza1cnu/,-0.208,0.067380086,0.002183914,0.019007329,0.004772724,0.02657372,0.011456826,1526815118.0,3,0,0,ABOBer,43.0,342.0,71.0,26323.0,26779.0
8kqdeg,dza2lhs,"The news channels need to because they aren't in it to inform the public but to make money. They get their money from viewers and the viewers choose to go to the news channels that give them the information they want. If channel A is talking about the shooting but not giving a name, and channel B is giving the name, it tells the viewer they should be watching B to get the fuller story. Im not going to go to a channel that explicitly tells me they will not give all the information for any reason.",https://www.reddit.com/r/changemyview/comments/8kqdeg/cmv_news_outlets_should_refrain_from_showing_the//dza2lhs/,0.213,0.11078331,0.003452301,0.050680235,0.014350293,0.032248367,0.01254427,1526817800.0,9,0,0,TanithArmoured,153.0,0.0,16425.0,102239.0,118817.0
8kqdeg,dza2lo2,"Thats not as crazy as you make it sound. For example, In germany there is an industry wide agreement to not report on people commiting suicide by jumping in front of trains. And it made the numbers go down considerably. And i have not heard of any government pressure, its jsut the right thing to do",https://www.reddit.com/r/changemyview/comments/8kqdeg/cmv_news_outlets_should_refrain_from_showing_the//dza2lo2/,-0.106,0.3048984,0.013414118,0.12551236,0.050443888,0.22303216,0.050098058,1526817809.0,13,0,0,theASDF,20.0,0.0,1110.0,10872.0,12002.0
8kqdeg,dza3l6k,The US media does a similar thing with not reporting details or cause of death for the vast majority of suicides.,https://www.reddit.com/r/changemyview/comments/8kqdeg/cmv_news_outlets_should_refrain_from_showing_the//dza3l6k/,-0.021,0.10089093,0.003299713,0.016889455,0.016460562,0.017936565,0.054624002,1526819661.0,6,0,0,sarcasmandsocialism,0.0,0.0,149.0,60517.0,60666.0
8kqdeg,dza3mys,Conpiracy theories should just be ignored by everyone.,https://www.reddit.com/r/changemyview/comments/8kqdeg/cmv_news_outlets_should_refrain_from_showing_the//dza3mys/,-0.298,0.09438288,0.001602173,0.017982552,0.010433395,0.022448512,0.01086132,1526819752.0,-1,0,0,[deleted],,,,,
8kqdeg,dza5ghr,"It's up to the morality of journalists how to portray the perpetrator.  An interesting option I've seen is TV stations using a strange picture of the Las Vegas shooter, not a glamorous one.  However, everything that was not openly published to the public allowed for various conspirational theories to emerge, which is possibly one of the worst outcomes out of a shooting.",https://www.reddit.com/r/changemyview/comments/8kqdeg/cmv_news_outlets_should_refrain_from_showing_the//dza5ghr/,-0.083,0.08479069,0.002212524,0.016752819,0.005808664,0.030154925,0.020609349,1526822702.0,2,0,0,Nergaal,6230.0,66.0,965756.0,132108.0,1104160.0
8kqdeg,dza6viw,"Journalists have literally the most important job in western society.

If we don’t have the most horrible crimes imaginable being shoved in our faces at every moment, do have any idea how much money journalists will lose? People don’t want *news*, they want horror and woe jammed into their eyeballs 24/7.

To even *suggest* that journalists have any responsibility to be responsible (or even report the truth) is basically putting them up against the wall and murdering them. We have no right to expect *anything* from our brave journalists aside from what they want us to know.",https://www.reddit.com/r/changemyview/comments/8kqdeg/cmv_news_outlets_should_refrain_from_showing_the//dza6viw/,0.062,0.24924077,0.009460449,0.097129054,0.030691283,0.13969865,0.13279422,1526824779.0,1,0,1,Seeattle_Seehawks,8.0,0.0,,,8.0
8kqdeg,dza7qja,"You're assuming that news outlets want there to be fewer mass shootings. The evidence suggests that this is not the case. Every time there is one, they get more viewers, and they also get to do a ""2 minutes hate"" against the gun culture that they hate.",https://www.reddit.com/r/changemyview/comments/8kqdeg/cmv_news_outlets_should_refrain_from_showing_the//dza7qja/,0.0,0.20102765,0.00705719,0.028093686,0.0233943,0.07840354,0.12536226,1526825916.0,1,0,0,CountingMyDick,51.0,0.0,1407.0,26907.0,28365.0
8kqdeg,dza7t9v,"Ah yes, perfect is impossible so why bother with improvement right?",https://www.reddit.com/r/changemyview/comments/8kqdeg/cmv_news_outlets_should_refrain_from_showing_the//dza7t9v/,-0.277,0.04166769,0.001134872,0.013405213,0.00242336,0.01632893,0.006174954,1526826015.0,4,0,0,phoenix2448,38.0,31.0,7129.0,29567.0,36765.0
8kqdeg,dza7u8h,A lot of these mass casualties attacks don’t seem to trying to “beat the high score” otherwise you’d think they’d be much more effective at it.,https://www.reddit.com/r/changemyview/comments/8kqdeg/cmv_news_outlets_should_refrain_from_showing_the//dza7u8h/,0.022,0.032863233,0.001468658,0.012824507,0.00327431,0.010514895,0.012285355,1526826050.0,4,0,0,Aconserva3,18.0,0.0,,,18.0
8kqdeg,dza7v3s,How many mass shootings happen in Finland?,https://www.reddit.com/r/changemyview/comments/8kqdeg/cmv_news_outlets_should_refrain_from_showing_the//dza7v3s/,0.0,0.200795,0.009689331,0.02167175,0.052490227,0.021159383,0.25272974,1526826081.0,2,0,0,Aconserva3,18.0,0.0,,,18.0
8kqdeg,dza7yct,You’re being sarcastic and contributing nothing. If you agree with OP don’t post.,https://www.reddit.com/r/changemyview/comments/8kqdeg/cmv_news_outlets_should_refrain_from_showing_the//dza7yct/,0.042,0.17805049,0.002212524,0.016821137,0.003329807,0.08533409,0.00632383,1526826198.0,1,0,0,Aconserva3,18.0,0.0,,,18.0
8kqdeg,dza964n,Yes? How can it work fine or not fine if it doesn’t ever get implemented.,https://www.reddit.com/r/changemyview/comments/8kqdeg/cmv_news_outlets_should_refrain_from_showing_the//dza964n/,-0.188,0.01438814,0.000638962,0.011458136,0.001609407,0.007721877,0.006440342,1526827688.0,1,0,0,Aconserva3,18.0,0.0,,,18.0
8kqdeg,dza9pjv,keeping the information out of the public record is obviously a poor choice. censoring or otherwise preventing the media from reporting public record info is also absurd. so what’s left? the media being responsible to not glorify killers. vote with your eyeballs and attention. your premise is flawed.,https://www.reddit.com/r/changemyview/comments/8kqdeg/cmv_news_outlets_should_refrain_from_showing_the//dza9pjv/,0.319,0.26859093,0.00667572,0.048175167,0.013244915,0.23237456,0.019055385,1526828337.0,2,0,0,the_hunger,193.0,0.0,565.0,20952.0,21710.0
8kqdeg,dza9yp3,"How about they report the news, instead of figuring out the best way to manipulate it?",https://www.reddit.com/r/changemyview/comments/8kqdeg/cmv_news_outlets_should_refrain_from_showing_the//dza9yp3/,-0.354,0.050573748,0.000901222,0.012482914,0.00208113,0.021288296,0.007210615,1526828639.0,1,0,0,phurtive,55.0,0.0,,,55.0
8kqdeg,dzaaip7,"There would be no way to keep the shooter's (or multiple shooters) name out of the press.  And even if there were a way to arrest and/or prosecute them without it coming out, the details of the shooting are likely the thing that would generate a copycat shooting, not the shooter's name.",https://www.reddit.com/r/changemyview/comments/8kqdeg/cmv_news_outlets_should_refrain_from_showing_the//dzaaip7/,0.208,0.11150667,0.004024506,0.01764096,0.004513739,0.027218282,0.08089764,1526829300.0,2,0,0,pdoherty972,441.0,0.0,9024.0,55690.0,65155.0
8kqdeg,dzabpmz,las vegas was an illegal arms deal that went bad and was covered up by the govt to be a mass shooting. fact. and its a fact cus they have hidden much of what we know about this case. now get rid of what little info they did relaee and it will be even more of a fact.,https://www.reddit.com/r/changemyview/comments/8kqdeg/cmv_news_outlets_should_refrain_from_showing_the//dzabpmz/,0.167,0.20009702,0.007476807,0.03489832,0.01857083,0.0820023,0.061736204,1526830691.0,0,0,0,northkorealina,0.0,0.0,1.0,1284.0,1285.0
8kqdeg,dzaci65,It wouldn’t be a secret but there would be no glory in it and that’s the point. The sickos that do these things often want that glory and doing this would certainly depress it. This type of argument is found in so many discussions which basically goes “it won’t fix 100% of the problem therefore the solution won’t work”,https://www.reddit.com/r/changemyview/comments/8kqdeg/cmv_news_outlets_should_refrain_from_showing_the//dzaci65/,0.146,0.16678599,0.0041008,0.06345607,0.02037963,0.08410009,0.008323951,1526831603.0,4,0,0,kunfushion,204.0,0.0,1878.0,98521.0,100603.0
8kqdeg,dzacmr1,Are you proposing that all the news outlets get together and voluntarily agree to this or that we enact legislation that would prohibit them from releasing that information?  Because if it's the latter then that is a violation of our first amendment rights.,https://www.reddit.com/r/changemyview/comments/8kqdeg/cmv_news_outlets_should_refrain_from_showing_the//dzacmr1/,-0.128,0.054779384,0.001516342,0.016752819,0.004236255,0.025284592,0.00789674,1526831750.0,-5,0,0,nowItinwhistle,543.0,0.0,6874.0,91897.0,99314.0
8kqdeg,dzadl5p,"""While I understand an outright ban would cut against the first amendment, news outlets should be pressured to voluntarily follow this guideline."" Last sentence of my original post. ",https://www.reddit.com/r/changemyview/comments/8kqdeg/cmv_news_outlets_should_refrain_from_showing_the//dzadl5p/,-0.208,0.01419965,0.000591278,0.009733095,0.001914639,0.007911879,0.007391856,1526832847.0,4,0,0,PerpPartyLines,0.0,0.0,4648.0,45832.0,50480.0
8kqdeg,dzafk67,"I never said keep it out of public record, in fact I specifically point to the fact that it would be available in other comments. I also stated in the last sentence of my post that I am not talking about government censorship. I am talking about the public pressuring these outlets to refrain, which as you state would likely be through choosing outlets which do not report this information, or letting them know in some other way that you'd prefer this information be left out. My premise is voting with your eyeballs and attention; I think we are on the same page then.",https://www.reddit.com/r/changemyview/comments/8kqdeg/cmv_news_outlets_should_refrain_from_showing_the//dzafk67/,-0.125,0.045625936,0.001354218,0.017982552,0.004384246,0.022577424,0.007676662,1526835089.0,4,0,0,PerpPartyLines,0.0,0.0,4648.0,45832.0,50480.0
8kqdeg,dzag3wc,"In that case then, I suppose there's not much discussion to be had. I understand the inclination to have as much information as possible, and I see its merits. I personally think that the specific information here has little value, but if you begin with the assumption that no information should ever be left out for any reason regardless of value or effect the reporting may have, then I think we may be too far apart on the overarching premise.",https://www.reddit.com/r/changemyview/comments/8kqdeg/cmv_news_outlets_should_refrain_from_showing_the//dzag3wc/,-0.271,0.050326355,0.001802445,0.024609445,0.00899048,0.02283525,0.00948907,1526835698.0,6,0,0,PerpPartyLines,0.0,0.0,4648.0,45832.0,50480.0
8kqdeg,dzagpod,"I don't think we're that far apart, really I agree with your idea I just don't think it is feasible in the current state of news and media. As to your title, if a news channel refrains from naming the killer they will lose viewers, and they need to to maintain their viewers to maintain their company and profits. So while I disagree with them and personally think they spend too much time sensationalising these events for viewers and ratings, I understand why they do it and think they are right to do what they need to stay relevant and in profit.








",https://www.reddit.com/r/changemyview/comments/8kqdeg/cmv_news_outlets_should_refrain_from_showing_the//dzagpod/,-0.042,0.06896287,0.002307892,0.025360947,0.00880549,0.025026767,0.013010317,1526836373.0,2,0,0,TanithArmoured,153.0,0.0,16425.0,102239.0,118817.0
8kqdeg,dzaguka,"Media companies are struggling for revenue as it is. They need to make as much money as possible to ensure a free press continues to exist. If they need to sensationalize school shootings to do it, then that’s just the way it is.",https://www.reddit.com/r/changemyview/comments/8kqdeg/cmv_news_outlets_should_refrain_from_showing_the//dzaguka/,-0.25,0.09308127,0.00328064,0.013951761,0.00588266,0.016100928,0.055270568,1526836523.0,1,0,0,Seeattle_Seehawks,8.0,0.0,,,8.0
8kqdeg,dzah4nw,"In regards to application, it's certainly reliant on public opinion being in favor of the information not being reported. Assuming they report the information because people like to see it (which I think is a fair assumption) the only solution would be to get people to stop wanting to see it. This might be an unrealistic solution, but I don't think it's an impossible one.",https://www.reddit.com/r/changemyview/comments/8kqdeg/cmv_news_outlets_should_refrain_from_showing_the//dzah4nw/,-0.085,0.028149333,0.00125885,0.016001316,0.004162259,0.014314918,0.007987361,1526836836.0,2,0,0,PerpPartyLines,0.0,0.0,4648.0,45832.0,50480.0
8kqdeg,dzai0e2,"yep, sorry. i think where you lost me was “pressuring” which read like censorship to me.",https://www.reddit.com/r/changemyview/comments/8kqdeg/cmv_news_outlets_should_refrain_from_showing_the//dzai0e2/,0.042,0.10002319,0.001764298,0.018665737,0.00379228,0.026831545,0.007922632,1526837812.0,1,0,0,the_hunger,193.0,0.0,565.0,20952.0,21710.0
8kqdeg,dzaiek7,"I suppose pressuring is a bit broad of a term, but I'm not sure if there's a better word to describe it succinctly.",https://www.reddit.com/r/changemyview/comments/8kqdeg/cmv_news_outlets_should_refrain_from_showing_the//dzaiek7/,-0.312,0.041172907,0.001831055,0.020373698,0.006400629,0.014010916,0.009437286,1526838248.0,1,0,0,PerpPartyLines,0.0,0.0,4648.0,45832.0,50480.0
8kqdeg,dzajo1y,"I agree, glad to see you at least accept that the people's opinion and the fact that the media is reliant on that opinion drives how news is presented. I see a lot of people on here who want their ideal situation to be true and don't care that it's not feasible or unwanted by either people or companies",https://www.reddit.com/r/changemyview/comments/8kqdeg/cmv_news_outlets_should_refrain_from_showing_the//dzajo1y/,-0.043,0.040925518,0.001111031,0.017777596,0.004051265,0.022255141,0.006848133,1526839625.0,1,0,0,TanithArmoured,153.0,0.0,16425.0,102239.0,118817.0
8kqdeg,dzak23n,"I've seen little evidence that most mass shooters do it for ""fame"".  Motives seem to be divided among revenge/anger, start-a-revolution-against-govt, start-a-race/religious-war, and incoherent/unknown.

Probably the most common motive is anger/revenge.  That's why most shooters choose a target relevant to them: their school, their workplace, their house, a church used by the race they hate, a nightclub they went to.  If they were looking for fame, they'd be more likely to choose a big soft target at random, somewhere with really no connection to them.",https://www.reddit.com/r/changemyview/comments/8kqdeg/cmv_news_outlets_should_refrain_from_showing_the//dzak23n/,0.391,0.16678599,0.00667572,0.025497584,0.04925346,0.05086332,0.11002964,1526840055.0,3,0,0,billdietrich1,1601.0,78.0,2397.0,131212.0,135288.0
8kqdeg,dzaxjss,"Not naming people isn't going address the underlying problems.  These people don't become mental because of the news, they have issues which are not being addressed by society.

News should stop calling them shooters.  Shooters are people who shoot for sport.  People who kill people are called murderers.",https://www.reddit.com/r/changemyview/comments/8kqdeg/cmv_news_outlets_should_refrain_from_showing_the//dzaxjss/,0.333,0.17718399,0.005531311,0.024882717,0.015154205,0.077136256,0.12689553,1526854715.0,2,0,0,matholio,18.0,0.0,12125.0,46706.0,58849.0
8kqdeg,dzb1wsq,They want to sell advertising and would whore out their children if allowed. Cut the cable and save yourself. ,https://www.reddit.com/r/changemyview/comments/8kqdeg/cmv_news_outlets_should_refrain_from_showing_the//dzb1wsq/,-0.083,0.4977744,0.03590374,0.46460027,0.038425524,0.36021477,0.13815513,1526859824.0,1,0,0,Ropes4u,542.0,13.0,,,555.0
8kqdeg,dzb3ps9,"I have an even better idea.  Keep reporting on the name of the scumbags, but also include their penis size in the reports.",https://www.reddit.com/r/changemyview/comments/8kqdeg/cmv_news_outlets_should_refrain_from_showing_the//dzb3ps9/,0.125,0.7701451,0.29621798,0.541926,0.068465814,0.5935568,0.04029291,1526861952.0,1,0,0,TheShadowCat,1540.0,0.0,20025.0,319566.0,341131.0
8kqdeg,dzb5q5m,Their names and kill counts are plastered on the 24 hour stations for days on end like it's a score card.,https://www.reddit.com/r/changemyview/comments/8kqdeg/cmv_news_outlets_should_refrain_from_showing_the//dzb5q5m/,-0.128,0.20102765,0.007514954,0.016957775,0.00466173,0.02212623,0.2836219,1526864244.0,1,0,0,Xaielao,87.0,826.0,1757.0,62664.0,65334.0
8kqdeg,dzb6hfm,I don't think they should completely refrain from showing it. News is news. What they should stop doing is showing the shooter's face 95 times a day and recapping the event with round the clock coverage to politicize the shooting and ultimately glorifying the shooter. ,https://www.reddit.com/r/changemyview/comments/8kqdeg/cmv_news_outlets_should_refrain_from_showing_the//dzb6hfm/,0.042,0.14429577,0.005187988,0.024541125,0.008213525,0.04090862,0.08703069,1526865133.0,2,0,0,SpiderJax99,0.0,0.0,1471.0,10898.0,12369.0
8kqdeg,dzcxn5o,people have the right to know what happened. they shouldnt be deprived of knowing what the shooter looks like and other  stuff,https://www.reddit.com/r/changemyview/comments/8kqdeg/cmv_news_outlets_should_refrain_from_showing_the//dzcxn5o/,-0.375,0.067380086,0.002574921,0.018324144,0.003718285,0.011122898,0.048158366,1526945666.0,1,0,0,[deleted],,,,,
