post_id,comment_id,txt,url,offensiveness_score,Toxicity,Severe Toxicity,Profanity,Identity Attack,Insult,Threat,created,score,total_awards_received,controversiality,user,user_awardee_karma,user_awarder_karma,user_link_karma,user_comment_karma,user_total_karma
60sxpt,df9kktx,"But the wage gap, as presented ad nauseam, is demonstrably false. It's comparing all careers with each other. Many male dominated fields pay higher than many female dominated ones. It's litterally comparing engineers with teachers. Whereas, if you compare two people in the same field, with the same job, who have the same experience, yet with different genitals, the wage gap almost completely vanishes. And, even if it were true, how could a company get away with hiring men, when they could pay women 3/4 the money for the same work? Not to mention that it's illegal.

Also, for extra credit, how would you know if a rape went unreported... If it's not reported...

Why am I even on this sub? How did I get here? Damn it, Reddit.",https://www.reddit.com/r/TwoXChromosomes/comments/60sxpt/just_because_feminism_doesnt_apply_to_you_doesnt//df9kktx/,0.083,0.20195828,0.004863739,0.06295506,0.084182754,0.071116626,0.007068211,1490198730.0,11,0,0,WirsindApfel,0.0,0.0,21.0,8159.0,8180.0
60sxpt,df9rfxf,Would you say this about the black lives matter movement because they don't call it all lives matter?,https://www.reddit.com/r/TwoXChromosomes/comments/60sxpt/just_because_feminism_doesnt_apply_to_you_doesnt//df9rfxf/,0.083,0.24442963,0.007095337,0.033645786,0.28883415,0.0623257,0.007961469,1490205840.0,10,0,0,Equipoisonous,152.0,0.0,15111.0,107087.0,122350.0
60sxpt,df9rs8q,Women do not make less for the same work in the same circumstances. If you can show a single study that proves that I will eat 2 bananas. ,https://www.reddit.com/r/TwoXChromosomes/comments/60sxpt/just_because_feminism_doesnt_apply_to_you_doesnt//df9rs8q/,-0.064,0.12086493,0.002498627,0.016752819,0.10221587,0.02618698,0.006472706,1490206194.0,4,0,0,JaakobSemken,0.0,0.0,197.0,218.0,415.0
60sxpt,df9ydzu,Risky comment. Good luck defending all of that ,https://www.reddit.com/r/TwoXChromosomes/comments/60sxpt/just_because_feminism_doesnt_apply_to_you_doesnt//df9ydzu/,-0.188,0.08953904,0.001821518,0.015523086,0.003089321,0.025800243,0.00814271,1490213133.0,1,0,0,jameswoerd,13.0,0.0,296.0,1164.0,1473.0
60sxpt,df9yso7,TwoX: A sub for men to tell women why feminism is unnecessary.,https://www.reddit.com/r/TwoXChromosomes/comments/60sxpt/just_because_feminism_doesnt_apply_to_you_doesnt//df9yso7/,-0.042,0.21241048,0.00617981,0.056441884,0.23998553,0.05262003,0.008531082,1490213572.0,1,0,1,gorillagreen,0.0,0.0,255.0,461.0,716.0
60sxpt,dfa2yat,"I can see where your friend is coming from if the more aggressive kinds of feminists rub her the wrong way.  I have friends who have lost custody of their kids to unemployed women with meth arrests, but if they tried to convince me to join a men's rights group I'd have to say sorry I can't be associated with those people even if every once in a great while they're right.",https://www.reddit.com/r/TwoXChromosomes/comments/60sxpt/just_because_feminism_doesnt_apply_to_you_doesnt//dfa2yat/,0.188,0.3127066,0.013155893,0.12727508,0.35624164,0.16868424,0.035113025,1490218057.0,2,0,0,scottdenis,270.0,0.0,2398.0,69750.0,72418.0
60sxpt,dfa6mhp,"Can you give me an example of sexism against men that isn't a direct result of sexist ideas against women? Men lose custody battles because raising children is seen as the woman's job. Men get harsher prison sentences than women because again women should be home with the kids and women are seen as weaker. Men take on riskier jobs because women are seen as too dainty to handle it. Men aren't allowed to cry because women are the emotional ones. Men can't be raped because they're the ""stronger"" sex so should be able to fight off the ""weaker"" sex plus they're supposed to always want sex (toxic masculinity). It just seems to me that any perceived sexism towards men comes directly from the ideas that persist in our society because of sexism towards women.",https://www.reddit.com/r/TwoXChromosomes/comments/60sxpt/just_because_feminism_doesnt_apply_to_you_doesnt//dfa6mhp/,0.25,0.33836752,0.016706496,0.15107171,0.2839175,0.16124763,0.050744623,1490222311.0,0,0,1,Equipoisonous,152.0,0.0,15111.0,107087.0,122350.0
60sxpt,dfa6qwf,"Yeah. 

I'm not hugely interested in that sort of revenge style justice. It also feels extremely random how someone like him will have to carry that throughout his life (in addition to any actual justiciary penalties) versus all those who will not. ",https://www.reddit.com/r/TwoXChromosomes/comments/60sxpt/just_because_feminism_doesnt_apply_to_you_doesnt//dfa6qwf/,-0.149,0.062236045,0.001621246,0.013268576,0.004254754,0.022061773,0.008893564,1490222461.0,1,0,0,M_SunChilde,1118.0,78.0,1984.0,95639.0,98819.0
60sxpt,dfa7mqb,"The problem with that though is that historically women have faced discrimination due to their sex (not being able to vote, not being able to own property or own a credit card). They are the ones that have been viewed as inferior to men and that's where this all stems from.",https://www.reddit.com/r/TwoXChromosomes/comments/60sxpt/just_because_feminism_doesnt_apply_to_you_doesnt//dfa7mqb/,-0.062,0.24924077,0.007781982,0.07514556,0.26155844,0.0808917,0.008686432,1490223541.0,0,0,1,Equipoisonous,152.0,0.0,15111.0,107087.0,122350.0
60sxpt,dfa7za3,"And historically men were asked to risk life and limb in armies and women weren't.

You can indeed say that men were required to do that because people had a low opinion of female battle skills. Just as you can say that women were not allowed to earn money because people had an expectation of men to provide for women and protect them.",https://www.reddit.com/r/TwoXChromosomes/comments/60sxpt/just_because_feminism_doesnt_apply_to_you_doesnt//dfa7za3/,0.191,0.13041082,0.003890991,0.022628209,0.10221587,0.04149419,0.010783645,1490223978.0,12,0,0,TheVarencaExperience,0.0,0.0,,,0.0
60sxpt,dfabxwj,"I'm not talking about revenge, more like karma.

Let me put it this way:

10 years from now will you feel justice is served if he's sitting in a jail cell with 3 hots and a cot, able to see family, possibly get a college degree, rec time.

Or...

10 years from now you hear that he died alone on streets, homeless, hungry, shunned by society, addicted to crack.

If it's the latter, I'll consider that justice more so than knowing my tax dollars paid for a minimally comfortable life.",https://www.reddit.com/r/TwoXChromosomes/comments/60sxpt/just_because_feminism_doesnt_apply_to_you_doesnt//dfabxwj/,0.229,0.19893374,0.006828308,0.050680235,0.011691323,0.082866095,0.045572113,1490228990.0,1,0,0,[deleted],,,,,
60sxpt,dfapjjp,"She doesn't realize how fast things can slip backwards.

Women in Iran were educated at about the same rate, had their own jobs, were liberated.  When the Ayatollah came to power in 1979, their rights skidded backwards to the point they are today - enforced hijab, male escorts required in public, etc.

She might be unpleasantly surprised at how many ""equal and enlightened"" men would happily put women ""back in their place"".",https://www.reddit.com/r/TwoXChromosomes/comments/60sxpt/just_because_feminism_doesnt_apply_to_you_doesnt//dfapjjp/,0.188,0.1587729,0.004272461,0.02522431,0.10221587,0.07016616,0.009178371,1490250011.0,1,0,0,newyearnewsn,0.0,0.0,495.0,5005.0,5500.0
