post_id,comment_id,txt,url,offensiveness_score,Toxicity,Severe Toxicity,Profanity,Identity Attack,Insult,Threat,created,score,total_awards_received,controversiality,user,user_awardee_karma,user_awarder_karma,user_link_karma,user_comment_karma,user_total_karma
4uha88,d5psabq,The way I take it it's like I'm providing for her/taking care of her sexual needs. Maybe this isn't exact but from my experience the girl always says daddy when she wants something more so I like to take care of that need.,https://www.reddit.com/r/AskMen/comments/4uha88/can_someone_please_explain_to_me_how_some_guys//d5psabq/,0.083,0.2191003,0.005989075,0.15812257,0.009619443,0.020837102,0.007819066,1469439544.0,18,0,0,OrangeSimply,309.0,78.0,374.0,65454.0,66215.0
4uha88,d5q41kk,[deleted],https://www.reddit.com/r/AskMen/comments/4uha88/can_someone_please_explain_to_me_how_some_guys//d5q41kk/,0.489,,,,,,,1469462602.0,-10,0,1,[deleted],,,,,
4uha88,d5q7g40,Questioning why people are into weird sexual things is a really deep hole. ,https://www.reddit.com/r/AskMen/comments/4uha88/can_someone_please_explain_to_me_how_some_guys//d5q7g40/,-0.167,0.3127066,0.008163452,0.20139475,0.013546381,0.032468732,0.006828715,1469466860.0,6,0,0,[deleted],,,,,
4uha88,d5q7veq,Mostly the lack of quality poutine. ,https://www.reddit.com/r/AskMen/comments/4uha88/can_someone_please_explain_to_me_how_some_guys//d5q7veq/,-0.391,0.11098998,0.001907349,0.014327513,0.005142702,0.042665333,0.006336776,1469467381.0,10,0,0,FluxxxCapacitard,73.0,0.0,,,73.0
4uha88,d5qchtp,"What everyone else has already said, stated playfully it plays with the power dynamics of sex.

There is also a lesser but related implication where it plays into ""forbidden"" sexuality. ",https://www.reddit.com/r/AskMen/comments/4uha88/can_someone_please_explain_to_me_how_some_guys//d5qchtp/,0.458,0.25727063,0.004997253,0.08904689,0.013144426,0.02264188,0.007236506,1469473241.0,1,0,0,rtechie1,737.0,0.0,,,737.0
4uha88,d5qg1so,"Explain how you find it hot when your girl calls you brother, King Slayer.",https://www.reddit.com/r/AskMen/comments/4uha88/can_someone_please_explain_to_me_how_some_guys//d5qg1so/,-0.021,0.4014846,0.023076924,0.28708664,0.02721288,0.082372494,0.012958534,1469477683.0,1,0,0,Preacherjonson,650.0,34.0,4974.0,236392.0,242050.0
4uha88,d5qj8j2,"Honestly this is something I like a lot. Ive thought about it some, and to me it's because as a patriarchal society, we used to associate fathers with power, authority, love and care. Daddy isn't a thing intended to make you think of biology, it's supposed to remind you of those things. ",https://www.reddit.com/r/AskMen/comments/4uha88/can_someone_please_explain_to_me_how_some_guys//d5qj8j2/,-0.292,0.09481675,0.004386902,0.060951006,0.03636306,0.027218282,0.00933372,1469481661.0,2,0,0,TheFirstUranium,185.0,0.0,1476.0,81796.0,83457.0
4uha88,d5qk5f7,"Really? I thought I did a shitty---or at best, less than mediocre---way of putting it.",https://www.reddit.com/r/AskMen/comments/4uha88/can_someone_please_explain_to_me_how_some_guys//d5qk5f7/,0.34,0.7105462,0.070156105,0.7785769,0.01656105,0.49151286,0.009644418,1469482799.0,1,0,0,[deleted],,,,,
4uha88,d5qlh7g,"older knowledgeable man, younger woman who needs and trusts his judgement

also he bosses her around in the bedroom

i can understand the dynamic, the word is the confusing part, i would want the opposite (older woman) but not into calling her mommy",https://www.reddit.com/r/AskMen/comments/4uha88/can_someone_please_explain_to_me_how_some_guys//d5qlh7g/,0.104,0.1373533,0.005455017,0.06195303,0.023193322,0.028392024,0.009851551,1469484491.0,2,0,0,[deleted],,,,,
4uha88,d5r0ayg,"if someone I was having sex with called me daddy, I would think they are into some incest shit. No I don't want to be called that, and yes I would be disgusted. lol",https://www.reddit.com/r/AskMen/comments/4uha88/can_someone_please_explain_to_me_how_some_guys//d5r0ayg/,0.604,0.78711975,0.35094213,0.7107322,0.18468912,0.4596616,0.13228847,1469503759.0,1,0,0,samirahmad2594,0.0,0.0,74.0,133.0,207.0
4uha88,d5r2909,"I prefer when they call me ""papi"".",https://www.reddit.com/r/AskMen/comments/4uha88/can_someone_please_explain_to_me_how_some_guys//d5r2909/,-0.426,0.102192536,0.003147125,0.036651865,0.006807606,0.029493837,0.008155655,1469506832.0,1,0,0,MisterFoo,0.0,0.0,1.0,2272.0,2273.0
