post_id,comment_id,txt,url,offensiveness_score,Toxicity,Severe Toxicity,Profanity,Identity Attack,Insult,Threat,created,score,total_awards_received,controversiality,user,user_awardee_karma,user_awarder_karma,user_link_karma,user_comment_karma,user_total_karma
bg0wwj,elhs9b2,"I hope she sues the fuck out of them. Very easy to find them - check list of passengers and track down which one had measles. I don’t give a fuck about someone’s right not to be tested - they forfeited that when someone else got sick. Will celebrate if that ‘parent’ gets their child taken away and brought somewhere safe. 

Fuck these people. Mandatory vaccinations, or you’re not allowed to live in US. Zero tolerance.",https://i.redd.it/u3sskixjvst21.jpg/elhs9b2/,0.833,0.8403191,0.45895407,0.79449326,0.2774022,0.5739874,0.34804323,1555940563.0,76,0,0,[deleted],,,,,
bg0wwj,elhvjez,"Yep, agreed. Too much of anything is never good. Same applies to liberty. It’s what we call the ‘social contract’, which apparently has been torn to shreds.",https://i.redd.it/u3sskixjvst21.jpg/elhvjez/,-0.021,0.049089402,0.001029968,0.013815125,0.004957713,0.020192537,0.00627852,1555943278.0,5,0,0,[deleted],,,,,
bg0wwj,eli09u5,"One could say the same about the woman in a coma. 

Not defending antivaxxers in the least, just being obvious about how natural selection works.",https://i.redd.it/u3sskixjvst21.jpg/eli09u5/,0.042,0.039935954,0.001115799,0.010945748,0.016862517,0.014048916,0.006964645,1555946852.0,1,0,0,Skot_Skot,27.0,87.0,27637.0,10443.0,38194.0
bg0wwj,eli0apu,You can't really punish anyone until the vaccinations are mandatory. That's the problem. Suing someone isn't going to do anything when it's perfectly legal to leave your kids unvaccinated.,https://i.redd.it/u3sskixjvst21.jpg/eli0apu/,0.104,0.026735162,0.001316071,0.012892825,0.002700844,0.009545889,0.010447056,1555946870.0,3,0,0,barrsftw,80.0,0.0,661.0,31462.0,32203.0
bg0wwj,eli6dcp,Don’t measles take 10-15 days for symptoms to show? Don’t know how easy it would be to locate through that many passengers and try to figure it out,https://i.redd.it/u3sskixjvst21.jpg/eli6dcp/,-0.042,0.015770407,0.000834465,0.011355659,0.002062631,0.007911879,0.007094103,1555951197.0,3,0,0,CenturionElite,2555.0,1453.0,271892.0,193691.0,469591.0
bg0wwj,eli6ijt,"She won't be able to sue -- she's not expected to recover per our health ministry. 

They haven't released the prognosis of the other person who was infected -- a child -- but he's also in a coma, so I'm sure his prognosis is the same :/",https://i.redd.it/u3sskixjvst21.jpg/eli6ijt/,-0.125,0.027442247,0.000982285,0.011253181,0.002996826,0.012300906,0.007443639,1555951287.0,1,0,0,[deleted],,,,,
bg0wwj,eljqbn1,[deleted],https://i.redd.it/u3sskixjvst21.jpg/eljqbn1/,0.0,,,,,,,1555990264.0,0,0,0,[deleted],,,,,
bg0wwj,eljqkbg,"i’m sorry, it is clear you are very mentally ill. believing the holocaust is fake, being racist as shit, and not believing in vaccinations are just some things that you share in common with trump supporters and conservatives. please seek help.",https://i.redd.it/u3sskixjvst21.jpg/eljqkbg/,0.562,0.85333383,0.3735507,0.7107322,0.43896464,0.7775208,0.053007595,1555990473.0,2,0,0,TRNSilent,0.0,0.0,197.0,1866.0,2063.0
bg0wwj,eljriux,So sad if she dies,https://i.redd.it/u3sskixjvst21.jpg/eljriux/,-0.229,0.39021665,0.02449106,0.16729468,0.029660052,0.06634661,0.44942492,1555991327.0,1,0,0,DanielTheMarmot,0.0,0.0,1439.0,3309.0,4748.0
bg0wwj,eljrs7f,the hell is wrong with this person     twitter sucks,https://i.redd.it/u3sskixjvst21.jpg/eljrs7f/,0.319,0.91625386,0.45895407,0.759977,0.10221587,0.6306599,0.025443908,1555991561.0,1,0,0,intriquedrock,0.0,0.0,1062.0,2743.0,3805.0
bg0wwj,em7vd55,When measles crosses the blood brain barrier it has a mortality rate of 30-40%,https://i.redd.it/u3sskixjvst21.jpg/em7vd55/,-0.208,0.0665887,0.002574921,0.023516348,0.009360458,0.017227544,0.009437286,1556713618.0,1,0,0,Vincent-conliolo,0.0,0.0,1.0,7.0,8.0
bg0wwj,eozfzjj,This is the fucking world we live in,https://i.redd.it/u3sskixjvst21.jpg/eozfzjj/,0.708,0.9209984,0.35368225,0.92389363,0.07177465,0.42567953,0.008841781,1558960471.0,1,0,0,snipz1,18.0,150.0,157.0,457.0,782.0
