post_id,comment_id,txt,url,offensiveness_score,Toxicity,Severe Toxicity,Profanity,Identity Attack,Insult,Threat,created,score,total_awards_received,controversiality,user,user_awardee_karma,user_awarder_karma,user_link_karma,user_comment_karma,user_total_karma
8jabys,dyy5ya5,Confirmation of planned premeditated murder. ,https://apnews.com/42e68289e3244ca2879f258d4e445850/Israel-warns-Gaza-protesters:-Stay-away-from-border-fence/dyy5ya5/,0.188,0.31547862,0.017481172,0.029186781,0.00899048,0.034341812,0.40858683,1526282589.0,-41,0,1,fletch44,475.0,0.0,18162.0,110586.0,129223.0
8jabys,dyy7zrr,What should they do? Welcome Hamas with open arms crossing the border? ,https://apnews.com/42e68289e3244ca2879f258d4e445850/Israel-warns-Gaza-protesters:-Stay-away-from-border-fence/dyy7zrr/,-0.042,0.12086493,0.005950928,0.015932998,0.07094744,0.021546122,0.05236103,1526287343.0,32,0,0,reallynicebookcase,0.0,0.0,101.0,3898.0,3999.0
8jabys,dyy8x6y,bull shit. Just like that journalist who was sniped for absolutely fuck all right? ,https://apnews.com/42e68289e3244ca2879f258d4e445850/Israel-warns-Gaza-protesters:-Stay-away-from-border-fence/dyy8x6y/,0.667,0.93383175,0.45895407,0.91513264,0.089145996,0.6109131,0.13815513,1526289648.0,-11,0,1,[deleted],,,,,
8jabys,dyy97mi,What about ensuring their right to peacefully assemble...? Should damage to property or violence break out the perpetrators and instigators alone (no matter which side) should be held to account. ,https://apnews.com/42e68289e3244ca2879f258d4e445850/Israel-warns-Gaza-protesters:-Stay-away-from-border-fence/dyy97mi/,-0.128,0.03545588,0.001440048,0.010638315,0.003477799,0.010590895,0.013269233,1526290372.0,-13,0,0,uzmynem,15.0,0.0,7483.0,19986.0,27484.0
8jabys,dyykg2w,What the hell did I just read.,https://apnews.com/42e68289e3244ca2879f258d4e445850/Israel-warns-Gaza-protesters:-Stay-away-from-border-fence/dyykg2w/,0.0,0.568186,0.02604016,0.541926,0.014249804,0.24561718,0.009747985,1526307573.0,-1,0,0,sakezx,69.0,60.0,32.0,16836.0,16997.0
8jabys,dyylwv8,"> Hamas will never stop blowing themselves up until every Jew is a burned, smoking corpse

Hamas has (by and large) accepted the international consensus for peace. A two state solution based on the 1967 borders. Israel refuses this international consensus. Israel is the one that doesn't want peace. Israel is the one that most regularly breaks the cease-fires. Israel is almost always the aggressor. 

> We should just nuke the entire area and make it uninhabitable for everyone. Neither culture is important or with saving. 

Or you know, we support the 195 nation solution to a settlement. Peace is really easy if the US and Israel want it. But both seem quite content with constant war. ",https://apnews.com/42e68289e3244ca2879f258d4e445850/Israel-warns-Gaza-protesters:-Stay-away-from-border-fence/dyylwv8/,0.354,0.5559701,0.35368225,0.27882218,0.57150364,0.40243408,0.5253276,1526309016.0,2,0,0,Bardali,213.0,0.0,10482.0,38785.0,49480.0
8jabys,dyyn38j,"> What on earth does ""reaonable grounds"" even mean?

It means if they are being attacked they should defend themselves.

> I then point out that Israel defending its border has nothing to do with the right to peacefully assemble. 

Which I agreed to.

> Palestinians have no right to peacefully assemble in Israel without Israels consent. 

Exactly, which is why I suggested that Israel ensures their right to peacefully assemble (i.e. peaceful protest) in Israel. If they do this they can also provide security to limit any instances of violence.",https://apnews.com/42e68289e3244ca2879f258d4e445850/Israel-warns-Gaza-protesters:-Stay-away-from-border-fence/dyyn38j/,0.146,0.3057765,0.014253352,0.20592089,0.2816105,0.11616662,0.018192071,1526310136.0,0,0,0,uzmynem,15.0,0.0,7483.0,19986.0,27484.0
8jabys,dyyo9cy,"> It means if they are being attacked they should defend themselves.


You mean like if a violent mob illegally crosses the border? But no, they should defend their border from everyone who is not allowed to cross it.


> Which I agreed to.


Then why did you bring it up if you agree it's completely irrelevant? 


> Exactly, which is why I suggested that Israel ensures their right to peacefully assemble (i.e. peaceful protest) in Israel. 


What? What do you mean ensure their right to peaceful protest in Israel? They have no right to protest in Israel, or even *be* in Israel, just like I don't have a right to protest, or be, in your living room.",https://apnews.com/42e68289e3244ca2879f258d4e445850/Israel-warns-Gaza-protesters:-Stay-away-from-border-fence/dyyo9cy/,0.146,0.19219314,0.005950928,0.03339528,0.10221587,0.06250052,0.021127338,1526311247.0,4,0,0,vialtrisuit,0.0,0.0,5.0,14047.0,14052.0
8jabys,dyz7l9h,"Here's a kind adjective, served with a killer noun.   Just appreciate the adjective plse.",https://apnews.com/42e68289e3244ca2879f258d4e445850/Israel-warns-Gaza-protesters:-Stay-away-from-border-fence/dyz7l9h/,-0.312,0.22712809,0.007209778,0.03915693,0.005660672,0.031917825,0.13815513,1526328617.0,1,0,0,iamnotinterested2,983.0,0.0,319069.0,124943.0,444995.0
8jabys,dyzahss,[deleted],https://apnews.com/42e68289e3244ca2879f258d4e445850/Israel-warns-Gaza-protesters:-Stay-away-from-border-fence/dyzahss/,-0.021,,,,,,,1526331257.0,-1,0,0,[deleted],,,,,
8jabys,dyzdeit,[deleted],https://apnews.com/42e68289e3244ca2879f258d4e445850/Israel-warns-Gaza-protesters:-Stay-away-from-border-fence/dyzdeit/,0.271,,,,,,,1526333984.0,-1,0,0,[deleted],,,,,
8jabys,dyze2bw,"LOL this is not a protest on the street ! they tried to breach the border and kill Israeli people !! 

",https://apnews.com/42e68289e3244ca2879f258d4e445850/Israel-warns-Gaza-protesters:-Stay-away-from-border-fence/dyze2bw/,0.104,0.584095,0.16960317,0.18786818,0.46028158,0.23237456,0.52786106,1526334621.0,0,0,0,eredditan,0.0,0.0,80.0,502.0,582.0
8jabys,dyzfqrg,"I literally can't even count the number of times that an RPG has been fired from a group of Palestinian ""protesters"" at Israeli forces over the past decades. A simple Google search will give you some of these instances in which this has happened.

Calling that an exaggeration is being blatantly ignorant to the fact.",https://apnews.com/42e68289e3244ca2879f258d4e445850/Israel-warns-Gaza-protesters:-Stay-away-from-border-fence/dyzfqrg/,0.022,0.28312725,0.008773804,0.079025,0.20878418,0.21135417,0.023026628,1526336281.0,1,0,0,[deleted],,,,,
8jabys,dyzkqqn,"Isis or Syria should just start dropping leaflets too before they kill protestors or journalists or any innocent people, seems to give Israel carte Blanche rights to slaughter ",https://apnews.com/42e68289e3244ca2879f258d4e445850/Israel-warns-Gaza-protesters:-Stay-away-from-border-fence/dyzkqqn/,0.312,0.40060925,0.024866661,0.11601777,0.37879246,0.10440776,0.49142194,1526341602.0,0,0,0,Magiu5,366.0,0.0,2996.0,24390.0,27752.0
8jabys,dz025sn,If you defend mass murder I hope you find the psychological help you need.,https://apnews.com/42e68289e3244ca2879f258d4e445850/Israel-warns-Gaza-protesters:-Stay-away-from-border-fence/dz025sn/,-0.064,0.42568782,0.023076924,0.060951006,0.022590388,0.36798462,0.34804323,1526361592.0,-1,0,0,[deleted],,,,,
