post_id,comment_id,txt,url,offensiveness_score,Toxicity,Severe Toxicity,Profanity,Identity Attack,Insult,Threat,created,score,total_awards_received,controversiality,user,user_awardee_karma,user_awarder_karma,user_link_karma,user_comment_karma,user_total_karma
5r8ozx,dd5ckqd,"Just stop. The classic attack on feminism is that they're just upset because they're unattractive. How about we stop ranking people by how ""fuckable"" they are?",http://economicalmillennial.com/giving-access-to-free-and-low-cost-birth-control-saves-the-u-s-government-at-least-17-billion-a-year//dd5ckqd/,0.521,0.718943,0.23224114,0.7246992,0.44690517,0.4986907,0.019746035,1485879737.0,55,0,0,DoctorVerringer,0.0,0.0,425.0,35956.0,36381.0
5r8ozx,dd5di30,"I did not know this, I was always told that we weren't supposed to use birth control because we were only supposed to have sex to make babies, and that didn't mean that we weren't supposed to have sex, we were just supposed to want to have tons of babies lol",http://economicalmillennial.com/giving-access-to-free-and-low-cost-birth-control-saves-the-u-s-government-at-least-17-billion-a-year//dd5di30/,0.167,0.4013387,0.023599008,0.33453682,0.07591068,0.10294484,0.035458352,1485880786.0,48,0,0,fluffalump83,0.0,0.0,191.0,4321.0,4512.0
5r8ozx,dd5e1ty,"If that was the Catholic Church's position they wouldn't teach NFP. The Church is fine with (encourages, really) sex not for procreation within the confines of marriage. It just takes the stance that contraceptives are too much an attempt to subvert God's plan.

I know it's a stupid and arbitrary line, but it's the one they drew.",http://economicalmillennial.com/giving-access-to-free-and-low-cost-birth-control-saves-the-u-s-government-at-least-17-billion-a-year//dd5e1ty/,0.452,0.4421347,0.023076924,0.22653213,0.37432748,0.41530323,0.01101667,1485881391.0,81,0,0,Anathos117,159.0,0.0,366.0,110776.0,111301.0
5r8ozx,dd5grew,"Waitwaitwait.

Seriously? As a matter of canonical law the Church is fine with (and encourages!) non-procreational sex as long as its within marriage? What the heck ever happened to Genesis 38:9-10?

The core philosophy of the Church since the medieval period has always been that sex is bad and ideally everyone should be abstinent and that the only acceptable sex is that which is A) within the confines of marriage and B) for the purpose of procreation. Every damn sexual regulation in the Bible is CLEARLY aimed at preventing non-procreative sex. What kind of half-assed reasoning are they using to justifying this complete 180 on recreational sex???",http://economicalmillennial.com/giving-access-to-free-and-low-cost-birth-control-saves-the-u-s-government-at-least-17-billion-a-year//dd5grew/,0.413,0.5721988,0.07805709,0.45448917,0.3817989,0.42167732,0.017156094,1485884331.0,6,0,0,Maw_Triskaidekathon,0.0,0.0,687.0,704.0,1391.0
5r8ozx,dd5hrf2,"> What the heck ever happened to Genesis 38:9-10?

That's the justification for not permitting contraceptives. NFP leaves the *potential* for conception, so it passes muster.

>sex is bad and ideally everyone should be abstinent

That's specifically Paul's position, and even he admitted that most people weren't going to adhere to that and said it was fine.",http://economicalmillennial.com/giving-access-to-free-and-low-cost-birth-control-saves-the-u-s-government-at-least-17-billion-a-year//dd5hrf2/,0.188,0.52811706,0.16960317,0.44431314,0.22935481,0.25998658,0.019918699,1485885392.0,5,0,0,Anathos117,159.0,0.0,366.0,110776.0,111301.0
5r8ozx,dd5i6kx,"It's not against Gods will to have sex with your married partner whenever you want. It's against God's will to try to prevent a possible fertilization when you do have sex, whether through birth control, barrier methods, pulling out, or whatever. Having sex when you're naturally infertile or barely fertile due to your hormonal cycle without protection doesn't lessen the natural chance of fertilization, and thus, is fine.",http://economicalmillennial.com/giving-access-to-free-and-low-cost-birth-control-saves-the-u-s-government-at-least-17-billion-a-year//dd5i6kx/,0.229,0.38601747,0.022839356,0.25824076,0.10221587,0.0811385,0.014911477,1485885848.0,30,0,0,jeffwulf,249.0,817.0,1139.0,57833.0,60038.0
5r8ozx,dd5mxzg,"Guys who orgasm inside their girlfriends are totally irresponsible, and then some. No wonder you guys all owe child support! If you do, you are a loser too.",http://economicalmillennial.com/giving-access-to-free-and-low-cost-birth-control-saves-the-u-s-government-at-least-17-billion-a-year//dd5mxzg/,0.234,0.72028047,0.17009245,0.4131548,0.18705739,0.6109131,0.02803385,1485890999.0,0,0,0,shredrite,0.0,0.0,1.0,13.0,14.0
5r8ozx,dd5n6dj,"Being we're investing most of our budget into schools, you'd think women and men would know the risks of having unprotected sex... or at least pay up when they make mistakes. Its times people be held accountable again. Way to long have people been babied at the expense of the taxpayers.",http://economicalmillennial.com/giving-access-to-free-and-low-cost-birth-control-saves-the-u-s-government-at-least-17-billion-a-year//dd5n6dj/,0.021,0.2540519,0.005950928,0.06946823,0.04203484,0.061626412,0.009696201,1485891255.0,-1,0,1,[deleted],,,,,
5r8ozx,dd5nltq,"I like where this is going... imagine how much we could save if we prevented most people from having children! On the flip side, imagine the long term negative impact of less workers... hmm. Maybe it doesn't work to be utilitarian about this sort of thing?",http://economicalmillennial.com/giving-access-to-free-and-low-cost-birth-control-saves-the-u-s-government-at-least-17-billion-a-year//dd5nltq/,-0.062,0.07687678,0.002632141,0.024131214,0.00828752,0.026702631,0.00866054,1485891722.0,-5,0,0,CoyJew,0.0,0.0,189.0,680.0,869.0
5r8ozx,dd5nvzz,"You can save money by killing children, but is it worth it?",http://economicalmillennial.com/giving-access-to-free-and-low-cost-birth-control-saves-the-u-s-government-at-least-17-billion-a-year//dd5nvzz/,0.596,0.509388,0.16960317,0.17380778,0.061130337,0.1087965,0.556283,1485892028.0,-10,0,0,toran37,0.0,0.0,,,0.0
5r8ozx,dd5od21,"Your taxes don't change based on government expenditure.  When you pay your taxes, the money is now the governments. ",http://economicalmillennial.com/giving-access-to-free-and-low-cost-birth-control-saves-the-u-s-government-at-least-17-billion-a-year//dd5od21/,-0.292,0.008921904,0.000450611,0.009698936,0.001618656,0.007607877,0.005861019,1485892545.0,16,0,0,lord_balathustrius,0.0,0.0,1.0,14361.0,14362.0
