post_id,comment_id,txt,url,offensiveness_score,Toxicity,Severe Toxicity,Profanity,Identity Attack,Insult,Threat,created,score,total_awards_received,controversiality,user,user_awardee_karma,user_awarder_karma,user_link_karma,user_comment_karma,user_total_karma
b4s875,ej8yc3n,"It is a shitty thing for someone to do whether or not they are in a relationship. Having a friendly chat and someone offers to buy you a drink is not a problem, but purposely manipulating someone to pay for your drinks is just wrong.",https://www.reddit.com/r/AskMen/comments/b4s875/how_would_you_feel_about_your_so_talking_to_other//ej8yc3n/,0.292,0.6744087,0.06101104,0.776286,0.027413858,0.36798462,0.008971239,1553404864.0,663,0,0,dragoneye,106.0,0.0,10.0,123913.0,124029.0
b4s875,ej9zdhs,"I think it's kind of a big deal, not because or the cheating vs controlling implications though. It's fucked up of her to lead guys on just to get free drinks. I know I personally would be pissed of I found out she used me whether she had a boyfriend or not.",https://www.reddit.com/r/AskMen/comments/b4s875/how_would_you_feel_about_your_so_talking_to_other//ej9zdhs/,-0.021,0.6407703,0.23224287,0.70864636,0.10221587,0.42743355,0.031314444,1553447172.0,1,0,0,MAYORofTITTYciti,33.0,0.0,30437.0,12154.0,42624.0
b4s875,ejbkisj,I know my SO wouldn't do that. If she asked me if she could do that I would not be with her.  That's just me though. ,https://www.reddit.com/r/AskMen/comments/b4s875/how_would_you_feel_about_your_so_talking_to_other//ejbkisj/,-0.188,0.048099842,0.001907349,0.023379711,0.004254754,0.011274899,0.00948907,1553492726.0,1,0,0,[deleted],,,,,
b4s875,ejblk9o,Sounds like she’s preparing her excuse for when the pictures start popping up. ,https://www.reddit.com/r/AskMen/comments/b4s875/how_would_you_feel_about_your_so_talking_to_other//ejblk9o/,-0.208,0.034748793,0.001063347,0.011714331,0.002358613,0.013782915,0.008582866,1553494124.0,0,0,0,[deleted],,,,,
b4s875,ejbmolv,Yeah fuck that. I don't want to date a drink whore.,https://www.reddit.com/r/AskMen/comments/b4s875/how_would_you_feel_about_your_so_talking_to_other//ejbmolv/,0.812,0.95048624,0.45895407,0.9421618,0.23163283,0.7827088,0.031314444,1553495721.0,0,0,0,[deleted],,,,,
b4s875,ejc86h8,"This behaviour is misleading and deceptive in general. But if a girl can get a lot of drinks every night and goes to the same places every time they go out, groups of guys may catch on. This is how girls get spiked, and after that who knows what happens. That’d be my biggest worry.",https://www.reddit.com/r/AskMen/comments/b4s875/how_would_you_feel_about_your_so_talking_to_other//ejc86h8/,0.229,0.27412915,0.011520386,0.12220735,0.11976352,0.086852804,0.020954676,1553523120.0,1,0,0,[deleted],,,,,
b4s875,ejch2t1,"She's a hoe, plain and simple. ",https://www.reddit.com/r/AskMen/comments/b4s875/how_would_you_feel_about_your_so_talking_to_other//ejch2t1/,0.625,0.7570315,0.26195827,0.541926,0.10221587,0.7418356,0.01052473,1553529562.0,0,0,0,dontbeatrollplease,0.0,0.0,,,0.0
