post_id,comment_id,txt,url,offensiveness_score,Toxicity,Severe Toxicity,Profanity,Identity Attack,Insult,Threat,created,score,total_awards_received,controversiality,user,user_awardee_karma,user_awarder_karma,user_link_karma,user_comment_karma,user_total_karma
5pp2ti,dcsp8pk,It took some time but I'm no longer bitter toward her. ,https://www.reddit.com/r/AskMen/comments/5pp2ti/what_was_the_most_cruel_way_you_have_been_a//dcsp8pk/,-0.435,0.077668175,0.002183914,0.024951037,0.006067649,0.020837102,0.009825659,1485182927.0,11,0,0,Klx3908,33.0,0.0,378.0,15763.0,16174.0
5pp2ti,dcsytkf,"With the benefit of 12 years of hindsight -we were too young, not mature enough and didn't have the support system in place to make the little game of house we were playing last. I was naive to think that was going to work. I don't regret what happened now. It helps that the years and gravity were not kind!! Petty though that might be. ",https://www.reddit.com/r/AskMen/comments/5pp2ti/what_was_the_most_cruel_way_you_have_been_a//dcsytkf/,0.0,0.08874765,0.001888275,0.023516348,0.003422302,0.035443626,0.00713294,1485194303.0,3,0,0,Klx3908,33.0,0.0,378.0,15763.0,16174.0
5pp2ti,dcszut7,"Hey, there, sometimes friendships develop into more.  Those are usually the best relationships.  My SO had to tolerate a few months of ""no's"" (I was with someone else at the time and though unhappy was reluctant to uproot my life by leaving).  I'm so grateful he had the guts to hang in for as long as it took me to see clearly that he was the one for me.  YMMV",https://www.reddit.com/r/AskMen/comments/5pp2ti/what_was_the_most_cruel_way_you_have_been_a//dcszut7/,-0.125,0.08716487,0.003528595,0.06295506,0.008583503,0.024511116,0.009903334,1485195448.0,0,0,0,[deleted],,,,,
5pp2ti,dct7z7e,"**Upfront:**

1: Wanna date?

2: Nah.

**Callous:**

1: Wanna date? (in private)

2: Let me think about it.

*2 days later in public in front of her friends:*

2: You know what, I would never date such an irredeemable loser such as you, go fuck your mattress.",https://www.reddit.com/r/AskMen/comments/5pp2ti/what_was_the_most_cruel_way_you_have_been_a//dct7z7e/,0.638,0.6744087,0.45895407,0.759977,0.17769934,0.47787863,0.13815513,1485204247.0,16,0,0,PseudoY,1008.0,0.0,32236.0,210124.0,243368.0
5pp2ti,dcta3pg,Wasn't too bad. Got old lady pity and the number of one of the girls that worked there. I never used it - wasn't ready but I got some action from the story as a whole. ,https://www.reddit.com/r/AskMen/comments/5pp2ti/what_was_the_most_cruel_way_you_have_been_a//dcta3pg/,-0.042,0.039226998,0.001945496,0.018529098,0.006992595,0.014352918,0.008919456,1485206563.0,3,0,0,Klx3908,33.0,0.0,378.0,15763.0,16174.0
5pp2ti,dctcbxu,"> go fuck your mattress

I need to remember this for future use.
",https://www.reddit.com/r/AskMen/comments/5pp2ti/what_was_the_most_cruel_way_you_have_been_a//dctcbxu/,0.708,0.93383175,0.50703704,0.90862066,0.043581683,0.5678696,0.13262562,1485208994.0,8,0,0,IcameforthePie,73.0,0.0,4671.0,31485.0,36229.0
5pp2ti,dctizd7,I went on a date from an online dating site and my date found out I was Jewish.  She spent the next 30 minutes going off about how much she didn't trust the Jews.,https://www.reddit.com/r/AskMen/comments/5pp2ti/what_was_the_most_cruel_way_you_have_been_a//dctizd7/,0.375,0.36456755,0.01986976,0.13697,0.46028158,0.113185234,0.016465442,1485216993.0,7,0,0,JaronK,472.0,0.0,8586.0,231120.0,240178.0
5pp2ti,dcu5e09,You married a wife? Did her husband know?,https://www.reddit.com/r/AskMen/comments/5pp2ti/what_was_the_most_cruel_way_you_have_been_a//dcu5e09/,-0.167,0.039226998,0.001168251,0.013644327,0.005253696,0.011958904,0.006524489,1485256298.0,1,0,0,Th4t9uy,350.0,0.0,6356.0,58566.0,65272.0
5pp2ti,dcv7j9k,"I've never been rejected with ""cruelty"" by a stranger. 

But, girls have been kinda tasteless about it. Like they keep agreeing to do something, then bullshitting me to get out of it, and leading me on without ever actually wanting anything from or with me.  A straight up no would have been better. 

Break ups on the other hand have been categorically savage. ",https://www.reddit.com/r/AskMen/comments/5pp2ti/what_was_the_most_cruel_way_you_have_been_a//dcv7j9k/,-0.021,0.42129645,0.023076924,0.46460027,0.16159154,0.3388922,0.022335978,1485306088.0,1,0,0,[deleted],,,,,
