post_id,comment_id,txt,url,offensiveness_score,Toxicity,Severe Toxicity,Profanity,Identity Attack,Insult,Threat,created,score,total_awards_received,controversiality,user,user_awardee_karma,user_awarder_karma,user_link_karma,user_comment_karma,user_total_karma
56iqeo,d8jl0hl,I dont get why people are obsessed with border walls.,https://www.reddit.com/r/AskReddit/comments/56iqeo/trump_supporters_without_using_the_excuse_because//d8jl0hl/,-0.25,0.039935954,0.001215935,0.0166845,0.009175468,0.01306091,0.007262398,1475957414.0,4,0,0,Curlybrac,854.0,293.0,38517.0,414295.0,453959.0
56iqeo,d8jljmh,They pay consumption taxes like sales tax when they buy goods. They also can't leech off the system because in order to get welfare or other government assistance programs you need a SS number. ,https://www.reddit.com/r/AskReddit/comments/56iqeo/trump_supporters_without_using_the_excuse_because//d8jljmh/,-0.021,0.017341165,0.000662804,0.013302735,0.001674153,0.010172892,0.006149062,1475958209.0,5,0,0,THALANDMAN,168.0,17.0,461.0,45299.0,45945.0
56iqeo,d8jlzrf,"Public schools are typically funded by property taxes in their district, which illegal immigrants would have to pay if they buy a home. Hospitals would be paid on a cash basis unless they have insurance. Typically hospitals will have funds set up to eat the costs of people coming in who have no means to pay. This is true whether or not you are a citizen. It is illegal to deny emergency healthcare to anyone based on their ability to pay. Do not feel bad for the hospital corporations. They are very lucrative businesses. ",https://www.reddit.com/r/AskReddit/comments/56iqeo/trump_supporters_without_using_the_excuse_because//d8jlzrf/,0.062,0.13214645,0.003261566,0.019690514,0.078392304,0.06023245,0.007029374,1475958878.0,4,0,0,THALANDMAN,168.0,17.0,461.0,45299.0,45945.0
56iqeo,d8k121p,"Well, obviously we like *exporting*... Shiiiiit man",https://www.reddit.com/r/AskReddit/comments/56iqeo/trump_supporters_without_using_the_excuse_because//d8k121p/,0.383,0.6027529,0.06101104,0.64657205,0.031722516,0.27558193,0.009644418,1475982311.0,1,0,0,[deleted],,,,,
56iqeo,d8kgj3t,"He will help the mid-low class by creating jobs.  He can't be bought out by CEOs to give jobs to foreign nations because its in his economic interests to keep business here which will in return, create more jobs.  Also, he is not a politician.  Politicians are fuck heads.  He will bolster the military while bolstering homeland security by keeping dangerous people out, securing the border, and only allowing legal immigrants in.  He calls a spade a spade.  Pretending like Islam is not a serious problem when such a high percentage of terrorists stem from Islam is extremely dangerous and half of this country's homeland security problem.  ",https://www.reddit.com/r/AskReddit/comments/56iqeo/trump_supporters_without_using_the_excuse_because//d8kgj3t/,0.479,0.47173777,0.037697118,0.4242778,0.40255263,0.47384647,0.032005094,1476023606.0,2,0,0,ILLISET,0.0,0.0,247.0,4195.0,4442.0
56iqeo,d8kmppd,The opportunity to hit the reset button.,https://www.reddit.com/r/AskReddit/comments/56iqeo/trump_supporters_without_using_the_excuse_because//d8kmppd/,-0.354,0.026970858,0.001583099,0.015898837,0.003607291,0.009564889,0.010550622,1476033463.0,2,0,0,stevrock,131.0,0.0,2094.0,56895.0,59120.0
56iqeo,d8kmr9y,He isn't. You nailed it with because Hillary is worse. This is the most fucked up presidential race in history. A complete charade of a shit show. ,https://www.reddit.com/r/AskReddit/comments/56iqeo/trump_supporters_without_using_the_excuse_because//d8kmr9y/,0.792,0.911035,0.4011458,0.8690192,0.32184324,0.7492263,0.013424582,1476033522.0,2,0,0,Justtoberude,0.0,0.0,15.0,6.0,21.0
56iqeo,d8kqnjy,"ohh look. It's this fucking thread again.. 
and again
and again
and again",https://www.reddit.com/r/AskReddit/comments/56iqeo/trump_supporters_without_using_the_excuse_because//d8kqnjy/,0.708,0.91625386,0.44787344,0.91513264,0.036620867,0.46173862,0.011638066,1476038480.0,1,0,0,boomboomlontime,0.0,0.0,18479.0,11439.0,29918.0
56iqeo,d8ksfwx,"Your country already spends more than any other, more than at least the next 10 most well funded militaries, and you want to increase that spending under Trump? Your military is the world's largest welfare state. So many millions of people ""employed"" with tax payer money, spent on taking apart tanks and putting them back together dozens of times in some fucking factory in Indiana...",https://www.reddit.com/r/AskReddit/comments/56iqeo/trump_supporters_without_using_the_excuse_because//d8ksfwx/,0.422,0.39231625,0.023076924,0.39670458,0.057037655,0.3393024,0.01052473,1476040748.0,1,0,0,jatb_,15.0,0.0,,,15.0
56iqeo,d8sqjds,"I am voting trump simply because I'm greedy and it is more beneficial for myself if he wins. Lower taxes and possible removal of estate tax. I disagree with him on a number of issues and was originally a Bernie supporter until I thought about it and was like ""why do I actually care about half this stuff that he supports"" ",https://www.reddit.com/r/AskReddit/comments/56iqeo/trump_supporters_without_using_the_excuse_because//d8sqjds/,-0.104,0.26293078,0.005874634,0.07999486,0.01756594,0.2435641,0.007987361,1476505786.0,1,0,0,Slay3d,396.0,19.0,30494.0,29832.0,60741.0
56iqeo,d8u9j44,"I wish I could say I support either canadate but at this point BOTH of them have proved to be unworthy.  Clinton I DO NOT want in charge of our military.  I feel they will be sent to slaughter.  Trump? well all he could do is hire someone else to do the job.  The mud slinging is the worst by far that I have seen in any campaign.  I can't support either at this point. it's sad that my country has fallen this far down the rabbit hole.  SMH
",https://www.reddit.com/r/AskReddit/comments/56iqeo/trump_supporters_without_using_the_excuse_because//d8u9j44/,0.146,0.30427247,0.012283325,0.07611542,0.07177465,0.24928534,0.06755528,1476624013.0,2,0,0,jettaway1,0.0,0.0,1.0,22.0,23.0
