post_id,comment_id,txt,url,offensiveness_score,Toxicity,Severe Toxicity,Profanity,Identity Attack,Insult,Threat,created,score,total_awards_received,controversiality,user,user_awardee_karma,user_awarder_karma,user_link_karma,user_comment_karma,user_total_karma
a1mlf3,ear0xs7,What the hell is in a $50 Million dollar penthouse,https://www.buzzfeednews.com/article/anthonycormier/the-trump-organization-planned-to-give-vladimir-putin-the?bftwnews=&utm_term=4ldqpgc&ref=hpsplash/ear0xs7/,0.042,0.47886392,0.02439716,0.46460027,0.01766643,0.16751462,0.01052473,1543533854.0,1187,0,0,LynchCorp,0.0,0.0,519.0,9182.0,9701.0
a1mlf3,ear4rpf,Kinda like the iran deal....,https://www.buzzfeednews.com/article/anthonycormier/the-trump-organization-planned-to-give-vladimir-putin-the?bftwnews=&utm_term=4ldqpgc&ref=hpsplash/ear4rpf/,-0.229,0.038048524,0.001707077,0.012722028,0.017766917,0.011122898,0.007521313,1543537175.0,-36,0,0,flexinlemur,13.0,0.0,116.0,2395.0,2524.0
a1mlf3,earedr0,"No, they've already caused themselves enough brain damage that they can't discern what is real and what isn't.

Can't be convinced of the truth if you're too stupid to understand it anyway.  *taps forehead*

Checkmate libruls!",https://www.buzzfeednews.com/article/anthonycormier/the-trump-organization-planned-to-give-vladimir-putin-the?bftwnews=&utm_term=4ldqpgc&ref=hpsplash/earedr0/,0.478,0.6491204,0.03680043,0.39842105,0.09824528,0.65129566,0.024753258,1543545619.0,2,0,0,xena_lawless,6965.0,1793.0,128294.0,74170.0,211222.0
a1mlf3,earigee,You gotta check out r/asktrumpsupporters. Those nutjobs have somehow think that today was a sign of Mueller's desperation. That none of this even remotely applies to Trump. They live in a different reality. I stopped trying to get through to them. ,https://www.buzzfeednews.com/article/anthonycormier/the-trump-organization-planned-to-give-vladimir-putin-the?bftwnews=&utm_term=4ldqpgc&ref=hpsplash/earigee/,0.438,0.32764325,0.013736901,0.22602804,0.03894114,0.34548226,0.007948523,1543549095.0,2,0,0,boundbythecurve,413.0,36.0,28245.0,129958.0,158652.0
a1mlf3,earpybo,"Sadly yes, trump didn't invent this shit. He is just to stupid to do it with out getting caught.",https://www.buzzfeednews.com/article/anthonycormier/the-trump-organization-planned-to-give-vladimir-putin-the?bftwnews=&utm_term=4ldqpgc&ref=hpsplash/earpybo/,0.417,0.9248995,0.349738,0.8326356,0.11860296,0.87225974,0.011663958,1543555978.0,2,0,0,ForTheLoveOfShep,83.0,0.0,1241.0,7461.0,8785.0
a1mlf3,easg5rt,"This NothingBurger is fucking delicious. Personally, I hope he croaks on the toilet while tweeting before he goes to trial. ",https://www.buzzfeednews.com/article/anthonycormier/the-trump-organization-planned-to-give-vladimir-putin-the?bftwnews=&utm_term=4ldqpgc&ref=hpsplash/easg5rt/,0.739,0.75208336,0.34962174,0.776286,0.04332388,0.40243408,0.12689553,1543590082.0,-1,0,0,[deleted],,,,,
a1mlf3,eashvvk,"What were you 2 planning to do up there? Fucking weirdos.

You gotta kink? Leave me out of it.",https://www.buzzfeednews.com/article/anthonycormier/the-trump-organization-planned-to-give-vladimir-putin-the?bftwnews=&utm_term=4ldqpgc&ref=hpsplash/eashvvk/,0.688,0.91625386,0.45895407,0.8949436,0.17459276,0.6831271,0.11922921,1543591485.0,2,0,0,oTHEWHITERABBIT,205.0,534.0,1730.0,180589.0,183058.0
a1mlf3,easpdmv,Coincidence probably just a collision eh i mean coincidence ,https://www.buzzfeednews.com/article/anthonycormier/the-trump-organization-planned-to-give-vladimir-putin-the?bftwnews=&utm_term=4ldqpgc&ref=hpsplash/easpdmv/,-0.396,0.027442247,0.001707077,0.020373698,0.004643231,0.010628895,0.007624879,1543597182.0,2,0,0,[deleted],,,,,
a1mlf3,easr54w,"This is was already debunked. These kind of hit pieces and propaganda stories and retractions only to serve to make the investigation look even more ridiculous than it already is.

Since when did people become ok with selective prosecution of political opponents from shady prosecutors with no oversight.",https://www.buzzfeednews.com/article/anthonycormier/the-trump-organization-planned-to-give-vladimir-putin-the?bftwnews=&utm_term=4ldqpgc&ref=hpsplash/easr54w/,0.042,0.36095104,0.006942749,0.080318145,0.00899048,0.37960073,0.010032792,1543598445.0,-2,0,1,Krangbot,400.0,0.0,200.0,18412.0,19012.0
a1mlf3,easroza,Did you actually just cite fucking buzzfeed as a news source,https://www.buzzfeednews.com/article/anthonycormier/the-trump-organization-planned-to-give-vladimir-putin-the?bftwnews=&utm_term=4ldqpgc&ref=hpsplash/easroza/,0.792,0.90451443,0.45185554,0.8907955,0.058856625,0.5130944,0.010628296,1543598861.0,-3,0,0,VioletWillow,0.0,0.0,55.0,39.0,94.0
a1mlf3,eatf8rb,so basicly what you are saying here is that Obama was a felon. ,https://www.buzzfeednews.com/article/anthonycormier/the-trump-organization-planned-to-give-vladimir-putin-the?bftwnews=&utm_term=4ldqpgc&ref=hpsplash/eatf8rb/,-0.042,0.4838166,0.016383713,0.13785136,0.06431354,0.5678696,0.008841781,1543616360.0,1,0,0,[deleted],,,,,
a1mlf3,eav0vna,You are probably right. It's just that the most expensive house in my state is in Aspen CO  and it's a mansion for 29 million. I do t see how a condo in Moscow can be 50 million.,https://www.buzzfeednews.com/article/anthonycormier/the-trump-organization-planned-to-give-vladimir-putin-the?bftwnews=&utm_term=4ldqpgc&ref=hpsplash/eav0vna/,-0.354,0.012943043,0.000739098,0.011253181,0.004698728,0.007550877,0.006628056,1543682297.0,1,0,0,sweetNsour_karma,0.0,0.0,49.0,4033.0,4082.0
