post_id,comment_id,txt,url,offensiveness_score,Toxicity,Severe Toxicity,Profanity,Identity Attack,Insult,Threat,created,score,total_awards_received,controversiality,user,user_awardee_karma,user_awarder_karma,user_link_karma,user_comment_karma,user_total_karma
82tjib,dvdcggf,"I just got out of a kind of relationship/affair thing with a married woman who sits 5 desks away from me at work, who I now have to see most days and it is like a permanent sword through my soul. She now treats me like I'm not worth a minute of her time after telling me she loved me and had never felt like that about anyone before!  

I was pretty much the happiest single person you'd ever meet before. Now I'm a wreck and while it was pretty great while it lasted, fuck feeling like this. Stay single! Although I guess I always was...",https://www.reddit.com/r/AskMen/comments/82tjib/single_men_what_stories_have_you_heard_or//dvdcggf/,0.375,0.48141238,0.13599765,0.6069483,0.06749674,0.2469859,0.029933142,1520508001.0,4,0,1,dolphin37,519.0,4297.0,21.0,125217.0,130054.0
82tjib,dvdleyk,"Or asking ""is it cool to go to X"" if you might have stuff planned and want to not agree to conflicting events, as well. It can definitely be overblown, but I also see it in marriages where the wife keeps track of family events (sigh) so if the husband asks about going out with friends she can remind him ""no we have John's swimming competition/parent-teacher conference/etc.""",https://www.reddit.com/r/AskMen/comments/82tjib/single_men_what_stories_have_you_heard_or//dvdleyk/,-0.104,0.055026773,0.002183914,0.036401358,0.006178642,0.0198058,0.00704232,1520521180.0,1,0,0,kasuchans,55.0,0.0,3145.0,142556.0,145756.0
82tjib,dvdnkpe,"Yeah, if a woman seriously began hindering a guys social life and became controlling, I'd hope that guy would be able to think for himself and put his foot down. That sort of thing is scary. ",https://www.reddit.com/r/AskMen/comments/82tjib/single_men_what_stories_have_you_heard_or//dvdnkpe/,-0.104,0.1641865,0.005111694,0.030138692,0.10221587,0.031256735,0.05042134,1520523352.0,3,0,0,[deleted],,,,,
82tjib,dve0kfw,Don’t fuck married people then,https://www.reddit.com/r/AskMen/comments/82tjib/single_men_what_stories_have_you_heard_or//dve0kfw/,0.723,0.8540474,0.35368225,0.8326356,0.27662867,0.4196762,0.063675895,1520534967.0,3,0,0,knabel88,0.0,0.0,13.0,8547.0,8560.0
82tjib,dve0wco,Yeah and his dad helped him get a house for them because for some reason he thinks he needs to be a father to all those kids instead of just his own. She just lost most of her government benefits over this too. His income is too high. All of us think he should have just supported his kid and that’s it. Maybe even made an attempt at sole custody. Too late now. I just hope this doesn’t fuck up his life in the end. ,https://www.reddit.com/r/AskMen/comments/82tjib/single_men_what_stories_have_you_heard_or//dve0wco/,0.292,0.37751234,0.023076924,0.4193644,0.024198212,0.20668297,0.0130621,1520535242.0,2,0,0,SnackeyG1,236.0,632.0,14743.0,94008.0,109619.0
