post_id,comment_id,txt,url,offensiveness_score,Toxicity,Severe Toxicity,Profanity,Identity Attack,Insult,Threat,created,score,total_awards_received,controversiality,user,user_awardee_karma,user_awarder_karma,user_link_karma,user_comment_karma,user_total_karma
9ntk5b,e7oxxjw,Might need to make it a bit more obvious that it’s reached the end of the gif. I started watching it over without realizing it finished.,https://i.redd.it/3v6aoe39ayr11.gif/e7oxxjw/,-0.196,0.031449065,0.001745224,0.020988565,0.005771666,0.0114269,0.010084574,1539440068.0,172,0,0,Zorcron,98.0,27.0,15451.0,48776.0,64352.0
9ntk5b,e7oyaq6,I did not think that many lived in the middle. Most of the centre is office blocks and there are also a few sizeable parks.,https://i.redd.it/3v6aoe39ayr11.gif/e7oyaq6/,-0.312,0.010115679,0.00058651,0.010552917,0.002534353,0.007284875,0.006343249,1539440468.0,45,0,0,PazJohnMitch,224.0,35.0,69.0,80254.0,80582.0
9ntk5b,e7oyun9,"Is it a coincidence that Buckingham Palace is in the center of the bad spot?

Queen Elizabeth is a crime lord!",https://i.redd.it/3v6aoe39ayr11.gif/e7oyun9/,0.277,0.40060925,0.012768555,0.06946823,0.037136484,0.4378843,0.01119791,1539441058.0,655,0,0,goodtoes,86.0,0.0,3623.0,9943.0,13652.0
9ntk5b,e7oz3qp,It's the Palace of Westminster not Buckingham Palace that seems to be the focus.,https://i.redd.it/3v6aoe39ayr11.gif/e7oz3qp/,-0.354,0.015833238,0.00079155,0.011048226,0.005475683,0.00821588,0.006776932,1539441322.0,146,0,0,Bikeboy76,1488.0,103.0,,,1591.0
9ntk5b,e7oznx4,"Nominal figures over time still give an ordinal perspective. You can see where total crime is decreasing. While this may seem obtuse, it is relevant to resource allocations and risk analyses.",https://i.redd.it/3v6aoe39ayr11.gif/e7oznx4/,-0.146,0.019100413,0.000715256,0.011219022,0.001970136,0.011008898,0.006653947,1539441926.0,132,0,0,Zander_drax,89.0,0.0,5707.0,4696.0,10492.0
9ntk5b,e7ozoff,"Note to self:  Avoid Westminster if visiting London.

&#x200B;",https://i.redd.it/3v6aoe39ayr11.gif/e7ozoff/,-0.208,0.08479069,0.0025177,0.014464149,0.035331827,0.01890341,0.010964886,1539441941.0,16,0,0,JoakimSpinglefarb,727.0,77.0,13728.0,84167.0,98699.0
9ntk5b,e7ozwvt,"To be fair I think Oxford Street falls in that area and I know Victoria does too, if I had to guess most of the crime would be in those areas and would be pickpocketing and shoplifting. Zone 1 london is very safe in terms of violent crime, that's mainly north east and south London. Even then most of it is gang related and they tend to only be interested in attacking each other (unless you're being mugged).",https://i.redd.it/3v6aoe39ayr11.gif/e7ozwvt/,0.191,0.11912931,0.0050354,0.044167064,0.028628819,0.037395194,0.04098356,1539442195.0,18,0,0,avl0,1220.0,24.0,237.0,75946.0,77427.0
9ntk5b,e7p0l4c,I think the counter is obvious enough tbh,https://i.redd.it/3v6aoe39ayr11.gif/e7p0l4c/,-0.292,0.03969839,0.002670288,0.026044132,0.007214582,0.013326911,0.008686432,1539442915.0,0,0,1,[deleted],,,,,
9ntk5b,e7p0m7r,"No, but her son's friend was a serial rapist and pedophile.",https://i.redd.it/3v6aoe39ayr11.gif/e7p0m7r/,0.333,0.718943,0.2733782,0.36230123,0.17925262,0.6798578,0.13815513,1539442948.0,-6,0,0,redpilled_brit,0.0,0.0,,,0.0
9ntk5b,e7p1tsl,"Man, I lived in Hackney, and those kids sure loved stabbing each other.  Every week or two, there'd be a new pile of flowers somewhere around my house where some kid got stabbed.",https://i.redd.it/3v6aoe39ayr11.gif/e7p1tsl/,0.188,0.38601747,0.023076924,0.09034003,0.022188433,0.06564732,0.5195707,1539444201.0,12,0,0,notabigmelvillecrowd,1290.0,0.0,2.0,309861.0,311153.0
9ntk5b,e7p21yw,Not necessarily. If this map is showing that there are more crimes where more people live then the map may just be showing migration patterns. Doesn't mean an area became more or less safe (risk) and it doesn't really show anything about resource allocation (to get at this you'd have to examine where resources were deployed each year; allocation is more about effectiveness and efficiency than it is throwing raw sums at problems and hoping they work).,https://i.redd.it/3v6aoe39ayr11.gif/e7p21yw/,-0.062,0.033334624,0.001564026,0.016001316,0.008546505,0.016708933,0.0077155,1539444429.0,37,0,0,[deleted],,,,,
9ntk5b,e7p7jl3,"Queen of the underworld, you might say.
",https://i.redd.it/3v6aoe39ayr11.gif/e7p7jl3/,-0.312,0.147767,0.003395081,0.03189224,0.00899048,0.056719027,0.008077981,1539449742.0,5,0,0,BlickBoogie,15.0,0.0,30507.0,46466.0,76988.0
9ntk5b,e7pc35k,B-but knives are illegal!,https://i.redd.it/3v6aoe39ayr11.gif/e7pc35k/,-0.312,0.11440011,0.004959106,0.022833163,0.006807606,0.023995465,0.02682521,1539453967.0,1,0,0,MellerTime,18.0,0.0,78.0,16902.0,16998.0
9ntk5b,e7pdior,"No they ain't, carrying a knife for no good reason is illegal.

As in don't hang around with your mates on the streets when your 16 carrying an offensive weapon.

I carry a knife daily for work, accidently left a 20"" screwdriver in my pocket once when going to a lol festival thing in London, police check out upon entering, emptied my pockets and found the screw driver and a snap knife, I apologised and said I had just come from work, they let me pick up the knife and screwdriver as I left.

Also carried a large axe on the tube, no one cared.

British police use common sense.

When any America city becomes as safe as London then Americans can talk shit.

Untill then stfu.",https://i.redd.it/3v6aoe39ayr11.gif/e7pdior/,0.417,0.2786282,0.014898917,0.12158839,0.021987455,0.16053712,0.14802226,1539455302.0,14,0,0,fezzuk,390.0,8.0,10784.0,359282.0,370464.0
9ntk5b,e7pdnrs,">	Man, I lived in Hackney, and those kids sure loved stabbing each other. Every week or two, there'd be a new pile of flowers somewhere around my house where some kid got stabbed.

Perhaps you should re-read the comment thread you’re replying to? I’m clearly not talking about owning a butter knife...",https://i.redd.it/3v6aoe39ayr11.gif/e7pdnrs/,0.354,0.46186632,0.16960317,0.23857519,0.21075934,0.19734058,0.49142194,1539455425.0,-2,0,0,MellerTime,18.0,0.0,78.0,16902.0,16998.0
9ntk5b,e7pelv3,I’m not trying to be rude at all but what isn’t obvious about it?,https://i.redd.it/3v6aoe39ayr11.gif/e7pelv3/,-0.042,0.11223003,0.002708435,0.046171114,0.005401687,0.028502205,0.008039144,1539456274.0,1,0,0,[deleted],,,,,
9ntk5b,e7pendl,"Can you break this down by crime type? Let's be honest, selling drugs on the street is not really a crime that anyone cares about and crime involving violence on a person is very different to pickpocketing. Thefts of bikes, burglaries vehicles etc would also be good to see separated.",https://i.redd.it/3v6aoe39ayr11.gif/e7pendl/,0.0,0.103060275,0.003242493,0.022013342,0.004328749,0.030485468,0.021300001,1539456310.0,1,0,0,dffflllq,0.0,0.0,,,0.0
9ntk5b,e7pepqa,"I was joking. The loop is subtle, but the numbers make it obvious. ",https://i.redd.it/3v6aoe39ayr11.gif/e7pepqa/,-0.396,0.05131592,0.001678467,0.021125201,0.00414376,0.019870255,0.007197669,1539456370.0,1,0,0,[deleted],,,,,
9ntk5b,e7pg7h6,"Agree, but think it be hard to get a good picture looking at boroughs as a whole (which this map is split up into) as they can be really changeable within boroughs. I work in a school in a really poor area, almost 50% of pupils eligible for free school dinners. Used to work at a school 20 mins down the road that was surrounded by famous actors/pop stars. ",https://i.redd.it/3v6aoe39ayr11.gif/e7pg7h6/,-0.396,0.020231359,0.001020432,0.014634945,0.003940272,0.01306091,0.006543908,1539457693.0,3,0,0,thebottomofawhale,537.0,64.0,18249.0,121250.0,140100.0
9ntk5b,e7pgogb,"Because knives are not illegal, as you just said in your comment. You simply need a valid reason.

Like 'im working', 'im fishing' what ever.",https://i.redd.it/3v6aoe39ayr11.gif/e7pgogb/,-0.042,0.04290464,0.001583099,0.012277958,0.002266119,0.013402912,0.010576514,1539458130.0,4,0,0,fezzuk,390.0,8.0,10784.0,359282.0,370464.0
9ntk5b,e7pgtk4,"I swear it’s like you don’t understand the words I’m using.

We’re talking about kids fucking stabbing each other. What exactly of that has anything to fucking do with the legitimate uses you’ve pulled out of your ass so far?",https://i.redd.it/3v6aoe39ayr11.gif/e7pgtk4/,0.896,0.8540474,0.39194742,0.844891,0.089145996,0.4710501,0.34804323,1539458263.0,-1,0,0,MellerTime,18.0,0.0,78.0,16902.0,16998.0
9ntk5b,e7pj09o,"It's also the year when a number of police budget cuts were starting to be put into effect, which I'd argue is far more likely a cause.",https://i.redd.it/3v6aoe39ayr11.gif/e7pj09o/,-0.174,0.008419261,0.000472069,0.009716015,0.001711151,0.006724371,0.006446815,1539460228.0,18,0,0,Rohaq,330.0,0.0,25019.0,126671.0,152020.0
9ntk5b,e7pj211,"No, it's because this data is from the Metropolitan Police, whereas the City has its own police force.",https://i.redd.it/3v6aoe39ayr11.gif/e7pj211/,-0.277,0.008859074,0.000448227,0.009664777,0.002127377,0.006914373,0.006077861,1539460274.0,3,0,0,Theultrablue,0.0,805.0,1236.0,4255.0,6296.0
9ntk5b,e7q4azr,"Do not speak about our Queen like that.

She's a lizard, but not a crime lord. ",https://i.redd.it/3v6aoe39ayr11.gif/e7q4azr/,0.25,0.47173777,0.01806218,0.15019037,0.051808115,0.5208188,0.00948907,1539481355.0,5,0,0,MickIAC,81.0,0.0,6143.0,32873.0,39097.0
9ntk5b,e7qb8kw,"Ah good old Lizzy. ""One has come to collect One's protection money!""",https://i.redd.it/3v6aoe39ayr11.gif/e7qb8kw/,-0.292,0.037105743,0.001010895,0.012414595,0.001840643,0.019161236,0.00603255,1539488882.0,3,0,0,Impulsive94,383.0,34.0,7727.0,30420.0,38564.0
9ntk5b,e7qnlmu,"Like thebottomofawhale mentioned, economic state can vary quite a bit within boroughs. However it is worth noting that the low crime boroughs in the south west (Richmond, Kingston, Merton and Sutton) are generally quite well off. Also the borough just to the left of the dark red one, which appears to have relatively low crime for the area, is Kensington and Chelsea, one of the wealthiest boroughs in London. 

The map also doesn't show what kind of crimes are committed. Kensington and Chelsea gets more theft and burglary due to the extreme wealth, whereas other poorer boroughs will get more violent crime. ",https://i.redd.it/3v6aoe39ayr11.gif/e7qnlmu/,0.125,0.03828422,0.001564026,0.014976538,0.009767435,0.019934712,0.007301235,1539510797.0,3,0,0,willdood,327.0,8.0,43016.0,15249.0,58600.0
9ntk5b,e7qrj9z,"*All reported and recorded crimes

Not every crime is reported, and not all crimes reported to the police go into the books (for one reason or another, not always corruption).",https://i.redd.it/3v6aoe39ayr11.gif/e7qrj9z/,-0.146,0.020842785,0.000777245,0.011167783,0.002830336,0.0113509,0.006699257,1539518621.0,1,0,0,Elliptical_Tangent,1555.0,648.0,10683.0,100915.0,113801.0
9ntk5b,e7rimqi,"You said you recently installed geopandas. Will you share how did you install it?

I tried conda install -n py36 -c conda-forge install geopandas.

It installs good, but when i import geopandas it gives ImportError relating to fiona.

 dlopen some .so file, ... referenced from, ... library not found.


Did you get any library linking error, if so how did you fixed it?

My computer:
Macos mojave
Anaconda 
Py36 is anaconda environment i created.

Thanks.",https://i.redd.it/3v6aoe39ayr11.gif/e7rimqi/,-0.191,0.025085296,0.001888275,0.020783609,0.004846719,0.011692902,0.009100696,1539544944.0,1,0,0,bhishan1,0.0,0.0,9.0,905.0,914.0
9ntk5b,e7sgqju,what is the name of that dark part? what are the most committed crimes? Would love to know about that too. ,https://i.redd.it/3v6aoe39ayr11.gif/e7sgqju/,-0.021,0.055521555,0.001964569,0.015625564,0.009360458,0.014504919,0.010369381,1539577276.0,1,0,0,011191,0.0,0.0,607.0,3719.0,4326.0
