post_id,comment_id,txt,url,offensiveness_score,Toxicity,Severe Toxicity,Profanity,Identity Attack,Insult,Threat,created,score,total_awards_received,controversiality,user,user_awardee_karma,user_awarder_karma,user_link_karma,user_comment_karma,user_total_karma
agy6wg,eea0mm6,"shit like this makes me embarrassed to be pagan

folks read one book on crystal vibrations and think they know the secrets to the universe.

This shit doesn't work that way. None of this works that way!",https://i.redd.it/i28vnrmfsza21.jpg/eea0mm6/,0.521,0.8988238,0.35368225,0.87472564,0.25647953,0.5130944,0.013165667,1547739312.0,155,0,0,[deleted],,,,,
agy6wg,eea2mm2,At what point is it legal to shoot them on sight? I don't even have kids but daaaaamn boiii ,https://i.redd.it/i28vnrmfsza21.jpg/eea2mm2/,0.435,0.68408644,0.27908814,0.6370159,0.050216515,0.31740165,0.5195707,1547740678.0,70,0,0,Jaeger-Jack,5282.0,514.0,59447.0,56502.0,121745.0
agy6wg,eea91jh,We should vibrate all kids!,https://i.redd.it/i28vnrmfsza21.jpg/eea91jh/,0.021,0.68408644,0.35368225,0.42709363,0.19298288,0.26957804,0.5168218,1547744955.0,246,0,0,[deleted],,,,,
agy6wg,eeaf44w,Shit like this makes me embarrassed to be a human. ,https://i.redd.it/i28vnrmfsza21.jpg/eeaf44w/,0.542,0.88599813,0.34935045,0.8949436,0.068465814,0.48484445,0.010680079,1547748660.0,37,0,0,Nikki5678,23.0,0.0,1493.0,108219.0,109735.0
agy6wg,eeahg9w,"tape 'em to a washing machine, with an over full load, then wait. their vibrations will come back",https://i.redd.it/i28vnrmfsza21.jpg/eeahg9w/,-0.104,0.4014846,0.024819711,0.24438259,0.026007013,0.07491849,0.4339666,1547750061.0,27,0,0,Hansoda,121.0,0.0,5222.0,33760.0,39103.0
agy6wg,eeaykoe,">folks read one book on crystal vibrations and think they know the secrets to the universe.

Claiming that they may have read a book seems like a stretch. More like watched a YouTube video",https://i.redd.it/i28vnrmfsza21.jpg/eeaykoe/,0.319,0.10175867,0.00453949,0.024609445,0.020982565,0.021675033,0.007508367,1547761020.0,33,0,0,lostfourtime,721.0,28.0,67527.0,116802.0,185078.0
agy6wg,eeb8hcw,"Eh, Stranger Things have happened.",https://i.redd.it/i28vnrmfsza21.jpg/eeb8hcw/,-0.562,0.02968135,0.001506805,0.015113175,0.003403803,0.009944891,0.007935578,1547767685.0,7,0,0,BlackOrre,706.0,0.0,16954.0,129507.0,147167.0
agy6wg,eeba4bq,Time to bring back the “Indigo Children” nonsense!,https://i.redd.it/i28vnrmfsza21.jpg/eeba4bq/,-0.104,0.4269174,0.015350811,0.07676199,0.06704199,0.47273466,0.010990778,1547768889.0,1,0,0,Ragnarok314159,3373.0,550.0,3346.0,523651.0,530920.0
agy6wg,eebce6e,The most dangerous things about vaccines are the anti-vaxxers themselves!,https://i.redd.it/i28vnrmfsza21.jpg/eebce6e/,0.021,0.1537979,0.003566742,0.018597418,0.02138452,0.0623257,0.010136358,1547770561.0,1,0,0,TZO_2K18,801.0,41.0,464.0,106190.0,107496.0
agy6wg,eebeqiw,That's literally 18th century punishment,https://i.redd.it/i28vnrmfsza21.jpg/eebeqiw/,-0.229,0.10870059,0.004425049,0.030639706,0.011987305,0.01767874,0.017674083,1547772370.0,5,0,0,citewiki,121.0,412.0,4253.0,130576.0,135362.0
agy6wg,eebj6y5,The fuck did I just read? ,https://i.redd.it/i28vnrmfsza21.jpg/eebj6y5/,0.75,0.8299589,0.23224458,0.89909166,0.01756594,0.26957804,0.008712323,1547775762.0,1,0,0,DoofusRickJ19Zeta7,406.0,0.0,3429.0,28421.0,32256.0
agy6wg,eebms8h,IM PICKIN UP GOOD VIBRATIONS 🎶 ,https://i.redd.it/i28vnrmfsza21.jpg/eebms8h/,-0.604,0.2740645,0.15333088,0.25041735,0.07057341,0.10501641,0.1579914,1547778529.0,1,0,0,beelzeflub,981.0,53.0,147261.0,510894.0,659189.0
agy6wg,eebo6g6,"Don't worry, I'm picking up good vibrations.",https://i.redd.it/i28vnrmfsza21.jpg/eebo6g6/,-0.596,0.3389984,0.015157142,0.26593533,0.007806548,0.024124376,0.011146127,1547779588.0,1,0,0,rainbowdashtheawesom,0.0,0.0,,,0.0
agy6wg,eec2nxd,Looked at the title of a few and skipped through a two minute video. ,https://i.redd.it/i28vnrmfsza21.jpg/eec2nxd/,-0.583,0.03545588,0.002384186,0.020988565,0.004624732,0.010590895,0.011482717,1547791839.0,1,0,0,ZombieP0ny,1327.0,434.0,37191.0,60071.0,99023.0
agy6wg,eec393e,I was wondering what was going to come after indigo children. ,https://i.redd.it/i28vnrmfsza21.jpg/eec393e/,-0.229,0.09915545,0.003395081,0.019212283,0.028886627,0.022061773,0.012647836,1547792488.0,2,0,0,unicornbukkake,38.0,0.0,1.0,8873.0,8912.0
