post_id,comment_id,txt,url,offensiveness_score,Toxicity,Severe Toxicity,Profanity,Identity Attack,Insult,Threat,created,score,total_awards_received,controversiality,user,user_awardee_karma,user_awarder_karma,user_link_karma,user_comment_karma,user_total_karma
7r9mxo,dsv6kzh,"Probably any kind of ominous warning.  

'We will arrive in 5 months. There is nothing you can do to stop us. Enjoy your remaining time'",https://www.reddit.com/r/AskReddit/comments/7r9mxo/whats_the_most_terrifying_message_that_could_be//dsv6kzh/,-0.217,0.115658075,0.003871918,0.021535112,0.006067649,0.023866551,0.045895394,1516281757.0,212,0,0,bl1ndvision,598.0,730.0,25584.0,270851.0,297763.0
7r9mxo,dsvct5d,"How about, we have attempted a risky experiment that caused spacetime to unravel. All that hear this message, make peace for the universe is ending.",https://www.reddit.com/r/AskReddit/comments/7r9mxo/whats_the_most_terrifying_message_that_could_be//dsvct5d/,-0.292,0.069754265,0.002441406,0.014839902,0.004735726,0.017485369,0.012337137,1516289483.0,10,0,0,JTsyo,0.0,0.0,3720.0,80049.0,83769.0
7r9mxo,dsx22fe,"""you should kill us on sight""",https://www.reddit.com/r/AskReddit/comments/7r9mxo/whats_the_most_terrifying_message_that_could_be//dsx22fe/,0.417,0.6426206,0.23226175,0.2666764,0.08087392,0.12702756,0.6738745,1516368588.0,2,0,0,TyRoXx,146.0,0.0,1869.0,28812.0,30827.0
7r9mxo,dsx32rg,"I did not hit her, it's not true! It's bullshit! I did not hit her! I did not! Oh hi, Mark.",https://www.reddit.com/r/AskReddit/comments/7r9mxo/whats_the_most_terrifying_message_that_could_be//dsx32rg/,0.417,0.8252207,0.34969926,0.80158395,0.051126,0.49389273,0.13815513,1516369995.0,1,0,0,[deleted],,,,,
7r9mxo,dsxmds1,"""Black Hole...*static*...imminent....*static*...all is lost...*static*...""",https://www.reddit.com/r/AskReddit/comments/7r9mxo/whats_the_most_terrifying_message_that_could_be//dsxmds1/,0.0,0.10045706,0.005493164,0.055940874,0.011839314,0.023479814,0.00899713,1516389665.0,1,0,0,Code_Serpent,0.0,0.0,1.0,1.0,2.0
7r9mxo,dsxmybc,"Your world was an experiment for us. Now is time to shutdown the project. As a gift for the help for our experiment, we give you 72h to say goodbye to your friends and family before we shut down the life on Earth. 
Greetings 
Your creators",https://www.reddit.com/r/AskReddit/comments/7r9mxo/whats_the_most_terrifying_message_that_could_be//dsxmybc/,0.128,0.37694603,0.023076924,0.1352073,0.04796442,0.191015,0.22514746,1516390227.0,1,0,0,Bogdanovicis,0.0,14.0,3.0,3047.0,3064.0
7r9mxo,dsxquz4,"Human voices, in a known language, screaming for help.",https://www.reddit.com/r/AskReddit/comments/7r9mxo/whats_the_most_terrifying_message_that_could_be//dsxquz4/,0.042,0.022728346,0.001058579,0.012346277,0.00449524,0.009564889,0.007417747,1516394123.0,1,0,0,YellNoSnow,61.0,0.0,767.0,18791.0,19619.0
7r9mxo,dsxzmbr,Thanks for looking after the place while we were awa...OH MY FUCKING GOD WHAT DID YOU DO!?,https://www.reddit.com/r/AskReddit/comments/7r9mxo/whats_the_most_terrifying_message_that_could_be//dsxzmbr/,0.562,0.89241093,0.45895407,0.902047,0.049761772,0.4718924,0.012440704,1516403317.0,1,0,0,Bellsniff52,0.0,0.0,7661.0,11995.0,19656.0
