post_id,comment_id,txt,url,offensiveness_score,Toxicity,Severe Toxicity,Profanity,Identity Attack,Insult,Threat,created,score,total_awards_received,controversiality,user,user_awardee_karma,user_awarder_karma,user_link_karma,user_comment_karma,user_total_karma
a2gnoj,eay4laa,"New doctor time.  I hate male Gynos.  I swear they are idiots.  Make jokes about how to spell [infectious wounds] pussy...  to interns in the room while you’re in stirrups - give you drugs that are on your chart as “allergic” because maybe you just don’t know if you’re allergic -  that kind of moronic crap.  

Only female gyno for me these days. Not trying to be rude, but I’ve had to engage with 4 males working in gyno and all have been blatant chauvinistic idiots. 

Edit:
To the assumedly male gyno I offended (that voted me down). Perhaps you should take this as some customer feedback and work with your brethren to improve your level of patient interaction and service. ",https://www.reddit.com/r/TwoXChromosomes/comments/a2gnoj/went_to_male_gynecologist_for_severe_menstrual//eay4laa/,0.521,0.7510937,0.3529199,0.541926,0.46028158,0.6798578,0.06205949,1543781792.0,-51,0,0,wifichick,785.0,68.0,3316.0,87574.0,91743.0
a2gnoj,eay5nx0,"Honestly, I don’t think my behavior was drug-seeking. I didn’t phrase it exactly that way, I paraphrased just for the purpose of the post. I also told him all of my symptoms, not just the heavy periods/cramps and made it very clear these symptoms were occurring before I got the IUD. After I told him everything I asked if these symptoms were normal and he said “well I guess for you they are” and just went on to suggest more hormonal stuff/ibuprofen. I also agree, even if he couldn’t examine me that say, he should’ve suggested I make an appointment for a follow up visit. He also never asked me any follow up questions the entire time. The only things he said were basically just about ibuprofen or hormonal birth control. Nothing else he said was constructive at all. ",https://www.reddit.com/r/TwoXChromosomes/comments/a2gnoj/went_to_male_gynecologist_for_severe_menstrual//eay5nx0/,-0.125,0.08083374,0.002689362,0.046171114,0.005401687,0.028171662,0.008414571,1543782345.0,-43,0,0,[deleted],,,,,
a2gnoj,eaz1ukg,"Some commenters are agreeing with your doctor and I'll just say, these justifications are something you should have gotten from your doctor. He should be explaining the pros and cons of different options and what drug options there are and why he is suggesting something. Right medical advice or wrong, if you feel like you're not being listened to, that's bad bedside manner.",https://www.reddit.com/r/TwoXChromosomes/comments/a2gnoj/went_to_male_gynecologist_for_severe_menstrual//eaz1ukg/,-0.25,0.05131592,0.001440048,0.022013342,0.003144818,0.022899706,0.007262398,1543802209.0,5,0,0,rilakkuma1,456.0,24.0,6629.0,76885.0,83994.0
a2gnoj,eaz7sj5,"I had a terrible female gyno who used her experience as a woman to invalidate mine and treat me like I was an idiot who didn’t understand how menstrual cycles worked. Before that I had thought I preferred female gyno a but my male gyno now is great and addressing the issues my female gyno wouldn’t.

Gender doesn’t necessarily guarantee better or worse treatment.",https://www.reddit.com/r/TwoXChromosomes/comments/a2gnoj/went_to_male_gynecologist_for_severe_menstrual//eaz7sj5/,0.174,0.5532103,0.07542343,0.4185329,0.36873037,0.5239335,0.02492592,1543807308.0,7,0,0,Beluga_Snuggles,0.0,0.0,205.0,8893.0,9098.0
a2gnoj,eaz865n,"Oh that’s the worst. 

Also have a couple of childhood male friends (guys that hung in our group of friends) that became gynos. Both were and remain weirdos - creeped the hell out of all of us girls. ",https://www.reddit.com/r/TwoXChromosomes/comments/a2gnoj/went_to_male_gynecologist_for_severe_menstrual//eaz865n/,0.319,0.50789946,0.0394905,0.4044591,0.26833034,0.4710501,0.05203775,1543807652.0,-3,0,0,wifichick,785.0,68.0,3316.0,87574.0,91743.0
