post_id,comment_id,txt,url,offensiveness_score,Toxicity,Severe Toxicity,Profanity,Identity Attack,Insult,Threat,created,score,total_awards_received,controversiality,user,user_awardee_karma,user_awarder_karma,user_link_karma,user_comment_karma,user_total_karma
c6m1bf,es9kk4v,I wouldn't consider gay porn as never working again,https://imgur.com/EeOLGgD/es9kk4v/,0.146,0.52272606,0.05473421,0.36752504,0.5075293,0.24287975,0.01238892,1561738322.0,0,0,0,honeypunchsofthr0ats,30.0,0.0,19.0,8205.0,8254.0
c6m1bf,es9kwxf,You look like a sex doll of Andrew Garfield,https://imgur.com/EeOLGgD/es9kwxf/,0.458,0.6827122,0.22207877,0.43669638,0.10221587,0.48627716,0.022853967,1561738554.0,28,0,0,ramhead13,702.0,109.0,5093.0,618.0,6522.0
c6m1bf,es9kx3k,What was your job prostitution vise looks like a cheek bruise from some dick sucking trust me my brother got one,https://imgur.com/EeOLGgD/es9kx3k/,0.833,0.9029226,0.45895407,0.7796426,0.27798235,0.5935568,0.03787563,1561738557.0,1,0,0,duke150,144.0,43.0,14577.0,11857.0,26621.0
c6m1bf,es9l5wx,You'd do well in prison. most would a pack maybe two for 10 minutes some with you.,https://imgur.com/EeOLGgD/es9l5wx/,0.0,0.25915736,0.011520386,0.027000591,0.00588266,0.04383647,0.2606104,1561738715.0,1,0,0,TheRuggy4,0.0,0.0,97.0,5228.0,5325.0
c6m1bf,es9l67h,I would say that sleeveless hooded sweatshirt is your ticket to never working a day again.,https://imgur.com/EeOLGgD/es9l67h/,-0.208,0.13214645,0.002784729,0.017162729,0.004624732,0.046178754,0.009411395,1561738721.0,0,0,0,elbanditoguapo,0.0,0.0,35.0,405.0,440.0
c6m1bf,es9l896,Turns out the gun show is just an empty warehouse.,https://imgur.com/EeOLGgD/es9l896/,-0.292,0.05750068,0.002250671,0.013371054,0.002118127,0.013554913,0.017328756,1561738759.0,186,0,0,[deleted],,,,,
c6m1bf,es9l9pb,If only my IBS didnt ruin that business model 💁‍♀️,https://imgur.com/EeOLGgD/es9l9pb/,-0.479,0.11378009,0.003223419,0.028230323,0.005438685,0.025542418,0.010317599,1561738785.0,-8,0,0,iGotFired_69,0.0,0.0,1225.0,85.0,1310.0
c6m1bf,es9ldyh,Your monstrosity of a forehead almost distracted me from that atrocious hoodie/vest/whatever-the-fuck-it-is top.,https://imgur.com/EeOLGgD/es9ldyh/,0.938,0.8299589,0.4011458,0.7785769,0.073429056,0.5678696,0.02440793,1561738863.0,14,0,0,benji-21,323.0,8.0,4554.0,53679.0,58564.0
c6m1bf,es9lhgk,No they what kind of shit they are in for. It might even fix you.,https://imgur.com/EeOLGgD/es9lhgk/,0.625,0.78207105,0.16960317,0.84995824,0.021585498,0.37052566,0.009929225,1561738929.0,2,0,0,TheRuggy4,0.0,0.0,97.0,5228.0,5325.0
c6m1bf,es9mwh0,He'd be thrown around that exercise yard like a dog toy,https://imgur.com/EeOLGgD/es9mwh0/,-0.062,0.4013387,0.023364257,0.17926037,0.01766643,0.1711343,0.34839883,1561739861.0,1,0,0,bigdave41,961.0,91.0,10910.0,91498.0,103460.0
c6m1bf,es9seif,You need to stop talking,https://imgur.com/EeOLGgD/es9seif/,0.2,,,,,,,1561743441.0,10,0,0,TomHanks4Jesus,0.0,0.0,376.0,8295.0,8671.0
c6m1bf,es9vltk,He has the arms of a folding chair,https://imgur.com/EeOLGgD/es9vltk/,-0.25,0.30539915,0.013801457,0.10549548,0.015355183,0.16875735,0.021472665,1561745540.0,20,0,0,Chrispeefeart,293.0,148.0,204.0,87762.0,88407.0
c6m1bf,es9zc7f,Maybe he could advertise his need for parental love.,https://imgur.com/EeOLGgD/es9zc7f/,-0.25,0.19409354,0.006942749,0.059948977,0.008250522,0.028502205,0.009540852,1561747951.0,4,0,0,Studly_Wonderballs,642.0,26.0,10076.0,86440.0,97184.0
c6m1bf,esb97h8,Is freezer a code work for anal cavity?,https://imgur.com/EeOLGgD/esb97h8/,0.167,0.6744087,0.05473421,0.54024357,0.01565665,0.10148193,0.009023022,1561782375.0,2,0,0,3piecesets,40.0,0.0,600.0,8144.0,8784.0
c6m1bf,esbext8,17 Twitch followers = 17 std-ridden old men fantasizing about knocking your teeth out with a hammer and skullfucking your brain,https://imgur.com/EeOLGgD/esbext8/,0.5,0.88599813,0.61260825,0.776286,0.28034934,0.6370372,0.44942492,1561788925.0,1,0,0,tedfondue,285.0,18.0,9063.0,11106.0,20472.0
c6m1bf,esbf1eq,Every time he sucks a dick he gets douchier,https://imgur.com/EeOLGgD/esbf1eq/,0.872,0.9029226,0.45895407,0.79449326,0.10221587,0.48399165,0.04880493,1561789054.0,1,0,0,skrewdriver458,0.0,0.0,604.0,1655.0,2259.0
c6m1bf,esbf578,That’s the face you make when you just sent a dick pic to your mum for the 3rd time. Just full of regret.,https://imgur.com/EeOLGgD/esbf578/,0.625,0.8460273,0.35368225,0.70864636,0.08087392,0.5130944,0.042985857,1561789195.0,1,0,0,WoahBusdy,8.0,106.0,,,114.0
c6m1bf,esbjpqw,"im guessing your forehead was the longest. after your job duration.
dick size is a close 4 inches",https://imgur.com/EeOLGgD/esbjpqw/,0.604,0.7998551,0.31334782,0.65961236,0.04667538,0.40975618,0.018192071,1561795752.0,1,0,0,leviahaha,186.0,73.0,6295.0,2254.0,8808.0
c6m1bf,esbjv0v,"Should’ve stuck to part time, switching to full time fluffer because you enjoyed the taste of men was not a great choice as the extra salt takes its toll on the body which we can see from your selfie.",https://imgur.com/EeOLGgD/esbjv0v/,0.167,0.10522962,0.003108978,0.024404489,0.009434453,0.024640027,0.007819066,1561795989.0,1,0,0,sexyhaggis1236,0.0,0.0,1853.0,799.0,2652.0
c6m1bf,esboy0r,"Nice dimple, on your shoulder. 
Looks like someone punched him on one side of his jaw and that part got displaced to the other side.",https://imgur.com/EeOLGgD/esboy0r/,0.333,0.30319387,0.014382465,0.04491858,0.006289636,0.03599453,0.3481519,1561804360.0,1,0,0,ThyPeril,0.0,0.0,6.0,0.0,6.0
c6m1bf,esbr53d,"Guess you didn’t get the memo on the obesiity epidemic in America... when you sit on the toilet, I bet you have to hang on to the towel rack to keep from falling through your asshole and hanging yourself. You like a starving ass albino from Ethiopia with an Elvis wig on",https://imgur.com/EeOLGgD/esbr53d/,0.521,0.82048255,0.56375664,0.6983885,0.55044734,0.7090544,0.54140383,1561807636.0,1,0,0,sal0311,0.0,0.0,10.0,52.0,62.0
c6m1bf,esbugsd,You look like a lesbian mechanic who has a shell collection,https://imgur.com/EeOLGgD/esbugsd/,0.438,0.7308154,0.26766825,0.4001375,0.5948528,0.6051471,0.011612174,1561811746.0,1,0,0,Eireabu,115.0,0.0,229.0,5290.0,5634.0
c6m1bf,esbvp07,this is like if edward and bella from twilight had a baby girl but then she went trans but he still hasnt got a dick yet,https://imgur.com/EeOLGgD/esbvp07/,0.75,0.6744087,0.3498543,0.5150164,0.2949366,0.36798462,0.06690872,1561813089.0,1,0,0,skytrm,1913.0,17.0,13437.0,2383.0,17750.0
c6m1bf,escfttq,You look like gay porn is in your near future.,https://imgur.com/EeOLGgD/escfttq/,0.5,0.7510937,0.23226175,0.46460027,0.56445944,0.41767508,0.013702838,1561828538.0,1,0,0,[deleted],,,,,
c6m1bf,escnl9r,"“See that muscle shirt came, still waiting on the muscles?",https://imgur.com/EeOLGgD/escnl9r/,-0.208,0.04067813,0.001792908,0.01627459,0.00275634,0.012794908,0.009747985,1561834026.0,1,0,0,Hank315,0.0,0.0,112.0,416.0,528.0
c6m1bf,escpa3h,His money only paid for half of his jaw,https://imgur.com/EeOLGgD/escpa3h/,-0.188,0.1996317,0.006027222,0.04592061,0.011321344,0.047349896,0.012699619,1561835286.0,1,0,0,strazzz-_-,0.0,0.0,47.0,9.0,56.0
c6m1bf,esngmi5,Dude tried to be a ken doll,https://imgur.com/EeOLGgD/esngmi5/,0.128,0.27750343,0.01159668,0.12639372,0.022791367,0.17858955,0.008919456,1562131985.0,1,0,0,Grob04,0.0,0.0,1.0,7.0,8.0
