post_id,comment_id,txt,url,offensiveness_score,Toxicity,Severe Toxicity,Profanity,Identity Attack,Insult,Threat,created,score,total_awards_received,controversiality,user,user_awardee_karma,user_awarder_karma,user_link_karma,user_comment_karma,user_total_karma
56gytn,d8jg2hh,"Anyone else have a completely different chant, or whatever you want to call it, growing up? 

Can't remember all of it but I think it was something like...

On my honor
I will try
To serve God and my country 
Something something 
And live by the Girl Scout law! 

Edit: did you guys also always yell the last sentence?",https://www.youtube.com/watch?v=bHgk0gkRCcU/d8jg2hh/,-0.021,0.15490346,0.005569458,0.06195303,0.038425524,0.05203446,0.00915248,1475950090.0,60,0,0,[deleted],,,,,
56gytn,d8jgur7,The one you posted is the Girl Scout law. The first one posted is the Girl Scout motto or pledge. Both are taught to all girls and part of the Girl Scout program.,https://www.youtube.com/watch?v=bHgk0gkRCcU/d8jgur7/,-0.5,0.031684756,0.001058579,0.012346277,0.017364962,0.011768902,0.0065698,1475951251.0,57,0,0,Mstalksalot98,0.0,0.0,53.0,153.0,206.0
56gytn,d8jgx0e,"Yours is the Girl Scout Pledge. What u/hagnonbg wrote was the Girl Scout Law. 2 different things, both correct.

and the something something is ""to help people at all times""",https://www.youtube.com/watch?v=bHgk0gkRCcU/d8jgx0e/,-0.333,0.019603057,0.001134872,0.016889455,0.006141644,0.009184887,0.006673365,1475951346.0,12,0,0,pantheratigristigris,0.0,0.0,63.0,3069.0,3132.0
56gytn,d8jhs20,"Yeah well I quit when I was still just a wee ""brownie"". But the first one posted sounds completely foreign to me.

",https://www.youtube.com/watch?v=bHgk0gkRCcU/d8jhs20/,-0.396,0.11057663,0.002784729,0.031140719,0.01087737,0.033570543,0.007780228,1475952615.0,13,0,0,[deleted],,,,,
56gytn,d8jhy8i,Good God... I can't believe I still remember this. ,https://www.youtube.com/watch?v=bHgk0gkRCcU/d8jhy8i/,-0.583,0.024731753,0.000987053,0.013610168,0.003070822,0.010020891,0.006841661,1475952869.0,3,0,0,MadApple_,263.0,7.0,621.0,16591.0,17482.0
56gytn,d8jivhu,"As you can tell by my tag, I'm a Scout. I am currently in the BSA because I have boys. I joined in 2010 when the BSA was less accepting. I will raise my boys better than what was presented by the leadership at that time. I will be the change within rather than boycotting. The atheist piece is bound to change. It's already shifting at the unit level. The BSA cannot change if people boycott.",https://www.youtube.com/watch?v=bHgk0gkRCcU/d8jivhu/,-0.085,0.123468354,0.004711151,0.042413518,0.0775651,0.036809623,0.01101667,1475954238.0,16,0,0,Scoutermom,0.0,0.0,60.0,1849.0,1909.0
56gytn,d8jksn7,Some colleges have troops for college age. Their focus is on community service and helping younger troops. Plus she's a registered lifer. ,https://www.youtube.com/watch?v=bHgk0gkRCcU/d8jksn7/,-0.25,0.008670582,0.000553131,0.010501678,0.003496297,0.006790872,0.006136116,1475957088.0,4,0,0,EricaM13,724.0,131.0,8577.0,23961.0,33393.0
56gytn,d8jlev6,"I appreciate your philosphy of ""being the change,"" but I don't see how that's possible for me. My family is atheist, and my son wants to join Cub Scouts. But in signing the membership application, you say you agree with BSA's Statement of Religious Principles. I do not agree with it, so I can't even fill out the membership form in good conscience, let alone ""be the change.""",https://www.youtube.com/watch?v=bHgk0gkRCcU/d8jlev6/,-0.104,0.055768944,0.001897812,0.017504321,0.035331827,0.021094928,0.006925808,1475958011.0,7,0,0,CptFlyingToaster,20.0,0.0,7049.0,2636.0,9705.0
56gytn,d8jn4ym,The petals on a Daisy scout's vest represent the elements of the law. ,https://www.youtube.com/watch?v=bHgk0gkRCcU/d8jn4ym/,-0.458,0.033334624,0.001134872,0.012790347,0.005438685,0.015036922,0.006692784,1475960623.0,10,0,0,strum_and_dang,266.0,0.0,38.0,86934.0,87238.0
56gytn,d8jqyf0,"I'm kinda confused on what you're saying, here. Am I the only one? ",https://www.youtube.com/watch?v=bHgk0gkRCcU/d8jqyf0/,-0.312,0.041915078,0.001659393,0.020510335,0.006622616,0.01632893,0.007883795,1475966321.0,8,0,0,Murgie,1585.0,19.0,,,1604.0
56gytn,d8jrw6d,"Another ""so and so had the perfect/most awesome response to ________"" story. ",https://www.youtube.com/watch?v=bHgk0gkRCcU/d8jrw6d/,-0.25,0.022256956,0.000867844,0.012482914,0.001637155,0.011084898,0.006181426,1475967769.0,-2,0,0,[deleted],,,,,
56gytn,d8jtdof,"I'm assuming this is a great response for i haven't seen the video in question, but i do believe that the woman in the video carried herself very elegantly!",https://www.youtube.com/watch?v=bHgk0gkRCcU/d8jtdof/,-0.375,0.0414203,0.002365112,0.022696527,0.011469335,0.014124917,0.00948907,1475970122.0,2,0,0,My_massive_dingaling,43.0,105.0,1219.0,41044.0,42411.0
56gytn,d8jtn7c,"Come up to Canada.  We do have a separate girl's program, but Canadian Scouting (the equivalent of the BSA in America) accepts all genders and sexualities of participant and leader.

I'm currently a Cub Scouter, and went up through the entire program, starting when they first let girls into my local group.  I did eleven years as a youth and am just starting my sixth year as an adult.

From my own personal experience, I'd take the Scouting program (inclusive) over the Guiding program (girls only) every day.  There are a few Guiding groups that do meet the level of activity of most of the Scout groups I know, but they're not as common.",https://www.youtube.com/watch?v=bHgk0gkRCcU/d8jtn7c/,-0.25,0.051563308,0.001916885,0.018802373,0.026207991,0.019676886,0.007107049,1475970511.0,5,0,0,[deleted],,,,,
56gytn,d8juejf,"I'm a trans gal and this was relevant to interests. Dunno bout my chromosomes but this girl was on point inspirationally. Big up her values. 

Plus, the context of this is assumedly trans and cis related, so yeah its relevant. ",https://www.youtube.com/watch?v=bHgk0gkRCcU/d8juejf/,-0.167,0.15987846,0.008811951,0.10363861,0.14019285,0.03412145,0.009281937,1475971663.0,8,0,0,[deleted],,,,,
56gytn,d8jvf0y,I commend you for reading the whole application. You might see if there is a Pack chartered by a Unitarian church. One of my good scouting buddies is Wiccan and belongs to a Unitarian church that has active atheist members. ,https://www.youtube.com/watch?v=bHgk0gkRCcU/d8jvf0y/,-0.292,0.039462693,0.001306534,0.012414595,0.033011556,0.012870909,0.006518017,1475973249.0,1,0,0,Scoutermom,0.0,0.0,60.0,1849.0,1909.0
56gytn,d8jwlz6,"I've no idea what's happening and what a ""girl scout"" is, but this is nice.",https://www.youtube.com/watch?v=bHgk0gkRCcU/d8jwlz6/,-0.646,0.059727192,0.002555847,0.026590679,0.025203101,0.018516673,0.008129764,1475975187.0,2,0,0,klod42,0.0,0.0,136.0,19398.0,19534.0
56gytn,d8k0v3w,"This is what I thought when I was a kid.  I wanted to do Boy Scouts when I was a girl, but my parents explained that was not possible.  My reasoning?  They did cool outdoorsy shit like build soap box cars, go camping, and spend time on rivers and lakes.  Girl Scouts were more into service learning.  I wasn't interested in service learning, I wanted to learn anything and everything about the outdoors.  So I wound up not doing any scouts.  I think to some extent newer 4H programs are covering this outdoorsy both genders niche, but I wish something like that had been in my area when I was a kid.",https://www.youtube.com/watch?v=bHgk0gkRCcU/d8k0v3w/,0.083,0.36867723,0.021806452,0.43781817,0.04667538,0.23704576,0.00899713,1475981978.0,3,0,0,DontRunReds,1653.0,14.0,556.0,166268.0,168491.0
56gytn,d8k4zf2,"You're thinking of the word ""sex"" (and even then ""male"" and ""female"" aren't necessarily accurate 100% of the time). Gender is actually made up.",https://www.youtube.com/watch?v=bHgk0gkRCcU/d8k4zf2/,0.167,0.2854699,0.007591248,0.15195307,0.031206898,0.028722567,0.007482476,1475989642.0,6,0,0,LadyoftheDam,0.0,0.0,165.0,23425.0,23590.0
56gytn,d8kdruw,"That's the old one - changed in 2010. It's now ""I promise that I will do my best to be true to myself and develop my beliefs. To serve the Queen and my community, to help other people and to keep the Brownie Guide law""",https://www.youtube.com/watch?v=bHgk0gkRCcU/d8kdruw/,-0.25,0.010304171,0.000479221,0.009767254,0.003662788,0.007455876,0.005951639,1476017546.0,2,0,0,hungryhippo53,0.0,0.0,54.0,3649.0,3703.0
