post_id,comment_id,txt,url,offensiveness_score,Toxicity,Severe Toxicity,Profanity,Identity Attack,Insult,Threat,created,score,total_awards_received,controversiality,user,user_awardee_karma,user_awarder_karma,user_link_karma,user_comment_karma,user_total_karma
4nf65k,d43djfk,"Mayonnaise, even the smell of it makes me gag. Why does the rest if the world smear the foul stuff over everything? ",https://www.reddit.com/r/AskReddit/comments/4nf65k/whats_something_everyone_else_adores_but_you_cant//d43djfk/,-0.167,0.24924077,0.005226135,0.075792134,0.008731495,0.13245803,0.008466354,1465542674.0,21,0,0,Cking507,0.0,0.0,34.0,17438.0,17472.0
4nf65k,d43e7z0,"Isn't that the main reason why we like cats though? They don't crave attention unless they want something (Food/water/warmth) And much like people, have a very low tolerance for bullshit.

Or is that just me.",https://www.reddit.com/r/AskReddit/comments/4nf65k/whats_something_everyone_else_adores_but_you_cant//d43e7z0/,0.104,0.60311776,0.043077253,0.71218073,0.028886627,0.36021477,0.008634649,1465544905.0,5,0,0,[deleted],,,,,
4nf65k,d43h919,"Yes.  But when you find one to forge an alliance with, or at least an understanding, they are a blast.
",https://www.reddit.com/r/AskReddit/comments/4nf65k/whats_something_everyone_else_adores_but_you_cant//d43h919/,-0.417,0.1641865,0.002374649,0.02522431,0.005993653,0.08831572,0.007327127,1465555806.0,1,0,0,IvyGold,2192.0,1503.0,291408.0,347614.0,642717.0
4nf65k,d43iugw,Isn't hell supposed to smell a little sulfur-y?,https://www.reddit.com/r/AskReddit/comments/4nf65k/whats_something_everyone_else_adores_but_you_cant//d43iugw/,-0.17,0.3722269,0.020127986,0.33453682,0.019877186,0.08508729,0.010964886,1465560306.0,1,0,0,brb_gottapoops,0.0,0.0,324.0,40292.0,40616.0
4nf65k,d43iuyv,Not sure I want to make friends with the devil. ,https://www.reddit.com/r/AskReddit/comments/4nf65k/whats_something_everyone_else_adores_but_you_cant//d43iuyv/,0.167,0.3308965,0.012435913,0.25001678,0.026207991,0.16480011,0.011767523,1465560338.0,2,0,0,brb_gottapoops,0.0,0.0,324.0,40292.0,40616.0
4nf65k,d43joyi,The Grand Theft Auto game series,https://www.reddit.com/r/AskReddit/comments/4nf65k/whats_something_everyone_else_adores_but_you_cant//d43joyi/,-0.562,0.032156147,0.002126694,0.019212283,0.003570293,0.00971689,0.010731863,1465562211.0,2,0,0,thatbro92,0.0,0.0,4.0,9475.0,9479.0
4nf65k,d43kaub,"That is part of the charm, in an odd way. Comparing them to dogs, they aren't needy, they definitely smell better, they deal with their own shit, they don't need attention all the time, they (probably) won't snap and decide to kill a small child. ",https://www.reddit.com/r/AskReddit/comments/4nf65k/whats_something_everyone_else_adores_but_you_cant//d43kaub/,0.438,0.6544696,0.16960317,0.7107322,0.10221587,0.44126466,0.37858796,1465563437.0,1,0,0,hoffi_coffi,20.0,0.0,2660.0,148572.0,151252.0
4nf65k,d43no81,"Scented stuff...candles, potpourri, air fresheners, sprays.  They all stink and bother my allergies.  ",https://www.reddit.com/r/AskReddit/comments/4nf65k/whats_something_everyone_else_adores_but_you_cant//d43no81/,0.0,0.2359567,0.005226135,0.06796519,0.004624732,0.10148193,0.006809296,1465568953.0,1,0,0,crowbar032,55.0,0.0,569.0,4919.0,5543.0
4nf65k,d43o8kf,"When I was a kid I went to this family friends house and she pulled a jar of mayonnaise out of the fridge and ate a huge spoonful out of the jar.
I refused to go back to her house ",https://www.reddit.com/r/AskReddit/comments/4nf65k/whats_something_everyone_else_adores_but_you_cant//d43o8kf/,-0.2,0.058490243,0.002727509,0.026180768,0.006326634,0.016632931,0.009359611,1465569771.0,1,0,0,childofburningtime,0.0,0.0,4928.0,7994.0,12922.0
4nf65k,d43tuwp,"I like the games, but I think 5 was severely overrated.",https://www.reddit.com/r/AskReddit/comments/4nf65k/whats_something_everyone_else_adores_but_you_cant//d43tuwp/,-0.583,0.06500591,0.00246048,0.025634222,0.007436569,0.020901557,0.009411395,1465577457.0,2,0,0,rssmitty13,0.0,0.0,49.0,10701.0,10750.0
4nf65k,d43w1ab,Spider-Man joining the MCU.,https://www.reddit.com/r/AskReddit/comments/4nf65k/whats_something_everyone_else_adores_but_you_cant//d43w1ab/,-0.542,0.017089844,0.001115799,0.013644327,0.0034593,0.007987879,0.008077981,1465580320.0,1,0,0,LifeOnCloud8,0.0,16.0,45.0,200.0,261.0
