post_id,comment_id,txt,url,offensiveness_score,Toxicity,Severe Toxicity,Profanity,Identity Attack,Insult,Threat,created,score,total_awards_received,controversiality,user,user_awardee_karma,user_awarder_karma,user_link_karma,user_comment_karma,user_total_karma
84anfy,dvo7y5m,"And in a different vein, I've met and befriended some really awesome people from different gaming/fandom communities that I otherwise would've never met without this place.",https://www.reddit.com/r/AskReddit/comments/84anfy/professor_stephen_hawking_has_passed_away_at_the//dvo7y5m/,-0.383,0.032156147,0.001974106,0.026180768,0.01087737,0.010742896,0.008789998,1521006295.0,2,0,0,FluffyPhoenix,288.0,0.0,1.0,117286.0,117575.0
84anfy,dvobuly,"I look at porn, cats and cat porn. I feel like I’m using it wrong ",https://www.reddit.com/r/AskReddit/comments/84anfy/professor_stephen_hawking_has_passed_away_at_the//dvobuly/,0.312,0.50789946,0.12019568,0.4193644,0.0440973,0.06407392,0.013321015,1521014369.0,1,0,0,dickmcgirkin,837.0,91.0,13670.0,23738.0,38336.0
84anfy,dvoh7c8,"Both are a good thing in fair measure. If someone else is spending the same amount of time getting a PhD online, then.. I’d feel like I’m denying myself something useful. 🤷🏻‍♀️

Wtf is cat porn? ",https://www.reddit.com/r/AskReddit/comments/84anfy/professor_stephen_hawking_has_passed_away_at_the//dvoh7c8/,0.208,0.48021027,0.023645958,0.47771472,0.026408968,0.082372494,0.00933372,1521027094.0,1,0,0,[deleted],,,,,
84anfy,dw10ph7,"march 14, the Little Dipper was missing... anyone... I'm not going to solve this and the crypto pyros are on it and I used my real email... terrified   ",https://www.reddit.com/r/AskReddit/comments/84anfy/professor_stephen_hawking_has_passed_away_at_the//dw10ph7/,-0.149,0.20149297,0.008544922,0.08096472,0.01274247,0.059061307,0.018364733,1521597014.0,2,0,0,jeshtme,0.0,0.0,1.0,0.0,1.0
84anfy,e3nw5y9,How would you feel about staying the hell off my lawn?,https://www.reddit.com/r/AskReddit/comments/84anfy/professor_stephen_hawking_has_passed_away_at_the//e3nw5y9/,0.146,0.43230394,0.023364257,0.36230123,0.02138452,0.18604483,0.07629784,1533500221.0,1,0,0,ZenMechanist,389.0,0.0,722.0,36137.0,37248.0
