post_id,comment_id,txt,url,offensiveness_score,Toxicity,Severe Toxicity,Profanity,Identity Attack,Insult,Threat,created,score,total_awards_received,controversiality,user,user_awardee_karma,user_awarder_karma,user_link_karma,user_comment_karma,user_total_karma
a9v9st,ecmy7ak,"""And I brought you into a plentiful land to enjoy its fruits and its good things. But when you came in, you defiled my land and made my heritage an abomination."" Jeremiah 2:7

Also, ""Whoever is righteous has regard for the life of his beast, but the mercy of the wicked is cruel."" Proverbs 12:10",https://www.cnbc.com/2018/12/14/elon-musk-this-is-why-i-push-myself.html/ecmy7ak/,-0.042,0.13388206,0.005912781,0.04792466,0.033269364,0.054962315,0.012958534,1545886453.0,157,0,0,HazeGrey,45.0,0.0,23428.0,64753.0,88226.0
a9v9st,ecn5h9u,"Well, in “An Inconvenient Truth”, they said we had 10 years and it was released in 2006. We dodged that bullet so I’m sure it’s smooth sailing from here on out.  ",https://www.cnbc.com/2018/12/14/elon-musk-this-is-why-i-push-myself.html/ecn5h9u/,-0.152,0.029445656,0.001106262,0.012892825,0.002229121,0.01309891,0.007832011,1545895268.0,1,0,0,Sks44,1448.0,1631.0,2068.0,503651.0,508798.0
a9v9st,ecnx4v8,"Oh man, you just made me really excited about the thought of anti-environmentalists being sent to their own personal pollution-related hell.",https://www.cnbc.com/2018/12/14/elon-musk-this-is-why-i-push-myself.html/ecnx4v8/,0.17,0.44002727,0.023076924,0.33453682,0.09410924,0.34314156,0.050098058,1545925862.0,1,0,0,the_eh_team_27,48.0,0.0,359.0,49971.0,50378.0
a9v9st,ecphhzs,"I'm confused: we're liking Elon again?  Because this quote isn't even accurate (fossil fuels are inappropriately named and the majority of it isn't from dinosaurs), so I thought we'd be picking that apart and making fun of him again.",https://www.cnbc.com/2018/12/14/elon-musk-this-is-why-i-push-myself.html/ecphhzs/,0.042,0.17371799,0.004577637,0.038655918,0.008657498,0.058475737,0.04029291,1545971561.0,1,0,0,garimus,43.0,0.0,1098.0,51486.0,52627.0
a9v9st,ecpu1h3,"nah fuck that. we need war , climate disaster and hopefully end of mankind ",https://www.cnbc.com/2018/12/14/elon-musk-this-is-why-i-push-myself.html/ecpu1h3/,0.938,0.88599813,0.45895407,0.8449782,0.18705739,0.40243408,0.44185185,1545985611.0,1,0,0,[deleted],,,,,
a9v9st,ecs97yx,Thank you everyone for the discussions and for the 11 gild! It's now my 24th birthday!,https://www.cnbc.com/2018/12/14/elon-musk-this-is-why-i-push-myself.html/ecs97yx/,-0.553,0.112953395,0.008163452,0.02795705,0.026408968,0.02193286,0.028897164,1546060774.0,1,0,0,Grouchio,490.0,0.0,47908.0,15781.0,64179.0
a9v9st,ecwwc2z,I drive electric forklifts that weigh over 3000 kilograms for 8-10 hours a day never running out of charge . Im not the sharpest tool in the shed but i sure know this man is the future.the only man with big enough balls to release things we deserve as humans . Their are a lot of very rich people in the world doing nothing . Soon if we all dont stop we wont have any beautiful beaches to look at . And no amount of money in the world can fix mother earth . Give this man a medal against all odds in the world he is not even it it for the money .trying to save this planet for our grandchildren . A hero in this world . ELON MUSK . Give me a chant . ELON. ELON . ,https://www.cnbc.com/2018/12/14/elon-musk-this-is-why-i-push-myself.html/ecwwc2z/,-0.17,0.3389984,0.02116089,0.3283819,0.02138452,0.15485314,0.046541955,1546219324.0,1,0,0,xcaliburgold,0.0,0.0,2.0,24.0,26.0
