post_id,comment_id,txt,url,offensiveness_score,Toxicity,Severe Toxicity,Profanity,Identity Attack,Insult,Threat,created,score,total_awards_received,controversiality,user,user_awardee_karma,user_awarder_karma,user_link_karma,user_comment_karma,user_total_karma
a5ix3n,ebmu3y7,"The vast majority of people are not, never were, and never will be alcoholics. Anyone pressuring someone to drink is doing so under the reasonable assumption that the person being pressured will not be harmed.

I think pressuring anyone into doing anything they've declined is generally not good, but pressuring someone to drink is equivalent to pressuring someone who never has into eating shellfish - they could be allergic and be permanently harmed, but it's so unlikely that it's not part of the thought process of the person doing the pressuring or of those morally judging it.",https://www.reddit.com/r/changemyview/comments/a5ix3n/cmv_pestering_someone_to_drink_alcohol_is_morally//ebmu3y7/,-0.042,0.06579731,0.001888275,0.020851927,0.006400629,0.028061481,0.008077981,1544627793.0,59,0,0,47ca05e6209a317a8fb3,65.0,0.0,1.0,18177.0,18243.0
a5ix3n,ebmuf8p,"Sometimes my friends know when I'm feeling tense and need a little prodding to let loose. They know if I really don't want to, I'll be able to ignore them. But they've totally been correct that on nights where I've been reluctant to drink, I've ended up having an awesome time with them. ",https://www.reddit.com/r/changemyview/comments/a5ix3n/cmv_pestering_someone_to_drink_alcohol_is_morally//ebmuf8p/,-0.022,0.11336674,0.005645752,0.10920923,0.011025362,0.02657372,0.012699619,1544628050.0,35,0,0,bjankles,1770.0,0.0,7760.0,370708.0,380238.0
a5ix3n,ebmveab,"Doesn't it depend on who and why?  For instance, suppose I do know the person well and do know they're not an alcoholic.  And suppose furthermore that I know why they are not choosing to drink (calorie counting, desire to go to sleep early today in order to spend time tomorrow with different friends I don't approve of, believe they hate the taste of cider but seriously this cider is actually amazing and not at all what they believe)?  Is it really so immoral in those circumstances?",https://www.reddit.com/r/changemyview/comments/a5ix3n/cmv_pestering_someone_to_drink_alcohol_is_morally//ebmveab/,-0.208,0.091913216,0.001821518,0.02522431,0.007177584,0.034451995,0.006634528,1544628830.0,102,0,0,[deleted],,,,,
a5ix3n,ebmx5oc,"Alcohol is dangerous and highly addictive regardless of what the intent is for drinking / not drinking. You’re pushing them to consume what could be the most harmful substance in existence.

Would you offer your friend a cigarette? You likely wouldn’t even offer one but you for sure shouldn’t PUSH it. That’s probably because you recognize that there’s no benefit to smoking, that smoking is addictive and you wouldn’t want to be part of the reason why someone got addicted to it. If you know of an amazing cider, then that sounds like the perfect gateway to developing an addiction to alcohol.",https://www.reddit.com/r/changemyview/comments/a5ix3n/cmv_pestering_someone_to_drink_alcohol_is_morally//ebmx5oc/,0.062,0.091913216,0.00243187,0.025360947,0.00449524,0.029934563,0.008556974,1544630211.0,-7,0,1,IYELLALLTHETIME,1058.0,9.0,,,1067.0
a5ix3n,ebmxcbo,"To be honest it’s unfortunate that you thought you had to drink with your friends in order to enjoy your time with them. If we broke down the details, we would likely find that the reasons you enjoyed yourself were quite separate from the fact that you drank a depressant that filled your senses and slowed your brain.

Edit: it’s enormously depressing to me that suggesting that you don’t need to drink to have fun has earned me -22 karma on this post. No, it is not because I care about Internet points; it’s because I care that the prevailing attitude is to reject a viewpoint like this.",https://www.reddit.com/r/changemyview/comments/a5ix3n/cmv_pestering_someone_to_drink_alcohol_is_morally//ebmxcbo/,0.087,0.27525392,0.008735657,0.108590275,0.012441003,0.16868424,0.010809537,1544630357.0,-16,0,0,IYELLALLTHETIME,1058.0,9.0,,,1067.0
a5ix3n,ebmxi5f,">You’re pushing them to consume what could be the most harmful substance in existence.  

That's a bit of an exaggeration. There's like a thousand things you can consume that will just immediately kill you. Alcohol is pretty tame by drug standards.  

Shit, I'd strongly contend that Mountain Dew is more dangerous than alcohol. ",https://www.reddit.com/r/changemyview/comments/a5ix3n/cmv_pestering_someone_to_drink_alcohol_is_morally//ebmxi5f/,0.511,0.7308154,0.4561839,0.5365423,0.40447855,0.46923602,0.34804323,1544630482.0,98,0,0,Mixxy92,0.0,0.0,4457.0,76551.0,81008.0
a5ix3n,ebmxo02,"> To be honest it’s unfortunate that you thought you had to drink with your friends in order to enjoy your time with them.

I didn't think I had to. I don't have to do anything. It was still ultimately my choice. I enjoy myself with my friends in many different contexts. I allowed myself to be convinced to change up the context, and it led to a great night. 

> If we broke down the details, we would likely find that the reasons you enjoyed yourself were quite separate from the fact that you drank a depressant that filled your senses and slowed your brain.

Actually, no. I definitely enjoyed myself more because the drinks helped me to relax, get a good buzz going, and feel more social energy/ reduced anxiety. That's why so many people like to drink. ",https://www.reddit.com/r/changemyview/comments/a5ix3n/cmv_pestering_someone_to_drink_alcohol_is_morally//ebmxo02/,-0.125,0.11140333,0.002784729,0.029888187,0.009693438,0.03566399,0.008362788,1544630611.0,36,0,0,bjankles,1770.0,0.0,7760.0,370708.0,380238.0
a5ix3n,ebmy27k,I would like to hear your argument against Mountain Dew...,https://www.reddit.com/r/changemyview/comments/a5ix3n/cmv_pestering_someone_to_drink_alcohol_is_morally//ebmy27k/,-0.375,0.018974753,0.000610352,0.009801413,0.001988635,0.009526889,0.006835188,1544630925.0,1,0,0,CrebbMastaJ,176.0,429.0,8242.0,24227.0,33074.0
a5ix3n,ebmy6wi,"It's the most highly caffeinated of the mainstream sodas, and has one of the highest sugar contents as well, which is probably what the commenter above is referring to. ",https://www.reddit.com/r/changemyview/comments/a5ix3n/cmv_pestering_someone_to_drink_alcohol_is_morally//ebmy6wi/,-0.25,0.011560776,0.000579357,0.010706633,0.001738899,0.008006879,0.006045496,1544631027.0,6,0,0,Batman_AoD,0.0,0.0,848.0,15507.0,16355.0
a5ix3n,ebmy8pz,"There are a lot more reasons for someone not to drink other than alcoholism, and plenty of them are private or personal choices.",https://www.reddit.com/r/changemyview/comments/a5ix3n/cmv_pestering_someone_to_drink_alcohol_is_morally//ebmy8pz/,-0.229,0.019351736,0.00061512,0.010911589,0.002330865,0.009431887,0.00623321,1544631067.0,2,0,0,HaMMeReD,860.0,22.0,5220.0,130259.0,136361.0
a5ix3n,ebmyijf,"You seem to have forgotten the benefits of alcohol.

It doesn't only have downside, like any of the drugs that are consumed regularly around the world.

What he describes sounds like he was able to get a little bit more comfortable due to the alcohol.

That initial boost in comfortableness could very well be what's made it possible for him to have a good evening, sure he likely could have got the same effect through other means but that doesn't make it's a bad thing.",https://www.reddit.com/r/changemyview/comments/a5ix3n/cmv_pestering_someone_to_drink_alcohol_is_morally//ebmyijf/,0.021,0.06065326,0.001430512,0.016752819,0.002996826,0.028942931,0.006874025,1544631279.0,26,0,0,BadLilJuJu,15.0,18.0,728.0,1698.0,2459.0
a5ix3n,ebmyq98,"Well, on a personal level, my family has a history of heart disease but no history of liver problems. So for me at least, mountain dew is vastly more dangerous than alcohol, simply because of the calorie count and sugar content. And I realize that certain alcoholic drinks come with the same problem but clear liquor can definitely be argued to be healthier than soda. ",https://www.reddit.com/r/changemyview/comments/a5ix3n/cmv_pestering_someone_to_drink_alcohol_is_morally//ebmyq98/,-0.085,0.042657252,0.001544952,0.01764096,0.004125261,0.020063626,0.007301235,1544631446.0,2,0,0,Mixxy92,0.0,0.0,4457.0,76551.0,81008.0
a5ix3n,ebmyybh,"I was with you until you said it was the same as a mother hitting a child.  A child is physically and emotionally less capable of defending itself against an adult.  I don't believe that an alcoholic is less of an adult for struggling with alcohol addiction.  I agree that it is a total dick move to pressure anyone to do anything that they don't want to do, but I think that your phrasing and your analogies are so far off the mark that I can't agree with your assertions.  Alcohol is unhealthy and it is damaging but you are comparing pressuring someone to drink to directly participating in child abuse.  Those are obviously legally and morally different things in vastly different categories.  For this reason I think you are way off base.",https://www.reddit.com/r/changemyview/comments/a5ix3n/cmv_pestering_someone_to_drink_alcohol_is_morally//ebmyybh/,0.292,0.36456755,0.020515325,0.3597395,0.021083053,0.23237456,0.035803676,1544631619.0,1,0,0,firefarmer74,139.0,0.0,6648.0,84015.0,90802.0
a5ix3n,ebmyz25,"Also, we are going to assume the possibility to offer the drink to someone who might relapse. So consumption with a high frequency and high quantity of mountain dew ? I actually wonder at this point, if 2L of Mountain Dew/day is worse than a bottle of wine/day.   ",https://www.reddit.com/r/changemyview/comments/a5ix3n/cmv_pestering_someone_to_drink_alcohol_is_morally//ebmyz25/,0.0,0.043646812,0.001602173,0.016137952,0.00310782,0.019483518,0.008039144,1544631635.0,3,0,0,[deleted],,,,,
a5ix3n,ebmzg8m,"Honestly, who would pester someone that they don't know well enough to know if they have an alcohol problem to drink? This situation has never come up for me ever. On the other hand family and friends have pestered me at times. I personally don't pester people to anything because it is annoying. Yes, you good and well is an addict, should not be pestered to drink. To pester a friend simply doesn't want to drink is annoying but such a big deal.",https://www.reddit.com/r/changemyview/comments/a5ix3n/cmv_pestering_someone_to_drink_alcohol_is_morally//ebmzg8m/,0.109,0.15711457,0.004882813,0.07223598,0.007473567,0.06529768,0.014393489,1544632004.0,1,0,0,DaiTaHomer,40.0,0.0,110.0,19385.0,19535.0
a5ix3n,ebmzmhp,"While I agree it's annoying to be encouraged to drink when you don't want to, it's also annoying to be a buzzkill. There are some contexts where being the only sober person is not going to be fun and you'll bring others down unless you're very good at disinhibiting yourself.",https://www.reddit.com/r/changemyview/comments/a5ix3n/cmv_pestering_someone_to_drink_alcohol_is_morally//ebmzmhp/,0.277,0.17545098,0.006523132,0.09098661,0.008953481,0.06442356,0.047835086,1544632139.0,3,0,0,beelzebubs_avocado,106.0,0.0,690.0,16079.0,16875.0
a5ix3n,ebn017g,"It’s common for ex-addicts to view their poison of choice as more harmful because of the associated personal harm they’ve experienced from it. 

I do agree somewhat with your point however, it is somewhat bizarre that such a dangerous drug is viewed so brazenly. 

Two things; 

1) drinking in moderation is not especially dangerous (there is a very small increase in cancer/vascular disease risk) 

2) alcohol use is far more widespread than any other drug, so the harmful effects are seen far more often. 

I think you’re letting your history cloud your thinking (with all due respect). 

",https://www.reddit.com/r/changemyview/comments/a5ix3n/cmv_pestering_someone_to_drink_alcohol_is_morally//ebn017g/,0.0,0.04735767,0.001392365,0.015693882,0.003940272,0.022577424,0.007935578,1544632453.0,3,0,0,dr-broodles,246.0,0.0,878.0,15091.0,16215.0
a5ix3n,ebn04eh,"What about the following scenario. A group of friends go out for dinner. A bottle of wine is ordered for the table. Person A isn't having any and the following conversation takes place:

&#x200B;

Person B: ""Would you like a glass of wine?""

Person A: ""No thank you""

Person B: ""Are you sure, I really think you would like it""

Person A:""I don't like New Zeland Reds, I find them too dry""

Person B: ""I know, but this one isn't dry at all, it's very similar to that Merlot from Bordeaux we had last week that you absolutely loved""

&#x200B;

Is Person B in this scenario equivalent to a parent beating their child?",https://www.reddit.com/r/changemyview/comments/a5ix3n/cmv_pestering_someone_to_drink_alcohol_is_morally//ebn04eh/,-0.043,0.11912931,0.007591248,0.09389619,0.039972372,0.032138187,0.014220826,1544632523.0,3,0,0,Not_me23,7.0,0.0,77.0,3676.0,3760.0
a5ix3n,ebn0fi6,"I think that’s on them though. I stopped drinking for like 2 years or so just from health issues and didn’t want to risk anything happening. My friends were pretty supportive and I still had a lot of fun going out with them. I drink every now and then in moderation but i don’t get judged if I’m not drinking. I do agree that it can help and it’s really fun to get a few beers with friends after a long week, but it’s not always necessary to drink if you go out.",https://www.reddit.com/r/changemyview/comments/a5ix3n/cmv_pestering_someone_to_drink_alcohol_is_morally//ebn0fi6/,-0.083,0.02968135,0.001525879,0.024882717,0.005623675,0.015340924,0.0077155,1544632762.0,2,0,0,Maaaat_Damon,31.0,170.0,1269.0,21247.0,22717.0
a5ix3n,ebn0u09,"I ain’t trying to change your mind because I’ll say that thank god someone actually thinks like this. I am currently in high school and I live in a city where many people above the age of 13 or 14 drink every week and some people even every day. They also take drugs like ecstasy and shit, along with the occasional marijuana cigarette. Can’t tell you how many times people are trying to get me to go to parties where they do this shit. They go with the “ it’s not that bad!” “ it’s just fun!”. Can’t wait till I never see those people again. ",https://www.reddit.com/r/changemyview/comments/a5ix3n/cmv_pestering_someone_to_drink_alcohol_is_morally//ebn0u09/,0.417,0.5721988,0.16960317,0.64657205,0.10221587,0.40698266,0.030969119,1544633068.0,1,0,0,Swayver24,189.0,8.0,15909.0,9284.0,25390.0
a5ix3n,ebn1yic,"You’ve mentioned that the particulars of the person or situation don’t matter but here is an extreme situation based on sadly common real life events: a person in an abusive relationship was told by their partner that they could not drink or wear certain clothes because they would “embarrass themselves.” In this instance, avoiding alcohol with the abused partner, whose normal alcohol intake was previously 1-2 drinks with other individuals who were also recreationally drinking and no solo drinking, would be complicit in engaging with the abusive partner’s controlling demands. This is a tricky situation - a morally gray area - where the assumptions underlying the drinking are particularly salient. In this case, offering a sip or one drink may be a fast way to challenge some of the assumptions underlying the refusal as well as model that the abusive partner does not necessarily control others’ behaviors. ",https://www.reddit.com/r/changemyview/comments/a5ix3n/cmv_pestering_someone_to_drink_alcohol_is_morally//ebn1yic/,0.021,0.09611836,0.002336502,0.027410502,0.005512681,0.031036375,0.008220384,1544633931.0,1,0,0,Chelesto,54.0,458.0,16321.0,9826.0,26659.0
a5ix3n,ebn20ya,"Depends on the situation. Office party? Agreed. Someone you barely know? Agreed.

But it also depends on your culture. The norm in some cultures require the guest to first refuse several times before finally giving in and accepting. The host is expected to continue to offer and attempt to convince the guest until they accept. The guest in these situations often wants to drink, but must be polite and first refuse. This is especially true if the guest is a woman. It would be seen as rude or stingy for the host not to ask the guest several times if they would want a drink.

So what you see as pestering is, for the host, a social/cultural obligation.",https://www.reddit.com/r/changemyview/comments/a5ix3n/cmv_pestering_someone_to_drink_alcohol_is_morally//ebn20ya/,0.0,0.10609736,0.002155304,0.024267852,0.031206898,0.03588435,0.008246276,1544633981.0,1,0,0,verywidebutthole,99.0,0.0,1427.0,32902.0,34428.0
a5ix3n,ebn269q,pestering someone into doing any kind of drug is reprehensible no matter what it is,https://www.reddit.com/r/changemyview/comments/a5ix3n/cmv_pestering_someone_to_drink_alcohol_is_morally//ebn269q/,-0.128,0.17458448,0.005989075,0.054437835,0.007029593,0.027841117,0.050744623,1544634092.0,2,0,0,[deleted],,,,,
a5ix3n,ebn2l1z,"In the wise words of Brandon Boyd and late 90's rock band *Incubus*, ""It's so much better when everyone is in"" 
",https://www.reddit.com/r/changemyview/comments/a5ix3n/cmv_pestering_someone_to_drink_alcohol_is_morally//ebn2l1z/,-0.319,0.019226074,0.001139641,0.014498309,0.003551794,0.008690883,0.007262398,1544634410.0,3,0,0,craag,86.0,0.0,6883.0,22374.0,29343.0
a5ix3n,ebn3suc,"I’m a non drinker by choice and all my near/dear ones are drinker. I don’t drink b’cos I don’t really like the taste (which i know lot of ppl don’t like , but still drink) and secondly, I don’t like the fact that i will do something to my self to lose my awareness even by a fraction. 

I used to fall in trap for request for drinking, and then i realized, while i don’t enjoy the drink, everyone else is having their fun.To be part of of the fun, i should drink something i like, which in most cases ends up being water or juice. Now a days, i give a stare when my close relatives /friends pushes me for a drink and they give up.

Drinking is not for me. And everyone deserves to be happy in their own way. ",https://www.reddit.com/r/changemyview/comments/a5ix3n/cmv_pestering_someone_to_drink_alcohol_is_morally//ebn3suc/,-0.021,0.05799546,0.002689362,0.058946952,0.008324518,0.020901557,0.008000307,1544635309.0,1,0,0,kolorful,29.0,130.0,394.0,12242.0,12795.0
a5ix3n,ebn427g,"So your position would include somebody ordering a round of shots for a group they are out with as ""morally reprehensible"" because this creates a pressure to drink? I think most people intuitively say a person doing this is being generous/trying to get everyone to have a good time.

I agree with you that it is wrong to encourage someone to drink when they don't want to is wrong, especially if that person has a problem, but once a person has already decided to drink, I struggle to see gently pushing them to have another for the sake of everyone's fun as evil.",https://www.reddit.com/r/changemyview/comments/a5ix3n/cmv_pestering_someone_to_drink_alcohol_is_morally//ebn427g/,0.083,0.07371122,0.002040863,0.019690514,0.003699786,0.028942931,0.011379151,1544635496.0,1,0,0,my_gamertag_wastaken,799.0,138.0,931.0,196645.0,198513.0
a5ix3n,ebn4iib,"If someone says ""no"" in most contexts, it should be respected no matter the reason. If you offer someone a drink, this is fine, but if they say ""no"" and you continue to pressure them into saying ""yes,"" you are doing a huge injustice. You are coercing them into doing something they said ""no"" to and this is morally wrong.",https://www.reddit.com/r/changemyview/comments/a5ix3n/cmv_pestering_someone_to_drink_alcohol_is_morally//ebn4iib/,-0.125,0.09438288,0.002613068,0.031140719,0.008065533,0.032138187,0.008815889,1544635825.0,2,0,0,memetrain4life,0.0,0.0,953.0,1298.0,2251.0
a5ix3n,ebn4qe2,"Pressuring someone into drinking alcohol is about as ""morally reprehensible"" as pressuring someone to engage in possibly risky behaviour (like mountain biking or skiing)... or pressuring an overweight person into having desert. You can list all sorts of statistics about the effects of alcohol, but they are about a prevalent as the effects of obesity. 

Also you seem to be having a very hard time separating your personal experience with alcohol and the average experience with alcohol. If you have a problem, it's up to you to manage it. Just like it's ultimately up to the overweight person to put the fork down. 

Also, start drinking soda with a lime wedge. People will assume it's a drink and leave you alone. ",https://www.reddit.com/r/changemyview/comments/a5ix3n/cmv_pestering_someone_to_drink_alcohol_is_morally//ebn4qe2/,-0.062,0.0926474,0.002183914,0.016479544,0.016963007,0.032468732,0.007883795,1544635989.0,1,0,0,6data,564.0,0.0,20167.0,74089.0,94820.0
a5ix3n,ebn5c7e,"I will concede ""pestering"" someone to drink is rude, regardless of their situation, if you will concede that offering a drink to an alcoholic when you don't know that persons history, is NOT rude.  Cause I'm tired of that ""what? you're not a mind reader?"" bullshit.",https://www.reddit.com/r/changemyview/comments/a5ix3n/cmv_pestering_someone_to_drink_alcohol_is_morally//ebn5c7e/,0.375,0.44039994,0.023458159,0.47191826,0.033011556,0.36798462,0.038220957,1544636434.0,1,0,0,MJZMan,521.0,0.0,128.0,205231.0,205880.0
a5ix3n,ebn5tzf,So basically we should all be eating mushrooms...🍄,https://www.reddit.com/r/changemyview/comments/a5ix3n/cmv_pestering_someone_to_drink_alcohol_is_morally//ebn5tzf/,-0.5,0.13561769,0.006866455,0.09034003,0.004994711,0.018001022,0.008841781,1544636789.0,1,0,0,[deleted],,,,,
a5ix3n,ebn7bun,Maybe you should be more open to new experiences. Trying something doesn't mean you'll be pounding 40's erry night.,https://www.reddit.com/r/changemyview/comments/a5ix3n/cmv_pestering_someone_to_drink_alcohol_is_morally//ebn7bun/,-0.146,0.067380086,0.002126694,0.023106437,0.002978328,0.01838776,0.013579931,1544637893.0,0,0,0,[deleted],,,,,
a5ix3n,ebn8oqr,"Do you have this same feeling with prescription meds? Someone has trouble in social situations/anything really for whatever reason, takes x substance (let's assume ""safe""amount) and finds it works wonders for them? 

",https://www.reddit.com/r/changemyview/comments/a5ix3n/cmv_pestering_someone_to_drink_alcohol_is_morally//ebn8oqr/,-0.213,0.021196328,0.000872612,0.012551232,0.002118127,0.009450888,0.006666893,1544638895.0,1,0,0,Salmonwalker,18.0,0.0,701.0,4896.0,5615.0
a5ix3n,ebn9uaf,"You don't need to be an alcoholic to get blackout drunk and start driving. Alcohol has negative effects on people who are not alcoholics, and on people who are not even drinking.",https://www.reddit.com/r/changemyview/comments/a5ix3n/cmv_pestering_someone_to_drink_alcohol_is_morally//ebn9uaf/,0.043,0.11129999,0.002861023,0.019758832,0.009064475,0.05203446,0.008919456,1544639736.0,1,0,0,jonpaladin,249.0,0.0,12827.0,85370.0,98446.0
a5ix3n,ebnc22e,"You aren’t encouraging a kid in high school to drink, are you? Since that’s illegal?",https://www.reddit.com/r/changemyview/comments/a5ix3n/cmv_pestering_someone_to_drink_alcohol_is_morally//ebnc22e/,-0.083,0.07450261,0.001592636,0.015010698,0.007325576,0.025542418,0.006718676,1544641313.0,1,0,0,IYELLALLTHETIME,1058.0,9.0,,,1067.0
a5ix3n,ebndew8,"I already did concede this. My viewpoint from the beginning has been that it’s okay to ask “would you like a drink?” and not okay to say “oh come on, have a drink!”",https://www.reddit.com/r/changemyview/comments/a5ix3n/cmv_pestering_someone_to_drink_alcohol_is_morally//ebndew8/,-0.021,0.023671126,0.00108242,0.015181494,0.002682345,0.009944891,0.007404801,1544642306.0,1,0,0,IYELLALLTHETIME,1058.0,9.0,,,1067.0
a5ix3n,ebner8x,I'm European we generally start drinking about 14.,https://www.reddit.com/r/changemyview/comments/a5ix3n/cmv_pestering_someone_to_drink_alcohol_is_morally//ebner8x/,-0.333,0.058490243,0.003013611,0.027273865,0.024801146,0.013706914,0.010369381,1544643280.0,1,0,0,[deleted],,,,,
a5ix3n,ebnfvd8,My apologies for missing that in your post.   Carry on.,https://www.reddit.com/r/changemyview/comments/a5ix3n/cmv_pestering_someone_to_drink_alcohol_is_morally//ebnfvd8/,-0.583,0.017341165,0.000753403,0.010689554,0.001507663,0.008994885,0.007029374,1544644096.0,1,0,0,MJZMan,521.0,0.0,128.0,205231.0,205880.0
a5ix3n,ebng6q4,Viewpoints like these are exactly why I think it’s important that we take a stand against the unwarranted pressures of others. I’d much rather support and defend people who make good decisions like this rather than try to validate the bad behavior of the masses.,https://www.reddit.com/r/changemyview/comments/a5ix3n/cmv_pestering_someone_to_drink_alcohol_is_morally//ebng6q4/,-0.261,0.040430736,0.001239777,0.016103793,0.005253696,0.020321451,0.007495422,1544644329.0,2,0,0,IYELLALLTHETIME,1058.0,9.0,,,1067.0
a5ix3n,ebnhysd,"Sure, agreed. That is a good place to be. I probably made it sound a little too hard to do.",https://www.reddit.com/r/changemyview/comments/a5ix3n/cmv_pestering_someone_to_drink_alcohol_is_morally//ebnhysd/,-0.375,0.02107848,0.001206398,0.016069634,0.003403803,0.009640889,0.007909686,1544645657.0,1,0,0,beelzebubs_avocado,106.0,0.0,690.0,16079.0,16875.0
a5ix3n,ebnmrxf,"I'm in no way an expert, but I would guess it probably depends on your relative tolerance to alcohol versus caffeine. Also, I'm not sure if it's fair or not to leave other factors such as drunk driving out of the equation. Mountain Dew might be worse in a strictly medical sense assuming a constant rate of consumption, but that's not really the whole story. ",https://www.reddit.com/r/changemyview/comments/a5ix3n/cmv_pestering_someone_to_drink_alcohol_is_morally//ebnmrxf/,-0.196,0.050078966,0.001478195,0.018597418,0.003995769,0.024897853,0.00713294,1544649134.0,1,0,0,Batman_AoD,0.0,0.0,848.0,15507.0,16355.0
a5ix3n,ebntje8,"But don't those factors exist on some level with everything ? Its not just 2L of Mountain Dew. Its having an uncontrolled unhealty habbit. Or one a less serious note, i can easily imagine a succesfull that drinks one bottle wine per day. Not so much with 2L of Mountain Dew.",https://www.reddit.com/r/changemyview/comments/a5ix3n/cmv_pestering_someone_to_drink_alcohol_is_morally//ebntje8/,-0.229,0.056263726,0.001583099,0.018392462,0.003403803,0.026960457,0.006673365,1544654176.0,1,0,0,[deleted],,,,,
a5ix3n,ebnvc3j,"There are certain types of poisoning where the toxin has to be processed by the liver before it begins to do damage. For some toxins, the ethanol in an alcoholic beverage will take precedence and be broken down first, given your body time to clear the more dangerous toxin before it does any damage.

I don’t think that’s quite what you meant, but it is a situation where encouraging people to drink (when there isn’t anything else on hand) can be a good thing.

BTW: I explicitly didn’t name any toxins for which this works for a reason. If you EVER ingest or inhale a chemical that isn’t explicitly safe for human consumption, go to whatever emergency or poisoning services are available IMMEDIATELY. I repeat, do not try this.",https://www.reddit.com/r/changemyview/comments/a5ix3n/cmv_pestering_someone_to_drink_alcohol_is_morally//ebnvc3j/,0.188,0.042657252,0.001420975,0.01627459,0.002682345,0.01767874,0.009204263,1544655623.0,1,0,0,Direwolf202,578.0,49.0,2627.0,266570.0,269824.0
a5ix3n,ebo0sjf,"I know some successful people who drink at least that much sugar and caffeine in energy drinks, so it's not that absurd. (Or at least, I used to know reasonably successful high school / college students who did that.)

The point of the externalities is that it's *not* just an ""uncontrolled unhealthy habit""; in the case of alcohol, it *literally kills people every day*, and not just the people with the habit. ",https://www.reddit.com/r/changemyview/comments/a5ix3n/cmv_pestering_someone_to_drink_alcohol_is_morally//ebo0sjf/,0.146,0.11109332,0.003757477,0.052183274,0.008657498,0.03588435,0.020264024,1544660292.0,2,0,0,Batman_AoD,0.0,0.0,848.0,15507.0,16355.0
a5ix3n,ebolcfj,So what if the average European drinks that early? You do understand that it really fucks with your brain right? Realistically speaking the drinking age should be 21-25 minimum. When you’re younger your brain is still growing and you’re more susceptible to big changes that would be more problematic in the future. Also if you start drinking earlier you are more likely to start developing an addiction. Also it’s illegal. And you’re argument that “ generally we start drinking at 14” doesn’t solve any of those problems right? It’s just a sad excuse of blaming your continent and people instead of yourself.,https://www.reddit.com/r/changemyview/comments/a5ix3n/cmv_pestering_someone_to_drink_alcohol_is_morally//ebolcfj/,0.25,0.47886392,0.10702737,0.5365423,0.11860296,0.3388922,0.01698343,1544680076.0,1,0,0,Swayver24,189.0,8.0,15909.0,9284.0,25390.0
a5ix3n,eboppmn,Sounds like puritanism to me.,https://www.reddit.com/r/changemyview/comments/a5ix3n/cmv_pestering_someone_to_drink_alcohol_is_morally//eboppmn/,-0.043,0.044883765,0.001859665,0.019622196,0.007621558,0.015416925,0.00756015,1544686408.0,1,0,0,[deleted],,,,,
a5ix3n,eboqqk7,"I’m an atheist, judging someone who decided to be healthier and avoid mental illnesses and you couldn’t sounds real pathetic ",https://www.reddit.com/r/changemyview/comments/a5ix3n/cmv_pestering_someone_to_drink_alcohol_is_morally//eboqqk7/,0.271,0.45921504,0.023076924,0.29209393,0.27682206,0.47273466,0.01119791,1544688129.0,1,0,0,Swayver24,189.0,8.0,15909.0,9284.0,25390.0
a5ix3n,ebp1x5h,No as in the Puritanical undercurrent of American culture. ,https://www.reddit.com/r/changemyview/comments/a5ix3n/cmv_pestering_someone_to_drink_alcohol_is_morally//ebp1x5h/,-0.188,0.051563308,0.001516342,0.011970525,0.028016793,0.019354604,0.006019604,1544707283.0,1,0,0,[deleted],,,,,
