post_id,comment_id,txt,url,offensiveness_score,Toxicity,Severe Toxicity,Profanity,Identity Attack,Insult,Threat,created,score,total_awards_received,controversiality,user,user_awardee_karma,user_awarder_karma,user_link_karma,user_comment_karma,user_total_karma
7ej2uh,dq59scl,Do you have sources stating the don’t reap the economical benefits?,https://www.reddit.com/r/changemyview/comments/7ej2uh/cmv_taxpayers_and_the_general_public_should_never//dq59scl/,-0.396,0.013194365,0.000531673,0.010040528,0.001609407,0.008234881,0.006136116,1511282208.0,237,0,0,Altairlio,710.0,536.0,10478.0,29724.0,41448.0
7ej2uh,dq5a1ik,"> It's a fiscally irresponsible use of limited local and state funds.

Is it? typically a team generates revenue for the local economy, lets say it costs 1B to build a stadium, but it generates 3-4B over the next few years, how would that be irresponsible?

> If the government stops contributing to sports stadium financing, owners will still build these stadiums

Well are you sure? typically another city just offers a better deal to get them
",https://www.reddit.com/r/changemyview/comments/7ej2uh/cmv_taxpayers_and_the_general_public_should_never//dq5a1ik/,-0.292,0.0926474,0.001907349,0.01941724,0.003237312,0.04383647,0.006246155,1511282463.0,19,0,1,SOLUNAR,15.0,0.0,6813.0,46320.0,53148.0
7ej2uh,dq5a7rc,"For purposes of this post, i'm making the assumption that no cities or political subdivisions are permitted to pledge funds for new stadiums. My overall point is that an owner may still build a stadium without public funding, so why should a city or state be ""forced"" into coughing up hundreds of millions or face the team leaving?",https://www.reddit.com/r/changemyview/comments/7ej2uh/cmv_taxpayers_and_the_general_public_should_never//dq5a7rc/,-0.292,0.03109552,0.001211166,0.015488927,0.003348306,0.016556932,0.007249452,1511282635.0,46,0,0,bigbigeee,15.0,23.0,7322.0,4411.0,11771.0
7ej2uh,dq5bvdz,"okay counter argument, when is a city forced?

Its typically cities FIGHTING over each other for rights, no city is ever forced... They have to get city council and voter approval, i live in the Bay Area and my city was one of the possible locations for the 49ers Levis stadium, but our city voted no.

Meanwhile there was 5-6 other cities fighting to bring the team over.",https://www.reddit.com/r/changemyview/comments/7ej2uh/cmv_taxpayers_and_the_general_public_should_never//dq5bvdz/,-0.021,0.05378982,0.001735687,0.017094411,0.005105704,0.025155678,0.007365964,1511284286.0,51,0,0,SOLUNAR,15.0,0.0,6813.0,46320.0,53148.0
7ej2uh,dq5d6u5,"Here in Minneapolis, all of the money allocated to revamp our entire light rail system ended up going to the stadium that's falling apart already.",https://www.reddit.com/r/changemyview/comments/7ej2uh/cmv_taxpayers_and_the_general_public_should_never//dq5d6u5/,-0.152,0.011623607,0.000562668,0.009869732,0.002571351,0.007797878,0.006239682,1511285595.0,32,0,0,[deleted],,,,,
7ej2uh,dq5dunt,"You are being naive if you think that you can realistically ban cities from paying sports teams.

You will just change it to cities bribing the teams with infrastructure, zoning changes, and possibly good old fashioned corruption instead.

There is also another downside that you are forgetting: the city wants the stadium to be in the middle of the city because it have positive knock on effect to the city. The owner wants it to be where the land is cheap in the outskirts.",https://www.reddit.com/r/changemyview/comments/7ej2uh/cmv_taxpayers_and_the_general_public_should_never//dq5dunt/,-0.174,0.25462922,0.00371933,0.031140719,0.005438685,0.24630153,0.007249452,1511286245.0,0,0,1,lee1026,423.0,9.0,5487.0,163132.0,169051.0
7ej2uh,dq5ew54,"Look at San Diego.

The city was still paying off the latest round of improvements the team extorted them into playing when they started threatening to leave if they did not get a new stadium downtown.

The city then wasted millions on planning trying to figure out how to pay for the stadium.

In the end Spanoa admitted it is all to puff up the value of the team so he can sell it soon. He was going where ever a city was willing to pay for his stadium. Now a new city is on the hook.",https://www.reddit.com/r/changemyview/comments/7ej2uh/cmv_taxpayers_and_the_general_public_should_never//dq5ew54/,0.0,0.06896287,0.001716614,0.017572641,0.004883717,0.03070583,0.007702554,1511287268.0,16,0,0,TheHaleStorm,0.0,0.0,,,0.0
7ej2uh,dq5i7oi,"If cities fight over who gets the team yet they supposedly lose money from the deal, then something is off in the way they gathered the stats

If I had to guess what's not included:

 having a good team promotes growth and competition in the city, raising the value of real estate and attracting more wealthy people. This can include successful tech companies. Essentially stadiums are loss leaders like $5 Costco rotisserie chicken 

",https://www.reddit.com/r/changemyview/comments/7ej2uh/cmv_taxpayers_and_the_general_public_should_never//dq5i7oi/,0.043,0.036634352,0.001168251,0.016001316,0.00327431,0.019934712,0.006763986,1511290540.0,7,0,0,daveisdavis,193.0,0.0,338.0,28830.0,29361.0
7ej2uh,dq5iy9e,"They have choice you are right. I think we are seeing a bit more hesitation now as we have seen the duration of arena's in the 21st century (30 years is ancient). So we've had time to see the economic impacts and that kind of cash has to have some to the average Citizen. Going to a game is a choice too, burdening the tax payer is tough. However, I often think they should help subsidize arenas. I think the math needs some honest evaluation in these cases.",https://www.reddit.com/r/changemyview/comments/7ej2uh/cmv_taxpayers_and_the_general_public_should_never//dq5iy9e/,-0.083,0.0201057,0.000891686,0.012995303,0.002497356,0.012870909,0.006848133,1511291264.0,2,0,0,An_doge,76.0,0.0,686.0,31438.0,32200.0
7ej2uh,dq5j1ig,"Everyone should just ride a football player to work—amy has better use of their free time, which is copious.",https://www.reddit.com/r/changemyview/comments/7ej2uh/cmv_taxpayers_and_the_general_public_should_never//dq5j1ig/,-0.146,0.10696511,0.001449585,0.014327513,0.003348306,0.045007613,0.006725149,1511291351.0,8,0,0,guruscotty,1202.0,0.0,,,1202.0
7ej2uh,dq5kefu,"I have to agree with you. This is a topic that has bothered me for a long time. I've read some of the responses and it still doesn't change my opinion. How can it be justified that taxpayer funds are used to build and maintain stadiums and the taxpayers are still charged like 50 bucks for admission? Depending of the sport and stadium. Tax payer money goes to building public parks and such, yet we are able to access those for free, right? There are a lot of things that bother me in terms of taxation, how tax dollars are used, and in turn how we have to pay for things that tax dollars already go to support. It really angers me. ",https://www.reddit.com/r/changemyview/comments/7ej2uh/cmv_taxpayers_and_the_general_public_should_never//dq5kefu/,-0.146,0.029327808,0.000939369,0.015283971,0.002996826,0.017549826,0.006284993,1511292688.0,17,0,0,Raditz10,0.0,102.0,4351.0,7724.0,12177.0
7ej2uh,dq5l8mb,[deleted],https://www.reddit.com/r/changemyview/comments/7ej2uh/cmv_taxpayers_and_the_general_public_should_never//dq5l8mb/,0.167,,,,,,,1511293515.0,11,0,0,[deleted],,,,,
7ej2uh,dq5mco9,Sports teams are constantly threatining to move to other cities if they dont get new stadiums. Its a very very common practice and one could definitly argue it forces cities into it.,https://www.reddit.com/r/changemyview/comments/7ej2uh/cmv_taxpayers_and_the_general_public_should_never//dq5mco9/,-0.188,0.029563503,0.00123024,0.011389818,0.003995769,0.011160898,0.009773877,1511294580.0,4,0,0,Palecrayon,0.0,0.0,345.0,18274.0,18619.0
7ej2uh,dq5mhef,You are assuming the decision made by local politicians is rational in invalidating the cited studies. ,https://www.reddit.com/r/changemyview/comments/7ej2uh/cmv_taxpayers_and_the_general_public_should_never//dq5mhef/,-0.208,0.027206551,0.000593662,0.010006369,0.002867334,0.015416925,0.006116698,1511294707.0,5,0,0,shh_as_i_eat_ur_food,0.0,0.0,1.0,355.0,356.0
7ej2uh,dq5mmda,What studies? The ones posted were all opinion pieces from what I can tell,https://www.reddit.com/r/changemyview/comments/7ej2uh/cmv_taxpayers_and_the_general_public_should_never//dq5mmda/,-0.354,0.02685301,0.000967979,0.01354185,0.003662788,0.010970897,0.0069517,1511294839.0,3,0,0,daveisdavis,193.0,0.0,338.0,28830.0,29361.0
7ej2uh,dq5oec8,"> Tax payer money goes to building public parks and such, yet we are able to access those for free, right? 

Not really. Roads have tolls, hospitals still bill you, public parks often have admission fees.

",https://www.reddit.com/r/changemyview/comments/7ej2uh/cmv_taxpayers_and_the_general_public_should_never//dq5oec8/,-0.083,0.011309455,0.000565052,0.00995513,0.001442917,0.008272881,0.005773635,1511296531.0,2,0,0,[deleted],,,,,
7ej2uh,dq5snl2,"SOME roads have tolls. The vast majority don't. And hospitals are a bad example because they're such a complicated mess with where money goes, comes in from, pricing, etc. 

I haven't seen a single local public park in my area that charges money. The exception are some state parks and that's only for parking. ",https://www.reddit.com/r/changemyview/comments/7ej2uh/cmv_taxpayers_and_the_general_public_should_never//dq5snl2/,-0.208,0.079250954,0.001716614,0.021125201,0.002996826,0.03566399,0.006136116,1511300618.0,2,0,0,RoundSilverButtons,195.0,0.0,29.0,55462.0,55686.0
7ej2uh,dq5viw8,"If sports teams allegedly don’t bring any value to a city why is threatening to move to another city forcing cities into it? 

If a homeless person threathened to leave if they don’t get paid, no one would say that person was forcing the city to pay them, they would just let them leave. Obviously that’s stupid extreme analogy but it kinda gets my point across.",https://www.reddit.com/r/changemyview/comments/7ej2uh/cmv_taxpayers_and_the_general_public_should_never//dq5viw8/,0.229,0.37340668,0.007476807,0.13256322,0.014752249,0.40243408,0.011560392,1511303576.0,3,0,0,m1a2c2kali,304.0,239.0,3644.0,503316.0,507503.0
7ej2uh,dq5zgd8,"Because politicians need to get re-elected. As a result their incentive is to maximize short term gain, and avoid sharp pains. They don't have incentives to optimize for results that will be felt 10 or 20 years from now. Therefore we need laws that prevent these conflicts of incentive whenever possible.",https://www.reddit.com/r/changemyview/comments/7ej2uh/cmv_taxpayers_and_the_general_public_should_never//dq5zgd8/,-0.146,0.049336795,0.001220703,0.014976538,0.00621564,0.02567133,0.007236506,1511308011.0,4,0,0,MagnesiumCarbonate,0.0,0.0,2436.0,4374.0,6810.0
7ej2uh,dq5zwa2,"You can point fingers at either the owners or the local government, but at the end of the day, if an obviously beneficial deal cannot be reached, I don't want my politicians spending my money if they cannot even justify it.",https://www.reddit.com/r/changemyview/comments/7ej2uh/cmv_taxpayers_and_the_general_public_should_never//dq5zwa2/,-0.021,0.031449065,0.000867844,0.011680172,0.002571351,0.014732921,0.007819066,1511308535.0,4,0,0,TheHaleStorm,0.0,0.0,,,0.0
7ej2uh,dq60eaa,"There's not much really keeping a sports team in a specific city, so if one city decides not to give incentive, they'll just move to the next city that does. The cities are eager to keep them around for the tourist exposure as well as the pride/bragging rights (if there's an overall net gain or not, I'd be curious for links to some studies).

Conceptually, I totally agree, especially when it's at the expense of public parks, but sadly it won't mean anything unless everyone agrees not to give incentives.",https://www.reddit.com/r/changemyview/comments/7ej2uh/cmv_taxpayers_and_the_general_public_should_never//dq60eaa/,-0.391,0.023199737,0.000844002,0.013234417,0.002904332,0.014200917,0.006362667,1511309142.0,1,0,0,Vanchesco,31.0,0.0,780.0,179.0,990.0
7ej2uh,dq618k3,Where did i say they bring no value? Sure they bring in money but it can take decades to recoup those costs while the private companies are the ones raking in the profits. ,https://www.reddit.com/r/changemyview/comments/7ej2uh/cmv_taxpayers_and_the_general_public_should_never//dq618k3/,-0.128,0.02779579,0.000729561,0.012448754,0.00310782,0.014352918,0.0061879,1511310172.0,2,0,0,Palecrayon,0.0,0.0,345.0,18274.0,18619.0
7ej2uh,dq61c44,"Your original proposition that the team brings in enough revenue to make the investment worthwhile implies that the owners have the upper hand in negotiations.

Assuming you're correct about a given stadium / team deal with the city and that it's profitable for the city, then that profit can be held hostage.",https://www.reddit.com/r/changemyview/comments/7ej2uh/cmv_taxpayers_and_the_general_public_should_never//dq61c44/,-0.354,0.031684756,0.000963211,0.012790347,0.002090379,0.019419061,0.0061879,1511310294.0,1,0,0,Excal2,2210.0,39.0,,,2249.0
7ej2uh,dq61ip4,I disagree.  Cities should be free to contribute money to financing new sports stadiums in exchange for an equity stake in the franchise proportional to the investment and value of the franchise.  ,https://www.reddit.com/r/changemyview/comments/7ej2uh/cmv_taxpayers_and_the_general_public_should_never//dq61ip4/,-0.25,0.006377276,0.000391006,0.009084069,0.001183931,0.00652487,0.005776872,1511310520.0,1,0,0,MacsSecretRomoJersey,341.0,0.0,,,341.0
7ej2uh,dq61uql,"If you want to see the benefits of a city/state funded arena/stadium then just take a look at the Nashville, Tn skyline before and after the Titans came. Also, check out Broadway. They've drastically improved our downtown economy.
",https://www.reddit.com/r/changemyview/comments/7ej2uh/cmv_taxpayers_and_the_general_public_should_never//dq61uql/,-0.354,0.006817089,0.000491142,0.009647697,0.001405919,0.006714871,0.006064915,1511310932.0,1,0,0,gingersrunrunrun,110.0,0.0,3.0,1019.0,1132.0
7ej2uh,dq62xlj,"Would you agree that things like libraries and museums should be funded with public money? Even if they produce no economic benefit (that is easily calculated, you can argue that furthering the arts in the long term economically benefits us all). I will not contend that more often than not taxpayer dollars should not go to stadiums, but I challenge the word never. If it is determined that it would benefit the people who the government represents more than any other project (this is a hypothetical) then I contend that in those cases it is in the public's interest to do so.",https://www.reddit.com/r/changemyview/comments/7ej2uh/cmv_taxpayers_and_the_general_public_should_never//dq62xlj/,-0.043,0.027088705,0.000886917,0.01354185,0.003163317,0.016632931,0.006356194,1511312272.0,1,0,0,[deleted],,,,,
7ej2uh,dq636t9,The city that the stadium is in will earn way more money or time than the amount they put in it. Look at Cleveland and Lebron. It was estimated that the city lost 100s of millions with him being gone. There is a lot more money to be had for a city shen there is a sports team there. ,https://www.reddit.com/r/changemyview/comments/7ej2uh/cmv_taxpayers_and_the_general_public_should_never//dq636t9/,-0.188,0.040430736,0.001459122,0.016957775,0.003255812,0.020063626,0.007391856,1511312587.0,1,0,0,lilorgi,0.0,0.0,78.0,252.0,330.0
7ej2uh,dq64iav,I'd rather see a percentage of stocks go to each household that had their taxes contributed to the stadium or some other structure that allows the people to benefit financially over time.,https://www.reddit.com/r/changemyview/comments/7ej2uh/cmv_taxpayers_and_the_general_public_should_never//dq64iav/,-0.458,0.006377276,0.000429153,0.009733095,0.001133059,0.006277869,0.005980767,1511314225.0,1,0,0,anything2x,56.0,26.0,301.0,41647.0,42030.0
7ej2uh,dq64u2l,"Counterpoint - the taxpayer should completely and totally fund the construction of new sports stadiums, *but* they should build them as multi-purpose amphitheaters that can also serve other needs and retain 100% ownership, and charge a premium for use by sports teams who can afford it.

These large projects are the perfect opportunity for a state to obtain regular revenue while providing desirable public services. But it requires that the state *be* the owner.",https://www.reddit.com/r/changemyview/comments/7ej2uh/cmv_taxpayers_and_the_general_public_should_never//dq64u2l/,-0.083,0.025674535,0.001130104,0.016069634,0.002885833,0.015112923,0.006407978,1511314635.0,1,0,0,[deleted],,,,,
7ej2uh,dq657qp,"They just had a huge fight over it in Calgary, Alberta, Canada.  Hockey team wanted the city to cough up $500 million dollars to help build a new stadium, but the mayor told them to take a piss.  Province is in the middle of an economic downturn, making it a hot button issue in the the municipal election. ",https://www.reddit.com/r/changemyview/comments/7ej2uh/cmv_taxpayers_and_the_general_public_should_never//dq657qp/,0.0,0.24282593,0.008392334,0.196476,0.009767435,0.15698463,0.009023022,1511315094.0,1,0,0,SnakePlissken1986,50.0,177.0,6000.0,4037.0,10264.0
7ej2uh,dq65wt6,"The thing is, though, that the team will move to an area where the locality will pay. Plus, it looks really bad on a cities part if they can't support a professional sports team. If a company is looking to build a new HQ, a city can be overlooked because they don't have the ability to support a pro sports franchise.",https://www.reddit.com/r/changemyview/comments/7ej2uh/cmv_taxpayers_and_the_general_public_should_never//dq65wt6/,-0.125,0.03592727,0.001516342,0.018802373,0.003940272,0.01838776,0.007288289,1511315954.0,1,0,0,dhamil01,0.0,0.0,1.0,3.0,4.0
7ej2uh,dq6751b,"I would suggest that its fine if localities help fund them, but if the team wishes that to happen they should give the city a stake in the franchise. That way costs are mitigated by the profit. ",https://www.reddit.com/r/changemyview/comments/7ej2uh/cmv_taxpayers_and_the_general_public_should_never//dq6751b/,-0.208,0.005874634,0.000419617,0.00950252,0.001109936,0.006239868,0.006116698,1511317508.0,1,0,0,[deleted],,,,,
7ej2uh,dq68qql,"I mean, you’re free to vote for politicians who think this way, but other tax payers who want those stadiums and who believe they are beneficial are free to elect officials who want to bid to bring stadiums and sports teams. That’s kind of how democracy works. I️ would ask what the justification is for an outright ban on public money being spent on stadiums, that’s pretty ridiculous.",https://www.reddit.com/r/changemyview/comments/7ej2uh/cmv_taxpayers_and_the_general_public_should_never//dq68qql/,-0.022,0.2853768,0.003890991,0.0684662,0.010063417,0.2679134,0.007495422,1511319497.0,1,0,0,_fitlegit,0.0,0.0,,,0.0
7ej2uh,dq6a8sy,Any reason these things couldn't have a structured recuperation of the initial investment for the taxpayers?,https://www.reddit.com/r/changemyview/comments/7ej2uh/cmv_taxpayers_and_the_general_public_should_never//dq6a8sy/,-0.333,0.006314446,0.000402927,0.009365883,0.001160808,0.00646787,0.005854546,1511321435.0,1,0,0,PM_UR_NSFW_ALT,126.0,0.0,334.0,46158.0,46618.0
7ej2uh,dq6c6r7,"The one argument in favor for taxpayer support for a new stadium: if building the stadium will return economic advantage to the same area in excess of the taxation required (through tourism, jobs, increased property values etc). In addition, if this criteria is met, sometimes cities or states have to competitively support an owner in order for the owner to chose one location over another. ",https://www.reddit.com/r/changemyview/comments/7ej2uh/cmv_taxpayers_and_the_general_public_should_never//dq6c6r7/,-0.417,0.015079274,0.000700951,0.011167783,0.001933138,0.010666896,0.006168481,1511324068.0,1,0,0,rollsyrollsy,3898.0,0.0,33588.0,58829.0,96315.0
7ej2uh,dq6dhlj,"A lot of people get enjoyment out of watching and supporting local teams. It’s likely that in your example, the amount of entertainment value provided to the people of Atlanta by the Braves is greater than that of those parks.  The community, through its elected representatives, decided that was the case.  ",https://www.reddit.com/r/changemyview/comments/7ej2uh/cmv_taxpayers_and_the_general_public_should_never//dq6dhlj/,-0.085,0.026499467,0.000977516,0.012585391,0.003903274,0.01617693,0.006284993,1511325954.0,1,0,0,Fredact,0.0,0.0,1786.0,8065.0,9851.0
7ej2uh,dq6gisw,"You said that taxpayers should never have to pay for sports stadiums, so I guess all one has to do is show one example where it was beneficial.  I'd like to draw your attention to the 2010 olympic games in my home city, Vancouver.  By 2014 the Vancouver Olympic Comittee paid off their debts, and the infastructure built for the olympics is still kept in good shape.  A good example is the Richmond oval, which is still used for a ton of events.",https://www.reddit.com/r/changemyview/comments/7ej2uh/cmv_taxpayers_and_the_general_public_should_never//dq6gisw/,-0.167,0.033334624,0.000991821,0.013029462,0.003477799,0.019999169,0.006375613,1511330921.0,1,0,0,mykatz,0.0,0.0,707.0,8524.0,9231.0
7ej2uh,dq6jcar,"In the England we built a stadium for the Olympics. It was then handed over to a football team with the tax payer picking up large parts of the bill. Totally agree, it's bullshit ",https://www.reddit.com/r/changemyview/comments/7ej2uh/cmv_taxpayers_and_the_general_public_should_never//dq6jcar/,0.104,0.743089,0.16760159,0.7673477,0.1015541,0.4339631,0.008867673,1511336759.0,1,0,0,Turak64,273.0,0.0,28462.0,132876.0,161611.0
7ej2uh,dq6kki6,"Why the responsibility of handling everyone else money is taken lightly and with a nonchalant attitude as long as it follow the so called correct procedures AKA the SOP. If this were the politicians,officials, bankers,and the  elites rich own money they would watch and care for it like it was their own grandson. Making sure the money is used properly, making sure there are safety mechanisms in case something wrong happens, avoid paying tax if they can,making sure they will get a satisfactory result from the usage of of their money and so on. ",https://www.reddit.com/r/changemyview/comments/7ej2uh/cmv_taxpayers_and_the_general_public_should_never//dq6kki6/,-0.083,0.08241652,0.001525879,0.019143965,0.005549679,0.03599453,0.006530962,1511339681.0,1,0,0,deathpov,0.0,0.0,15023.0,2891.0,17914.0
7ej2uh,dq6mfsw,"Yes, they're terrible and not profitable for the taxpayers. However, put it to a vote in Buffalo. Taxpayers would love to pay for that. ",https://www.reddit.com/r/changemyview/comments/7ej2uh/cmv_taxpayers_and_the_general_public_should_never//dq6mfsw/,-0.021,0.25462922,0.004386902,0.022901481,0.009175468,0.24287975,0.00866054,1511344468.0,1,0,0,Ohuma,15.0,0.0,17288.0,80245.0,97548.0
7ej2uh,dq6pvx7,"Durham, NC’s downtown revival began with the new Durham Bulls stadium.",https://www.reddit.com/r/changemyview/comments/7ej2uh/cmv_taxpayers_and_the_general_public_should_never//dq6pvx7/,-0.479,0.013571346,0.000753403,0.011458136,0.001831394,0.008557882,0.006699257,1511353198.0,1,0,0,sblinn,86.0,1619.0,18968.0,62656.0,83329.0
7ej2uh,dq6usqj,"Though I wholeheartedly agree with you, my view on this (albeit incredibly simplified) is that due to capitalism, if you city wants a pro team to move in because it will increase revenues and tourism, then you will offer to the organization's owner to pay for a portion of the arena.  In the end, the highest bidder gets the team.  I know its likely more complex than this but it boils down to capitalism, and that's kinda where I stop caring.",https://www.reddit.com/r/changemyview/comments/7ej2uh/cmv_taxpayers_and_the_general_public_should_never//dq6usqj/,-0.085,0.029563503,0.001239777,0.01764096,0.004513739,0.017743196,0.006789878,1511361032.0,1,0,0,Alecarte,641.0,0.0,282.0,27308.0,28231.0
7ej2uh,dq6y0jl,Unless it brings in people from elsewhere who spend money there.  Tourism is a thing. ,https://www.reddit.com/r/changemyview/comments/7ej2uh/cmv_taxpayers_and_the_general_public_should_never//dq6y0jl/,-0.479,0.013257195,0.000667572,0.009801413,0.004809721,0.007778878,0.006213791,1511364797.0,1,0,0,majinspy,452.0,0.0,168.0,218387.0,219007.0
7ej2uh,dsur73k,"Taxpayers, in a round about way, are investors. If your government is fair and democratic, 80% of the time tax payer money benefits the masses, if not a medium size group.. If an organization can prove that a new stadium has a positive effect on the local economy ( restaurants hotels etc) then I think it's a good investment from the public standpoint, long term",https://www.reddit.com/r/changemyview/comments/7ej2uh/cmv_taxpayers_and_the_general_public_should_never//dsur73k/,-0.25,0.032391842,0.001158714,0.014634945,0.004439743,0.019161236,0.006395032,1516250508.0,1,0,0,22switch,28.0,5.0,9727.0,30692.0,40452.0
7ej2uh,dtoqv8q,"Yep, waste of money. Why should taxpayers who don’t get any entertainment from sports pay for stadiums..",https://www.reddit.com/r/changemyview/comments/7ej2uh/cmv_taxpayers_and_the_general_public_should_never//dtoqv8q/,0.062,0.040430736,0.000772476,0.010894509,0.001979385,0.020192537,0.005864255,1517686034.0,1,0,0,[deleted],,,,,
7ej2uh,dxl7flf,"the public should absolutely contribute money to things that are in the public good.

The public should not contribute money to thing that make a few individuals more wealthy.  


but what about things that that are BOTH in the public good and make a few individuals more wealthy?  

A city should not make bad business deals or let itself get taken advantage of.  but that does not necessitate never helping to build a public stadium.",https://www.reddit.com/r/changemyview/comments/7ej2uh/cmv_taxpayers_and_the_general_public_should_never//dxl7flf/,-0.062,0.035220183,0.001111031,0.015557245,0.003551794,0.019354604,0.00636914,1524084113.0,1,0,0,jatjqtjat,632.0,59.0,1763.0,94323.0,96777.0
