post_id,comment_id,txt,url,offensiveness_score,Toxicity,Severe Toxicity,Profanity,Identity Attack,Insult,Threat,created,score,total_awards_received,controversiality,user,user_awardee_karma,user_awarder_karma,user_link_karma,user_comment_karma,user_total_karma
bju7lp,emb7els,">Accountability must be equal across the board

I agree, this guy should be taken to task.

I do think it's important to not try and expand this one off and isolated case, that was reported by his peers/colleagues/friends, into the equivalent of what these guys were fighting, jihadists.

Because beheadings for them are the norm, not the exception.",https://i.redd.it/7yl7x8fghsv21.jpg/emb7els/,-0.312,0.52139956,0.35368225,0.26600444,0.46028158,0.3393024,0.34804323,1556800493.0,-22,0,0,b_lunt_ma_n,577.0,0.0,3750.0,85089.0,89416.0
bju7lp,embdelk,Why the hell are people downvoting your comment? This karma system is for the birds.,https://i.redd.it/7yl7x8fghsv21.jpg/embdelk/,-0.125,0.54325575,0.053837523,0.48510036,0.030175667,0.36537176,0.011922873,1556804467.0,7,0,0,Harry_Tuttle_HVAC,0.0,0.0,,,0.0
bju7lp,embdra3,"someone here got offended by the bringing up of right wing (or far right, really) media bias. I’ve upvoted you all to try cancelling the dude out.",https://i.redd.it/7yl7x8fghsv21.jpg/embdra3/,0.0,0.103494145,0.002098084,0.01805087,0.011839314,0.029053112,0.012440704,1556804692.0,3,0,1,pencilneckgeekster,139.0,0.0,2589.0,71531.0,74259.0
bju7lp,embfpr3,"I think it is because slitting a throat or beheading someone is equally vicious and rising to the level of animalistic. Minimizing it or trying not to compare this to something the enemy does is wrong on the surface. No one should be doing this. Regardless of what the enemy does. 

And, most importantly, we are the US. We are better than this. We lead the world by example. Or at least, that’s what we claim.",https://i.redd.it/7yl7x8fghsv21.jpg/embfpr3/,0.087,0.30514878,0.020515325,0.11725569,0.06249457,0.1342682,0.34804323,1556805891.0,5,0,0,kaukev,35.0,8.0,,,43.0
bju7lp,embg5x6,"Yea, we kill like how good guys kill, not the bad guys!

And you all think people who joined the military bought the propaganda.",https://i.redd.it/7yl7x8fghsv21.jpg/embg5x6/,0.083,0.4574824,0.02430326,0.1110661,0.051126,0.123407245,0.52786106,1556806167.0,3,0,0,maisyrusselswart,0.0,0.0,24.0,2411.0,2435.0
bju7lp,embgs34,Because they question the truth of this article not supporting the action,https://i.redd.it/7yl7x8fghsv21.jpg/embgs34/,-0.312,0.054779384,0.00166893,0.018597418,0.009286462,0.018001022,0.008052089,1556806521.0,1,0,0,mchadwick7524,0.0,0.0,4.0,4084.0,4088.0
bju7lp,embo1x3,I agree with you but that last sentence seems dangerous man there’s a lot more going on in media suppression,https://i.redd.it/7yl7x8fghsv21.jpg/embo1x3/,-0.292,0.08320791,0.002241135,0.021808386,0.007621558,0.022384055,0.01086132,1556810505.0,2,0,0,KingKrmit,142.0,52.0,26777.0,63108.0,90079.0
bju7lp,emf6l3a,"We can keep going like this all day. Everything you are saying ranges from outright false to truly arguable. If all of this is true, why don’t more lefties like yourself join up? And are you fucking kidding about not giving more troops? The surge?? You’re deluded. Obama pulled us out of Iraq too early.",https://i.redd.it/7yl7x8fghsv21.jpg/emf6l3a/,0.542,0.45751464,0.043077253,0.44366163,0.16373143,0.4125297,0.04880493,1556901397.0,1,0,0,[deleted],,,,,
bju7lp,emg2a6j,"For every action, there is a reaction. This is simple law that is true for physics and also true for humans. If you invade a country, torture it's people and rape men and women and murder their kids and destroy their places of worship, they won't give you back flowers. 

These war crimes fuel terrorism and they are the biggest contributors to it. This is how ISIS manage to gather people through media. ""See the west how they are killing Muslims and commiting ugly crimes against Muslims... etc"" Angry and misguided youth will react and joint ISIS. 

The fastest way to end terrorism is to stop the ugly war crimes, which should be called by it's name organized terrorism.",https://i.redd.it/7yl7x8fghsv21.jpg/emg2a6j/,0.333,0.40891263,0.02604016,0.22552395,0.45348886,0.3388922,0.40348873,1556923096.0,1,0,0,random_stupid_,0.0,0.0,95.0,2220.0,2315.0
bju7lp,emg7twb,"People need to actually read into this instead of reading a headline and automatically assuming this guy is a “ psychopath murderer”. There is absolutely zero evidence any of this actually happened besides hear say talk. So with this logic, if someone comes up to you and tells you that you murdered someone, you’re automatically a murderer even though there is absolutely zero evidence proving that you did it. Ever heard of “innocent until proven guilty”? I’d advise people to actually look into this story before throwing out all these wild accusations.",https://i.redd.it/7yl7x8fghsv21.jpg/emg7twb/,0.0,0.25462922,0.008163452,0.057944927,0.015958117,0.18480228,0.09316374,1556927575.0,1,0,0,MiniCentaur,2315.0,83.0,,,2398.0
bju7lp,emoabx8,He’s shooting through a hole in the wall.,https://i.redd.it/7yl7x8fghsv21.jpg/emoabx8/,-0.25,0.3561489,0.021031776,0.08064143,0.008435511,0.034562174,0.49142194,1557172997.0,1,0,0,Kerrigan4Prez,865.0,246.0,15881.0,117248.0,134240.0
bju7lp,emqiq47,Wait..are we the baddies?,https://i.redd.it/7yl7x8fghsv21.jpg/emqiq47/,-0.188,0.050573748,0.002145767,0.02208166,0.004883717,0.018323302,0.007650771,1557234989.0,1,0,0,Azh1aziam,342.0,25.0,,,367.0
bju7lp,enrfjvj,"I don't want to sympathize with terrorists but let's be honest,if that boy who was killed got a brother or father after this why wouldn't they become terrorists? They probably look at american soldiers the way we look at terrorists.",https://i.redd.it/7yl7x8fghsv21.jpg/enrfjvj/,0.146,0.27750343,0.011062622,0.04291453,0.116281845,0.11978693,0.13815513,1558014202.0,1,0,0,robertgamer250,36.0,0.0,5401.0,3168.0,8605.0
bju7lp,ens5d3m,"Who’s fault would that be then? It is a vicious circle but they are always instigators. Who is colonising who? Who is invading who? Seems a simple answer really.

Look at the latest circle of violence, white supremacists seem to be often at the starting point",https://i.redd.it/7yl7x8fghsv21.jpg/ens5d3m/,0.062,0.3389984,0.01735206,0.10178173,0.38185352,0.18107465,0.056563694,1558024444.0,1,0,0,canihaveyournumba,0.0,0.0,18087.0,1484.0,19571.0
