post_id,comment_id,txt,url,offensiveness_score,Toxicity,Severe Toxicity,Profanity,Identity Attack,Insult,Threat,created,score,total_awards_received,controversiality,user,user_awardee_karma,user_awarder_karma,user_link_karma,user_comment_karma,user_total_karma
7pnrbx,dsil3zl,"
As a reminder, this subreddit [is for civil discussion.](/r/politics/wiki/index#wiki_be_civil)

In general, be courteous to others. Attack ideas, not users. Personal insults, shill or troll accusations, hate speech, and other incivility violations can result in a permanent ban. 

If you see comments in violation of our rules, please report them.

***


*I am a bot, and this action was performed automatically. Please [contact the moderators of this subreddit](/message/compose/?to=/r/politics) if you have any questions or concerns.*",https://www.washingtonpost.com/news/morning-mix/wp/2018/01/11/kellyanne-conway-nobody-here-talks-about-hillary-clinton/?tid=sm_fb&utm_term=.cbffe7c320da/dsil3zl/,-0.333,0.13908891,0.006637573,0.10023434,0.029402243,0.047935467,0.03304107,1515673692.0,1,0,1,AutoModerator,2415131.0,0.0,1000.0,1000.0,2417131.0
7pnrbx,dsill5k,">“House votes on controversial FISA ACT today.” This is the act that may have been used, with the help of the discredited and phony Dossier, to so badly surveil and abuse the Trump Campaign by the previous administration and others?

Donald Trump - 8 min. ago",https://www.washingtonpost.com/news/morning-mix/wp/2018/01/11/kellyanne-conway-nobody-here-talks-about-hillary-clinton/?tid=sm_fb&utm_term=.cbffe7c320da/dsill5k/,0.021,0.37751234,0.023076924,0.091633186,0.09162762,0.24928534,0.011094344,1515674564.0,968,0,0,AiringTheGrievances,53.0,0.0,1398.0,28534.0,29985.0
7pnrbx,dsilngw,It would be great if someone just showed this tweet and time stamp to Kellywise on air to see what she does.  And then hold the interview here.  No new questions.  Just ask about this.  Why is this happening.  What is trump doing to address this level of lying?   And keep this idiot on the spot for an hour.  ,https://www.washingtonpost.com/news/morning-mix/wp/2018/01/11/kellyanne-conway-nobody-here-talks-about-hillary-clinton/?tid=sm_fb&utm_term=.cbffe7c320da/dsilngw/,0.438,0.5532103,0.019095084,0.23857519,0.010655383,0.62169385,0.013424582,1515674682.0,26,0,0,Risley,1539.0,0.0,14490.0,693960.0,709989.0
7pnrbx,dsiluws,It would be great if they just stopped interviewing her.  She's so obviously not plugged into the daily workings of the administration that it's unclear why anyone in a reputable news organization gives her the time of day.,https://www.washingtonpost.com/news/morning-mix/wp/2018/01/11/kellyanne-conway-nobody-here-talks-about-hillary-clinton/?tid=sm_fb&utm_term=.cbffe7c320da/dsiluws/,0.042,0.023671126,0.000648499,0.011150704,0.0017204,0.012452906,0.006395032,1515675049.0,29,0,0,gjallard,562.0,0.0,76069.0,471441.0,548072.0
7pnrbx,dsilxw4,I want to know who tricked him into thinking he’s not in charge of the Justice Department.,https://www.washingtonpost.com/news/morning-mix/wp/2018/01/11/kellyanne-conway-nobody-here-talks-about-hillary-clinton/?tid=sm_fb&utm_term=.cbffe7c320da/dsilxw4/,-0.188,0.03309893,0.000948906,0.012824507,0.002229121,0.013858915,0.009230154,1515675195.0,94,0,0,AlbertFischerIII,35.0,0.0,23259.0,1233947.0,1257241.0
7pnrbx,dsimn4u,"I imagine if a reporter asked trump to name the three branches of the US government, he would be unable to do so.",https://www.washingtonpost.com/news/morning-mix/wp/2018/01/11/kellyanne-conway-nobody-here-talks-about-hillary-clinton/?tid=sm_fb&utm_term=.cbffe7c320da/dsimn4u/,0.25,0.025792383,0.000720024,0.010501678,0.00275634,0.013288911,0.006763986,1515676354.0,126,0,0,[deleted],,,,,
7pnrbx,dsinpqt,The WH has to keep allowing her to appear on TV or sales of the Cryptkeeper Barbie doll will decline.   BannonMan sales are already down.....,https://www.washingtonpost.com/news/morning-mix/wp/2018/01/11/kellyanne-conway-nobody-here-talks-about-hillary-clinton/?tid=sm_fb&utm_term=.cbffe7c320da/dsinpqt/,-0.083,0.055768944,0.001497269,0.01261955,0.003126319,0.024640027,0.007495422,1515677957.0,3,0,0,dogfriend,98.0,49.0,107.0,92421.0,92675.0
7pnrbx,dsiokfc,Please put dates on actual quotes,https://www.washingtonpost.com/news/morning-mix/wp/2018/01/11/kellyanne-conway-nobody-here-talks-about-hillary-clinton/?tid=sm_fb&utm_term=.cbffe7c320da/dsiokfc/,-0.5,,,,,,,1515679126.0,98,0,0,TheRealOneTwo,1056.0,86.0,1543.0,524243.0,526928.0
7pnrbx,dsir1nc,"> Kellywise 

I hope that name sticks. Still picture her hiding in the sewer.",https://www.washingtonpost.com/news/morning-mix/wp/2018/01/11/kellyanne-conway-nobody-here-talks-about-hillary-clinton/?tid=sm_fb&utm_term=.cbffe7c320da/dsir1nc/,0.083,0.2396185,0.007324219,0.02795705,0.004587734,0.07745308,0.05753354,1515682136.0,2,0,0,Fake_William_Shatner,7083.0,164.0,6463.0,1137117.0,1150827.0
7pnrbx,dsitqpy,"Those excess BannonMan dolls are already in a container headed to Africa, expect ironic pics to show up on line in a few weeks
",https://www.washingtonpost.com/news/morning-mix/wp/2018/01/11/kellyanne-conway-nobody-here-talks-about-hillary-clinton/?tid=sm_fb&utm_term=.cbffe7c320da/dsitqpy/,-0.146,0.25727063,0.013736901,0.0913099,0.16159154,0.0817555,0.032695748,1515685045.0,1,0,0,DemenicHand,153.0,440.0,26744.0,77542.0,104879.0
7pnrbx,dsiw9gs,too real man...too real.,https://www.washingtonpost.com/news/morning-mix/wp/2018/01/11/kellyanne-conway-nobody-here-talks-about-hillary-clinton/?tid=sm_fb&utm_term=.cbffe7c320da/dsiw9gs/,-0.489,0.018849092,0.001158714,0.013917602,0.002626848,0.009564889,0.007107049,1515687599.0,1,0,0,carpenterio,377.0,125.0,17328.0,115513.0,133343.0
7pnrbx,dsiwbny,"This sounds waaaaay too real, especially the part where he refers to Sessions by his first name only. You might want to worry about being inside Donald's headspace too much.",https://www.washingtonpost.com/news/morning-mix/wp/2018/01/11/kellyanne-conway-nobody-here-talks-about-hillary-clinton/?tid=sm_fb&utm_term=.cbffe7c320da/dsiwbny/,0.042,0.07212844,0.00128746,0.013405213,0.00310782,0.028502205,0.007844958,1515687659.0,8,0,0,sluttttt,824.0,143.0,4653.0,268602.0,274222.0
7pnrbx,dsj1nzs,"I know your joking, it really is better described in comic book/video game logic though.  Theirs a main boss, you keep chasing him down thinking you got him this time and he keeps sends low level bosses to confront you, you destroy them and somehow they reappear later in the story.
   It's all distraction to keep you from fighting the main boss, the more time you spend worrying about what these scum are doing and how obvious they are the more time he has to complete his objective. ",https://www.washingtonpost.com/news/morning-mix/wp/2018/01/11/kellyanne-conway-nobody-here-talks-about-hillary-clinton/?tid=sm_fb&utm_term=.cbffe7c320da/dsj1nzs/,-0.104,0.3625127,0.011672974,0.2659008,0.022791367,0.40243408,0.02250864,1515692759.0,0,0,0,MichaelGlitterschitz,0.0,0.0,6.0,7170.0,7176.0
7pnrbx,dsj37j0,"I bet all she does all day is sit on that couch disrespectfully and play with her phone. Im not even sure she is listening to what anyone says, and wouldn't understand it anyway. Not understanding what trump says adds an extra level of sad to it all.",https://www.washingtonpost.com/news/morning-mix/wp/2018/01/11/kellyanne-conway-nobody-here-talks-about-hillary-clinton/?tid=sm_fb&utm_term=.cbffe7c320da/dsj37j0/,0.25,0.30502358,0.007743835,0.059447967,0.01565665,0.26957804,0.009877442,1515694217.0,1,0,0,_Middlefinger_,286.0,0.0,5599.0,67038.0,72923.0
7pnrbx,dsj9jqv,Damn these clowns cant keep thier mouths shut...sad days my friends.,https://www.washingtonpost.com/news/morning-mix/wp/2018/01/11/kellyanne-conway-nobody-here-talks-about-hillary-clinton/?tid=sm_fb&utm_term=.cbffe7c320da/dsj9jqv/,0.396,0.8403191,0.2847981,0.70864636,0.10221587,0.7065844,0.04686524,1515700225.0,1,0,0,bonefish1969,13.0,6.0,758.0,1011.0,1788.0
7pnrbx,dsj9n18,"Well yeah they don't give a shit about her internally, they just use her as the villain they have built up to cover up their evil shit they do. 

They could care less about Hillary except as a distraction.",https://www.washingtonpost.com/news/morning-mix/wp/2018/01/11/kellyanne-conway-nobody-here-talks-about-hillary-clinton/?tid=sm_fb&utm_term=.cbffe7c320da/dsj9n18/,0.438,0.78855824,0.23225488,0.7785769,0.10221587,0.6120431,0.018710058,1515700314.0,1,0,0,drawkbox,9905.0,827.0,61447.0,336330.0,408509.0
7pnrbx,dsj9rfj,"Yeah, and Trump is a very stable genius that doesn't lie, collude with hostile foreign powers, or marry women who poop...",https://www.washingtonpost.com/news/morning-mix/wp/2018/01/11/kellyanne-conway-nobody-here-talks-about-hillary-clinton/?tid=sm_fb&utm_term=.cbffe7c320da/dsj9rfj/,0.125,0.52007306,0.02406851,0.34099978,0.23011416,0.50440645,0.022853967,1515700431.0,1,0,0,30101961,20.0,0.0,118335.0,75457.0,193812.0
7pnrbx,dsjap4e,What Kellyanne Conway says isn't happening is a pretty reliable indicator of what *is* happening.,https://www.washingtonpost.com/news/morning-mix/wp/2018/01/11/kellyanne-conway-nobody-here-talks-about-hillary-clinton/?tid=sm_fb&utm_term=.cbffe7c320da/dsjap4e/,-0.125,0.021785567,0.000872612,0.012790347,0.00258985,0.011882903,0.006200845,1515701341.0,1,0,0,Garbo86,93.0,0.0,172.0,9259.0,9524.0
7pnrbx,dsjb76r,"When you have alternative facts at your disposal, you can say anything and not technically be lying.",https://www.washingtonpost.com/news/morning-mix/wp/2018/01/11/kellyanne-conway-nobody-here-talks-about-hillary-clinton/?tid=sm_fb&utm_term=.cbffe7c320da/dsjb76r/,-0.208,0.09525062,0.001125336,0.013815125,0.001664904,0.04032305,0.007119995,1515701823.0,2,0,0,uzimonkey,55.0,0.0,10387.0,164368.0,174810.0
7pnrbx,dsjcien,im not a fan of beautyism but she is ghoulish,https://www.washingtonpost.com/news/morning-mix/wp/2018/01/11/kellyanne-conway-nobody-here-talks-about-hillary-clinton/?tid=sm_fb&utm_term=.cbffe7c320da/dsjcien/,-0.043,0.43720075,0.023076924,0.26280963,0.10699738,0.37619758,0.010809537,1515703067.0,2,0,0,FabricatedWookie,0.0,0.0,356.0,9290.0,9646.0
7pnrbx,dsjdf4w,"You know what Putin wouldn't love? If we finished our goddamned fast reactor and salt reactor programmes.  We'd steal a giant portion of his lunch, hand it to our own energy industry, and bestow it's IP upon the world.

Russia's worked hard on the BN series of reactors so they can be first-to-market with fast spectrum.  It'd be _terrible_ if someone stole that from them.",https://www.washingtonpost.com/news/morning-mix/wp/2018/01/11/kellyanne-conway-nobody-here-talks-about-hillary-clinton/?tid=sm_fb&utm_term=.cbffe7c320da/dsjdf4w/,0.292,0.56269526,0.12546301,0.570067,0.10221587,0.47020787,0.03407705,1515703925.0,3,0,0,Fordiman,1233.0,360.0,11671.0,195450.0,208714.0
7pnrbx,dsjdkqk,"Poor Kellyanne. Like a zookeeper in front of the monkey exhibit calmly explaining that her monkeys would never fling poo, and meanwhile there's a monkey behind her flinging poo. ",https://www.washingtonpost.com/news/morning-mix/wp/2018/01/11/kellyanne-conway-nobody-here-talks-about-hillary-clinton/?tid=sm_fb&utm_term=.cbffe7c320da/dsjdkqk/,0.062,0.5532103,0.03680043,0.2847897,0.039714564,0.5678696,0.023371955,1515704070.0,3,0,0,[deleted],,,,,
7pnrbx,dsjet2b,She looks like she took 50 Botox injections directly to her face ,https://www.washingtonpost.com/news/morning-mix/wp/2018/01/11/kellyanne-conway-nobody-here-talks-about-hillary-clinton/?tid=sm_fb&utm_term=.cbffe7c320da/dsjet2b/,0.298,0.47772613,0.16496792,0.25458565,0.05976611,0.40243408,0.064969026,1515705234.0,1,0,0,theoneandonlypatriot,526.0,108.0,14978.0,63609.0,79221.0
7pnrbx,dsjfk7q,I love how he contradicts everything his people say. Comedy!,https://www.washingtonpost.com/news/morning-mix/wp/2018/01/11/kellyanne-conway-nobody-here-talks-about-hillary-clinton/?tid=sm_fb&utm_term=.cbffe7c320da/dsjfk7q/,-0.146,0.1537979,0.002336502,0.019485557,0.003366805,0.0654725,0.007495422,1515705959.0,2,0,0,Shpeple,0.0,0.0,,,0.0
7pnrbx,dsjkxt6,Why would the media talk about Hillary? She didn t win the Presidency.  Trump and his inept crime family did. ,https://www.washingtonpost.com/news/morning-mix/wp/2018/01/11/kellyanne-conway-nobody-here-talks-about-hillary-clinton/?tid=sm_fb&utm_term=.cbffe7c320da/dsjkxt6/,0.208,0.54325575,0.017481172,0.08096472,0.03919895,0.62169385,0.008181547,1515711218.0,3,0,0,Crash665,1216.0,66.0,821.0,258475.0,260578.0
7pnrbx,dsjqid7,"Fox News and the Trump administration like to do a lot of ""whatabouts"" about how Clinton supposedly sold Uranium to the Russians illegally (she didn't), her emails (cleared both times the FBI investigated), and stuff like Benghazi.",https://www.washingtonpost.com/news/morning-mix/wp/2018/01/11/kellyanne-conway-nobody-here-talks-about-hillary-clinton/?tid=sm_fb&utm_term=.cbffe7c320da/dsjqid7/,0.062,0.04785245,0.001430512,0.011868048,0.011543332,0.020708188,0.007262398,1515717112.0,1,0,0,HunterTAMUC,432.0,0.0,39600.0,288901.0,328933.0
7pnrbx,dsjqo2w,We should never get used to it. It deserves to get mocked all the way until he's removed one easy or the other.,https://www.washingtonpost.com/news/morning-mix/wp/2018/01/11/kellyanne-conway-nobody-here-talks-about-hillary-clinton/?tid=sm_fb&utm_term=.cbffe7c320da/dsjqo2w/,0.021,0.22579013,0.006828308,0.068967216,0.008361516,0.039737478,0.13815513,1515717274.0,1,0,0,DavidCorzo,72.0,0.0,10281.0,43575.0,53928.0
7pnrbx,dsjr7q1,"The way I see it, the depth of Conway's utter cluelessness represents a profoundly telling echo sounding of the trump administration's overall ineptitude.",https://www.washingtonpost.com/news/morning-mix/wp/2018/01/11/kellyanne-conway-nobody-here-talks-about-hillary-clinton/?tid=sm_fb&utm_term=.cbffe7c320da/dsjr7q1/,0.083,0.39987978,0.006294251,0.027273865,0.022590388,0.47273466,0.006964645,1515717866.0,1,0,0,Devichiers,0.0,0.0,82.0,4024.0,4106.0
7pnrbx,dsjtked,I still have no clue what her job is. Or ivankas or Jared’s or tweedle dee or tweedle dumb.  It seems like a bunch of people just hanging out at the whitehouse and they keep gettting interviewed for some reason. ,https://www.washingtonpost.com/news/morning-mix/wp/2018/01/11/kellyanne-conway-nobody-here-talks-about-hillary-clinton/?tid=sm_fb&utm_term=.cbffe7c320da/dsjtked/,0.271,0.4475325,0.013155893,0.16264248,0.02238941,0.5130944,0.008026198,1515720566.0,4,0,0,[deleted],,,,,
7pnrbx,dskky5l,"Felt it was only necessary to come back and mention (as if you did not already know) YOUR president cancels his Britain trip because he feels they won't welcome him. Definition of snowflake.   

Happy Friday 😏",https://www.washingtonpost.com/news/morning-mix/wp/2018/01/11/kellyanne-conway-nobody-here-talks-about-hillary-clinton/?tid=sm_fb&utm_term=.cbffe7c320da/dskky5l/,0.13,0.20172562,0.0050354,0.030389199,0.021585498,0.06826523,0.007754337,1515767289.0,1,0,0,rs_yes,0.0,0.0,235.0,34435.0,34670.0
7pnrbx,dxd739v,"I can honestly say that growing up I really got a kick out of Hillary.  And I can say when it came to the wake up call and just how many archetypes she seems to jump between is amazing.


I was let down by the “she‘s a GRANDMOTHER!!“ theme.  Especially, Hillary, the WAR QUEEN!! with her unapologetic, “And I was in disagreement with Obama over Syria because I wanted a full on “boots on the ground invasion”. 

It was funny to see the people yell about how her “being the war hawk that bullied him into these wars.”  I mean, it was that ironic.  But one thing I can say is that I can’t tell if she really doesn’t see that or does and doesn’t care at all.  It’s funny to see the rage though",https://www.washingtonpost.com/news/morning-mix/wp/2018/01/11/kellyanne-conway-nobody-here-talks-about-hillary-clinton/?tid=sm_fb&utm_term=.cbffe7c320da/dxd739v/,0.085,0.36095104,0.019482423,0.15459715,0.06431354,0.3493834,0.07093142,1523734159.0,1,0,0,[deleted],,,,,
