post_id,comment_id,txt,url,offensiveness_score,Toxicity,Severe Toxicity,Profanity,Identity Attack,Insult,Threat,created,score,total_awards_received,controversiality,user,user_awardee_karma,user_awarder_karma,user_link_karma,user_comment_karma,user_total_karma
5qo0j3,dd0umya,Those problems you describe simply aren't problems to the right. They're personal responsibilities and evidence of moral failings.,https://www.reddit.com/r/BasicIncome/comments/5qmk9b/will_people_really_stick_their_fingers_in_their//dd0umya/,-0.229,0.053295042,0.000901222,0.01128734,0.003403803,0.026058068,0.006013132,1485624513.0,8,0,1,anonuisance,0.0,0.0,,,0.0
5qo0j3,dd0wk9p,"There is such a thing as right and wrong and denying people things based on gender or sexual orientation or religion is plain wrong. But that is the official Republican platform: People should be allowed to deny gay people service for being gay and women should not be allowed to do what they want their own bodies. And how could anyone say denying people of certain religions from entering our country isn't wrong too? Ideas created by straight white Christian males. It's wrong. Not ""another viewpoint"". The holocaust was another viewpoint I guess. Slavery is another viewpoint. There's still wrong and right, folks.",https://www.reddit.com/r/BasicIncome/comments/5qmk9b/will_people_really_stick_their_fingers_in_their//dd0wk9p/,0.354,0.3389984,0.013349563,0.085167445,0.42615733,0.16480011,0.013010317,1485627175.0,41,0,0,soundsaboutWRIGHT,0.0,0.0,206.0,38513.0,38719.0
5qo0j3,dd10tan,"If you dont see it in your post, youre probably blinded by your own righteousness, and me pointing it out won't actually do anything. But since you asked;

> Ideas created by straight white Christian males.





",https://www.reddit.com/r/BasicIncome/comments/5qmk9b/will_people_really_stick_their_fingers_in_their//dd10tan/,0.244,0.37751234,0.022193791,0.13961408,0.43896464,0.19500497,0.01508414,1485633001.0,3,0,1,5HINY5HEEP,0.0,0.0,46.0,29219.0,29265.0
5qo0j3,dd12pj5,"So, muslim countries where homosexuals are hung for the ""crime"" of being gay, they got those ideas from white men?  All negative things in the world are the result of straight white christian males getting around a table and brainstorming ideas on how to keep the rest down? 

How is saying that any different from saying all muslims are terrorists, or all blacks are criminals?  Newsflash; every group of people has assholes. Unfortunately, the assholes tend to also be the most noticed. ",https://www.reddit.com/r/BasicIncome/comments/5qmk9b/will_people_really_stick_their_fingers_in_their//dd12pj5/,0.562,0.6544696,0.29621798,0.5249258,0.6413409,0.5739874,0.14169718,1485635644.0,12,0,0,5HINY5HEEP,0.0,0.0,46.0,29219.0,29265.0
5qo0j3,dd167mi,"What ideas specifically? No one is being prevented from entering the country based on religion. Go look at homeland security's snapshot on terrorism from last year and you'll get to see the exact justification for these 7 countries including Iran which everyone seems so confused by. Also, it is a 4 month waiting period to determine future policy. Finally, You're throwing religion in to ID politics while railing against it. Globally there are more non white christians than white as of 2013 I believe.",https://www.reddit.com/r/BasicIncome/comments/5qmk9b/will_people_really_stick_their_fingers_in_their//dd167mi/,0.188,0.24603334,0.006103516,0.029186781,0.28034934,0.06953252,0.011689849,1485640516.0,2,0,0,g_baptist,0.0,0.0,13.0,2869.0,2882.0
5qo0j3,dd17i5c,Probably because it's ignorant as fuck,https://www.reddit.com/r/BasicIncome/comments/5qmk9b/will_people_really_stick_their_fingers_in_their//dd17i5c/,0.771,0.96069145,0.50703704,0.927271,0.10221587,0.71027446,0.017156094,1485642333.0,9,0,0,mmmmpt,0.0,0.0,77014.0,18020.0,95034.0
5qo0j3,dd1gss1,"... from the same guy that used the word ""nigger"" as often as ""the"" ...",https://www.reddit.com/r/BasicIncome/comments/5qmk9b/will_people_really_stick_their_fingers_in_their//dd1gss1/,0.604,0.55739564,0.16960317,0.41570562,0.58743036,0.47787863,0.009023022,1485655307.0,1,0,0,Ashleigh_L_Thomasi,0.0,0.0,24.0,865.0,889.0
5qo0j3,dd1h7pz,He also described how he enjoyed to drive people around on the local lake in his amphibious car and say that there was a malfunction to scare the shit out of them.,https://www.reddit.com/r/BasicIncome/comments/5qmk9b/will_people_really_stick_their_fingers_in_their//dd1h7pz/,0.25,0.681338,0.09912638,0.77181685,0.033269364,0.40975618,0.02181799,1485655854.0,2,0,0,MiamiFFA,1810.0,69.0,82461.0,12464.0,96804.0
5qo0j3,dd1knep,And that's exactly what Johnson did.,https://www.reddit.com/r/BasicIncome/comments/5qmk9b/will_people_really_stick_their_fingers_in_their//dd1knep/,-0.479,0.013697007,0.000610352,0.009886812,0.001220929,0.008918885,0.006246155,1485660542.0,2,0,0,[deleted],,,,,
5qo0j3,dd1ycqt,"Ah yes, classic Democrat race-baiting.",https://www.reddit.com/r/BasicIncome/comments/5qmk9b/will_people_really_stick_their_fingers_in_their//dd1ycqt/,0.062,0.34328604,0.017739398,0.048425674,0.29798782,0.18728738,0.054624002,1485690798.0,1,0,0,SimpleAnswer,163.0,0.0,14441.0,19395.0,33999.0
