post_id,comment_id,txt,url,offensiveness_score,Toxicity,Severe Toxicity,Profanity,Identity Attack,Insult,Threat,created,score,total_awards_received,controversiality,user,user_awardee_karma,user_awarder_karma,user_link_karma,user_comment_karma,user_total_karma
5aw38c,d9jwg6s,"Nothing like a good witch hunt to get the blood pumping, do they plan on burning him at the stake or just a hanging?",http://m.huffpost.com/us/entry/us_581a3d79e4b01a82df6460de/d9jwg6s/,0.229,0.38601747,0.023927659,0.16171204,0.03919895,0.0836065,0.49142194,1478179213.0,188,0,0,leudruid,0.0,0.0,1.0,25985.0,25986.0
5aw38c,d9k465f,"Lol, you feel cool now don't you. Burned me real good... So edgy, so fresh. It was obviously a joke cool guy. Settle your panties. I live in Australia anyway. No dog(aka hilLIARy) in this race. ",http://m.huffpost.com/us/entry/us_581a3d79e4b01a82df6460de/d9k465f/,0.271,0.46982017,0.14126498,0.33453682,0.18705739,0.40243408,0.13802026,1478189277.0,-32,0,0,[deleted],,,,,
5aw38c,d9kggji,Getting people to eat right is a losing battle,http://m.huffpost.com/us/entry/us_581a3d79e4b01a82df6460de/d9kggji/,-0.354,0.1537979,0.003948212,0.03389629,0.011173353,0.03423163,0.00951496,1478203301.0,2,0,0,murdermeformysins,66.0,0.0,14451.0,110010.0,124527.0
5aw38c,d9l7vt2,"Regardless of whether Trump wins, I make a vow that, if Mr. Gu should contact me, I will personally fund his research to as much as he needs.",http://m.huffpost.com/us/entry/us_581a3d79e4b01a82df6460de/d9l7vt2/,-0.167,0.016587202,0.000653267,0.010262563,0.002007134,0.009374888,0.006822242,1478245708.0,3,0,0,cruyff8,525.0,168.0,,,693.0
5aw38c,d9lpts6,But why? I mean I agree but maybe not for the same reason. It's been proven that diet alone and prevent/treat/cure most health problems/diseases/ailments but it's not common knowledge. I mean I'm shocked I'm just finding this out as a young adult and I find that extremely sad. ,http://m.huffpost.com/us/entry/us_581a3d79e4b01a82df6460de/d9lpts6/,-0.354,0.061444655,0.002918243,0.03189224,0.011025362,0.0233509,0.007780228,1478279096.0,1,0,0,thatfreckledkid,8.0,0.0,172.0,2085.0,2265.0
