post_id,comment_id,txt,url,offensiveness_score,Toxicity,Severe Toxicity,Profanity,Identity Attack,Insult,Threat,created,score,total_awards_received,controversiality,user,user_awardee_karma,user_awarder_karma,user_link_karma,user_comment_karma,user_total_karma
al5368,efat35g,Incredible. If I had the money I would give a reward!,https://v.redd.it/a1aayxbjkfd21/efat35g/,-0.604,0.026499467,0.001192093,0.014464149,0.002478856,0.011616902,0.006964645,1548798593.0,8,0,0,Jbyer4,160.0,81.0,2876.0,555.0,3672.0
al5368,efat90z,Does this have a code?,https://v.redd.it/a1aayxbjkfd21/efat90z/,-0.617,0.021432023,0.001659393,0.018187506,0.004125261,0.008766884,0.008401625,1548798690.0,31,0,0,Dieboi627,0.0,0.0,8402.0,1848.0,10250.0
al5368,efaxmao,make sure to use speed modifiers to speed up the tempo for future songs,https://v.redd.it/a1aayxbjkfd21/efaxmao/,-0.5,0.050821137,0.003051758,0.021876704,0.006326634,0.012338906,0.010887212,1548801249.0,1,0,0,[deleted],,,,,
al5368,efb0k0p,Love the build up this is sick!,https://v.redd.it/a1aayxbjkfd21/efb0k0p/,-0.312,0.39441586,0.015802706,0.16403814,0.02138452,0.34548226,0.00948907,1548802968.0,262,0,0,Riot001,0.0,0.0,1.0,446.0,447.0
al5368,efb0uqk,Awesome! This must have taken so much testing ,https://v.redd.it/a1aayxbjkfd21/efb0uqk/,-0.761,0.02920996,0.002098084,0.020646973,0.00569767,0.011616902,0.008971239,1548803139.0,1,0,0,Duke-Skywalker908,0.0,33.0,2820.0,5544.0,8397.0
al5368,efb14b9,Holy crap this is amazing,https://v.redd.it/a1aayxbjkfd21/efb14b9/,-0.292,0.61223894,0.104393706,0.65961236,0.019877186,0.26957804,0.008349842,1548803291.0,2,0,0,[deleted],,,,,
al5368,efb19cz,You should totally make a block submission with this hidden in it lol 🦀,https://v.redd.it/a1aayxbjkfd21/efb19cz/,-0.229,0.32712606,0.018449519,0.15107171,0.019274252,0.08533409,0.034422375,1548803371.0,3,0,0,DenHus23,74.0,16.0,14910.0,8816.0,23816.0
al5368,efbbrta,Thanks for the award bro! Same goes for the other dudes who awarded on the removed post in FortNiteBR!! Never expected to be awarded!,https://v.redd.it/a1aayxbjkfd21/efbbrta/,-0.438,0.11067997,0.004310608,0.028230323,0.011321344,0.025800243,0.00951496,1548809308.0,4,0,0,discvr_it,86.0,55.0,8396.0,617.0,9154.0
al5368,efc5plq,Expect Ceeday to come and ask for this,https://v.redd.it/a1aayxbjkfd21/efc5plq/,-0.542,0.023199737,0.001411438,0.015215653,0.002811837,0.00983089,0.008246276,1548832070.0,1,0,0,Duublo121,640.0,169.0,9579.0,70889.0,81277.0
al5368,efc5qwj,I also hope so too!,https://v.redd.it/a1aayxbjkfd21/efc5qwj/,-0.702,0.015707577,0.001459122,0.014976538,0.004069764,0.007740878,0.00789674,1548832106.0,1,0,0,Alpha_Dynamite,0.0,0.0,29533.0,22572.0,52105.0
al5368,efc98dk,"Congratulations you hit 1001 subs ;)

Great stuff btw",https://v.redd.it/a1aayxbjkfd21/efc98dk/,-0.542,0.06104896,0.005187988,0.03715288,0.00984143,0.016100928,0.014220826,1548835580.0,2,0,0,nedmeme-,0.0,436.0,5902.0,5993.0,12331.0
al5368,efc9gzo,So so awesome. Really want to see more. ,https://v.redd.it/a1aayxbjkfd21/efc9gzo/,-0.875,0.033806015,0.002937317,0.024541125,0.007473567,0.011616902,0.010188141,1548835867.0,1,0,0,jayhitch,33.0,33.0,697.0,319.0,1082.0
al5368,efcl9nt,I need a code for my creative map that I posted here on reddit,https://v.redd.it/a1aayxbjkfd21/efcl9nt/,-0.543,0.021432023,0.001678467,0.020646973,0.004513739,0.008386881,0.00866054,1548848102.0,2,0,0,_Raimo_,0.0,0.0,1.0,23.0,24.0
al5368,efcm82y,This is lowkey the most impressive thing to come from creative so far imo. I've never heard the song before that this is referencing but damn you made this sound amazing. I'd actually listen to this if it was on SoundCloud lol,https://v.redd.it/a1aayxbjkfd21/efcm82y/,-0.188,0.47886392,0.059217658,0.541926,0.038683333,0.21135417,0.011120236,1548849142.0,1,0,0,PUSHAxC,15.0,0.0,,,15.0
al5368,efcrxat,🦀 my life is a lie 🦀,https://v.redd.it/a1aayxbjkfd21/efcrxat/,-0.417,0.23812068,0.007019043,0.08128801,0.007695554,0.082619295,0.00756015,1548854080.0,3,0,0,underratedkilla,96.0,64.0,23487.0,18050.0,41697.0
al5368,efcs0xs,I might be late but you can have those blocks make music? ,https://v.redd.it/a1aayxbjkfd21/efcs0xs/,-0.196,0.07054565,0.003223419,0.031140719,0.008657498,0.018774498,0.011663958,1548854153.0,1,0,0,Zag-Games-,0.0,0.0,1.0,20.0,21.0
al5368,efcspkc,Amazing what creative people come up with. What a boring world we would live in if it wasn’t for people like you.,https://v.redd.it/a1aayxbjkfd21/efcspkc/,-0.229,0.39021665,0.008468628,0.0684662,0.011765319,0.40243408,0.008090926,1548854664.0,1,0,0,[deleted],,,,,
al5368,efcvu3s,Can I get a code for this?,https://v.redd.it/a1aayxbjkfd21/efcvu3s/,-0.688,0.026970858,0.00246048,0.021535112,0.005993653,0.009355888,0.011327368,1548856867.0,1,0,0,Aj_Ganer_99,0.0,0.0,231.0,453.0,684.0
al5368,efdprrc,"Love it bro, i actually think that this is better than the original version",https://v.redd.it/a1aayxbjkfd21/efdprrc/,-0.562,0.041172907,0.002994537,0.024882717,0.0103594,0.014124917,0.010680079,1548875039.0,1,0,0,Bora_karasakiz,0.0,0.0,9.0,6.0,15.0
al5368,efe283e,How do i turn blocks that way like they are walls,https://v.redd.it/a1aayxbjkfd21/efe283e/,-0.562,0.07687678,0.003528595,0.035900343,0.009101473,0.017549826,0.0115345,1548882829.0,1,0,0,GeneralKenobiDaily,199.0,411.0,15957.0,7073.0,23640.0
al5368,efeq1p5,Can I get island code,https://v.redd.it/a1aayxbjkfd21/efeq1p5/,-0.583,0.026970858,0.002183914,0.01941724,0.005438685,0.008975885,0.009100696,1548900221.0,1,0,0,imatidepodeatme,0.0,0.0,1.0,5.0,6.0
al5368,efnhndz,"where is the code?

&#x200B;",https://v.redd.it/a1aayxbjkfd21/efnhndz/,-0.688,0.018723432,0.001392365,0.015488927,0.003237312,0.008329881,0.007935578,1549193105.0,1,0,0,1Galactic1,,,,,
al5368,efuo25s,PewDiePie Senpai would be very proud of you my friend,https://v.redd.it/a1aayxbjkfd21/efuo25s/,-0.426,,,,,,,1549429937.0,1,0,0,YT_Papyrus_Junior,0.0,0.0,1.0,0.0,1.0
al5368,eg1sy9c,"This is some one else’s, there is a code for this",https://v.redd.it/a1aayxbjkfd21/eg1sy9c/,-0.312,0.027560094,0.001831055,0.018802373,0.004476741,0.010248893,0.00838868,1549664255.0,1,0,0,Blee_Bloo-OwO,0.0,0.0,1.0,0.0,1.0
al5368,eg2vzyl,"My friend loves this song
",https://v.redd.it/a1aayxbjkfd21/eg2vzyl/,-0.771,0.029092113,0.00289917,0.021740068,0.010285405,0.010894896,0.010291707,1549704752.0,1,0,0,moopa08,0.0,0.0,1.0,0.0,1.0
