post_id,comment_id,txt,url,offensiveness_score,Toxicity,Severe Toxicity,Profanity,Identity Attack,Insult,Threat,created,score,total_awards_received,controversiality,user,user_awardee_karma,user_awarder_karma,user_link_karma,user_comment_karma,user_total_karma
aljcyq,efey20z,"As much as antivaxxers annoy me, if we force people to vaccinate then  that .0000000001 percent of time that vaccines actually cause a problem, the us would be in a huge lawsuit and the antivax movement would prolly get bigger. I think its much more effective to (know matter how hard) convince these moms that what they are doing (or not doing) to there babies is increasing the chances of them dying or living a very hard life. In the end these people are doing it to protect there children not harm them even though they are not doing it the right way.",https://i.redd.it/cdf8v3lbgnd21.jpg/efey20z/,0.146,0.11388343,0.00377655,0.031391226,0.01756594,0.054962315,0.012130005,1548907049.0,142,0,0,[deleted],,,,,
aljcyq,eff52jy,"Part of the issue is that the population of parents who think they know more than medical professionals and the population of parents who think they know more than educational professionals overlap rather substantially.

That is: there's a higher-than-average likelihood that they'll just resort to homeschooling.",https://i.redd.it/cdf8v3lbgnd21.jpg/eff52jy/,0.0,0.035691574,0.001049042,0.01309778,0.006992595,0.019870255,0.006265574,1548913860.0,76,0,0,northrupthebandgeek,2407.0,128.0,15757.0,408303.0,426595.0
aljcyq,eff5ukc,"In Aus there is a ""no jab, no play"" rule which basically says kids can't enroll in daycare or kindergarten if they're unvaccinated, but they can still go to the compulsory years of school. I'd call that a happier medium than no school at all for unvaxxed kids, because if the kids rely on their antivax parent for homeschooling they're going to be at risk of being disadvantaged. But it still helps protects young kids and immune-compromised kids who need daycare.",https://i.redd.it/cdf8v3lbgnd21.jpg/eff5ukc/,-0.021,0.041172907,0.001811981,0.015932998,0.012441003,0.019741343,0.007780228,1548914695.0,30,0,0,nana_3,240.0,33.0,11094.0,36361.0,47728.0
aljcyq,effb33b,"I'd tell anti-vaxxers to kill themselves, but they are already doing it.",https://i.redd.it/cdf8v3lbgnd21.jpg/effb33b/,0.354,0.62702215,0.232236,0.240511,0.22458547,0.25602314,0.6615786,1548921233.0,7,0,0,REVENGEAskFFBReddit,63.0,0.0,3491.0,209.0,3763.0
aljcyq,effflme,"But that's the thing, anti-vaxxers are usually fine because they got their vaccinations when they were young. It's their kids, who had no say in the matter, that are suffering. ",https://i.redd.it/cdf8v3lbgnd21.jpg/effflme/,0.104,0.04760506,0.001525879,0.014054239,0.008324518,0.018516673,0.008298059,1548928254.0,12,0,0,Kinuika,338.0,163.0,1279.0,95483.0,97263.0
aljcyq,efffrdc,why is obesity not on the list? ,https://i.redd.it/cdf8v3lbgnd21.jpg/efffrdc/,-0.333,0.10739898,0.002250671,0.014839902,0.04512853,0.027218282,0.006349722,1548928488.0,0,0,0,GrabEmbytheMAGA,534.0,100.0,59156.0,8962.0,68752.0
aljcyq,effvnzr,No it’s usually their kids they are killing. ,https://i.redd.it/cdf8v3lbgnd21.jpg/effvnzr/,0.208,0.39441586,0.023076924,0.094219476,0.024801146,0.070482984,0.5195707,1548943604.0,4,0,0,iOgef,1313.0,4864.0,46106.0,115017.0,167300.0
aljcyq,efg9fan,uuuh guys I think I might've been neglected :/,https://i.redd.it/cdf8v3lbgnd21.jpg/efg9fan/,-0.167,0.05799546,0.003890991,0.035649836,0.008398513,0.017614283,0.009230154,1548951640.0,1,0,0,EmiAze,73.0,0.0,1660.0,23327.0,25060.0
aljcyq,efgilg0,Why the hell wouldn't it,https://i.redd.it/cdf8v3lbgnd21.jpg/efgilg0/,-0.104,0.48141238,0.024631912,0.47435758,0.01565665,0.13064787,0.018710058,1548957565.0,2,0,0,Teeheepants2,20.0,0.0,10145.0,10342.0,20507.0
aljcyq,efgsaah,deleted  ^^^^^^^^^^^^^^^^0.4872  [^^^What ^^^is ^^^this?](https://pastebin.com/FcrFs94k/48086),https://i.redd.it/cdf8v3lbgnd21.jpg/efgsaah/,0.458,0.030859824,0.002803803,0.025634222,0.004254754,0.011768902,0.008945347,1548963806.0,1,0,0,[deleted],,,,,
