post_id,comment_id,txt,url,offensiveness_score,Toxicity,Severe Toxicity,Profanity,Identity Attack,Insult,Threat,created,score,total_awards_received,controversiality,user,user_awardee_karma,user_awarder_karma,user_link_karma,user_comment_karma,user_total_karma
amrwus,efo4e70,"Simply put, we don’t have unchecked capitalism in healthcare, advertising, education, the wide expanse of insurance markets.  They are all heavily regulated at the federal and state level, subsidized, subject to quality controls and legal liability, and criminal exposure as well as enrolling openly to both those who can afford it and those who cannot.  So if it’s not unchecked, perhaps we can focus on multiple priorities at once.  Like national security, retirement, social welfare, housing, transportation, foreign aid, and the environment.",https://www.reddit.com/r/changemyview/comments/amrwus/cmv_unchecked_capitalism_in_healthcare_and//efo4e70/,-0.104,0.03192045,0.001139641,0.013234417,0.004809721,0.018452216,0.006718676,1549216875.0,93,0,0,AGSessions,15.0,0.0,388.0,6425.0,6828.0
amrwus,efo4h2v,"Many of the issues you point out are caused by regulation. The healthcare industry is bloated because it takes a lot of manpower to comply with all the regulation. It’s hard to argue that there’s unchecked capitalism in education when state governments have a near-monopoly in elementary and secondary education, and the federal government is very involved in higher education.

More regulation will result in lower quality or higher cost to compensate for the burden of regulatory compliance. Often you’ll end up with lower quality and higher cost.

TL;DR: What unchecked capitalism?",https://www.reddit.com/r/changemyview/comments/amrwus/cmv_unchecked_capitalism_in_healthcare_and//efo4h2v/,0.146,0.028856417,0.000853539,0.012448754,0.003403803,0.016936934,0.006330303,1549216933.0,51,0,0,tfstoner,53.0,0.0,681.0,10073.0,10807.0
amrwus,efo5udu,"i wouldn't be so quick to blame it on regulation. if it's regulation that's to blame, then it's very bad regulation.

but healthcare price bloating and the textbook scam are, most logically, caused by people *seeking profit,* likely due to underfunding

i think it's the government's fault that it's bad at its job",https://www.reddit.com/r/changemyview/comments/amrwus/cmv_unchecked_capitalism_in_healthcare_and//efo5udu/,-0.022,0.11367676,0.002555847,0.03765389,0.006955597,0.0638991,0.007689608,1549217918.0,0,0,1,[deleted],,,,,
amrwus,efo5xul,"The system is over complicated and allows for end goal to be profit, instead of a healthy and well educated citizens. Capitalism is the best for just about anything else but healthcare and education’s success should not be based on earnings",https://www.reddit.com/r/changemyview/comments/amrwus/cmv_unchecked_capitalism_in_healthcare_and//efo5xul/,-0.354,0.015896067,0.000743866,0.011099464,0.004458242,0.00817788,0.006530962,1549217987.0,-1,0,1,theresourcefulKman,158.0,0.0,16239.0,18061.0,34458.0
amrwus,efo662s,"What are earnings, if not a representation of what people *value*?

You don’t think *private* education and *private* healthcare provide quality services?",https://www.reddit.com/r/changemyview/comments/amrwus/cmv_unchecked_capitalism_in_healthcare_and//efo662s/,0.0,0.014136819,0.000584126,0.011714331,0.002885833,0.008234881,0.005809236,1549218148.0,4,0,0,Det_,17.0,19.0,7.0,17260.0,17303.0
amrwus,efo6e0p,"How can you raise your prices if there are lots of competitors undercutting you, and providing better services?

But wait... where are all the competing hospitals, and competing universities (and competing cable providers) in a city? Not allowed, or “too expensive to start up”, you say?? I wonder why...",https://www.reddit.com/r/changemyview/comments/amrwus/cmv_unchecked_capitalism_in_healthcare_and//efo6e0p/,-0.104,0.05255287,0.001411438,0.016547862,0.002904332,0.027218282,0.006472706,1549218307.0,11,0,0,Det_,17.0,19.0,7.0,17260.0,17303.0
amrwus,efo6gqs,"Say the government puts a price cap on textbooks. You’d get lower textbook prices, sure. But many people who would write a textbook if they could sell it for $100 won’t do it if they now have to sell it for $50. Fewer textbooks written will mean that overall textbook quality will decline. I’m not sure how else you’d regulate textbooks. I suppose the government could subsidize them, but it basically already does in the form of student aid. I can make similar arguments for pretty much any regulatory scheme you throw at me. Lower quality, higher prices, or both.",https://www.reddit.com/r/changemyview/comments/amrwus/cmv_unchecked_capitalism_in_healthcare_and//efo6gqs/,-0.25,0.024967449,0.000896454,0.014122557,0.003126319,0.013896915,0.006789878,1549218360.0,2,0,0,tfstoner,53.0,0.0,681.0,10073.0,10807.0
amrwus,efo78hd,"the government would fix it if people told it to.

there are many, many people telling it to.

it's an issue of democracy now",https://www.reddit.com/r/changemyview/comments/amrwus/cmv_unchecked_capitalism_in_healthcare_and//efo78hd/,-0.333,0.013571346,0.000619888,0.010774951,0.003033824,0.007835878,0.006874025,1549218927.0,-3,0,0,[deleted],,,,,
amrwus,efo7c67,are they good people for that,https://www.reddit.com/r/changemyview/comments/amrwus/cmv_unchecked_capitalism_in_healthcare_and//efo7c67/,-0.583,0.03875561,0.0020504,0.020783609,0.010063417,0.014428918,0.008453408,1549219004.0,-2,0,0,[deleted],,,,,
amrwus,efo8vqu,"Democracy doesn’t work for foreign affairs, and it probably isn’t the best call for healthcare either.  If everyone made their normal irrational decision, every American would spend about 2/3rd of their lifetime healthcare spending in the last months of life.  That’s irrational, and it’s also when healthcare is most expensive and most difficult for treatment.  So nobody wants to spend a dime more, but everyone wants to spend as much as possible right before they or their loved one dies.  

Democracy is the worst way to make something efficient, and in turn to allow better healthcare for more people.",https://www.reddit.com/r/changemyview/comments/amrwus/cmv_unchecked_capitalism_in_healthcare_and//efo8vqu/,0.083,0.10956833,0.002355576,0.01982715,0.012340514,0.04852104,0.009877442,1549220172.0,6,0,0,AGSessions,15.0,0.0,388.0,6425.0,6828.0
amrwus,efoarg2,no excuse not to listen to your people,https://www.reddit.com/r/changemyview/comments/amrwus/cmv_unchecked_capitalism_in_healthcare_and//efoarg2/,-0.292,0.11129999,0.00289917,0.020920247,0.007436569,0.023866551,0.008712323,1549221619.0,-2,0,0,[deleted],,,,,
amrwus,efob0ra,"How do you fix that, exactly?",https://www.reddit.com/r/changemyview/comments/amrwus/cmv_unchecked_capitalism_in_healthcare_and//efob0ra/,-0.688,0.019100413,0.001149178,0.014395831,0.002404861,0.008842885,0.007573096,1549221818.0,1,0,0,Det_,17.0,19.0,7.0,17260.0,17303.0
amrwus,efobbb2,"fix the government?

get androids to run it",https://www.reddit.com/r/changemyview/comments/amrwus/cmv_unchecked_capitalism_in_healthcare_and//efobbb2/,-0.042,0.08637348,0.002689362,0.02071529,0.007880543,0.018452216,0.011560392,1549222044.0,1,0,0,[deleted],,,,,
amrwus,efobqbp,"Will these androids favor, say, price controls?

Or will they be taught economics and make actual workable policy decisions?",https://www.reddit.com/r/changemyview/comments/amrwus/cmv_unchecked_capitalism_in_healthcare_and//efobqbp/,-0.234,0.026263772,0.000753403,0.011031146,0.004680229,0.012870909,0.006556854,1549222360.0,3,0,0,Det_,17.0,19.0,7.0,17260.0,17303.0
amrwus,efoc7x4,"I am not talking about anybody with a knife going out performing surgery for the lowest possible price. I’m talking about regulations to profits to the companies with their hand in the cookie jar of medicine and education. 

As far as the states control of the schools, they are terrible with money and they get sold down the river by any huckster with an expensive update to a standardized test because that company has shareholders to keep happy and profit goals to reach. Those companies should not be allowed to exist",https://www.reddit.com/r/changemyview/comments/amrwus/cmv_unchecked_capitalism_in_healthcare_and//efoc7x4/,0.085,0.15711457,0.003738403,0.04667213,0.007140587,0.07998765,0.00948907,1549222734.0,6,0,1,theresourcefulKman,158.0,0.0,16239.0,18061.0,34458.0
amrwus,efod86l,everyone knows economics don't work,https://www.reddit.com/r/changemyview/comments/amrwus/cmv_unchecked_capitalism_in_healthcare_and//efod86l/,-0.304,0.09568449,0.002269745,0.02385794,0.009989422,0.02193286,0.007016428,1549223500.0,0,0,0,[deleted],,,,,
amrwus,efodj08,"That’s like saying “evolution doesn’t make sense” or “vaccination causes autism.”

Are the people programming these Androids going to be similarly uneducated and confused?",https://www.reddit.com/r/changemyview/comments/amrwus/cmv_unchecked_capitalism_in_healthcare_and//efodj08/,0.042,0.19409354,0.003223419,0.02023706,0.035331827,0.09270445,0.006789878,1549223723.0,3,0,0,Det_,17.0,19.0,7.0,17260.0,17303.0
amrwus,efoe1ew,"have you ever been to africa? they were doing fine until the economics came, now they're starving",https://www.reddit.com/r/changemyview/comments/amrwus/cmv_unchecked_capitalism_in_healthcare_and//efoe1ew/,0.083,0.2854733,0.012962224,0.0741757,0.2783691,0.07523532,0.03165977,1549224108.0,0,0,0,[deleted],,,,,
amrwus,efoicfr,"well look how well it did in africa

they got the imperialism, the capitalism, the military industrial complex, everything

they're still hungry",https://www.reddit.com/r/changemyview/comments/amrwus/cmv_unchecked_capitalism_in_healthcare_and//efoicfr/,0.271,0.23739935,0.010070801,0.059447967,0.2028587,0.06354945,0.013631714,1549227359.0,1,0,0,[deleted],,,,,
amrwus,efoudpx,"> I’m talking about regulations to profits to the companies with their hand in the cookie jar of medicine and education.

Employer-paid health insurance as a product was created as a response to the first time someone got this bright idea. During the Great Depression, FDR had the bright idea to set a cap on wages in the hopes that what couldn't be paid to highly productive employees would instead be paid to others. Instead what we got were benefits.

When you limit the number of 'cookies' that can be taken from the 'jar', all you do is create an incentive for another person to stick their hand in.",https://www.reddit.com/r/changemyview/comments/amrwus/cmv_unchecked_capitalism_in_healthcare_and//efoudpx/,0.0,0.05131592,0.00120163,0.016752819,0.002996826,0.028061481,0.006239682,1549236925.0,17,0,0,joggin_noggin,0.0,0.0,1.0,9705.0,9706.0
amrwus,efov8oi,Fair enough but for whatever reason the Wealthy don't like or want poor people to have the same access to the things they do,https://www.reddit.com/r/changemyview/comments/amrwus/cmv_unchecked_capitalism_in_healthcare_and//efov8oi/,-0.208,0.061444655,0.001459122,0.013131939,0.025404079,0.023093075,0.006505071,1549237615.0,1,0,0,Im_Tony_Clifton,0.0,0.0,2634.0,17927.0,20561.0
amrwus,efq49le,"I had to go to the ER cause I thought I was having a heart attack. No insurance.  $10,000 for them to tell me it was acid reflux.  ",https://www.reddit.com/r/changemyview/comments/amrwus/cmv_unchecked_capitalism_in_healthcare_and//efq49le/,-0.125,0.042657252,0.00169754,0.015283971,0.00258985,0.012338906,0.010887212,1549290184.0,2,0,0,[deleted],,,,,
amrwus,efq4aex,"Calling our education system “unchecked capitalism” is laughable. I will agree that it’s caused issues in healthcare. Capitalism needs a strong bridle when the industry in question sells goods and services with inelastic demands that are necessary for life. However, no one looks at how to make healthcare more affordable, and instead just want to have taxpayers pay for a vastly overpriced system.  ",https://www.reddit.com/r/changemyview/comments/amrwus/cmv_unchecked_capitalism_in_healthcare_and//efq4aex/,0.0,0.1991664,0.003261566,0.034397304,0.010211408,0.1378885,0.007288289,1549290207.0,3,0,0,[deleted],,,,,
amrwus,efq4ycd,"It isn’t capitalism. Those are the two most regulated, subsidized, unionized, and fiddled with sectors in the economy. They need drastically LESS oversight, far MORE competition from actual capitalism, then they would succeed. And even with all that, we provide all the medical innovation for other countries to socialize, developed in the best schools and hospitals in the world, and we pay to defend the world’s shipping lanes to deliver them the medical innovations. ",https://www.reddit.com/r/changemyview/comments/amrwus/cmv_unchecked_capitalism_in_healthcare_and//efq4ycd/,-0.104,0.0665887,0.001907349,0.021535112,0.007214582,0.029053112,0.006738094,1549290833.0,2,0,0,Lothspell,0.0,0.0,377.0,10322.0,10699.0
amrwus,efq6azl,Can you name a single developed nation with a successful privatized healthcare system?,https://www.reddit.com/r/changemyview/comments/amrwus/cmv_unchecked_capitalism_in_healthcare_and//efq6azl/,-0.125,0.011372286,0.000464916,0.009493981,0.002719343,0.007417875,0.005848073,1549292067.0,2,0,0,-Natsoc-,0.0,1107.0,6993.0,37849.0,45949.0
amrwus,efq6v9c,"We don’t have unchecked capitalism in healthcare and we definitely don’t have unchecked capitalism in education.  We might have underchecked capitalism, but we have an astonishing amount of regulation in both.",https://www.reddit.com/r/changemyview/comments/amrwus/cmv_unchecked_capitalism_in_healthcare_and//efq6v9c/,-0.062,0.027442247,0.000905991,0.013268576,0.004957713,0.013744914,0.006382086,1549292561.0,1,0,0,zamberzz,0.0,0.0,2136.0,4476.0,6612.0
amrwus,efq7swg,"We had one for 200 years. In fact, health insurance used to only cover the cost of days of work lost due to injury or illness because the cost of medical care was so negligible. In that time, we developed the best doctors, hospitals, and medical schools in the history of human kind. It got too good, and they were forced to give it all away, and now they cash checks against the pace of innovation. ",https://www.reddit.com/r/changemyview/comments/amrwus/cmv_unchecked_capitalism_in_healthcare_and//efq7swg/,-0.229,0.04834723,0.001516342,0.01941724,0.004328749,0.023995465,0.006899917,1549293360.0,2,0,0,Lothspell,0.0,0.0,377.0,10322.0,10699.0
amrwus,efqeec1,I am going to assume that by private charter schools you mean for profit charter schools. Most charter schools are non-profit schools. Charter schools generally receive funding in the same way that traditional public schools receive their funding. This is through attendance. So for each student you have enrolled and attending you receive x amount per year. So the tax dollars follow the student.,https://www.reddit.com/r/changemyview/comments/amrwus/cmv_unchecked_capitalism_in_healthcare_and//efqeec1/,-0.354,0.031684756,0.00108242,0.014703264,0.005401687,0.017292,0.006382086,1549298532.0,1,0,0,lastyman,0.0,12.0,232.0,24543.0,24787.0
amrwus,efqfale,"In the case of education, its not so much capitalism, but a shitty system where it's considered okay to accrue significant amounts of debt without looking at the value proposition education offers, since loans are so easy to come by.

There are two easy solutions:

1. Fully fund *everyone's* post-secondary education, so that governments can use their collective bargaining power to keep prices reasonable.

2. *Completely* eliminate loans and government bursaries for post-secondary education. Force schools to compete on cost again. This is a very capitalist solution.",https://www.reddit.com/r/changemyview/comments/amrwus/cmv_unchecked_capitalism_in_healthcare_and//efqfale/,0.062,0.3969567,0.023076924,0.45028755,0.035589635,0.25602314,0.01101667,1549299199.0,1,0,0,[deleted],,,,,
amrwus,efqgwt3,"In capitalism you make choices with your money. Poor choices allow stupid things to happen. Making a stupid choice doesn't mean the system is bad, the participants are. 

Outside of emergencies, you can shop around for a cheaper doctor. 

For education, you can go to a community college then transfer. You can get a degree in something that'll land you a job, instead of  **insert demographics** studies,  allowing you to pay off student loans.


There are choices. Acting on impulse then decrying the result of your choice is the problem. ",https://www.reddit.com/r/changemyview/comments/amrwus/cmv_unchecked_capitalism_in_healthcare_and//efqgwt3/,0.244,0.45243698,0.017868511,0.33453682,0.04435511,0.48313886,0.010421164,1549300409.0,1,0,0,Gnometard,0.0,0.0,221.0,41644.0,41865.0
amrwus,efqkfnp,"Capitalism is great at providing basic needs. ""Society"" doesn't need to do anything. There is no such thing as a guarantee as evidenced by literally every attempt at socializing food ever.",https://www.reddit.com/r/changemyview/comments/amrwus/cmv_unchecked_capitalism_in_healthcare_and//efqkfnp/,0.109,0.02035702,0.000724793,0.012073003,0.0051797,0.009393888,0.006213791,1549302966.0,1,0,0,StatistDestroyer,0.0,0.0,,,0.0
amrwus,efqnj22,So you admit you are incapable of naming a single developed nation that currently exists with a successful privatized healthcare system?,https://www.reddit.com/r/changemyview/comments/amrwus/cmv_unchecked_capitalism_in_healthcare_and//efqnj22/,0.065,0.029563503,0.000729561,0.010569996,0.00275634,0.015036922,0.005916039,1549305202.0,2,0,0,-Natsoc-,0.0,1107.0,6993.0,37849.0,45949.0
amrwus,efqvh2d,"Just a note - it's not ""unchecked"".  Just ""checked"" in a way that does not serve the end customer.

You have to remember that in medical and educational markets, the customer is treated *as the product* by society at large.",https://www.reddit.com/r/changemyview/comments/amrwus/cmv_unchecked_capitalism_in_healthcare_and//efqvh2d/,-0.208,0.011058134,0.000524521,0.010894509,0.00208113,0.007930879,0.006077861,1549310959.0,2,0,0,Prysorra2,3098.0,123.0,14523.0,224002.0,241746.0
amrwus,efs1vj0,"From what I know, Healthcare does not have any traditional market forces which are needed for the free market. Education is a terribly broken market. It's close to impossible fixing badly shattered things. ",https://www.reddit.com/r/changemyview/comments/amrwus/cmv_unchecked_capitalism_in_healthcare_and//efs1vj0/,-0.167,0.03875561,0.001111031,0.015557245,0.003810779,0.018258847,0.006602164,1549345316.0,2,0,0,MochaWithSugar,530.0,0.0,,,530.0
amrwus,efs6yux,You guys might want to broaden your horizons a bit by looking across the Atlantic. There is quite a successful model in many European countries when it comes to healthcare. In Germany we believe that capitalism needs to be regulated by the state because markets do not solve all problems. It is called social market economy an works quite well since the second work war. We have a healthcare system for everyone and free university education! The funny thing is that the money to start this system came from the us marshal plan after ww2 since America was afraid west Germany would turn a communist country if the markets are not somehow regulated. You will find similar systems in Switzerland and the Scandinavian countries.For us Europeans it is very difficult to understand how a first world country cannot provide healthcare for all of its citizens.,https://www.reddit.com/r/changemyview/comments/amrwus/cmv_unchecked_capitalism_in_healthcare_and//efs6yux/,0.021,0.08874765,0.002632141,0.029050145,0.021987455,0.029714199,0.008362788,1549352064.0,2,0,0,anothergermandude,0.0,0.0,1.0,27.0,28.0
amrwus,efsj64k,"Charter schools are public schools. There’s no private entity that makes money. Also, making money is a positive thing. It means you’re adding value to others. Any one who works is a capitalist that’s selling their labor or talents to the highest offer. Any one that looks for the lowest price when shopping is a capitalist looking to maximize scarce resources. ",https://www.reddit.com/r/changemyview/comments/amrwus/cmv_unchecked_capitalism_in_healthcare_and//efsj64k/,-0.125,0.055026773,0.001478195,0.017367685,0.006807606,0.027218282,0.006252628,1549371510.0,1,0,0,bdcbryan,0.0,0.0,1.0,-37.0,-36.0
amrwus,efsv6eq,"You’re wrong, for example the success academy gave up their non profit status after the hedge fund money came in and the saw an opportunity to expand rapidly further taking advantage of competing in an largely unfair contest. Some of these charter schools are even on the NYSE. They have some great ideas but you can’t sacrifice entire generations of students for the sake of a few hundred lottery winners",https://www.reddit.com/r/changemyview/comments/amrwus/cmv_unchecked_capitalism_in_healthcare_and//efsv6eq/,0.0,0.08637348,0.001897812,0.019348921,0.00449524,0.034562174,0.006848133,1549381810.0,1,0,0,theresourcefulKman,158.0,0.0,16239.0,18061.0,34458.0
amrwus,efu9r87,"If anything socialism and corrupt government has destroyed public schools. That's why private schools outperform every public school on average
 ",https://www.reddit.com/r/changemyview/comments/amrwus/cmv_unchecked_capitalism_in_healthcare_and//efu9r87/,-0.065,0.28312725,0.004348755,0.027683776,0.048480038,0.24928534,0.008246276,1549418723.0,1,0,0,funnyguy4242,0.0,0.0,,,0.0
amrwus,efugnge,"I work in the charter school industry. Schools receive their charter from an authorizer. They are all non-profit. For-profit schools can’t get authorized as charter schools, at least in my state. ",https://www.reddit.com/r/changemyview/comments/amrwus/cmv_unchecked_capitalism_in_healthcare_and//efugnge/,-0.25,0.012628892,0.000510216,0.010347961,0.00294133,0.008291881,0.005922511,1549423564.0,1,0,0,bdcbryan,0.0,0.0,1.0,-37.0,-36.0
amrwus,efw006c,"Who is the authorizer?? Just one person that gets to say “Sure, you can teach that!”

That’s in your state I guess but where does a nonprofit in your state get its funding? 

Lastly if you, by chance, work for a nonprofit organization what type of vehicle does you boss’s boss drive? I’m always kind of curious about that",https://www.reddit.com/r/changemyview/comments/amrwus/cmv_unchecked_capitalism_in_healthcare_and//efw006c/,-0.021,0.061444655,0.001630783,0.019895468,0.004809721,0.028722567,0.006446815,1549479890.0,1,0,0,theresourcefulKman,158.0,0.0,16239.0,18061.0,34458.0
amrwus,eg1gx6e,Right so tax dollars follow the few lottery winners away to one school at the expense of the district at large,https://www.reddit.com/r/changemyview/comments/amrwus/cmv_unchecked_capitalism_in_healthcare_and//eg1gx6e/,-0.104,0.014702292,0.0004673,0.00905845,0.002173624,0.010020891,0.005867492,1549655640.0,1,0,0,theresourcefulKman,158.0,0.0,16239.0,18061.0,34458.0
amrwus,eg1lari,That is a pretty large generalization since not all charters have lottery systems. It will vary from district to district and school to school. ,https://www.reddit.com/r/changemyview/comments/amrwus/cmv_unchecked_capitalism_in_healthcare_and//eg1lari/,-0.333,0.008293601,0.000472069,0.010279642,0.002127377,0.007009373,0.006051969,1549658712.0,1,0,0,lastyman,0.0,12.0,232.0,24543.0,24787.0
amrwus,eg6rkas,"Ironically healthcare and schooling are the least capitalist industries in the country, its why theres problems. Theres a laundry list of anticompetitive rules in healthcare. Companies cant even compete across state lines...ofc prices are going to be insanely high. If salaries for teachers were set by the market instead of the government maybe we wouldnt have such shitty schools. ",https://www.reddit.com/r/changemyview/comments/amrwus/cmv_unchecked_capitalism_in_healthcare_and//eg6rkas/,-0.083,0.3969567,0.021806452,0.39409557,0.051126,0.34314156,0.008867673,1549842004.0,1,0,0,blueelffishy,254.0,0.0,15753.0,39118.0,55125.0
