post_id,comment_id,txt,url,offensiveness_score,Toxicity,Severe Toxicity,Profanity,Identity Attack,Insult,Threat,created,score,total_awards_received,controversiality,user,user_awardee_karma,user_awarder_karma,user_link_karma,user_comment_karma,user_total_karma
45kzy6,czyj0ip,"Maybe with some dogs, yeah. But wolves are vastly underrated. They're like lions of the dog world - absolutely powerful and massive. People confuse them for being smallish, the size of medium sized dogs. They're probably bigger than the biggest dog.

  You would almost definitely end up with a fucked up body at the end of a fight with some of the dogs.",https://www.reddit.com/r/changemyview/comments/45kzy6/cmv_i_am_a_young_healthy_adult_male_who_exercises//czyj0ip/,0.271,0.4014846,0.053837523,0.46460027,0.03223813,0.20668297,0.04201601,1455378924.0,0,0,1,[deleted],,,,,
45kzy6,czyj0vd,"I think that dogs are more dangerous because they can both bite you and claw you and humans do not have the same abilities as them.  As you mentioned, they are also faster so that gives them another bonus against us.  Finally, dogs do not have the same moral conscience as we do so if a dog is attacking you and you are in a bad situation and cannot fight back, the dog will not acknowledge that and will keep attacking, leaving you with no chance of winning the fight.",https://www.reddit.com/r/changemyview/comments/45kzy6/cmv_i_am_a_young_healthy_adult_male_who_exercises//czyj0vd/,0.083,0.11440011,0.004997253,0.028503597,0.00828752,0.045593183,0.035458352,1455378943.0,0,0,0,kelcey3333,0.0,0.0,1.0,30.0,31.0
45kzy6,czyj2gs,"Small, bone crushing knives that strike multiple times before you can even react to the last place you were bit.

*That* is the speed and force you're up against. The dogs/wolves are armed with incredibly powerful weapons.

Hand to paw, you are at a disadvantage.",https://www.reddit.com/r/changemyview/comments/45kzy6/cmv_i_am_a_young_healthy_adult_male_who_exercises//czyj2gs/,0.104,0.22712809,0.01644827,0.09899642,0.015757138,0.04032305,0.22120713,1455379029.0,31,0,0,DarcyFitz,35.0,0.0,1189.0,12556.0,13780.0
45kzy6,czyj2rq,"Dogs have incredibly sharp teeth set in incredibly strong jaws. If it's a smaller dog, you'd probably be fine, but a bigger dog will be stronger and faster than you, even if you're strong and fast. You might be able to win in the end, but you're going to get fucked up in the process.

And most people in videos are taken by surprise and are often not young, fit males.",https://www.reddit.com/r/changemyview/comments/45kzy6/cmv_i_am_a_young_healthy_adult_male_who_exercises//czyj2rq/,-0.043,0.4575469,0.16960317,0.5365423,0.055673428,0.22770336,0.07016479,1455379044.0,2,0,0,ModernKender,33.0,0.0,1189.0,40574.0,41796.0
45kzy6,czyj9vs,Do you believe it is a victory to survive the dog fight but lose appendages to infection?,https://www.reddit.com/r/changemyview/comments/45kzy6/cmv_i_am_a_young_healthy_adult_male_who_exercises//czyj9vs/,-0.167,0.05750068,0.001850128,0.014839902,0.003052323,0.017807651,0.010705971,1455379425.0,5,0,0,pouponstoops,0.0,0.0,4069.0,91433.0,95502.0
45kzy6,czyja5h,"Sure, you might win, but you're going to get fucked up.",https://www.reddit.com/r/changemyview/comments/45kzy6/cmv_i_am_a_young_healthy_adult_male_who_exercises//czyja5h/,0.375,0.9061063,0.35368225,0.90258646,0.048995655,0.48569724,0.14485972,1455379439.0,0,0,0,entrodiibob,0.0,0.0,,,0.0
45kzy6,czyjfsw,"You're lumping in very different animals here.

Have you ever even seen a coyote? They're relatively small. There's a reason they scavenge or hunt in packs. Unless you have it backed into a corner, it is just going to run away.

Wolves, on the other hand, can outweigh a small adult, and do so while having much more speed, strength, and more potent natural weapons.

Dogs span the whole spectrum of sizes/shapes, depending on the breed. I don't think anyone doubt you could dropkick a chihuahua, but what about a mastiff that outweighs you and stands as tall as your chest?",https://www.reddit.com/r/changemyview/comments/45kzy6/cmv_i_am_a_young_healthy_adult_male_who_exercises//czyjfsw/,0.042,0.09351514,0.003204346,0.02344803,0.00569767,0.030816011,0.016292779,1455379734.0,42,0,0,wahtisthisidonteven,0.0,0.0,296.0,87696.0,87992.0
45kzy6,czyjhfs,Anyone who thinks they can take on a wolf is deluding themselves.,https://www.reddit.com/r/changemyview/comments/45kzy6/cmv_i_am_a_young_healthy_adult_male_who_exercises//czyjhfs/,-0.167,0.18269104,0.003147125,0.024951037,0.005919657,0.0817555,0.010731863,1455379819.0,1,0,1,HKBFG,482.0,0.0,20763.0,160142.0,181387.0
45kzy6,czyjhqz,"A wolf has trained all its life to kill other things.

Have you? If you had to bite a wolf's throat out would you hesitate just a little bit? I'm going to go out on a limb and say that you will. 

You will hesitate and the dog won't. You will delay and the dog won't. The dog has 3.5 inch knives he can bring to the fight and you can't.  

Also, do you have any idea what to do if your neck is being attacked? Have you ever trained to go all out?

You would be at a significant disadvantage to a dog who wanted to kill you. ",https://www.reddit.com/r/changemyview/comments/45kzy6/cmv_i_am_a_young_healthy_adult_male_who_exercises//czyjhqz/,0.149,0.29039988,0.017674843,0.06746418,0.010211408,0.0838533,0.34804323,1455379835.0,15,0,0,forestfly1234,0.0,0.0,1.0,25623.0,25624.0
45kzy6,czyjufm,Biggest dogs can be 100+ lbs more than big wolves. ,https://www.reddit.com/r/changemyview/comments/45kzy6/cmv_i_am_a_young_healthy_adult_male_who_exercises//czyjufm/,-0.5,0.033806015,0.001678467,0.014805742,0.002552852,0.013972916,0.007702554,1455380487.0,2,0,0,MrBulger,584.0,0.0,,,584.0
45kzy6,czyk71o,"Wolves are ~100lbs, where as some of the largest domesticated dogs are 200+.

But, that being said, it's a 100lb dog that has been raised in either kill or be killed scenarios. Not a 200lb dog that likes your lap.",https://www.reddit.com/r/changemyview/comments/45kzy6/cmv_i_am_a_young_healthy_adult_male_who_exercises//czyk71o/,-0.167,0.17111848,0.008354187,0.027547138,0.00466173,0.02264188,0.17016006,1455381122.0,1,0,0,732,915.0,61.0,7809.0,356518.0,365303.0
45kzy6,czykgjk,"> Wolves, on the other hand, can outweigh a small adult, and do so while having much more speed, strength, and more potent natural weapons.

Wolves can also have really well developed team tactics so there's a solid chance you wouldn't even be dealing with one wolf.  ",https://www.reddit.com/r/changemyview/comments/45kzy6/cmv_i_am_a_young_healthy_adult_male_who_exercises//czykgjk/,-0.217,0.09351514,0.004405975,0.021056883,0.007140587,0.02103047,0.037530303,1455381588.0,21,0,0,YabuSama2k,62.0,0.0,5519.0,23633.0,29214.0
45kzy6,czykuef,"Coyotes and wolves are pack hunters so it is unlikely that you would come across just one. Dogs, coyotes, and wolves have fangs and claws and you do not. They will always go for the weakest part and then All they have to do is get in one bite and hold on with their super strong jaws and shake. And no matter how speedy you are, they are faster. The only way a large stick could help is if you throw it.",https://www.reddit.com/r/changemyview/comments/45kzy6/cmv_i_am_a_young_healthy_adult_male_who_exercises//czykuef/,-0.447,0.07212844,0.003604889,0.02433617,0.004883717,0.025026767,0.013321015,1455382262.0,1,0,0,lelitz2,0.0,0.0,1.0,1.0,2.0
45kzy6,czyl1me,No dog's teeth are 3.5 inches long. ,https://www.reddit.com/r/changemyview/comments/45kzy6/cmv_i_am_a_young_healthy_adult_male_who_exercises//czyl1me/,-0.426,0.039935954,0.001649857,0.013951761,0.002867334,0.01640493,0.007184723,1455382613.0,20,0,0,MrBulger,584.0,0.0,,,584.0
45kzy6,czylher,"They're going to bite down on something. Very hard. If you present an arm for sacrifice then proceed to snap its neck, you might win. However, does losing an arm (destroyed bones/tendons) count as a win?",https://www.reddit.com/r/changemyview/comments/45kzy6/cmv_i_am_a_young_healthy_adult_male_who_exercises//czylher/,0.042,0.32919475,0.020386212,0.075792134,0.011025362,0.035443626,0.44827121,1455383375.0,1,0,0,krakajacks,518.0,0.0,3493.0,122067.0,126078.0
45kzy6,czylnxj,"I guess I'm in the minority with OP. At about 200 lbs, I've always figured that as long as I avoided panic and stayed aggressive, I could come out on top if faced with a hundred pound dog. Against 2 50lb dogs would probably be a lot harder. And a pack is a whole different story. Yea I know they have jaws, stamina, dense muscles...but they still have a throat and other weak spots. Punch hard, bite it's balls, fake throw a tennis ball...",https://www.reddit.com/r/changemyview/comments/45kzy6/cmv_i_am_a_young_healthy_adult_male_who_exercises//czylnxj/,0.043,0.3140926,0.023076924,0.26645362,0.027815815,0.100019015,0.1401159,1455383681.0,1,0,1,[deleted],,,,,
45kzy6,czylpg3,"Obviously I'm not looking to test this theory out in real life, but I'm pretty awesome in my daydreams.",https://www.reddit.com/r/changemyview/comments/45kzy6/cmv_i_am_a_young_healthy_adult_male_who_exercises//czylpg3/,-0.468,0.030506283,0.001964569,0.021603432,0.00725158,0.011920903,0.009048914,1455383757.0,6,0,0,[deleted],,,,,
45kzy6,czylsux,"I have trained German Shepherds for Schutzhund. 

I could go on and on about speed and ferocity. But the cliffs notes is that you would get wrecked. 

An example is when my friend put on the arm pad and I had my super gentle female 90lb GSD run him down with a 30 yard head start and throw him to the ground like a bitch. 

He was the starting middle line backer for our high school team and ended up playing in college. ",https://www.reddit.com/r/changemyview/comments/45kzy6/cmv_i_am_a_young_healthy_adult_male_who_exercises//czylsux/,0.167,0.34757367,0.023129508,0.39409557,0.10221587,0.24928534,0.13815513,1455383918.0,5,0,0,[deleted],,,,,
45kzy6,czylxms,">  I've always figured that as long as I avoided panic and stayed aggressive,

What experience do you have in avoiding panic in life or death situations? ",https://www.reddit.com/r/changemyview/comments/45kzy6/cmv_i_am_a_young_healthy_adult_male_who_exercises//czylxms/,-0.042,0.08320791,0.003032684,0.014566627,0.002885833,0.015264924,0.04718852,1455384153.0,3,0,0,sailorbrendan,1178.0,37.0,29159.0,158977.0,189351.0
45kzy6,czym2i2,"Would it really matter if I shared that story about ""that one time I...""? Whose ever believed an online comment describing someone's amazingness?",https://www.reddit.com/r/changemyview/comments/45kzy6/cmv_i_am_a_young_healthy_adult_male_who_exercises//czym2i2/,-0.021,0.02035702,0.000700951,0.012073003,0.001701901,0.00975489,0.006136116,1455384391.0,5,0,0,[deleted],,,,,
45kzy6,czym3jp,"I think I get what you re saying though, keeping it cool is a big obstacle",https://www.reddit.com/r/changemyview/comments/45kzy6/cmv_i_am_a_young_healthy_adult_male_who_exercises//czym3jp/,-0.312,0.042657252,0.001983643,0.022833163,0.00621564,0.014580919,0.008427517,1455384440.0,3,0,0,[deleted],,,,,
45kzy6,czym6go,"I used to feel the same way until I heard wolves while hunting, it was chilling. I ran for like 1/2 a mile out of there",https://www.reddit.com/r/changemyview/comments/45kzy6/cmv_i_am_a_young_healthy_adult_male_who_exercises//czym6go/,-0.25,0.026617315,0.001840591,0.017777596,0.004180758,0.009203887,0.009204263,1455384578.0,1,0,0,krymz1n,0.0,11.0,890.0,39934.0,40835.0
45kzy6,czym6qx,"I mean, I'm not particularly invested here. If you came out with some navy seal copypasta sounding story I likely wouldn't believe you. It's more that I find a lot of people take for granted their ability to handle panic situations well. 

I've been in a bunch of them. Sometimes I handled it really well, and a few times I broke and just lost my shit. Once I just shut down and walked away in a fugue. 

Its a hell of a thing man, and I don't know that I could count on it in that context.  ",https://www.reddit.com/r/changemyview/comments/45kzy6/cmv_i_am_a_young_healthy_adult_male_who_exercises//czym6qx/,0.109,0.43475235,0.02439716,0.5318404,0.05612817,0.26957804,0.024580594,1455384592.0,2,0,0,sailorbrendan,1178.0,37.0,29159.0,158977.0,189351.0
45kzy6,czymfdo,"I won't argue that a bit. Based on history, I think I know how I would react in a similar scenario as the one described above, keyword; think. But it depends on the situation. When faced with a pack of wolves or a bear I'd say the odds of me shitting myself and passing out from fear  would be pretty good. Then again maybe id turn into superman. Then again, maybe a poodle would make me shit.",https://www.reddit.com/r/changemyview/comments/45kzy6/cmv_i_am_a_young_healthy_adult_male_who_exercises//czymfdo/,0.375,0.45757914,0.0475607,0.570067,0.048995655,0.25404143,0.09623027,1455384997.0,2,0,0,[deleted],,,,,
45kzy6,czymhta,"yeah, you never really know. 

like I said, it's a hell of a thing. ",https://www.reddit.com/r/changemyview/comments/45kzy6/cmv_i_am_a_young_healthy_adult_male_who_exercises//czymhta/,-0.125,0.3666224,0.014705247,0.32658687,0.008768492,0.15840563,0.010447056,1455385115.0,2,0,0,sailorbrendan,1178.0,37.0,29159.0,158977.0,189351.0
45kzy6,czymiof,"Well, there is only one way to REALLY find out!",https://www.reddit.com/r/changemyview/comments/45kzy6/cmv_i_am_a_young_healthy_adult_male_who_exercises//czymiof/,-0.479,0.022256956,0.001139641,0.012687869,0.001951637,0.009412888,0.00756015,1455385155.0,1,0,0,RodStRawk,427.0,128.0,4665.0,15100.0,20320.0
45kzy6,czymrir,"You know OP, the only way to *really* change your view is to challenge your beliefs. I think you should go up against a wild dog and fight it. If you lose, then your view will successfully have been changed. :-)",https://www.reddit.com/r/changemyview/comments/45kzy6/cmv_i_am_a_young_healthy_adult_male_who_exercises//czymrir/,-0.13,0.17198499,0.006065369,0.037403382,0.0103594,0.06023245,0.056563694,1455385577.0,1,0,0,-iamverysmart-,0.0,0.0,,,0.0
45kzy6,czyn19g,"3.5 inches or 2.5 inches doesn't really matter. Wolves have teeth and claws and have been designed to kill. 

We simply would be over-matched. ",https://www.reddit.com/r/changemyview/comments/45kzy6/cmv_i_am_a_young_healthy_adult_male_who_exercises//czyn19g/,-0.375,0.24763705,0.009918213,0.033645786,0.004643231,0.027218282,0.34804323,1455386040.0,-3,0,1,forestfly1234,0.0,0.0,1.0,25623.0,25624.0
45kzy6,czyn1xq,There's no need to exaggerate to make the point. ,https://www.reddit.com/r/changemyview/comments/45kzy6/cmv_i_am_a_young_healthy_adult_male_who_exercises//czyn1xq/,-0.417,0.018723432,0.000543594,0.010091767,0.001276426,0.010400894,0.006168481,1455386073.0,7,0,0,MrBulger,584.0,0.0,,,584.0
45kzy6,czyn4e0,"It really isn't that much of an exaggeration. 

Claws and teeth and a massive amount of bite force per square inch means that we would probably lose. More so if we were facing more than one animal. ",https://www.reddit.com/r/changemyview/comments/45kzy6/cmv_i_am_a_young_healthy_adult_male_who_exercises//czyn4e0/,-0.106,0.044636376,0.002059937,0.015454767,0.002830336,0.013326911,0.012440704,1455386194.0,-1,0,0,forestfly1234,0.0,0.0,1.0,25623.0,25624.0
45kzy6,czynvr6,"The world record wolf, killed in Alberta, was 230 lbs. That wolf is bigger than you if you are an average American man. It has daggers for teeth. It can run 40 mph. This makes Ray Lewis look like a baby back bitch. Still think you can fight it bare handed? ",https://www.reddit.com/r/changemyview/comments/45kzy6/cmv_i_am_a_young_healthy_adult_male_who_exercises//czynvr6/,0.271,0.5716857,0.23224287,0.46460027,0.23011416,0.5543018,0.29205206,1455387503.0,2,0,0,Mushroomed,0.0,0.0,2.0,2256.0,2258.0
45kzy6,czynz7h,"Same goes for humans. Also, we can climb trees",https://www.reddit.com/r/changemyview/comments/45kzy6/cmv_i_am_a_young_healthy_adult_male_who_exercises//czynz7h/,-0.5,0.045625936,0.002918243,0.019690514,0.008213525,0.011882903,0.012181788,1455387663.0,7,0,0,twillerd,0.0,0.0,180.0,4092.0,4272.0
45kzy6,czyo38c,"Weirdly enough, i think about this fairly frequently. I would not hesitate to use my weak ass mouth to rip out the throat of an animal or human aggressor if my life depended on it. ",https://www.reddit.com/r/changemyview/comments/45kzy6/cmv_i_am_a_young_healthy_adult_male_who_exercises//czyo38c/,0.435,0.7308154,0.21290472,0.66405153,0.056582913,0.34314156,0.34804323,1455387854.0,-2,0,0,twillerd,0.0,0.0,180.0,4092.0,4272.0
45kzy6,czyo3au,"I guess it depends on where you are when attacked. If you are attacked in a building you might have huge advantages (locking doors, getting weapons,etc) or somewhere you can climb vertically (just keep kicking it as it tries to climb up or throw items down). On flat ground though without a good weapon the wolf would kill most people.  ",https://www.reddit.com/r/changemyview/comments/45kzy6/cmv_i_am_a_young_healthy_adult_male_who_exercises//czyo3au/,0.229,0.20056234,0.009384155,0.04892669,0.00984143,0.029053112,0.29834318,1455387857.0,1,0,0,ItIsOnlyRain,30.0,0.0,1669.0,25814.0,27513.0
45kzy6,czyo9rg,"Dog or coyote yes 
wolf no
pack of 3 or more large dogs no
pack of 5 or more coyote no 
pack of 4 or more wolfs hell no",https://www.reddit.com/r/changemyview/comments/45kzy6/cmv_i_am_a_young_healthy_adult_male_who_exercises//czyo9rg/,-0.022,0.30136615,0.021031776,0.2337357,0.013546381,0.071116626,0.015774792,1455388176.0,0,0,0,chunder-tunt,0.0,0.0,325.0,3213.0,3538.0
45kzy6,czyoaog,I would seriously fight a bear......the one that took out Leo in the Revenant......Id smash that mofo,https://www.reddit.com/r/changemyview/comments/45kzy6/cmv_i_am_a_young_healthy_adult_male_who_exercises//czyoaog/,0.062,0.52811706,0.17926651,0.33453682,0.10221587,0.26957804,0.53875744,1455388221.0,1,0,0,dramateyez,15.0,0.0,,,15.0
45kzy6,czyofn2,"I believe it is given in the OP that this is 1:1. Your point is valid, but moot in the given parameters. ",https://www.reddit.com/r/changemyview/comments/45kzy6/cmv_i_am_a_young_healthy_adult_male_who_exercises//czyofn2/,-0.375,0.024967449,0.001063347,0.013849284,0.003644289,0.012414906,0.007171778,1455388464.0,4,0,0,gregbrahe,238.0,43.0,3879.0,36644.0,40804.0
45kzy6,czyoi3e,"They do have more weapons, but they have some significant weaknesses as well. The first thing that comes to mind for dogs is the front legs. They don't bend sideways very well and are pretty thin so you could easily have the strength to break their legs in one swift movement. They also have no way to cover their eyes so they are a very vulnerable target as well. If it was preoccupied biting your leg you could go straight for the eyes and do serious damage, potentially enough to put them out of action immediately.

I'm not saying these weaknesses would be easy to exploit by any means or guarantee you to win, but thought I'd provide a counterpoint to them having more dangerous weapons.",https://www.reddit.com/r/changemyview/comments/45kzy6/cmv_i_am_a_young_healthy_adult_male_who_exercises//czyoi3e/,0.125,0.11739369,0.005569458,0.035649836,0.006992595,0.029163294,0.11616269,1455388581.0,6,0,0,space_guy95,10.0,0.0,1034.0,54226.0,55270.0
45kzy6,czyojni,"yes, because you are alive and the wolf is not",https://www.reddit.com/r/changemyview/comments/45kzy6/cmv_i_am_a_young_healthy_adult_male_who_exercises//czyojni/,-0.362,0.20172562,0.007591248,0.035399333,0.013445892,0.06442356,0.012078222,1455388659.0,1,0,0,b00st3d,20.0,61.0,10045.0,7943.0,18069.0
45kzy6,czyomg6,"Still not 2.5 inches. 1 inch is about as long as their canine teeth get, and the older they are, the shorter the teeth. ",https://www.reddit.com/r/changemyview/comments/45kzy6/cmv_i_am_a_young_healthy_adult_male_who_exercises//czyomg6/,-0.438,0.045378547,0.001688004,0.013951761,0.002996826,0.017807651,0.00866054,1455388793.0,2,0,0,gregbrahe,238.0,43.0,3879.0,36644.0,40804.0
45kzy6,czyp7ct,"He also wouldn't be fighting back and trying to hurt your dog no? 

People have survived wolf/bear/coyote/you name it attacks many many times, op standing a chance is not anywhere near out of the realm of possibility",https://www.reddit.com/r/changemyview/comments/45kzy6/cmv_i_am_a_young_healthy_adult_male_who_exercises//czyp7ct/,-0.146,0.08716487,0.003471375,0.015523086,0.003015325,0.014048916,0.063352615,1455389799.0,1,0,0,jealoussizzle,50.0,0.0,1085.0,47442.0,48577.0
45kzy6,czyp7x9,The problem is that wolfs generally hunt in packs so even if you got one down the other would team up on you,https://www.reddit.com/r/changemyview/comments/45kzy6/cmv_i_am_a_young_healthy_adult_male_who_exercises//czyp7x9/,-0.542,0.03781283,0.002059937,0.019485557,0.005364689,0.011654901,0.010550622,1455389828.0,1,0,0,Fgradeoffspring,0.0,0.0,1.0,19.0,20.0
45kzy6,czypctm,"> And most people in videos are taken by surprise and are often not young, fit males.

Because these animals go for easy targets and a young fit male is not an easy target, even if they win (chances are they will considering it's normally many vs 1), if they get injured they can easily die.",https://www.reddit.com/r/changemyview/comments/45kzy6/cmv_i_am_a_young_healthy_adult_male_who_exercises//czypctm/,0.167,0.24924077,0.015931819,0.08452088,0.089145996,0.07903719,0.07629784,1455390063.0,1,0,0,Aassiesen,0.0,0.0,4.0,16884.0,16888.0
45kzy6,czypi01,"What's more flexible in wolves though, is their spine and neck. These guys easily lick their own buttholes. You get a good grip on its leg and think you have the upper ""hand"" but suddenly your fingers no longer exist and there goes basically any advantage you had.",https://www.reddit.com/r/changemyview/comments/45kzy6/cmv_i_am_a_young_healthy_adult_male_who_exercises//czypi01/,0.196,0.47772613,0.045767322,0.42019588,0.04693319,0.24903896,0.030969119,1455390321.0,2,0,0,foo_foo_the_snoo,30.0,0.0,341.0,38718.0,39089.0
45kzy6,czyprbp,"Sorry OP, your thread has been removed per submission rule E. Please reply to some top level comments and message the moderator mail to have your thread approved.",https://www.reddit.com/r/changemyview/comments/45kzy6/cmv_i_am_a_young_healthy_adult_male_who_exercises//czyprbp/,-0.271,0.025674535,0.001373291,0.017094411,0.003829278,0.010210892,0.008919456,1455390786.0,1,0,0,IAmAN00bie,78.0,0.0,221045.0,242173.0,463296.0
45kzy6,czyqp4g,"Yes but in those cases, the animal decided it wasn't worth the effort to kill the survivor. Most wolves/bears/wild animals will run away from humans so long as they aren't totally surprised and feel cornered.

In the scenario OP put forth, a fight to the death between a wolf and a human would go very badly for OP.",https://www.reddit.com/r/changemyview/comments/45kzy6/cmv_i_am_a_young_healthy_adult_male_who_exercises//czyqp4g/,0.229,0.17458448,0.008010864,0.026727317,0.008361516,0.032138187,0.20178549,1455392423.0,1,0,0,Feynman1998,0.0,0.0,24.0,918.0,942.0
