post_id,comment_id,txt,url,offensiveness_score,Toxicity,Severe Toxicity,Profanity,Identity Attack,Insult,Threat,created,score,total_awards_received,controversiality,user,user_awardee_karma,user_awarder_karma,user_link_karma,user_comment_karma,user_total_karma
896zro,dwq0782,what was his dream job?,https://www.reddit.com/r/AskMen/comments/896zro/men_of_reddit_what_is_the_worst_financial//dwq0782/,-0.604,0.015644746,0.00082016,0.012858666,0.002460358,0.008044879,0.006738094,1522749772.0,6,0,0,[deleted],,,,,
896zro,dwq2qcr,"Let's see.

-Running up credit cards when I was young.
-The first house I bought (Had a ton of issues, spent well over 10k fixing them).
-Taking all the debt from my 1st marriage
-Marrying my ex wife

",https://www.reddit.com/r/AskMen/comments/896zro/men_of_reddit_what_is_the_worst_financial//dwq2qcr/,-0.229,0.018849092,0.001015663,0.014634945,0.002996826,0.007664877,0.006977591,1522754592.0,2,0,0,schwabadelic,646.0,19.0,14937.0,40890.0,56492.0
896zro,dwq34jg,To be honest I don't even remember. ,https://www.reddit.com/r/AskMen/comments/896zro/men_of_reddit_what_is_the_worst_financial//dwq34jg/,-0.583,0.025085296,0.000581741,0.011868048,0.001424418,0.012756908,0.006051969,1522755232.0,8,0,0,demonbadger,210.0,57.0,22268.0,39740.0,62275.0
896zro,dwq5fhr,I cashed in my retirement savings and bought a business in a field and market I know nothing about. Basically I had a consumer mentality I saw the price and profit history and thought of it like buying a product that I assumed would continue to produce the same profits. I also naively assumed I'm a smart guy I can easily run this business as well as the dummy currently running it. ,https://www.reddit.com/r/AskMen/comments/896zro/men_of_reddit_what_is_the_worst_financial//dwq5fhr/,-0.085,0.18459146,0.003910065,0.10023434,0.006400629,0.10587067,0.006783404,1522758617.0,1,0,0,flExMoHomo,0.0,53.0,20.0,1317.0,1390.0
896zro,dwq7wrv,"Buying a Jeep.
It went to $hit as soon as warranty expired.
Fun to drive but ALWAYS in the shop!
",https://www.reddit.com/r/AskMen/comments/896zro/men_of_reddit_what_is_the_worst_financial//dwq7wrv/,0.104,0.013320025,0.000658035,0.011184863,0.001156183,0.008519882,0.006297939,1522761576.0,2,0,0,Redwould2Sea,0.0,158.0,1.0,1544.0,1703.0
896zro,dwqes1q,I was young but I gave a co workers boyfriend about $2500-2800 to fix my old broke Toyota Camry. He never fixed it. Went 6-9 months without a car. Ended up buying a new Acura. ,https://www.reddit.com/r/AskMen/comments/896zro/men_of_reddit_what_is_the_worst_financial//dwqes1q/,-0.125,0.016210219,0.000886917,0.011560614,0.001849893,0.008823884,0.006874025,1522768126.0,2,0,0,aepure,0.0,0.0,163.0,13069.0,13232.0
896zro,dwqsz9k,I got a credit card when I was 18. I was not ready for that kind of responsibility. ,https://www.reddit.com/r/AskMen/comments/896zro/men_of_reddit_what_is_the_worst_financial//dwqsz9k/,-0.375,0.013508516,0.000543594,0.011663092,0.001933138,0.007360875,0.00632383,1522779590.0,2,0,0,vhisic,829.0,268.0,8704.0,155271.0,165072.0
896zro,dwqtexf,"a bit late to the party but 

I bought a used palllet for 15 bux.
Then never actually used it. So I essentially paid 15 quid to take away a mans pallet for him. ",https://www.reddit.com/r/AskMen/comments/896zro/men_of_reddit_what_is_the_worst_financial//dwqtexf/,-0.125,0.04834723,0.002031326,0.021876704,0.006585619,0.01313691,0.010084574,1522779923.0,1,0,0,[deleted],,,,,
