post_id,comment_id,txt,url,offensiveness_score,Toxicity,Severe Toxicity,Profanity,Identity Attack,Insult,Threat,created,score,total_awards_received,controversiality,user,user_awardee_karma,user_awarder_karma,user_link_karma,user_comment_karma,user_total_karma
9t48k1,e8tlzw9,It's like a cabbage-cannabis crossbreed.,https://www.upi.com/Mexicos-Supreme-Court-legalizes-cannabis-for-recreational-use/9621541024238//e8tlzw9/,-0.289,0.11223003,0.003395081,0.024814399,0.011247349,0.034782536,0.007016428,1541031906.0,454,0,0,elliotron,584.0,1123.0,6592.0,309255.0,317554.0
9t48k1,e8tpglx,"hey, they don't call it the devil's lettuce for nothin', you know.",https://www.upi.com/Mexicos-Supreme-Court-legalizes-cannabis-for-recreational-use/9621541024238//e8tpglx/,-0.271,0.24282593,0.007514954,0.14490221,0.012240025,0.0836065,0.009281937,1541035475.0,6,0,0,[deleted],,,,,
9t48k1,e8tq6x0,"So, the devil’s lettuce?",https://www.upi.com/Mexicos-Supreme-Court-legalizes-cannabis-for-recreational-use/9621541024238//e8tq6x0/,-0.2,0.28674445,0.010528564,0.16915557,0.013345404,0.14512913,0.0100069,1541036235.0,5,0,0,TheSoundOfTastyYum,100.0,459.0,520.0,93584.0,94663.0
9t48k1,e8tsuf4,"Mexico now have pot, too! Success!",https://www.upi.com/Mexicos-Supreme-Court-legalizes-cannabis-for-recreational-use/9621541024238//e8tsuf4/,-0.375,0.2330714,0.010299683,0.08549073,0.17381613,0.06354945,0.010809537,1541038958.0,2,0,0,[deleted],,,,,
9t48k1,e8u51le,Well boys. It’s a two front war now. It’s only a matter of time. ,https://www.upi.com/Mexicos-Supreme-Court-legalizes-cannabis-for-recreational-use/9621541024238//e8u51le/,-0.17,0.15987846,0.006980896,0.024404489,0.017967897,0.019676886,0.12536226,1541056395.0,1,0,0,IIBlazer,18.0,47.0,4884.0,3494.0,8443.0
9t48k1,e8u5dqz,America is the land of the free sandwiched between two counties that no longer arrest people for growing and having flowers.,https://www.upi.com/Mexicos-Supreme-Court-legalizes-cannabis-for-recreational-use/9621541024238//e8u5dqz/,-0.208,0.06817148,0.001764298,0.013131939,0.026007013,0.02283525,0.007482476,1541057147.0,3,0,0,humicroav,229.0,33.0,6204.0,68374.0,74840.0
9t48k1,e8u7ocp,"Not yet, this only cover the 2 persons that asked to be exempted (amparo), this has yet to happen: 

 **The next step toward legalization of cannabis for non-commercial purposes is that the Supreme Court must inform Mexico's Congress within 90 days that prohibiting adult use is unconstitutional. Congress then has to reform the laws the court found unconstitutional. If Congress does not act, every adult prosecuted for using marijuana can also apply for protection from the judicial system.** ",https://www.upi.com/Mexicos-Supreme-Court-legalizes-cannabis-for-recreational-use/9621541024238//e8u7ocp/,-0.042,0.09112182,0.002269745,0.02433617,0.022992345,0.026960457,0.009618527,1541062423.0,1,0,0,MethaCat,43.0,0.0,392.0,23357.0,23792.0
9t48k1,e8v2p4v,Canadians can exhale to the South and Mexicans to the North and watch the murder rate drop down to nothing. ,https://www.upi.com/Mexicos-Supreme-Court-legalizes-cannabis-for-recreational-use/9621541024238//e8v2p4v/,0.021,0.18459146,0.005264282,0.013985921,0.18705739,0.033460364,0.025789235,1541096251.0,1,0,0,dr_Octag0n,448.0,39.0,8698.0,30812.0,39997.0
