post_id,comment_id,txt,url,offensiveness_score,Toxicity,Severe Toxicity,Profanity,Identity Attack,Insult,Threat,created,score,total_awards_received,controversiality,user,user_awardee_karma,user_awarder_karma,user_link_karma,user_comment_karma,user_total_karma
51g5ga,d7br625,The crime they are *considering* charging her with is a misdemeanor with a *maximum* sentence of 6 months. I'd be very surprised if she ends up facing any actual jailtime.,http://www.independent.co.uk/news/people/playboy-playmate-dani-mathers-jail-body-shaming-snapchat-a7227451.html/d7br625/,-0.104,0.03592727,0.001497269,0.013610168,0.00327431,0.011236899,0.012958534,1473185834.0,145,0,0,elspacebandito,20.0,0.0,9507.0,28687.0,38214.0
51g5ga,d7bt1u4,"she wont do any time, she will be fined and move on.she HOPEFULLY  will be smarter in the future",http://www.independent.co.uk/news/people/playboy-playmate-dani-mathers-jail-body-shaming-snapchat-a7227451.html/d7bt1u4/,-0.188,0.06579731,0.002593994,0.021330157,0.005586676,0.019547975,0.011482717,1473188379.0,47,0,0,ss98camaross,0.0,0.0,259.0,50462.0,50721.0
51g5ga,d7c493d,"I don't think that he sleeps with them all anymore. He seems to have a rotating stable of girlfriends, who are way too young for him, but a *lot* of women appear in Playboy.  ",http://www.independent.co.uk/news/people/playboy-playmate-dani-mathers-jail-body-shaming-snapchat-a7227451.html/d7c493d/,0.042,0.1460314,0.004482269,0.07047026,0.028016793,0.026315894,0.008065036,1473204042.0,6,0,0,Painting_Agency,3908.0,496.0,7053.0,1018308.0,1029765.0
51g5ga,d7cbf16,I'm confused. She committed a sex crime. Why aren't you calling for her head?,http://www.independent.co.uk/news/people/playboy-playmate-dani-mathers-jail-body-shaming-snapchat-a7227451.html/d7cbf16/,0.149,0.38434127,0.016512826,0.17055123,0.02128403,0.08582769,0.06626215,1473214786.0,12,0,0,[deleted],,,,,
51g5ga,d7cc0k5,You can look down upon someone's crime and still hope for them to rehabilitate and improve. ,http://www.independent.co.uk/news/people/playboy-playmate-dani-mathers-jail-body-shaming-snapchat-a7227451.html/d7cc0k5/,-0.25,0.014953613,0.000638962,0.009664777,0.001933138,0.008690883,0.006815769,1473215666.0,22,0,0,LukeBabbitt,432.0,2007.0,16235.0,103107.0,121781.0
51g5ga,d7ck562,">I'm confused. ~~She~~ He committed a sex crime. Why aren't you calling for ~~her~~ his head?

Okay, what about now?",http://www.independent.co.uk/news/people/playboy-playmate-dani-mathers-jail-body-shaming-snapchat-a7227451.html/d7ck562/,0.255,0.38811707,0.019224197,0.22522148,0.027011903,0.0808917,0.058180105,1473234167.0,4,0,1,qualityofthecounter,0.0,0.0,1.0,10197.0,10198.0
51g5ga,d7cm7ly,I'm just saying it shouldn't be enough to sue someone and take all their cash and life away. No matter the person :P wow -40 it's just sad.,http://www.independent.co.uk/news/people/playboy-playmate-dani-mathers-jail-body-shaming-snapchat-a7227451.html/d7cm7ly/,-0.083,0.20265625,0.008239746,0.053435806,0.008916483,0.03158728,0.06593887,1473242034.0,-4,0,0,articuz_h,48.0,0.0,364.0,2219.0,2631.0
51g5ga,d7cvy5f,Please don't shame everyone who works for playboy because one playmate is nasty. How does that help anything? ,http://www.independent.co.uk/news/people/playboy-playmate-dani-mathers-jail-body-shaming-snapchat-a7227451.html/d7cvy5f/,-0.085,0.3811502,0.012359619,0.15724123,0.037136484,0.41530323,0.010162249,1473262152.0,1,0,1,ssnakeggirl,1071.0,0.0,10879.0,159226.0,171176.0
51g5ga,d7cyodo,"What's wrong with people? Maybe she has lost her sense of shame posing all the time for Playboy, but it does not give her a right to assume that other people have no problem having nude photos taken of them. 

It's so mean and inhumane... total lack of empathy.",http://www.independent.co.uk/news/people/playboy-playmate-dani-mathers-jail-body-shaming-snapchat-a7227451.html/d7cyodo/,0.217,0.37751234,0.015867263,0.12991914,0.02721288,0.30326313,0.010680079,1473265764.0,2,0,0,kadda1212,125.0,0.0,516.0,16776.0,17417.0
51g5ga,d7czldo,That strongly reminds me of the things the judge in that Brock kid's rape trial said. ,http://www.independent.co.uk/news/people/playboy-playmate-dani-mathers-jail-body-shaming-snapchat-a7227451.html/d7czldo/,0.146,0.3286776,0.012768555,0.08904689,0.0233943,0.1087965,0.049774777,1473266939.0,2,0,0,[deleted],,,,,
51g5ga,d7d2vd8,What about people who post revenge open? Literally exact same thing. Or people who post general voyeur shots? ,http://www.independent.co.uk/news/people/playboy-playmate-dani-mathers-jail-body-shaming-snapchat-a7227451.html/d7d2vd8/,-0.083,0.18649188,0.006523132,0.030389199,0.005105704,0.027218282,0.13815513,1473271194.0,2,0,0,Lockedup4years,205.0,0.0,,,205.0
51g5ga,d7d8ypu,">I don't see anyone here hoping that she gets a slap on the wrist.

Are we in the same thread?",http://www.independent.co.uk/news/people/playboy-playmate-dani-mathers-jail-body-shaming-snapchat-a7227451.html/d7d8ypu/,-0.229,0.44039994,0.06101104,0.17148167,0.037394293,0.10148193,0.5195707,1473278987.0,6,0,0,qualityofthecounter,0.0,0.0,1.0,10197.0,10198.0
51g5ga,d7dbeqd,"Whatever dude, bint isnt a real world",http://www.independent.co.uk/news/people/playboy-playmate-dani-mathers-jail-body-shaming-snapchat-a7227451.html/d7dbeqd/,0.0,0.20126031,0.006141663,0.069969244,0.012842959,0.06984934,0.009773877,1473282033.0,-1,0,0,Turbosoldier,0.0,0.0,,,0.0
51g5ga,d7ddm2f,"9/11

Upvote me or you're a terrorist.",http://www.independent.co.uk/news/people/playboy-playmate-dani-mathers-jail-body-shaming-snapchat-a7227451.html/d7ddm2f/,0.333,0.52139956,0.043077253,0.22562476,0.17070955,0.4534306,0.2836219,1473284944.0,-1,0,0,qualityofthecounter,0.0,0.0,1.0,10197.0,10198.0
51g5ga,d7dlfwx,"That's a pretty bleak view of humanity, and one I don't share, especially because she DID own up to it and apologize. What would you like, to see her in jail for decades? Who does that benefit?",http://www.independent.co.uk/news/people/playboy-playmate-dani-mathers-jail-body-shaming-snapchat-a7227451.html/d7dlfwx/,0.083,0.063027434,0.001544952,0.015010698,0.004254754,0.022319598,0.008971239,1473296525.0,1,0,0,LukeBabbitt,432.0,2007.0,16235.0,103107.0,121781.0
