post_id,comment_id,txt,url,offensiveness_score,Toxicity,Severe Toxicity,Profanity,Identity Attack,Insult,Threat,created,score,total_awards_received,controversiality,user,user_awardee_karma,user_awarder_karma,user_link_karma,user_comment_karma,user_total_karma
93m1ia,e3egthu,"They didn't say all within were, just that it gives shelter to the abusers. That's certainly true. The whole idea of confession is dangerous. People must be held accountable, not absolved by magic for a tithe. Religion has always enabled abuse by claiming a higher power above the law.
",http://friendlyatheist.patheos.com/2018/07/31/catholic-nuns-are-speaking-out-about-their-own-abuse-at-the-hands-of-priests//e3egthu/,-0.208,0.16098402,0.004119873,0.027137227,0.10221587,0.06512285,0.009877442,1533111633.0,295,0,0,PracticeMakesPraxis,88.0,0.0,1785.0,30452.0,32325.0
93m1ia,e3eitpx,"Don’t be sorry, they are just miffed because you attacked their superstitions;)",http://friendlyatheist.patheos.com/2018/07/31/catholic-nuns-are-speaking-out-about-their-own-abuse-at-the-hands-of-priests//e3eitpx/,-0.229,0.23667802,0.00793457,0.07047026,0.024600167,0.0638991,0.029069828,1533115816.0,0,0,1,jiveturkey979,0.0,0.0,,,0.0
93m1ia,e3eiuvb,"Not OP but I typically associate priests with raping kids specifically, not general raping. Also I imagine nuns to have their own separate nunny heirarchy where they're not under the direct authority of men but rather other senior nuns who have some amount of power, so I thought they'd be less vulnerable.",http://friendlyatheist.patheos.com/2018/07/31/catholic-nuns-are-speaking-out-about-their-own-abuse-at-the-hands-of-priests//e3eiuvb/,0.283,0.47119883,0.045767322,0.2661772,0.45348886,0.35677677,0.16699752,1533115881.0,7,0,0,NervousContext,0.0,0.0,1.0,1094.0,1095.0
93m1ia,e3ejpwq,"I'm gonna need a different source. ""The friendly atheist"" shitting on the church, and even uses the situation to question why people would follow the church. I'm not buying that. If anyone could provide a different one that would be nice.",http://friendlyatheist.patheos.com/2018/07/31/catholic-nuns-are-speaking-out-about-their-own-abuse-at-the-hands-of-priests//e3ejpwq/,0.234,0.52272606,0.13073033,0.5724795,0.46028158,0.40243408,0.01940071,1533117652.0,1,0,1,zakifag,0.0,0.0,10035.0,34698.0,44733.0
93m1ia,e3ekg1l,"Didn't confession begin as an open, village-level ceremony where people publicly aired their grievances in a spirit of communication and forgiveness?  Turning that into a closed doors, one-on-one ritual of handing regular kompromat to the authorities was never going to end well, and Pius X mandating that confession should begin at the age of seven turned a mistake into a disaster.",http://friendlyatheist.patheos.com/2018/07/31/catholic-nuns-are-speaking-out-about-their-own-abuse-at-the-hands-of-priests//e3ekg1l/,0.25,0.04735767,0.00128746,0.014190876,0.006178642,0.022899706,0.00737891,1533119094.0,-1,0,1,marr,170.0,0.0,3461.0,134345.0,137976.0
93m1ia,e3epies,"You're having the square/rectangle problem. All squares are rectangles, but not all rectangles are squares.",http://friendlyatheist.patheos.com/2018/07/31/catholic-nuns-are-speaking-out-about-their-own-abuse-at-the-hands-of-priests//e3epies/,-0.417,0.04067813,0.001296997,0.014566627,0.003866276,0.017012933,0.006420923,1533126824.0,-1,0,0,[deleted],,,,,
93m1ia,e3eqex5,"I agree how it can seem this way.

And as an ex-catholic, I do find a lot of things wrong with the church.

But confession, when practiced correctly, doesn't provide this kind of ""get out of jail free card. ""

For a lot of lay-people, yes, they make it into an excuse to do what they want and ease their conscience. But for people who legitimately believe in catholicism (as I'd imagine most these priests do), legitimate contrition and a determination to do be better is a part of the confession process. As well as in a lot of cases an imperative to turn oneself in to appropriate authority before being fully forgiven. ",http://friendlyatheist.patheos.com/2018/07/31/catholic-nuns-are-speaking-out-about-their-own-abuse-at-the-hands-of-priests//e3eqex5/,-0.064,0.09438288,0.001945496,0.015932998,0.06476828,0.027730936,0.006874025,1533127886.0,69,0,0,Sir_Thaddeus,93.0,0.0,1408.0,9092.0,10593.0
93m1ia,e3irnen,"My sisters aunt used to be a nun. She said that the nuns were made to sleep with the priests/bishops/cardinals when they all got together for what I guess would be holy conventions or something like that. She said she got out after she got an std and couldn’t do it anymore. She said they were passed around like it was a brothel, and orgies were also common. At the time, I didn’t give her story a second chance until I saw that Law & Order episode that had an almost identical story line. ",http://friendlyatheist.patheos.com/2018/07/31/catholic-nuns-are-speaking-out-about-their-own-abuse-at-the-hands-of-priests//e3irnen/,0.062,0.36095104,0.017933069,0.24147889,0.21668483,0.15627414,0.012647836,1533274497.0,1,0,0,brooklynroses,0.0,0.0,5.0,933.0,938.0
