post_id,comment_id,txt,url,offensiveness_score,Toxicity,Severe Toxicity,Profanity,Identity Attack,Insult,Threat,created,score,total_awards_received,controversiality,user,user_awardee_karma,user_awarder_karma,user_link_karma,user_comment_karma,user_total_karma
coinl4,ewiz774,Motorola is severely underrated. I have an S10 now but I still miss the phone gestures I could do with my Moto G5.,https://i.redd.it/izp01cc6smf31.jpg/ewiz774/,-0.458,0.06421452,0.002288818,0.022696527,0.008250522,0.020708188,0.00746953,1565459008.0,61,0,0,talqualvoce,53,206,4619,23094,27972
coinl4,ewjjf3t,The moto projector mod is cool as fuck.,https://i.redd.it/izp01cc6smf31.jpg/ewjjf3t/,0.417,0.78207105,0.16960317,0.902047,0.022188433,0.34626248,0.007870848,1565467561.0,4,0,0,0utlyre,233,0,3497,11332,15062
coinl4,ewkdy05,"I've got a Z2 Force. Great phone. I had an older Droid Turbo 2 and was going to start looking at the newer Motos, then at the county fair last year, my carrier had a ""Spin the wheel for a new phone (existing customers only)"" I won the phone and enjoy it greatly.",https://i.redd.it/izp01cc6smf31.jpg/ewkdy05/,-0.574,0.04686289,0.003242493,0.032643758,0.005771666,0.017088935,0.009437286,1565481910.0,2,0,0,jbuchana,509,0,1665,16283,18457
coinl4,ewkn138,"this one is a beast. Runs for three days straight, then you just charge it for about one hour at lunch time and it's 100% again, ready for another three days. Absolutely love it.

Not that great of a camera though, but I couldn't care less",https://i.redd.it/izp01cc6smf31.jpg/ewkn138/,-0.326,0.28857216,0.013414118,0.22522148,0.007658557,0.08484049,0.011715741,1565488847.0,2,0,0,XilR14N,0,15,208,5707,5930
coinl4,ewl9oz5,Broke ass but at least we get to live.,https://i.redd.it/izp01cc6smf31.jpg/ewl9oz5/,0.292,0.7701451,0.16960317,0.70864636,0.022188433,0.344702,0.024235269,1565512819.0,1,0,0,matan-el_20,0,0,1,0,1
coinl4,ewlb8kx,"yeah, those broke ass losers with the sense to find a phone that suits their needs and doesn’t require a goddamn mortgage to pay off",https://i.redd.it/izp01cc6smf31.jpg/ewlb8kx/,0.413,0.8696708,0.44787344,0.7181329,0.14661247,0.71120167,0.036839653,1565515194.0,1,0,0,SmearyLobster,159,79,3980,45653,49871
coinl4,ewlbpp1,It always seems funny to me when people see a fucking iPhone as a status symbol. Sorry to break it to you but if you think being able to spend a thousand bucks on a phone is worth bragging about you are the broke one. Let alone the fact that there are Android phones in the same price range too and that not vaccinating makes you part of the dumbest people alive.,https://i.redd.it/izp01cc6smf31.jpg/ewlbpp1/,0.646,0.718943,0.29050803,0.7785769,0.10235514,0.48484445,0.025961896,1565515941.0,1,0,0,M4xP0w3r_,226,18,69,31902,32215
coinl4,ewlcnpz,Wait what my android plus plan is like 2.2 k over 2 years,https://i.redd.it/izp01cc6smf31.jpg/ewlcnpz/,-0.562,0.033806015,0.002164841,0.019075647,0.005512681,0.010058892,0.008764107,1565517424.0,1,0,0,monsterevolved,55,44,362,21810,22271
coinl4,ewldij0,Ah yes we are broke cuz of free vaccines,https://i.redd.it/izp01cc6smf31.jpg/ewldij0/,0.0,0.15048122,0.004634857,0.029460056,0.016460562,0.028832749,0.009023022,1565518778.0,1,0,0,Spirite177,143,23,7644,14160,21970
coinl4,ewlg1r6,"Tweets from samsung galaxy s9

People: hA brOkE bOI",https://i.redd.it/izp01cc6smf31.jpg/ewlg1r6/,-0.083,0.11119666,0.006828308,0.08710717,0.010729378,0.027347196,0.012596053,1565522562.0,1,0,0,GhostRxm,0,16,27936,1998,29950
coinl4,ewqzihq,"*hugs phone* don't listen to the child murder, you're not a bad phone",https://i.redd.it/izp01cc6smf31.jpg/ewqzihq/,0.021,0.4014846,0.03680043,0.17613389,0.035074018,0.0811385,0.4417481,1565687120.0,1,0,0,AlpacaMan104,1707,106,46381,55015,103209
coinl4,ewujvdj,"Checkmate, Antivaxxers:



*Steve Jobs had Autism*",https://i.redd.it/izp01cc6smf31.jpg/ewujvdj/,0.196,0.26104406,0.013607788,0.10023434,0.13377325,0.16817254,0.00789674,1565783703.0,1,0,0,indrickborealis,0,0,97,631,728
