post_id,comment_id,txt,url,offensiveness_score,Toxicity,Severe Toxicity,Profanity,Identity Attack,Insult,Threat,created,score,total_awards_received,controversiality,user,user_awardee_karma,user_awarder_karma,user_link_karma,user_comment_karma,user_total_karma
8ozkp0,e07ccvl,True.  I was so fixed on the homeopathy issue in general I forgot about what they were billing patients.,https://www.telegraph.co.uk/science/2018/06/05/high-court-backs-nhs-decision-stop-funding-homeopathy//e07ccvl/,-0.396,0.015016444,0.000574589,0.010143006,0.002460358,0.009336887,0.006039023,1528286928.0,8,0,0,BlueFaIcon,8.0,0.0,125.0,19894.0,20027.0
8ozkp0,e07dc4r,Some herbal stuff can be effective - aspirin is derived from willow bark. Homeopathy isn't and shouldn't be confused with herbal medicine.,https://www.telegraph.co.uk/science/2018/06/05/high-court-backs-nhs-decision-stop-funding-homeopathy//e07dc4r/,-0.375,0.016587202,0.000743866,0.010979908,0.002571351,0.008234881,0.006543908,1528288203.0,38,0,0,vipros42,971.0,290.0,4840.0,283979.0,290080.0
8ozkp0,e07inr6,"That's not really true now is it? Take apple cider vinegar for example, multiple uses that help relieve symptoms or aid in ""treatment"" for minor issues and it's not medicine. ",https://www.telegraph.co.uk/science/2018/06/05/high-court-backs-nhs-decision-stop-funding-homeopathy//e07inr6/,-0.271,0.017466826,0.000801086,0.011441057,0.00242336,0.009203887,0.006550381,1528293984.0,1,0,0,[deleted],,,,,
8ozkp0,e07xbl2,Homeopathy isn't herbal medicine. Try looking things up before you make stupid statements. ,https://www.telegraph.co.uk/science/2018/06/05/high-court-backs-nhs-decision-stop-funding-homeopathy//e07xbl2/,0.354,0.7105462,0.023076924,0.34827787,0.012139536,0.71120167,0.009644418,1528306719.0,1,0,0,thatcountrychick,0.0,0.0,4.0,8694.0,8698.0
8ozkp0,e08dnqe,"It seems highly illogical to believe a. Water retains a “memory” of its previous solvent, and b. That some how the smaller the amount of the solvent the greater the potency, which inversely exponentially increases. ",https://www.telegraph.co.uk/science/2018/06/05/high-court-backs-nhs-decision-stop-funding-homeopathy//e08dnqe/,-0.104,0.012754552,0.000686646,0.010535837,0.001794396,0.00813988,0.006200845,1528320892.0,1,0,0,[deleted],,,,,
8ozkp0,e08k61v,"Why did they ever fund it in the first fucking place?

They shouldn't be covering homeopaths, naturopathy, chiropractic, Chinese medicine and all that other quackery.

",https://www.telegraph.co.uk/science/2018/06/05/high-court-backs-nhs-decision-stop-funding-homeopathy//e08k61v/,0.583,0.7510937,0.23226519,0.776286,0.36803186,0.5130944,0.011974656,1528327276.0,2,0,0,Revoran,73.0,0.0,7026.0,458075.0,465174.0
8ozkp0,e08p0wr,Yep. Heck of a way to make a point. ,https://www.telegraph.co.uk/science/2018/06/05/high-court-backs-nhs-decision-stop-funding-homeopathy//e08p0wr/,-0.417,0.30993456,0.010681152,0.29456177,0.006400629,0.0820023,0.008531082,1528332403.0,1,0,0,Safety_Cop,0.0,16.0,,,16.0
8ozkp0,e09ezih,I find it interesting on how many of these FDA approved drugs are out there and how many also have class action lawsuits against them.,https://www.telegraph.co.uk/science/2018/06/05/high-court-backs-nhs-decision-stop-funding-homeopathy//e09ezih/,-0.271,0.025910228,0.000844002,0.01174849,0.004365747,0.011540901,0.007391856,1528369413.0,0,0,0,Nightmama513,0.0,0.0,541.0,4486.0,5027.0
8ozkp0,e09f3r8,"homeopathy is effective for treatments, but not cures....it wont cure an aggressive cancer, or Alzheimer’s. That’s the confusion because some people take it to mean it can fully replace a doctor and it cant",https://www.telegraph.co.uk/science/2018/06/05/high-court-backs-nhs-decision-stop-funding-homeopathy//e09f3r8/,-0.021,0.024260364,0.001206398,0.013678487,0.00466173,0.009982891,0.007482476,1528369622.0,0,0,0,[deleted],,,,,
8ozkp0,e0adlek,"They're not banning them, the state just isn't funding them any more. There's also plenty of expensive drugs they don't fund that people have kicked up a fuss about in the past. ",https://www.telegraph.co.uk/science/2018/06/05/high-court-backs-nhs-decision-stop-funding-homeopathy//e0adlek/,0.042,0.044141594,0.001215935,0.017436003,0.002737841,0.018129934,0.00823333,1528402504.0,1,0,0,Willowx,186.0,0.0,553.0,91483.0,92222.0
