post_id,comment_id,txt,url,offensiveness_score,Toxicity,Severe Toxicity,Profanity,Identity Attack,Insult,Threat,created,score,total_awards_received,controversiality,user,user_awardee_karma,user_awarder_karma,user_link_karma,user_comment_karma,user_total_karma
90o5an,e2ryes0,"The change was likely made for two reasons: 1. to create a more user friendly, modern looking site; this is subjective, but the layout is in line with modern design 2. they have a more unified experience between desktop, tablet, and mobile web with the new layout. For better or worse #2 is a very common thing for sites with heavy cross use use. It makes a much easier codebase to maintain and allows for better unification of experience.

As to why it may not be working for you the only thing I can think of is content blockers. There's a ton of JS & requests going on with the new layout and even on desktop it did not work well for me until i swapped it to be less image heavy.",https://www.reddit.com/r/changemyview/comments/90o5an/cmv_old_reddit_is_in_every_conceivable_way_way//e2ryes0/,-0.375,0.034984488,0.001564026,0.020851927,0.006622616,0.018001022,0.008893564,1532171527.0,4,0,0,Tarpit_Carnivore,83.0,0.0,5021.0,22957.0,28061.0
90o5an,e2ryf7f,"Personally, I always liked using Reddit but I did not use it anywhere close to as much until they launched their mobile app. I do most of my internet on my phone and the old Reddit was crap on it, minus the fact that there wasn't  even an app. The overwhelming majority of people's interneting happens on mobile

Disclaimer: I'm not sure how much the redesign had to do with the mobile app but I believe they happened around the same time",https://www.reddit.com/r/changemyview/comments/90o5an/cmv_old_reddit_is_in_every_conceivable_way_way//e2ryf7f/,-0.188,0.2820025,0.013285006,0.37052724,0.033269364,0.086852804,0.009437286,1532171552.0,4,0,0,LongjumpingCake,0.0,13.0,922.0,16767.0,17702.0
90o5an,e2rz501,"Just to give a different view. From a modding perspective, the redesign finally adds, or is in the process of adding, a lot of native tools that help make moderation a lot easier for new mods. You don't have to be a CSS wizard now to set up a good looking subreddit. There are native removal reasons that will hopefully end up in mobile apps instead of being a computer only feature from toolbox. Flair filtering is finally happening. Posting requirements will work properly instead of having Automod remove posts and comments.

Yes, there are a lot of complaints from mods about the redesign, but the improvements made by admins over the past few months have been incredible and show that they're listening to feedback. Just check /r/redesign weekly and you'll see.",https://www.reddit.com/r/changemyview/comments/90o5an/cmv_old_reddit_is_in_every_conceivable_way_way//e2rz501/,-0.146,0.022021262,0.001583099,0.024472807,0.004846719,0.012110904,0.007650771,1532173029.0,57,0,0,Thunderclaww,2932.0,3446.0,67722.0,38053.0,112153.0
90o5an,e2rzawm,"Fair for y U, but if some users can’t, is that not a problem?  Many (inappropriate, given where we are) response I’ve gotten were form people who had no functional problems, but still hated that change.

To the OP, can you give a single benefit from the change?",https://www.reddit.com/r/changemyview/comments/90o5an/cmv_old_reddit_is_in_every_conceivable_way_way//e2rzawm/,-0.354,0.11057663,0.001964569,0.023243073,0.005475683,0.05027775,0.007598988,1532173352.0,-2,0,1,GhostPantsMcGee,0.0,0.0,6329.0,13195.0,19524.0
90o5an,e2rzeeh,"But you're the only user I've heard of this happening to, so it seems like an isolated incident. And Idk, I like the look so I'd say that's a plus. It's also easier to read conversations/threads you're in from the messages tab.",https://www.reddit.com/r/changemyview/comments/90o5an/cmv_old_reddit_is_in_every_conceivable_way_way//e2rzeeh/,-0.167,0.042657252,0.0025177,0.025770858,0.00828752,0.014390918,0.009903334,1532173540.0,33,0,0,billybobthongton,13.0,65.0,10455.0,65668.0,76201.0
90o5an,e2rzo10,"> to create a more user friendly

I’m a user and I feel like an enemy.

>they have a more unified experience between desktop, tablet, and mobile web with the new layout. 

I’ve used all three and never felt “un-unified”

To that point, as a mobile user I feel like my experience has been diminished.  I can’t even imagine how crippled future desktop users will be.",https://www.reddit.com/r/changemyview/comments/90o5an/cmv_old_reddit_is_in_every_conceivable_way_way//e2rzo10/,-0.188,0.28857216,0.022322904,0.15195307,0.10221587,0.08410009,0.032005094,1532174049.0,-8,0,0,GhostPantsMcGee,0.0,0.0,6329.0,13195.0,19524.0
90o5an,e2rzyc5,"Perhaps it is opinion, but considering the idea of this sub is to change my view, and most people agree with my view explicitly and try to play DA, there is something wrong with this.

Saying it’s just my problem doesn’t change my view.",https://www.reddit.com/r/changemyview/comments/90o5an/cmv_old_reddit_is_in_every_conceivable_way_way//e2rzyc5/,-0.104,0.023199737,0.001182556,0.020988565,0.006326634,0.009944891,0.007586042,1532174566.0,1,0,1,GhostPantsMcGee,0.0,0.0,6329.0,13195.0,19524.0
90o5an,e2s0472,"You should post your problem to /r/redesign, it's the place for everything related to the new design.

I haven't heard anyone having the problems you are having, so it is almost certainly related to your system and/or the extensions you have installed.

edit: i see you are using Safari on iOS so first of all, don't ever use Safari. Use Chrome instead. That will probably fix your problem.",https://www.reddit.com/r/changemyview/comments/90o5an/cmv_old_reddit_is_in_every_conceivable_way_way//e2s0472/,-0.479,0.034984488,0.001811981,0.025497584,0.005549679,0.014086916,0.008712323,1532174856.0,10,0,0,qtx,1530.0,0.0,32981.0,306832.0,341343.0
90o5an,e2s093n,Do you honestly think the new modding tools couldn’t exist without a visual overhauls?,https://www.reddit.com/r/changemyview/comments/90o5an/cmv_old_reddit_is_in_every_conceivable_way_way//e2s093n/,-0.208,0.050821137,0.002174377,0.022901481,0.007362573,0.016100928,0.008738215,1532175097.0,23,0,0,GhostPantsMcGee,0.0,0.0,6329.0,13195.0,19524.0
90o5an,e2s346d,"I'm baffled how you originally stated your view as ""Old reddit is in every way conceivable superior to new reddit from an end user"" and you've appeared immovable. Your defenses of your view have focused on your personal experiences, so you are only considering a how one or the other is superior to you or people in situations similar to you. There have been a plethora of explanations how the new reddit has improved the user interface experience for at least some portion of users, which I think you ought to give them at least some credit. ",https://www.reddit.com/r/changemyview/comments/90o5an/cmv_old_reddit_is_in_every_conceivable_way_way//e2s346d/,0.042,0.10956833,0.00289917,0.051932767,0.01274247,0.04969218,0.008129764,1532179555.0,12,0,0,[deleted],,,,,
90o5an,e2s4co9,"I wouldn't say for naught. Current reddit is still going to stick around, and a bunch of people are still going to use it. Plus, you can already use some of your CSS in the redesign widgets, and there's supposed to be even more ability to post CSS over into the redesign in the future.",https://www.reddit.com/r/changemyview/comments/90o5an/cmv_old_reddit_is_in_every_conceivable_way_way//e2s4co9/,-0.312,0.06817148,0.004348755,0.07191269,0.013546381,0.022190686,0.011922873,1532181200.0,6,0,0,Thunderclaww,2932.0,3446.0,67722.0,38053.0,112153.0
90o5an,e2s5g4o,"If your argument is that anything good about the new design could be implemented without the bad stuff, I think changing your view would be difficult. ",https://www.reddit.com/r/changemyview/comments/90o5an/cmv_old_reddit_is_in_every_conceivable_way_way//e2s5g4o/,-0.083,0.035220183,0.00084877,0.013200258,0.00310782,0.01617693,0.006822242,1532182566.0,30,0,0,Simple_Rules,71.0,0.0,129.0,18276.0,18476.0
90o5an,e2s6w8m,Everything you listed *could* have been rolled into the old design but instead we have a situation where we have to take the shit to get the QOL improvements.,https://www.reddit.com/r/changemyview/comments/90o5an/cmv_old_reddit_is_in_every_conceivable_way_way//e2s6w8m/,0.125,0.6027529,0.023458159,0.776286,0.013043936,0.25800487,0.008013252,1532184281.0,1,0,0,applejacksparrow,80.0,0.0,,,80.0
90o5an,e2s7za5,"Yes, it probably could have. However, I would put a lot of money down on it being a lot more difficult to implement, taking a lot longer to arrive, and some of the solutions being more of a workaround than if they were built in from the start.

For admins, it's a two birds with one stone situation. Update mod tools and make the site more user friendly to new people and mods.

Also, it still is in beta. If there's something you don't like, post it to redesign with why you don't like it and how you think it should be changed. If you've followed the redesign from the start, there have been a lot of big and small improvements that come from redditors providing feedback. It's come a long way and it still has a ways to go, but I feel optimistic. ",https://www.reddit.com/r/changemyview/comments/90o5an/cmv_old_reddit_is_in_every_conceivable_way_way//e2s7za5/,0.0,0.050821137,0.002317429,0.03189224,0.010803374,0.022448512,0.010317599,1532185524.0,5,0,0,Thunderclaww,2932.0,3446.0,67722.0,38053.0,112153.0
90o5an,e2s807o,"When giving feedback, it's usually Ill advised to just go ""it doesn't work"", because it forces us to come back and ask to further explain your issue.

I have no idea what you mean by ""not being able to scroll"", or ""expand"" or ""comment"". Scroll where? Scroll how? What happens? Expand what?",https://www.reddit.com/r/changemyview/comments/90o5an/cmv_old_reddit_is_in_every_conceivable_way_way//e2s807o/,-0.17,0.051563308,0.001544952,0.021056883,0.002164375,0.024511116,0.00713294,1532185553.0,5,0,0,spays_marine,497.0,0.0,1339.0,58336.0,60172.0
90o5an,e2sgoon,">  From a modding perspective,

Lol. You are clearly not actually a very active mod. Most mods are pissed about them gutting CSS. Even now, every sub looks better with CSS than without it.",https://www.reddit.com/r/changemyview/comments/90o5an/cmv_old_reddit_is_in_every_conceivable_way_way//e2sgoon/,0.125,0.39644176,0.023076924,0.32479182,0.04023018,0.27763805,0.012440704,1532194736.0,0,0,1,MrMallow,1289.0,2397.0,34635.0,262722.0,301043.0
90o5an,e2sip2w,"It's bad from the perspective of a CURRENT Reddit user.  
But you aren't going away.  
It's good from the perspective of a Facebook user, which might transition to Reddit.  
  
You are not going away, the redesign is to get new users, so, ""bad from an end user perspective"" depends on which end users you are talking about.",https://www.reddit.com/r/changemyview/comments/90o5an/cmv_old_reddit_is_in_every_conceivable_way_way//e2sip2w/,-0.25,0.05750068,0.00284195,0.04065997,0.008731495,0.022319598,0.00951496,1532196837.0,1,0,0,ChestBras,223.0,26.0,,,249.0
90o5an,e2sja10,New Reddit is better for porn subs. I click card view and get a scrolling page full of good pics.,https://www.reddit.com/r/changemyview/comments/90o5an/cmv_old_reddit_is_in_every_conceivable_way_way//e2sja10/,0.417,0.3625127,0.023076924,0.36230123,0.021083053,0.030816011,0.008608758,1532197440.0,2,0,0,thatoneguy54,1081.0,157.0,9123.0,236622.0,246983.0
90o5an,e2sjd5r,I hate that AMP crap whenever using google now,https://www.reddit.com/r/changemyview/comments/90o5an/cmv_old_reddit_is_in_every_conceivable_way_way//e2sjd5r/,0.167,0.8299589,0.23224974,0.68353343,0.17769934,0.5130944,0.016465442,1532197532.0,1,0,0,CalcioMilan,0.0,0.0,2191.0,38432.0,40623.0
90o5an,e2sjfga,New reddit has been perfectly fine and usable for me. On a simple macbook air using chrome. ,https://www.reddit.com/r/changemyview/comments/90o5an/cmv_old_reddit_is_in_every_conceivable_way_way//e2sjfga/,-0.479,0.009298885,0.000743866,0.013917602,0.00327431,0.006733872,0.006815769,1532197599.0,1,0,0,eatyourchildren,175.0,0.0,2137.0,14255.0,16567.0
90o5an,e2sjt9s,"Luckily I wasnt that heavily invested in Reddit before the redesign, but I do agree; for being a ""better"" design it somehow pulled of being a worse design, not just visually but the functions and features aswell.

Say I wanna copy a text, nope that closes that persons comment. Say I want to read the entire thread I was replying to/reading, nope that opens up ALL comments on that post. Say I want to use different text formating - I have to google what does what, unless I know it by heart, and theres no way to look it up or change it on the fly.

Maybe Im wrong, maybe Im right, Im relatively new to the entirety of Reddit.",https://www.reddit.com/r/changemyview/comments/90o5an/cmv_old_reddit_is_in_every_conceivable_way_way//e2sjt9s/,-0.062,0.06500591,0.002975464,0.085167445,0.007880543,0.024640027,0.007883795,1532198000.0,1,0,0,[deleted],,,,,
90o5an,e2sjuec,and the new design is fukcing killing the joke punchlines.,https://www.reddit.com/r/changemyview/comments/90o5an/cmv_old_reddit_is_in_every_conceivable_way_way//e2sjuec/,0.292,0.8696708,0.35368225,0.8449782,0.043581683,0.38852,0.13734594,1532198033.0,1,0,0,bhanukiran444,13.0,0.0,284.0,7733.0,8030.0
90o5an,e2sl1gf,"I just adjusted and don’t care too much. I use the site while taking shits, to ask random questions, and keep up with various communities. It could look like tumblr or 4chan I don’t care enough which it is. It’s a time sink not my life ",https://www.reddit.com/r/changemyview/comments/90o5an/cmv_old_reddit_is_in_every_conceivable_way_way//e2sl1gf/,0.188,0.5532103,0.05742428,0.6242122,0.04641757,0.26957804,0.015774792,1532199276.0,1,0,0,[deleted],,,,,
90o5an,e2slaxo,"Not sure what the problem you're having is, but it works pretty well for most people. I can scroll, comment, expand, and most of the stuff I do on old reddit. Plus, it looks nicer.

Now there's still a bunch of stuff that is broken or hasn't been implemented yet. I do hope they fix those things, but your experience isn't what most people experience with the new redesign. ",https://www.reddit.com/r/changemyview/comments/90o5an/cmv_old_reddit_is_in_every_conceivable_way_way//e2slaxo/,-0.104,0.038519915,0.002307892,0.04141149,0.007214582,0.017485369,0.008349842,1532199551.0,1,0,0,terevos2,708.0,0.0,29411.0,76145.0,106264.0
90o5an,e2sluh6,"No? It looks like shit and you can't see the images without clicking and there isn't a light theme. I get that there are flaws in the redesign, but why does nobody complain about the shit that is the old design?",https://www.reddit.com/r/changemyview/comments/90o5an/cmv_old_reddit_is_in_every_conceivable_way_way//e2sluh6/,0.625,0.85333383,0.34966052,0.85672,0.04512853,0.48313886,0.009230154,1532200112.0,1,0,0,m1ksuFI,1946.0,115.0,71765.0,89417.0,163243.0
90o5an,e2smmp4,How does one describe an end user on a site such as reddit?,https://www.reddit.com/r/changemyview/comments/90o5an/cmv_old_reddit_is_in_every_conceivable_way_way//e2smmp4/,-0.458,0.020231359,0.00105381,0.016616182,0.003866276,0.009108886,0.006757513,1532200932.0,1,0,0,[deleted],,,,,
90o5an,e2smxw2,i feel the same way about the new IMGUR that still doesnt have drag and drop implemented..,https://www.reddit.com/r/changemyview/comments/90o5an/cmv_old_reddit_is_in_every_conceivable_way_way//e2smxw2/,-0.271,0.02826718,0.001811981,0.01982715,0.007473567,0.010324894,0.009825659,1532201263.0,1,0,0,maazer,0.0,12.0,1.0,8280.0,8293.0
90o5an,e2sn0jy,"The redesign makes reddit easier to use for luddites, therefore increasing appeal for existing social media users who may have previously found reddit “too retro” to navigate and understand. 

This redesign serves only to increase the user base of reddit, and therefore increase profit generated. 

It is as simple as that, you guys are overthinking it. ",https://www.reddit.com/r/changemyview/comments/90o5an/cmv_old_reddit_is_in_every_conceivable_way_way//e2sn0jy/,0.042,0.09872158,0.003852844,0.07255927,0.019374741,0.03235855,0.00948907,1532201341.0,1,0,0,[deleted],,,,,
90o5an,e2sn0os,You don't seem like someone who is capable of having their views changed. This discussion can only be about whether there are any upsides to the overhaul. We can't convince you that the aesthetics that you hate are actually good. ,https://www.reddit.com/r/changemyview/comments/90o5an/cmv_old_reddit_is_in_every_conceivable_way_way//e2sn0os/,0.021,0.103060275,0.001707077,0.01846078,0.007510565,0.03312982,0.006647474,1532201345.0,5,0,0,icebrotha,505.0,33.0,89492.0,240903.0,330933.0
90o5an,e2so3ro,"One major advantage that people miss is that Reddit is now a full-fledged web app. This serves a lot of advantages. I believe the move was fuelled by the (possible) fact that a lot of reddit's userbase comes from various mobile apps. 
You might have noticed that none of the internal links refresh the page, but instead fetches you information in an instantly loaded new view (as is the expected behaviour in a mobile app). Also, given that you use a popular updated browser, your browser will cache all the views for you making reddit even faster.
And the fact that they now have proper design guidelines and brand identity is arguably a good thing.
And finally, their code is now sweet af! If you try you can smell it! ",https://www.reddit.com/r/changemyview/comments/90o5an/cmv_old_reddit_is_in_every_conceivable_way_way//e2so3ro/,-0.271,0.027088705,0.001573563,0.024951037,0.006881601,0.014048916,0.008181547,1532202491.0,2,0,0,OldIndianMonk,40.0,22.0,7623.0,7939.0,15624.0
90o5an,e2so6tg,"It's more ridiculous that the ""opt out of redesign "" button constantly gives an error.",https://www.reddit.com/r/changemyview/comments/90o5an/cmv_old_reddit_is_in_every_conceivable_way_way//e2so6tg/,-0.312,0.45757914,0.01083374,0.174273,0.007695554,0.48627716,0.007767282,1532202583.0,1,0,0,drkjalan,0.0,0.0,,,0.0
90o5an,e2sosy0,"But it seems like they’re eventually planning on adding it back, no? So this complaint shouldn’t be permanent.",https://www.reddit.com/r/changemyview/comments/90o5an/cmv_old_reddit_is_in_every_conceivable_way_way//e2sosy0/,-0.458,0.033334624,0.001335144,0.016103793,0.005216698,0.012566907,0.008155655,1532203231.0,2,0,0,MajesticFxxkingEagle,1485.0,325.0,31740.0,130896.0,164446.0
90o5an,e2sowu2,"Nope, they have made it very clear since the start that CSS will be gutted from the new design. They have stated that there might be some CSS options, but not real CSS like we have always had. I have been a mod, on multiple accounts for ten years now and I know a lot of long term mods. No one is happy about this.",https://www.reddit.com/r/changemyview/comments/90o5an/cmv_old_reddit_is_in_every_conceivable_way_way//e2sowu2/,-0.208,0.11119666,0.00459671,0.060951006,0.019575719,0.034011267,0.010705971,1532203346.0,2,0,0,MrMallow,1289.0,2397.0,34635.0,262722.0,301043.0
90o5an,e2sp236,Exactly. Sounds like this user is just having bugs on likely his old iPhone and doesn’t want to explain them. ,https://www.reddit.com/r/changemyview/comments/90o5an/cmv_old_reddit_is_in_every_conceivable_way_way//e2sp236/,-0.152,0.07054565,0.001487732,0.016752819,0.00621564,0.026058068,0.006925808,1532203496.0,2,0,0,troyboltonislife,854.0,8.0,1461.0,38878.0,41201.0
90o5an,e2sp30m,One underrated benefit: the new ability to cycle through posts using the ‘N’ key is very useful for erm... one-handed use.,https://www.reddit.com/r/changemyview/comments/90o5an/cmv_old_reddit_is_in_every_conceivable_way_way//e2sp30m/,-0.167,0.019100413,0.000824928,0.01128734,0.001581658,0.00971689,0.006744567,1532203523.0,1,0,0,MajesticFxxkingEagle,1485.0,325.0,31740.0,130896.0,164446.0
90o5an,e2sqez9,"I want to Gold this post but that would mean paying Reddit for a mistake.

Uhm, as far as changing your view, it's for the normies. They don't care about freedom and power in the user interface as much and just want an easy time with a more basic level of engagement. Maybe it's a greater detriment if the power users all hate the redesign (I'd hope so) but it looks like Reddit's purpose is no longer aligned with yours.",https://www.reddit.com/r/changemyview/comments/90o5an/cmv_old_reddit_is_in_every_conceivable_way_way//e2sqez9/,-0.021,0.20265625,0.009727478,0.1554785,0.06658725,0.0813853,0.01940071,1532204907.0,1,0,0,Khekinash,118.0,0.0,5282.0,6415.0,11815.0
90o5an,e2srfh2,"Have you tried the classic view?  It's like old reddit but if you click to go to the comments, it opens inline so you don't have to open a bunch of tabs.  Or is your question related solely to the card view?",https://www.reddit.com/r/changemyview/comments/90o5an/cmv_old_reddit_is_in_every_conceivable_way_way//e2srfh2/,-0.277,0.012314741,0.000786781,0.014190876,0.002996826,0.007702877,0.006776932,1532205980.0,1,0,0,sengin31,143.0,8.0,7885.0,5537.0,13573.0
90o5an,e2ssfb4,"What I was expecting with the redesign was purely a change of color scheme to orange, and maybe some of the boxes/graphics have differently shaped contours/gradients.

However I was fully expecting everything to remain in pretty much the same place. I really wouldn't have been opposed it. I actually like the orange color scheme over blue (Not that it'd matter for night mode).",https://www.reddit.com/r/changemyview/comments/90o5an/cmv_old_reddit_is_in_every_conceivable_way_way//e2ssfb4/,-0.417,0.037577134,0.002069473,0.025360947,0.008213525,0.017292,0.008466354,1532207041.0,1,0,0,memejets,182.0,0.0,479.0,49487.0,50148.0
90o5an,e2sszpt,"You do realize that other users can scroll, right? I can scroll on every page, which seems to make your biggest argument sort of invalid",https://www.reddit.com/r/changemyview/comments/90o5an/cmv_old_reddit_is_in_every_conceivable_way_way//e2sszpt/,-0.042,0.28312725,0.007820129,0.079025,0.014551271,0.10294484,0.009256045,1532207652.0,2,0,0,[deleted],,,,,
90o5an,e2st3fz,"They did it to increase ad revenue.  The goal is to keep you on reddit as much as possible.  Before the redesign, when you clicked a link it would take you to the hosting site (imgur, gfycat) and reddit would lost that ad revenue.  Now, a lot of these links are opened within reddit which gives to ad revenue back to reddit.

I hate the redesign, but it makes sense why they did it.  They were driving traffic away from reddit and to other sites for a long time.  User experience is just an afterthought.",https://www.reddit.com/r/changemyview/comments/90o5an/cmv_old_reddit_is_in_every_conceivable_way_way//e2st3fz/,-0.042,0.103494145,0.003528595,0.0864606,0.011099357,0.029934563,0.008116818,1532207761.0,1,0,0,rrawk,310.0,0.0,1315.0,39262.0,40887.0
90o5an,e2stf6x,Am I the only person on earth that thinks the redesign is actually kind of refreshing and nice ?,https://www.reddit.com/r/changemyview/comments/90o5an/cmv_old_reddit_is_in_every_conceivable_way_way//e2stf6x/,-0.348,0.054037213,0.002222061,0.028640235,0.007732552,0.014504919,0.008336896,1532208119.0,1,0,0,amalik87,35.0,0.0,485.0,4967.0,5487.0
90o5an,e2stgt0,"With the sheer amount of content the site has, it’s probably really fucking expensive to run it .",https://www.reddit.com/r/changemyview/comments/90o5an/cmv_old_reddit_is_in_every_conceivable_way_way//e2stgt0/,0.438,0.6667219,0.16960317,0.776286,0.023997234,0.23237456,0.009411395,1532208168.0,1,0,0,amalik87,35.0,0.0,485.0,4967.0,5487.0
90o5an,e2su7cx,"Unfortunately, it’s probably better from a “end money” perspective.",https://www.reddit.com/r/changemyview/comments/90o5an/cmv_old_reddit_is_in_every_conceivable_way_way//e2su7cx/,-0.354,0.017466826,0.000696182,0.011492296,0.001674153,0.008956885,0.006453287,1532208977.0,1,0,0,RimbaudJunior,60.0,0.0,13729.0,7393.0,21182.0
