post_id,comment_id,txt,url,offensiveness_score,Toxicity,Severe Toxicity,Profanity,Identity Attack,Insult,Threat,created,score,total_awards_received,controversiality,user,user_awardee_karma,user_awarder_karma,user_link_karma,user_comment_karma,user_total_karma
ahnpri,eeg96ju,"Your grandfather seems like a thoughtful, intelligent person. He and my grandfather would probably get along very well.",https://i.redd.it/7wrj8mbfteb21.jpg/eeg96ju/,-0.521,0.15048122,0.010452271,0.07870171,0.01756594,0.032799274,0.025961896,1547917407.0,2080,0,0,auberus,2590.0,3468.0,,,6058.0
ahnpri,eega1ew,Wow. Your great-grandfather is awesome.,https://i.redd.it/7wrj8mbfteb21.jpg/eega1ew/,-0.812,0.038991302,0.002164841,0.018802373,0.006252638,0.014276917,0.007094103,1547917876.0,200,0,0,notchhill,15.0,620.0,11411.0,13547.0,25593.0
ahnpri,eegott3,"Honestly, your uncle just needs to look at the developing world today. Vaccines in my parent's country are literally saving lives... today, in areas where sanitation hasn't really improved",https://i.redd.it/7wrj8mbfteb21.jpg/eegott3/,-0.292,0.11202335,0.004520416,0.02973333,0.009989422,0.025929155,0.009411395,1547926264.0,158,0,0,b1tchlasagna,524.0,0.0,45404.0,92376.0,138304.0
ahnpri,eegyxqj,"> I’m not sure if there’s any helping him.

Go cut his internet cable.

When they fix it, go cut it again.

There are too many good people having misinformation shoved down their throats under the guise of uncovering something sinister, and making them feel smarter for knowing this inside information. ",https://i.redd.it/7wrj8mbfteb21.jpg/eegyxqj/,0.312,0.24442963,0.00869751,0.026727317,0.00569767,0.09855611,0.146441,1547932631.0,40,0,0,GarretTheGrey,304.0,0.0,3876.0,66766.0,70946.0
ahnpri,eeicp8q,But vaccines cause autism Grandpa 😵,https://i.redd.it/7wrj8mbfteb21.jpg/eeicp8q/,0.125,0.19124292,0.016771052,0.043165036,0.026207991,0.17237684,0.005912802,1547966006.0,1,0,0,[deleted],,,,,
ahnpri,eeif9f0,Beautiful. Just beautiful. His sincerity is apparent both from the writing style and lack of spelling errors.,https://i.redd.it/7wrj8mbfteb21.jpg/eeif9f0/,-0.542,0.09785384,0.001325607,0.012824507,0.003255812,0.034341812,0.006058442,1547968768.0,2,0,0,Planes-n-Gains,0.0,0.0,75.0,402.0,477.0
ahnpri,eeiipvi,"My dad caught polio when he was a child. Luckily, his only long term effect is a bad leg. He’s a really tough man and you can tell that his struggles with his leg make him into what he is today. You could also tell that he’s in a constant suffering, as he couldn’t stand, walk for a long time (running is out of the question) and would be moody and grumpy all the time.  
  
He and my mom make sure that I get all the inoculations against nasty diseases especially polio (which was quite an expensive thing back in the day, especially in a developing country). They do this because they remember the horror of diseases.",https://i.redd.it/7wrj8mbfteb21.jpg/eeiipvi/,-0.125,0.079250954,0.003376007,0.048175167,0.006326634,0.024511116,0.011146127,1547973131.0,4,0,0,oonnnn,33.0,0.0,494.0,17412.0,17939.0
ahnpri,eeivjj5,"the vaccines were probably safe for your grandpa. Mine were too. But the new 50 plus injections they are trying to push now on my kids.... nice try big pharma. 
These executives at the companies wont vaccinate their own kids, and neither will many doctors and nurses. But you should TRUST the corporations and the government. That's always to best thing to do. Corporations ALWAYS look out for the regular people. ",https://i.redd.it/7wrj8mbfteb21.jpg/eeivjj5/,0.125,0.06579731,0.002212524,0.019690514,0.005845661,0.028171662,0.008065036,1547985232.0,-15,0,0,onefoxyman,68.0,0.0,3185.0,683.0,3936.0
ahnpri,eej3c2e,Fucking slaughtered. I want this dude to give a speech.,https://i.redd.it/7wrj8mbfteb21.jpg/eej3c2e/,0.646,0.9248995,0.50703704,0.8907955,0.20878418,0.5239335,0.5382386,1547991489.0,2,0,0,throwawaytrash6990,254.0,295.0,6087.0,19854.0,26490.0
ahnpri,eejqgn4,Wow. We have reached a point in our society that we forget why we have vaccines now. ,https://i.redd.it/7wrj8mbfteb21.jpg/eejqgn4/,-0.333,0.027560094,0.0010252,0.01128734,0.003311308,0.011730902,0.006628056,1548005064.0,2,0,0,HowDoIGetOnline,0.0,118.0,2423.0,3386.0,5927.0
ahnpri,eet6sa2,"Dude, there’s a reason they don’t occur...",https://i.redd.it/7wrj8mbfteb21.jpg/eet6sa2/,-0.438,0.045131154,0.001726151,0.019075647,0.003477799,0.014732921,0.008103873,1548292724.0,14,0,0,spooky_duvet,0.0,0.0,1461.0,1185.0,2646.0
ahnpri,egxtztf,Not gonna lie this hit me hard especially since my mom and dad are anti vaxx,https://i.redd.it/7wrj8mbfteb21.jpg/egxtztf/,-0.167,0.3047732,0.016577384,0.10240069,0.057492398,0.06529768,0.13802026,1550732922.0,1,0,0,rapidracoon6,0.0,51.0,32.0,135.0,218.0
