post_id,comment_id,txt,url,offensiveness_score,Toxicity,Severe Toxicity,Profanity,Identity Attack,Insult,Threat,created,score,total_awards_received,controversiality,user,user_awardee_karma,user_awarder_karma,user_link_karma,user_comment_karma,user_total_karma
biap2c,elzco8y,"A little while ago I would be thinking “it’s the US, I’m safe.”

Until they came here.

Fuck you, antivaxxers. You proud of yourselves?",https://i.redd.it/5l67jlktzzu21.jpg/elzco8y/,0.667,0.85850734,0.45401973,0.84506536,0.38230872,0.6308392,0.09929679,1556460170.0,592,0,0,[deleted],,,,,
biap2c,elzro8h,So weird how measles is increasing as we decrease the number of vaccinated children then.  Very peculiar.,https://i.redd.it/5l67jlktzzu21.jpg/elzro8h/,-0.083,0.026145924,0.001068115,0.010535837,0.002811837,0.011046898,0.006628056,1556470997.0,133,0,0,[deleted],,,,,
biap2c,elzumyr,"Definitely throws a wrench in their ""cleanliness is what reduced the diseases"" argument.",https://i.redd.it/5l67jlktzzu21.jpg/elzumyr/,-0.17,0.04686289,0.001063347,0.01265371,0.003070822,0.020192537,0.006789878,1556473033.0,64,0,0,swiftb3,127.0,0.0,2264.0,182367.0,184758.0
biap2c,elzwt77,"Interesting, so how many people in the us cant get vaccinated?",https://i.redd.it/5l67jlktzzu21.jpg/elzwt77/,-0.319,0.019351736,0.000896454,0.010809111,0.005623675,0.008709883,0.007016428,1556474550.0,-19,0,0,RaccoonEyesz,99.0,668.0,3392.0,789.0,4948.0
biap2c,em01lsa,Big Parma is making people sick as revenge for not vaccinating!!!,https://i.redd.it/5l67jlktzzu21.jpg/em01lsa/,0.25,0.31963667,0.011367798,0.054437835,0.033527173,0.23704576,0.010498839,1556477916.0,22,0,0,danieln1212,248.0,0.0,845.0,73422.0,74515.0
biap2c,em0dv6a,Fucking antivaxxers are the scum of the earth. I,https://i.redd.it/5l67jlktzzu21.jpg/em0dv6a/,0.896,0.96426713,0.54181844,0.94929975,0.55044734,0.7967344,0.04524883,1556486592.0,2,0,0,avicioustradition,393.0,101.0,7104.0,34884.0,42482.0
biap2c,em0n0h4,"I would call all of them anti vaxxers, most of then just haven't had their vaccinations yet.",https://i.redd.it/5l67jlktzzu21.jpg/em0n0h4/,-0.125,0.091913216,0.002479553,0.015215653,0.017766917,0.026058068,0.010136358,1556493189.0,3,0,0,zubai1214,30.0,12.0,19389.0,14024.0,33455.0
biap2c,em0rmv8,Vaccination should just become a law,https://i.redd.it/5l67jlktzzu21.jpg/em0rmv8/,-0.375,0.043399423,0.002746582,0.018119188,0.008509507,0.010666896,0.009696201,1556496909.0,4,0,0,Someguywholikesmemes,0.0,0.0,188.0,283.0,471.0
biap2c,em130k4,I guess sucks being an anti vaxxer nowadays,https://i.redd.it/5l67jlktzzu21.jpg/em130k4/,0.271,0.7998551,0.3492342,0.6242122,0.17925262,0.58196646,0.010343489,1556506030.0,1,0,0,bside85,7.0,0.0,16414.0,24952.0,41373.0
biap2c,em131kb,"My mom said that I was “almost diagnosed with autism” because I was vaccinated and had a speech delay. 

**You’re either diagnosed with autism or you’re not diagnosed with autism, there is no “almost”**",https://i.redd.it/5l67jlktzzu21.jpg/em131kb/,0.125,0.06817148,0.003471375,0.031641733,0.0440973,0.021417208,0.007534259,1556506046.0,4,0,0,Dimension_Cat,31.0,23.0,12347.0,52289.0,64690.0
biap2c,em19x5a,"just make it federal or state law in all 50 states that you must be vaccinated for major illnesses like measles

if you refuse you get hit with a massive fine and you are forcibly vaccinated by the state",https://i.redd.it/5l67jlktzzu21.jpg/em19x5a/,-0.021,0.09394901,0.00377655,0.015215653,0.004421244,0.015644927,0.05430072,1556510834.0,2,0,0,lrestof8189,0.0,0.0,1.0,246.0,247.0
biap2c,em1gy2j,Hmm... the amount of people getting measles spiked right after people stopped vaccinated their kids... what a strange coincidence!,https://i.redd.it/5l67jlktzzu21.jpg/em1gy2j/,0.021,0.040430736,0.001335144,0.011833889,0.002811837,0.01648093,0.00713294,1556517892.0,3,0,0,[deleted],,,,,
