post_id,comment_id,txt,url,offensiveness_score,Toxicity,Severe Toxicity,Profanity,Identity Attack,Insult,Threat,created,score,total_awards_received,controversiality,user,user_awardee_karma,user_awarder_karma,user_link_karma,user_comment_karma,user_total_karma
agpj8u,ee7yh4u,The point of a defence lawyer is not to get people off their sentence but to ensure the right to fair trial is upheld. Defence lawyers in that situation will be looking for leniency in sentencing to make sure the justice process doesn't become vindictive or vengeful,https://www.reddit.com/r/AskReddit/comments/agpj8u/defense_lawyers_of_reddit_what_is_it_like_to//ee7yh4u/,-0.25,0.034513097,0.001134872,0.014225035,0.003884775,0.017743196,0.008052089,1547671399.0,6654,0,0,djdrcoolfresh,0.0,0.0,1.0,20500.0,20501.0
agpj8u,ee98vhv,"What a dick, repeating a /u/greenebean18's pun and getting gold for it.",https://www.reddit.com/r/AskReddit/comments/agpj8u/defense_lawyers_of_reddit_what_is_it_like_to//ee98vhv/,0.583,0.7510937,0.30763787,0.7466957,0.0376521,0.4710501,0.011249693,1547706565.0,111,0,0,PreacherOfGaming,0.0,0.0,4020.0,12862.0,16882.0
agpj8u,ee9i4l5,No it's about setup and execution. It wouldn't have been as funny without greenbean's comment going before it,https://www.reddit.com/r/AskReddit/comments/agpj8u/defense_lawyers_of_reddit_what_is_it_like_to//ee9i4l5/,-0.404,0.063027434,0.002498627,0.020442016,0.004032766,0.017163089,0.012337137,1547719849.0,-3,0,1,erm4gundr,0.0,0.0,1071.0,24679.0,25750.0
agpj8u,ee9m6e5,"Don't get mad at him, the person who gilded him didn't get the pun until it was SPELLED OUT.",https://www.reddit.com/r/AskReddit/comments/agpj8u/defense_lawyers_of_reddit_what_is_it_like_to//ee9m6e5/,0.0,0.07845957,0.001974106,0.017572641,0.002340114,0.021352753,0.012751401,1547726184.0,3,0,0,mbrandonbastian,0.0,53.0,58.0,932.0,1043.0
agpj8u,ee9xqyi,Can we grant him some leniency? ,https://www.reddit.com/r/AskReddit/comments/agpj8u/defense_lawyers_of_reddit_what_is_it_like_to//ee9xqyi/,-0.625,0.104361884,0.002593994,0.013371054,0.002552852,0.027476108,0.029587816,1547737250.0,2,0,0,DepthPrecept,0.0,0.0,1.0,10837.0,10838.0
agpj8u,eeafcnf,"My dad used to be a criminal defense lawyer. He says the reason he left was because one time he was defending some young twenty somethings who he got off with a great deal, I think it was only some community service, and as a thank you they took him out to dinner. While they were out my dad left to go to the bathroom and when he came back he heard the end of their conversation about how they were planning their next “heist”. He left them at the restaurant and the criminal defense field right then and there. He couldn’t stand the feeling of getting someone he knew was guilty off without proper punishment. He’s a securities lawyer now. ",https://www.reddit.com/r/AskReddit/comments/agpj8u/defense_lawyers_of_reddit_what_is_it_like_to//eeafcnf/,-0.042,0.11078331,0.003185272,0.031140719,0.016862517,0.046178754,0.010239923,1547748802.0,3,0,0,Tybeezius,88.0,735.0,7208.0,24193.0,32224.0
agpj8u,eeaj1jj,"I have another question. In the case of client confidentiality, is it right to assume that that means the prosecution's client is actually the state...so any witness talking to the prosecution, who maybe involved should not let anything slip that might incriminate them..because they are not under the client confidentialty umbrella?",https://www.reddit.com/r/AskReddit/comments/agpj8u/defense_lawyers_of_reddit_what_is_it_like_to//eeaj1jj/,-0.167,0.032863233,0.001144409,0.014771583,0.003607291,0.017485369,0.007314181,1547751085.0,1,0,0,indianorphan,173.0,43.0,4870.0,20524.0,25610.0
agpj8u,eeapo3r,"Yup. You have a duty to defend your client, but also a duty not to mislead or lie to the Court. You can't question them in testimony if you know they are going to lie, but you can't deny them a right to testify. It gets tricky. 

Once you know your client did it, you defense shifts from proving they are innocent to showing that the prosecution cannot prove they are guilty. There is a difference.

Source: I am a Civil Defense Attorney in California, but the same rules/situations apply and arise. 

",https://www.reddit.com/r/AskReddit/comments/agpj8u/defense_lawyers_of_reddit_what_is_it_like_to//eeapo3r/,-0.062,0.07291982,0.001573563,0.015898837,0.004439743,0.033019636,0.007844958,1547755243.0,3,0,0,Coolest_Breezy,121.0,16.0,2290.0,110801.0,113228.0
agpj8u,eebeshn,"Really if the client confesses to his lawyer of murdering someone why should they be given a fair trial ?? Imagine a killer gets a fair trials walks free and murders another person in my book that said lawyer has blood on their hands. All for a paycheck 

Its a different matter if the client claims they are innocent then ok. ",https://www.reddit.com/r/AskReddit/comments/agpj8u/defense_lawyers_of_reddit_what_is_it_like_to//eebeshn/,0.213,0.25462922,0.010604858,0.035649836,0.013244915,0.076819435,0.2836219,1547772411.0,3,0,0,[deleted],,,,,
agpj8u,enw9e61,"I no longer practice criminal, but I’m board certified in it (for now) and I had had about 70 trials.

If someone confessed to a violent crime and that confession was not suppressed there is almost zero chance of an acquittal. If the client just told you, that’s attorney client privilege and you can’t reveal it (although you can’t let your client testify falsely either).

A lawyer is not the trier of fact. Your job is to defend your client and the constitution. If you forget that you break the system. A good defense lawyer gives every client their all regardless of the facts, personal dislike, etc.",https://www.reddit.com/r/AskReddit/comments/agpj8u/defense_lawyers_of_reddit_what_is_it_like_to//enw9e61/,-0.167,0.0926474,0.002174377,0.01893901,0.004957713,0.03312982,0.010188141,1558092871.0,1,0,0,miumiu4me,614.0,1632.0,13762.0,8381.0,24389.0
