post_id,comment_id,txt,url,offensiveness_score,Toxicity,Severe Toxicity,Profanity,Identity Attack,Insult,Threat,created,score,total_awards_received,controversiality,user,user_awardee_karma,user_awarder_karma,user_link_karma,user_comment_karma,user_total_karma
ancbhn,efsj39d,"They are children, even if they offered money for solicitation they legally can not consent to any sexual acts PERIOD. And as the adult, the 67 year old SHOULD HAVE KNOWN WHAT HE WAS DOING.

RAPING minors. 

Despicable, reprehensible, and downright misogynistic behavior from the judge.  ",https://www.nbcnews.com/news/us-news/kansas-judge-said-children-sex-abuse-case-were-aggressor-prosecutors-n966806/efsj39d/,0.458,0.45703048,0.024772761,0.21132572,0.10221587,0.38852,0.18597278,1549371423.0,226,0,0,kikat,149.0,95.0,2793.0,17775.0,20812.0
ancbhn,efsmllk,"Yeah. Minors cannot agree to sex acts or be involved in a legally binding contract. This is soliction of a minor, rape, and probably a few other charges. ",https://www.nbcnews.com/news/us-news/kansas-judge-said-children-sex-abuse-case-were-aggressor-prosecutors-n966806/efsmllk/,0.104,0.37751234,0.020902663,0.16682947,0.039714564,0.07808672,0.13815513,1549375055.0,54,0,0,moondancer224,351.0,0.0,5.0,114961.0,115317.0
ancbhn,efsnnhm,"So, you can prostitute yourself on Facebook?  AND I’ll just bet it ole Zuck got some great data there.",https://www.nbcnews.com/news/us-news/kansas-judge-said-children-sex-abuse-case-were-aggressor-prosecutors-n966806/efsnnhm/,0.022,0.5885171,0.16960317,0.39409557,0.0440973,0.42743355,0.13815513,1549376005.0,-3,0,1,AdkRaine11,912.0,4508.0,1.0,179276.0,184697.0
ancbhn,efsq19a,"For real. People kept going on about how the fact that the girls accepted money is a mitigating factor. But it doesnt affect that he committed the same crime with full knowledge of what he was doing. Maybe if they lied and said they were 18 we could call that mitigating, but to say that ""the girls accepted money so the man did something less bad"" is very suspicious and says a lot about that judges attitude towards women.",https://www.nbcnews.com/news/us-news/kansas-judge-said-children-sex-abuse-case-were-aggressor-prosecutors-n966806/efsq19a/,-0.191,0.14429577,0.003929138,0.041160982,0.068465814,0.0573046,0.009592636,1549377971.0,33,0,0,Cronenroomer,0.0,0.0,20.0,6823.0,6843.0
ancbhn,efsyr5h,The judge sentenced the perv to jail.  He didn’t let him go.,https://www.nbcnews.com/news/us-news/kansas-judge-said-children-sex-abuse-case-were-aggressor-prosecutors-n966806/efsyr5h/,0.104,0.2922276,0.006103516,0.06796519,0.00984143,0.26957804,0.015602129,1549384389.0,-7,0,1,RLucas3000,1118.0,0.0,948.0,306768.0,308834.0
ancbhn,efszk4l,"Then their sister should be the one on trial. No adult man gets a pass for soliciting sex from minors, my opinion isn’t changing. They are kids, not adults.",https://www.nbcnews.com/news/us-news/kansas-judge-said-children-sex-abuse-case-were-aggressor-prosecutors-n966806/efszk4l/,0.167,0.3308965,0.012703998,0.12374964,0.0376521,0.070799805,0.03649433,1549384964.0,14,0,0,kikat,149.0,95.0,2793.0,17775.0,20812.0
ancbhn,eft1q00,Can I get the whole story before making a judgement?,https://www.nbcnews.com/news/us-news/kansas-judge-said-children-sex-abuse-case-were-aggressor-prosecutors-n966806/eft1q00/,-0.458,0.013759838,0.000624657,0.01041628,0.001350422,0.007569877,0.00713294,1549386504.0,6,0,0,EscapeFromHateMile,0.0,0.0,61.0,95.0,156.0
ancbhn,eft25ad,"Judge needs to be removed from the case. As a person who has been abused, he has no right to comment on it. Even if they were instigating it, a 14 year old is barely capable of deciding what they want for dinner, let alone sexual consent. This is always on the adult.",https://www.nbcnews.com/news/us-news/kansas-judge-said-children-sex-abuse-case-were-aggressor-prosecutors-n966806/eft25ad/,0.146,0.2853768,0.007247925,0.054938845,0.02439919,0.14331897,0.038911607,1549386806.0,1,0,1,NocturnalMorning2,0.0,0.0,,,0.0
ancbhn,eft2ibn,The judicial system's handling of sex crime continues to amaze me... ,https://www.nbcnews.com/news/us-news/kansas-judge-said-children-sex-abuse-case-were-aggressor-prosecutors-n966806/eft2ibn/,0.167,0.4014846,0.021806452,0.16636424,0.05612817,0.1378885,0.10236332,1549387062.0,-1,0,0,BouNcYToufU,253.0,19.0,1947.0,37402.0,39621.0
ancbhn,eft3hrq,"And this is what makes this judge the supreme asshole (and probably a peodophile)-“Gibbens also questioned the prosecutor when she provided a statement from the 13-year-old girl that said she had felt “uncomfortable” during a moment of physical contact. Gibbens responded, “And so she’s uncomfortable for something she voluntarily went to, voluntarily took her top off of, and was paid for?”
Yes, judge. She was also a 13-year-old who under our laws can’t consent to anything,” the prosecutor handling the case responded. It is frightening that a judge needs to be reminded that a minor can’t consent",https://www.nbcnews.com/news/us-news/kansas-judge-said-children-sex-abuse-case-were-aggressor-prosecutors-n966806/eft3hrq/,0.479,0.63782936,0.16960317,0.44752163,0.099899694,0.6370372,0.047835086,1549387748.0,10,0,0,thx1138jr,150.0,0.0,1879.0,40928.0,42957.0
ancbhn,eft4o4z,Ok fuck this judge. I read another thread about this case and all the comments were anecdotal stories about slutty opportunistic tween girls. I'm not saying they don't exist. It's just real fucking simple you don't  have sex with them and you don't pay for sex with them. Period. These are kids we are talking about not 30 year old women. ,https://www.nbcnews.com/news/us-news/kansas-judge-said-children-sex-abuse-case-were-aggressor-prosecutors-n966806/eft4o4z/,0.812,0.89241093,0.52891463,0.7796426,0.36702603,0.65865606,0.27637172,1549388562.0,6,0,0,[deleted],,,,,
ancbhn,eft4qw1,"I saw this posted yesterday and many of the comments were saying that ""oh okay, the girls were planning on robbing him and offered themselves"" as if that's somehow an excuse.

These should be two separate things.  The man solicited underaged girls, that's a crime no matter how you look at it.  It's irrelevant if the girls are soliciting themselves or put up to it by someone else - as an adult, the 67 year old is the one committing the crime and he should be punished for it.

And the girls pimping eachother out for money and planning to rob him?  That should be tried as a separate crime.  ",https://www.nbcnews.com/news/us-news/kansas-judge-said-children-sex-abuse-case-were-aggressor-prosecutors-n966806/eft4qw1/,0.312,0.24442963,0.008811951,0.09260304,0.06476828,0.10440776,0.040638234,1549388616.0,1,0,0,ShirasagiS,0.0,0.0,240.0,18093.0,18333.0
ancbhn,eft6hio,"The fuck does that have to do with anything? There's a reason there's an age restriction on sex, and that's supposed to be so that this argument shouldn't matter and that they are, by law, too young to consent regardless. ",https://www.nbcnews.com/news/us-news/kansas-judge-said-children-sex-abuse-case-were-aggressor-prosecutors-n966806/eft6hio/,0.688,0.8115627,0.23226346,0.83974665,0.034816213,0.36798462,0.011922873,1549389830.0,4,0,0,RagingNoob,0.0,0.0,426.0,17467.0,17893.0
ancbhn,efu0jyb,It really makes one's asshole clench with terror to realize how many old fart whackado tw*t judges like this there are out there. It makes America a gauntlet - you never know if the judge deciding whether it's a matter of free speech to snap picks up little girl's skirts or solicit nudes from teens is a loonie like this or not. ,https://www.nbcnews.com/news/us-news/kansas-judge-said-children-sex-abuse-case-were-aggressor-prosecutors-n966806/efu0jyb/,0.646,0.6989911,0.35368225,0.61633086,0.2949366,0.6306599,0.13127698,1549411496.0,2,0,0,[deleted],,,,,
ancbhn,efu5xe1,[deleted],https://www.nbcnews.com/news/us-news/kansas-judge-said-children-sex-abuse-case-were-aggressor-prosecutors-n966806/efu5xe1/,0.182,,,,,,,1549415781.0,-1,0,0,[deleted],,,,,
ancbhn,efvr2av,"Even if those kids were prancing around in pasties and g-strings it wouldn't matter.

Under the law an adult is the responsible one and should never, ever have had sex with children.
",https://www.nbcnews.com/news/us-news/kansas-judge-said-children-sex-abuse-case-were-aggressor-prosecutors-n966806/efvr2av/,0.208,0.37955463,0.017416617,0.2263305,0.016862517,0.0654725,0.033386398,1549473929.0,3,0,0,DConstructed,4281.0,0.0,49.0,898213.0,902543.0
