post_id,comment_id,txt,url,offensiveness_score,Toxicity,Severe Toxicity,Profanity,Identity Attack,Insult,Threat,created,score,total_awards_received,controversiality,user,user_awardee_karma,user_awarder_karma,user_link_karma,user_comment_karma,user_total_karma
85a6xi,dvvw5xy,"""I just broke up with someone.""",https://www.reddit.com/r/AskMen/comments/85a6xi/men_whats_the_first_thing_a_girl_saiddid_in_their//dvvw5xy/,-0.417,0.112953395,0.004005432,0.045419596,0.003940272,0.01890341,0.033386398,1521363799.0,47,0,0,[deleted],,,,,
85a6xi,dvw0wq6,"For example...If you are self aware, deal with it, don't flag it up as excuse to continue be a dick.

I'm not racist but...",https://www.reddit.com/r/AskMen/comments/85a6xi/men_whats_the_first_thing_a_girl_saiddid_in_their//dvw0wq6/,0.604,0.7570315,0.20678867,0.66405153,0.18002926,0.5739874,0.012647836,1521376194.0,67,0,0,Aiken_Drumn,4508.0,44.0,201614.0,222139.0,428305.0
85a6xi,dvw0xco,It's an instant boner killer sadly.,https://www.reddit.com/r/AskMen/comments/85a6xi/men_whats_the_first_thing_a_girl_saiddid_in_their//dvw0xco/,0.188,0.5566829,0.08595808,0.44431314,0.030433474,0.35161978,0.13815513,1521376229.0,8,0,0,Aiken_Drumn,4508.0,44.0,201614.0,222139.0,428305.0
85a6xi,dvw4wkr,"This is usually the opposite of self awareness. It's a way of saying ""I know I have a number of glaring personality flaws, but I'm not going to actually work on fixing them.""",https://www.reddit.com/r/AskMen/comments/85a6xi/men_whats_the_first_thing_a_girl_saiddid_in_their//dvw4wkr/,0.292,0.023671126,0.000958443,0.013883443,0.004476741,0.010970897,0.007055265,1521382923.0,24,0,0,boolean_sledgehammer,633.0,0.0,,,633.0
85a6xi,dvw614x,"Or, ""I have no filter"".",https://www.reddit.com/r/AskMen/comments/85a6xi/men_whats_the_first_thing_a_girl_saiddid_in_their//dvw614x/,-0.354,,,,,,,1521384469.0,58,0,0,PacSan300,580.0,0.0,11135.0,824527.0,836242.0
85a6xi,dvwd0vt,"I agree. Hence, why I don't consider it necessarily to be bad. I for example am introverted and need a few days of solitude every now and then to recharge, when I don't talk to anybody mostly, not even my partner for most of the day. Many partner's might mind this, so a disclaimer would actually be a good thing, since I wouldn't waste the time of people who are looking for a partner with a very consistent, daily routine in time spent together. 

You could express ""disclaimers"" about having a tendency to work a lot, being an emotionally sensitive person, wanting to settle down soon, having a very high sex drive, etc. All these things might be something that some others would mind, but I think it's fair to share them rather soon.",https://www.reddit.com/r/AskMen/comments/85a6xi/men_whats_the_first_thing_a_girl_saiddid_in_their//dvwd0vt/,-0.125,0.05280026,0.00166893,0.02474608,0.006548621,0.021094928,0.007236506,1521392731.0,8,0,0,imathrowyaaway,301.0,495.0,5101.0,42862.0,48759.0
85a6xi,dvwl7g2,"Are they religious? If they're Catholic in particular, actually getting divorced is like Go directly to Hell, do not pass Purgatory, do not collect $200.",https://www.reddit.com/r/AskMen/comments/85a6xi/men_whats_the_first_thing_a_girl_saiddid_in_their//dvwl7g2/,0.042,0.41910073,0.02383376,0.30866358,0.39870077,0.24928534,0.03856628,1521401626.0,11,0,0,RealFoxD,486.0,0.0,1059.0,111521.0,113066.0
85a6xi,dvwog3w,"It wasn't the first conversation, but it was the first conversation leading to possible romantic interests. She casually dropped that ""enthusiastic consent is very sexy, and when I get with people they'll know everyone I've been with and what we did, and I expect it from them.""

... yeah, no. ",https://www.reddit.com/r/AskMen/comments/85a6xi/men_whats_the_first_thing_a_girl_saiddid_in_their//dvwog3w/,-0.021,0.20102765,0.006027222,0.11477985,0.00984143,0.034011267,0.008077981,1521405141.0,6,0,0,zimmer199,256.0,35.0,1062.0,141820.0,143173.0
85a6xi,dvwsr8k,"Talking about Lebanon and her relatives there. Relationships are a hassle, I dont want to worry about honor-killings too. ",https://www.reddit.com/r/AskMen/comments/85a6xi/men_whats_the_first_thing_a_girl_saiddid_in_their//dvwsr8k/,0.083,0.25462922,0.009994507,0.0569429,0.11744241,0.06634661,0.12076248,1521409773.0,-7,0,0,GAAR2,0.0,0.0,,,0.0
85a6xi,dvwvte5,"She started describing her days in college, and how when she got lonely, she would climb up into the trees to sing to the squirrels.",https://www.reddit.com/r/AskMen/comments/85a6xi/men_whats_the_first_thing_a_girl_saiddid_in_their//dvwvte5/,-0.312,0.0665887,0.001955032,0.018529098,0.004994711,0.021546122,0.007754337,1521413075.0,7,0,0,Login_rejected,48.0,0.0,2518.0,51140.0,53706.0
85a6xi,dvwzab1,"Thy're not particulary religious.

I guess that's just how they roll.",https://www.reddit.com/r/AskMen/comments/85a6xi/men_whats_the_first_thing_a_girl_saiddid_in_their//dvwzab1/,-0.438,0.09655223,0.002365112,0.016035475,0.06704199,0.021997316,0.006841661,1521417012.0,1,0,0,auron_py,88.0,0.0,1297.0,59137.0,60522.0
85a6xi,dvx4wz7,"Don't shoot me for this Reddit, but, anything that has to do with declaring herself a Feminist...it's rare for me to find a human that doesn't believe in equal rights this day in age, but women who feel the need to tell you they are a feminist...let's just say i see no benefit from further relations. ",https://www.reddit.com/r/AskMen/comments/85a6xi/men_whats_the_first_thing_a_girl_saiddid_in_their//dvx4wz7/,0.208,0.2855005,0.021031776,0.19278693,0.293411,0.10440776,0.16067244,1521423512.0,7,0,0,wiiiiliamson,0.0,0.0,65.0,6074.0,6139.0
85a6xi,dvxamzo,"""I live with my ex, but it's totally cool, we're just friends"" ",https://www.reddit.com/r/AskMen/comments/85a6xi/men_whats_the_first_thing_a_girl_saiddid_in_their//dvxamzo/,-0.229,0.03592727,0.002012253,0.023516348,0.006770608,0.012642908,0.008116818,1521430388.0,2,0,0,mike_wrong27,26.0,0.0,487.0,7088.0,7601.0
85a6xi,dvxfrnp,“Oh fuck well Obama will take care of me right?!” As she continues to spend money,https://www.reddit.com/r/AskMen/comments/85a6xi/men_whats_the_first_thing_a_girl_saiddid_in_their//dvxfrnp/,0.812,0.8252207,0.34950548,0.84995824,0.083355546,0.46774593,0.013476364,1521438242.0,1,0,0,throw_forconfession,0.0,0.0,170.0,214.0,384.0
85a6xi,dvxki2e,And now I feel sad for this future Disney princess.,https://www.reddit.com/r/AskMen/comments/85a6xi/men_whats_the_first_thing_a_girl_saiddid_in_their//dvxki2e/,-0.208,0.049336795,0.002365112,0.020510335,0.010655383,0.014808921,0.00967031,1521449543.0,3,0,0,Fendanez,0.0,0.0,373.0,10399.0,10772.0
85a6xi,dvxn0ou,"Don’t remember if it was the first thing she said but it was something along the lines of “I believe every girl should be treated like a princess.” 

Should’ve ran far as fuck after hearing that, but I was young dumb and horny and had the shittiest 5 month relationship of my life. ",https://www.reddit.com/r/AskMen/comments/85a6xi/men_whats_the_first_thing_a_girl_saiddid_in_their//dvxn0ou/,0.667,0.6426206,0.27908814,0.7246992,0.27914262,0.42167732,0.025098583,1521456149.0,1,0,0,Shrubsz,0.0,0.0,445.0,6831.0,7276.0
85a6xi,dvxwvl7,Took a call from her ex.,https://www.reddit.com/r/AskMen/comments/85a6xi/men_whats_the_first_thing_a_girl_saiddid_in_their//dvxwvl7/,-0.417,0.022256956,0.001111031,0.014737424,0.002626848,0.008766884,0.007288289,1521470453.0,1,0,0,[deleted],,,,,
