post_id,comment_id,txt,url,offensiveness_score,Toxicity,Severe Toxicity,Profanity,Identity Attack,Insult,Threat,created,score,total_awards_received,controversiality,user,user_awardee_karma,user_awarder_karma,user_link_karma,user_comment_karma,user_total_karma
8mik4e,dznuep2,"Well, if you believe the Internet is a bastion for the free exchange of ideas, censoring conservative views is a contradiction of freedom 

It is inappropriate to hijack the Anthem for a political message whether anti or pro racism. ",https://www.reddit.com/r/AskReddit/comments/8mik4e/serious_conservatives_who_complain_about_online//dznuep2/,0.234,0.0926474,0.002202988,0.013849284,0.042292643,0.024124376,0.007702554,1527436506.0,5,0,1,screenwriterjohn,141.0,0.0,,,141.0
8mik4e,dznujvy,">Well, if you believe the Internet is a bastion for the free exchange of ideas, censoring conservative views is a contradiction of freedom 


Couldn't you say the same about the country as a whole and that *all* censorship is a contradiction of freedom?


",https://www.reddit.com/r/AskReddit/comments/8mik4e/serious_conservatives_who_complain_about_online//dznujvy/,0.208,0.51980776,0.35368225,0.26624632,0.4830652,0.26957804,0.11769595,1527436664.0,3,0,0,SomeFatNerdInSeattle,181.0,0.0,31456.0,50677.0,82314.0
8mik4e,dznxoda,"The internet *is* a bastion for the free exchange of ideas. That doesn't mean that any site has to allow anything that they don't want. You're free to use the same internet as everyone else to make your own website and post anything that you want, within the bounds of the law, of course.",https://www.reddit.com/r/AskReddit/comments/8mik4e/serious_conservatives_who_complain_about_online//dznxoda/,-0.213,0.04735767,0.002288818,0.035148825,0.007288578,0.018452216,0.007495422,1527440010.0,1,0,0,bowyer-betty,3567.0,0.0,,,3567.0
8mik4e,dzoaopj,"\> **Conservatives who complain about online censorship\(by private companies\)**  

I need an example. Are you talking about Google firing that one engineer?",https://www.reddit.com/r/AskReddit/comments/8mik4e/serious_conservatives_who_complain_about_online//dzoaopj/,-0.021,0.11429678,0.003871918,0.03339528,0.026408968,0.030154925,0.023371955,1527453762.0,5,0,0,eazolan,472.0,26.0,1515.0,190839.0,192852.0
8mik4e,dzoh708,"The NFL is a company. The players are employees.

Some of the employees actions made the company look bad. And therefore, lots of income was lost.

Any company in the history of business would put an end to it. Make your political statements on your own time, not on company time.",https://www.reddit.com/r/AskReddit/comments/8mik4e/serious_conservatives_who_complain_about_online//dzoh708/,0.042,0.07608539,0.001773834,0.019075647,0.004273253,0.032028005,0.0077155,1527461143.0,4,0,0,DM-Hollens-117,150.0,0.0,203.0,75341.0,75694.0
8mik4e,dzol1er,"I don't care what the nfl is doing but I do think these things are different. Companies like YouTube Twitter and Facebook are an outlet for people to talk while the NFL has nothing to do with politics.

The overly  common demonization of conservative YouTubers gives incentive for upcoming news outlets to be more left leaning regardless of what they actually want to be because it's more fiscally responsible.

I believe all companies should have the right I do wish it was more transparent though.",https://www.reddit.com/r/AskReddit/comments/8mik4e/serious_conservatives_who_complain_about_online//dzol1er/,0.104,0.056016337,0.001497269,0.02167175,0.007806548,0.027605021,0.006835188,1527465740.0,1,0,0,DirtyDuzIt,154.0,0.0,2800.0,6793.0,9747.0
8mik4e,dzoldhs,"What constitutes disrespect? And the bigger question is, why is respect mandatory? Issues of whether the players are allowed to protest at work aside, why the fuck is the anthem something to be respected? Why does the anthem have to be representative of an entire country? Why should people be forced to 'respect' it, when we can't even agree on things that are disrespectful or not? And why is kneeling seen as disrespectful, when it's traditionally and historically been seen as a sign of respect?",https://www.reddit.com/r/AskReddit/comments/8mik4e/serious_conservatives_who_complain_about_online//dzoldhs/,0.521,0.4269174,0.023458159,0.48510036,0.040745795,0.24928534,0.010887212,1527466139.0,1,0,0,Thecheesybiscuit,537.0,14.0,21906.0,12124.0,34581.0
8mik4e,dzp2j3z,"I think the difference is that a most online companies and websites clearly state that they are interested in open discourse and free speech, and then fail to live up to the standards they set themselves. There is nothing about the NFL that insinuates they have any interest in upholding free speech. They don't want to lose money by pissing off conservative viewers? It doesn't violate any of their principles to discourage players from doing things that piss them off. Even beyond any of either corporation's stated aims, I think it makes a lot more sense to expect some level from free speech from Twitter than the NFL.",https://www.reddit.com/r/AskReddit/comments/8mik4e/serious_conservatives_who_complain_about_online//dzp2j3z/,0.125,0.23343207,0.006866455,0.18171974,0.01274247,0.1469393,0.008272167,1527487173.0,1,0,0,[deleted],,,,,
8mik4e,dzp3uzl,"It's just hypocrisy. It happens on both sides, but a scale and intensity greater with conservatives. They only care about censorship when it challenges their agenda. Otherwise they don't care.",https://www.reddit.com/r/AskReddit/comments/8mik4e/serious_conservatives_who_complain_about_online//dzp3uzl/,0.083,0.37751234,0.005455017,0.051181246,0.026810925,0.40243408,0.007676662,1527489508.0,3,0,0,myles_cassidy,619.0,60.0,1088.0,376503.0,378270.0
8mik4e,dzph47x,">People outright disrespecting the country as a whole isnt prodictive. Protesting, say, an aspect of a company can be. Also, you're in their stadium. Kneel all you want at home.

People outright having stupid ideas on the internet as a whole isn´t productive.",https://www.reddit.com/r/AskReddit/comments/8mik4e/serious_conservatives_who_complain_about_online//dzph47x/,0.271,0.72028047,0.45510182,0.39409557,0.55044734,0.5015486,0.063675895,1527514874.0,1,0,0,[deleted],,,,,
8mik4e,dzpi95v,I think a  buisness should be able to fire someone for whatever reason they want.  Respecting America ia part of the NFL.  Kneeling is disrepectful because people see it as such in this example as it is intended.,https://www.reddit.com/r/AskReddit/comments/8mik4e/serious_conservatives_who_complain_about_online//dzpi95v/,0.149,0.06025757,0.001716614,0.014327513,0.007029593,0.020321451,0.012440704,1527516302.0,0,0,0,Eboy35,0.0,0.0,2477.0,8255.0,10732.0
