post_id,comment_id,txt,url,offensiveness_score,Toxicity,Severe Toxicity,Profanity,Identity Attack,Insult,Threat,created,score,total_awards_received,controversiality,user,user_awardee_karma,user_awarder_karma,user_link_karma,user_comment_karma,user_total_karma
9m0s64,e7axg22,I’m sorry for your political party that needs Russian money and intelligence to run for office ,https://i.redd.it/ydrkx070lnq11.jpg/e7axg22/,-0.062,0.16678599,0.003223419,0.015215653,0.052035484,0.06921569,0.006990537,1538870436.0,18,0,1,Vamparael,1756.0,1292.0,126159.0,17512.0,146719.0
9m0s64,e7b5wl7,As soon as her all expenses paid trip to Epstein's island where she's hanging with her beach buddies ends.,https://i.redd.it/ydrkx070lnq11.jpg/e7b5wl7/,0.043,0.21241048,0.008621216,0.02433617,0.005993653,0.060752302,0.1319513,1538878657.0,-2,0,1,flipamadiggermadoo,101.0,34.0,1579.0,25816.0,27530.0
9m0s64,e7b7jf5,"Bahahaha, typical response.  I do not justify anyone making death threats on anyone.  Why is it liberal cities have the highest crime rates in the US?  Why are liberals calling for peoples heads in DC tonight?  Why will the next mass shooting in our country, just as the last, be committed by someone with liberal ideals.  Liberalism is a disease that manifests itself in those who think they are better than anyone, yet believe they are owed something from society.",https://i.redd.it/ydrkx070lnq11.jpg/e7b7jf5/,0.271,0.39021665,0.01806218,0.08064143,0.1769227,0.38406035,0.13815513,1538880296.0,-7,0,0,flipamadiggermadoo,101.0,34.0,1579.0,25816.0,27530.0
9m0s64,e7bh917,"Is this what reddit calles a ""whataboutism""?

She should donate all that money to a charity that helps women of sexual abuse",https://i.redd.it/ydrkx070lnq11.jpg/e7bh917/,0.104,0.28547668,0.010375977,0.11663672,0.073429056,0.06582214,0.013165667,1538891116.0,8,0,0,[deleted],,,,,
9m0s64,e7m5ggp,I remember at a sort of secondary school where I took a class to learn a little about specific trades. One kid would get bullied a lot in there. I remember exactly who did it. It was mainly 2 different guys and I could easily name 5 people that saw it happening. Granted it was about 5 years ago rather than 36. But if it’s been so long you don’t even remember what happened. I wouldn’t suggest trying to make a case out of it. That’s just assuming it’s even true. ,https://i.redd.it/ydrkx070lnq11.jpg/e7m5ggp/,-0.104,0.091913216,0.002765656,0.04892669,0.00880549,0.029053112,0.010990778,1539312261.0,2,0,0,Dj_Bron-3,7.0,170.0,641.0,4855.0,5673.0
9m0s64,e7mfjn8,You can’t even find 3 people to testify equal testimony on a car accident 5 minutes after ,https://i.redd.it/ydrkx070lnq11.jpg/e7mfjn8/,-0.292,0.029092113,0.001335144,0.012277958,0.001849893,0.009260887,0.009566744,1539325285.0,1,0,0,Vamparael,1756.0,1292.0,126159.0,17512.0,146719.0
