post_id,comment_id,txt,url,offensiveness_score,Toxicity,Severe Toxicity,Profanity,Identity Attack,Insult,Threat,created,score,total_awards_received,controversiality,user,user_awardee_karma,user_awarder_karma,user_link_karma,user_comment_karma,user_total_karma
8lqrre,dzhp6n0,"Also you can't be gay if you have pink hair, remember. ",https://i.redd.it/vt34n17l8rz01.jpg/dzhp6n0/,0.5,0.46716887,0.023076924,0.26586622,0.53446084,0.28791866,0.010214032,,,,,,,,,,
8lqrre,dzhp8fy,"well shit....I have dyed hair, visible tattoos, AND 00 gauges...

I guess i better go suck a dick, apparently i've been a raging faggot this whole time.",https://i.redd.it/vt34n17l8rz01.jpg/dzhp8fy/,0.771,0.9288007,0.50703704,0.90150756,0.5135796,0.6308392,0.06432246,,,,,,,,,,
8lqrre,dzhp8g9,"Man, they'd hate me. I wear cargo shorts and t shirts from Wal-Mart",https://i.redd.it/vt34n17l8rz01.jpg/dzhp8g9/,-0.312,0.29405528,0.009651184,0.12639372,0.058401883,0.0810151,0.013579931,,,,,,,,,,
8lqrre,dzhpbcl,"Who ever thought 10 years ago that'd we'd be in a place where people are complaining that gay pride parades aren't *enough*, because the people in it don't look abnormal enough? Remember when it was about ""just fighting for our equal rights""? Those days are long gone.",https://i.redd.it/vt34n17l8rz01.jpg/dzhpbcl/,-0.021,0.3286776,0.015415368,0.20262444,0.381025,0.18852992,0.011689849,,,,,,,,,,
8lqrre,dzhrn2b,[deleted],https://i.redd.it/vt34n17l8rz01.jpg/dzhrn2b/,0.5,,,,,,,,,,,,,,,,
8lqrre,dzhs9hg,"They feed on having an enemy to fight, an ""other"" to hate, and feeling victimized.  In a world where they have EVERYTHING, nothing is ever enough.",https://i.redd.it/vt34n17l8rz01.jpg/dzhs9hg/,0.083,0.16678599,0.003738403,0.017845914,0.010951365,0.06442356,0.017674083,,,,,,,,,,
8lqrre,dzhuc5b,"I'm so square, I see 00 gauges and think of model railways.",https://i.redd.it/vt34n17l8rz01.jpg/dzhuc5b/,-0.417,0.01834645,0.001020432,0.012141321,0.002534353,0.009203887,0.007197669,,,,,,,,,,
8lqrre,dzhva8o,"So, in other words, you don't need to be a dick to suck dick?",https://i.redd.it/vt34n17l8rz01.jpg/dzhva8o/,0.771,0.9288007,0.45895407,0.8690192,0.084182754,0.5130944,0.010654188,,,,,,,,,,
8lqrre,dzhvan5,i hate you. i mean i want you to wear what you want to wear and be happy but wtf dude,https://i.redd.it/vt34n17l8rz01.jpg/dzhvan5/,0.375,0.8460273,0.3536391,0.6370159,0.23618884,0.5543018,0.04233929,,,,,,,,,,
8lqrre,dzhyvtk,"No, you've just been trying really hard to *look* like a raging faggot.  Had you actually been a raging faggot, you would have done your best to blend in with the normies so that you can escape the oppression that pretty much ended about two decades ago.",https://i.redd.it/vt34n17l8rz01.jpg/dzhyvtk/,0.583,0.76523775,0.45895407,0.70864636,0.6220118,0.6831271,0.08396416,,,,,,,,,,
8lqrre,dzhzqjg,"Enough visible tattoos for multiple people on me. Guess I need to tell my gf that I‘m gay af, because tumblr just told me so.",https://i.redd.it/vt34n17l8rz01.jpg/dzhzqjg/,0.149,0.37795907,0.023076924,0.2666764,0.38238457,0.16795322,0.012699619,,,,,,,,,,
8lqrre,dzi26bk,"Welp, you're gay now. Better embrace that. ",https://i.redd.it/vt34n17l8rz01.jpg/dzi26bk/,0.125,0.51980776,0.028730227,0.29053202,0.5135796,0.40243408,0.010809537,,,,,,,,,,
8lqrre,dzi84y1,you can still be a faggot and not be gay my dude. don’t worry ,https://i.redd.it/vt34n17l8rz01.jpg/dzi84y1/,0.562,0.8778702,0.45895407,0.70864636,0.7895903,0.72756535,0.036149003,,,,,,,,,,
8lqrre,dzi8b4f,"I'm a male with dyed hair.

I get some very interesting looks when I tell them I'm straight, especially from SJW's.

In other words, mind if I join you in your raging faggotry?",https://i.redd.it/vt34n17l8rz01.jpg/dzi8b4f/,0.25,0.62136006,0.27908814,0.541926,0.55011386,0.5208188,0.03373172,,,,,,,,,,
8lqrre,dzj0a75,"Wait, you mean there are gay people who ***DON'T*** want to stand out?

These people would love Saudi Arabia",https://i.redd.it/vt34n17l8rz01.jpg/dzj0a75/,0.292,0.43965456,0.023076924,0.28364125,0.4911651,0.25602314,0.009825659,,,,,,,,,,
8lqrre,dzj1iix,Fuck this place im going to mars,https://i.redd.it/vt34n17l8rz01.jpg/dzj1iix/,0.688,0.95048624,0.5231034,0.92389363,0.08831879,0.46327567,0.25272974,,,,,,,,,,
8lqrre,dzj2949,"Never thought that I'd see an unironic ""fucking normies reeeee"", but here we have it.",https://i.redd.it/vt34n17l8rz01.jpg/dzj2949/,0.771,0.7701451,0.3498543,0.86331284,0.23391083,0.5130944,0.020782012,,,,,,,,,,
8lqrre,dzj2y1k,"This is one thing I hate about the queer community. I identify as queer myself, but I don’t have pastel colored hair or tons of tattoos. They all just assume I’m hetero. It’s annoying and toxic af",https://i.redd.it/vt34n17l8rz01.jpg/dzj2y1k/,0.292,0.55739564,0.16960317,0.33376193,0.55044734,0.39297962,0.032695748,,,,,,,,,,
8lqrre,dzj4wqm,[deleted],https://i.redd.it/vt34n17l8rz01.jpg/dzj4wqm/,0.812,,,,,,,,,,,,,,,,
8lqrre,dzj5f4i,It's scary to think that there's someone out there with this set of world views and can't see the ignorance behind what they're saying ,https://i.redd.it/vt34n17l8rz01.jpg/dzj5f4i/,-0.021,0.20242359,0.003261566,0.06195303,0.013847848,0.123407245,0.007857903,,,,,,,,,,
8lqrre,dzj5vmm,Oh man this is making me actually mad. ,https://i.redd.it/vt34n17l8rz01.jpg/dzj5vmm/,-0.021,0.28857216,0.008888245,0.15371579,0.008916483,0.100019015,0.012233571,,,,,,,,,,
8lqrre,dzj6l5z,"This person is unbelievably judgmental and making so many assumptions. We don’t know anything about the people in the picture, but even if they are affluent, white, and whatever else they hate, they should be so grateful for another demographic to lend an additional voice to the issue, someone who can speak in that demographic who will probably be taken more seriously than someone flamboyant. People of all demographics, and I mean all, are important to the LGBTQ community. These people are the best people to speak to their own demographic.",https://i.redd.it/vt34n17l8rz01.jpg/dzj6l5z/,-0.021,0.24763705,0.006904602,0.075792134,0.18313584,0.15236975,0.008492245,,,,,,,,,,
8lqrre,dzjg2z5,"I suspect this was /s. However, back in my clubbing days, I remember some of my more fabulously edgy gay friends looking around at a crowd and groaning, ""Oh God. I guess it's sweater fag night."" ",https://i.redd.it/vt34n17l8rz01.jpg/dzjg2z5/,0.688,0.6020386,0.22513679,0.6001929,0.55044734,0.46625584,0.012492486,,,,,,,,,,
8lqrre,dzjh5ek,"Stupid Canadian homos, with their flappy heads and beady eyes. They look like they use soap and launder their clothes, too. So gross. /s",https://i.redd.it/vt34n17l8rz01.jpg/dzjh5ek/,0.688,0.9209984,0.50703704,0.58072567,0.79850346,0.8502231,0.044602267,,,,,,,,,,
8lqrre,dzjh9we,Can anyone direct me to what gay people are supposed to look like these days? ,https://i.redd.it/vt34n17l8rz01.jpg/dzjh9we/,0.106,0.4014846,0.023076924,0.19155724,0.49855098,0.19734058,0.012026439,,,,,,,,,,
8lqrre,dzji2ks,Is...is that Ed from BNL?,https://i.redd.it/vt34n17l8rz01.jpg/dzji2ks/,-0.354,0.021314176,0.00108242,0.013405213,0.004088263,0.010970897,0.006686311,,,,,,,,,,
8lqrre,dzjirbw,"Ugh I hate when people try to defend me...

Seriously, is this r/gatekeeping for lgbt rights?",https://i.redd.it/vt34n17l8rz01.jpg/dzjirbw/,0.208,0.3308965,0.014447021,0.16682947,0.28034934,0.08533409,0.011042561,,,,,,,,,,
8lqrre,dzjjeh3,"I know several gay people and they all more closely resemble what’s pictured here than the freak shows described in this.

I really hate that this movement has made all gay people look so much worse. All of my “queer” friends are entirely average people who don’t take part in any of the crazier fashion things they apparently should.

One of them has color in her hair, but she’s vocally anti-SJW.

I really don’t think these SJW gay people actually understand their so-called “community.” They most definitely don’t represent gay people. SJWs are outcasts for entirely different reasons. They just also happen to be gay, some of them.",https://i.redd.it/vt34n17l8rz01.jpg/dzjjeh3/,0.396,0.44002727,0.02430326,0.3547165,0.5039629,0.40698266,0.015774792,,,,,,,,,,
8lqrre,dzk9c38,"Why do liberals on tumblr larp as leftists? I don't get the whole ""look at me I'm revolutionary!"" thing. My social views fit a fair amount of SJW stereotypes, but one thing I'll never understand is why they want to pretend to be socialists.",https://i.redd.it/vt34n17l8rz01.jpg/dzk9c38/,0.25,0.112333365,0.003585815,0.033144772,0.06340405,0.033019636,0.008893564,,,,,,,,,,
8lqrre,dzkcd7e,"""I got a haircut, tattoos, and piercings, talk about my sexuality constantly and wear absurd clothes because It's easier than developing any real depth of character""",https://i.redd.it/vt34n17l8rz01.jpg/dzkcd7e/,0.064,0.36043653,0.014382465,0.19032755,0.020580608,0.08434689,0.010680079,,,,,,,,,,
8lqrre,dzlpvy6,“They aren’t radical” so they’re actually good people,https://i.redd.it/vt34n17l8rz01.jpg/dzlpvy6/,-0.167,0.05799546,0.001811981,0.01893901,0.013948337,0.018323302,0.006912862,,,,,,,,,,
8lqrre,dzlvu5o,"I fucking hate the ""queer movement"". I hate being lumped with a group just because I happen to be into dudes. I hate having expectations thrust upon me because of something I didn't even choose. I don't want to be part of your little club, I don't want you speaking for me, I don't want to be associated with you, I don't want to be ""an LGBT"".",https://i.redd.it/vt34n17l8rz01.jpg/dzlvu5o/,0.896,0.83334327,0.44787344,0.79449326,0.6007182,0.49389273,0.08396416,,,,,,,,,,
8lqrre,dzlyq1h,That guy in the middle is cute AF! Normative and sexy,https://i.redd.it/vt34n17l8rz01.jpg/dzlyq1h/,-0.292,0.3977292,0.023076924,0.33082673,0.029402243,0.083359696,0.014048163,,,,,,,,,,
8lqrre,dzmts7g,"Nothing infuriates me more than this (well quite a few things honestly), but still...",https://i.redd.it/vt34n17l8rz01.jpg/dzmts7g/,-0.271,0.10566349,0.003051758,0.038906425,0.005734668,0.021094928,0.009644418,,,,,,,,,,
8lqrre,dzpbsjc,"I’d tell these fools to kiss my normative gay ass, but I wouldn’t want to give them the satisfaction. ",https://i.redd.it/vt34n17l8rz01.jpg/dzpbsjc/,0.771,0.8778702,0.45895407,0.78491896,0.55044734,0.6149945,0.06432246,,,,,,,,,,
8lqrre,e0vbyqf,Could you imagine that? If sexuality was determined by how you did your hair?,https://i.redd.it/vt34n17l8rz01.jpg/e0vbyqf/,0.021,0.19314334,0.00333786,0.053435806,0.019173764,0.024382202,0.006530962,,,,,,,,,,
