post_id,comment_id,txt,url,offensiveness_score,Toxicity,Severe Toxicity,Profanity,Identity Attack,Insult,Threat,created,score,total_awards_received,controversiality,user,user_awardee_karma,user_awarder_karma,user_link_karma,user_comment_karma,user_total_karma
94y0z5,e3ombgi,"
As a reminder, this subreddit [is for civil discussion.](/r/politics/wiki/index#wiki_be_civil)

In general, be courteous to others. Attack ideas, not users. Personal insults, shill or troll accusations, hate speech, **any** advocating or wishing death/physical harm, and other rule violations can result in a permanent ban. 

If you see comments in violation of our rules, please report them.

***


*I am a bot, and this action was performed automatically. Please [contact the moderators of this subreddit](/message/compose/?to=/r/politics) if you have any questions or concerns.*",https://www.washingtonpost.com/opinions/migrant-kids-were-stripped-drugged-locked-away-so-much-for-compassion/2018/08/05/84a779d0-95b4-11e8-a679-b09212fb69c2_story.html/e3ombgi/,-0.021,0.15711457,0.008125305,0.1067334,0.028418748,0.04969218,0.06863153,1533527595.0,1,0,0,AutoModerator,2415131.0,0.0,1000.0,1000.0,2417131.0
94y0z5,e3ome9y,Surely nothing bad could happen to a naked child that has been given stupefying drugs. /s,https://www.washingtonpost.com/opinions/migrant-kids-were-stripped-drugged-locked-away-so-much-for-compassion/2018/08/05/84a779d0-95b4-11e8-a679-b09212fb69c2_story.html/e3ome9y/,0.542,0.37751234,0.023076924,0.2659699,0.031722516,0.07967083,0.058826666,1533527691.0,107,0,0,TowelCarryingTourist,1435.0,755.0,396073.0,175800.0,574063.0
94y0z5,e3omhef,"But nothing bad will happen to the white man that raped them and that's all that matters to Trump's base.

If there isn't a new round of Nuremburg Trials once this fascist usurper is out of office, the US should be internationally shunned in perpetuity.",https://www.washingtonpost.com/opinions/migrant-kids-were-stripped-drugged-locked-away-so-much-for-compassion/2018/08/05/84a779d0-95b4-11e8-a679-b09212fb69c2_story.html/e3omhef/,0.396,0.52139956,0.16960317,0.29209393,0.50588524,0.48228607,0.34804323,1533527797.0,35,0,0,rnaziwastaken,0.0,0.0,23.0,53620.0,53643.0
94y0z5,e3omky6,[deleted],https://www.washingtonpost.com/opinions/migrant-kids-were-stripped-drugged-locked-away-so-much-for-compassion/2018/08/05/84a779d0-95b4-11e8-a679-b09212fb69c2_story.html/e3omky6/,0.333,,,,,,,1533527920.0,-11,0,0,[deleted],,,,,
94y0z5,e3on5jl,"Trump has the power to make that happen. Do you see him fucking enforcing the law against these bad cops and jailers who raped and drugged children on his fucking watch? No, he's picking fights with fucking LeBron James on Twitter. ",https://www.washingtonpost.com/opinions/migrant-kids-were-stripped-drugged-locked-away-so-much-for-compassion/2018/08/05/84a779d0-95b4-11e8-a679-b09212fb69c2_story.html/e3on5jl/,0.812,0.82048255,0.44787344,0.7888968,0.27340925,0.6308392,0.32350776,1533528618.0,22,0,0,Wablekablesh,2738.0,460.0,,,3198.0
94y0z5,e3ondjj,Compassionate conservatism has morphed into cruel conservatism. ,https://www.washingtonpost.com/opinions/migrant-kids-were-stripped-drugged-locked-away-so-much-for-compassion/2018/08/05/84a779d0-95b4-11e8-a679-b09212fb69c2_story.html/e3ondjj/,0.125,0.1883923,0.002994537,0.021808386,0.048737846,0.07903719,0.008712323,1533528897.0,14,0,0,LifeIsHilarious,18.0,0.0,1619.0,18791.0,20428.0
94y0z5,e3oo4nq,"People are going to ignore this because it is so horrible they don't want to think their government does this. This is depressing as an American, but we need to make sure we show we care enough to make it stop. ",https://www.washingtonpost.com/opinions/migrant-kids-were-stripped-drugged-locked-away-so-much-for-compassion/2018/08/05/84a779d0-95b4-11e8-a679-b09212fb69c2_story.html/e3oo4nq/,0.149,0.2043827,0.004234314,0.07255927,0.023796257,0.09270445,0.009851551,1533529835.0,7,0,0,Whoshabooboo,2768.0,583.0,2252439.0,1007420.0,3263210.0
94y0z5,e3oo9l4,"And republicans will still cry when they're rightfully compared to nazis.

Fucking scum.",https://www.washingtonpost.com/opinions/migrant-kids-were-stripped-drugged-locked-away-so-much-for-compassion/2018/08/05/84a779d0-95b4-11e8-a679-b09212fb69c2_story.html/e3oo9l4/,0.708,0.944597,0.45895407,0.90258646,0.55044734,0.8685752,0.05721026,1533530004.0,50,0,0,CohenGagsOnAttDick,0.0,0.0,1.0,3712.0,3713.0
94y0z5,e3p1dkp,[removed],https://www.washingtonpost.com/opinions/migrant-kids-were-stripped-drugged-locked-away-so-much-for-compassion/2018/08/05/84a779d0-95b4-11e8-a679-b09212fb69c2_story.html/e3p1dkp/,0.792,,,,,,,1533553810.0,-5,0,0,[deleted],,,,,
94y0z5,e3p1xf8,"This needs to be brought up at every family table where Republicans are blabbering on about abortion, Christian values & how awful Democrats are. Also every Facebook page praising the Orange turd. 

They’ll bring up “Obama did it, too”. No, he didn’t. This is an old policy enforced in new ways. This should not be forgotten by November. ",https://www.washingtonpost.com/opinions/migrant-kids-were-stripped-drugged-locked-away-so-much-for-compassion/2018/08/05/84a779d0-95b4-11e8-a679-b09212fb69c2_story.html/e3p1xf8/,0.354,0.3827457,0.020386212,0.14930901,0.33060804,0.40243408,0.019746035,1533554757.0,6,0,0,space_ape71,1643.0,158.0,7799.0,42286.0,51886.0
94y0z5,e3p2otc,"Ok. Thanks for your opinion.. I don’t know if the story is true or not.. if true.. they should be prosecuted! Don’t enter my home illegally! No excuse for evil on part of authorities. ... I’m not naive to believe LAR’s are ALL angelic beings. 78.2% of Washington Post info is biased, unverified and misleading.  There’s your debate.",https://www.washingtonpost.com/opinions/migrant-kids-were-stripped-drugged-locked-away-so-much-for-compassion/2018/08/05/84a779d0-95b4-11e8-a679-b09212fb69c2_story.html/e3p2otc/,0.208,0.20032968,0.006103516,0.02433617,0.031980325,0.08484049,0.013528148,1533555978.0,-11,0,0,READY4raptureDF,0.0,0.0,1146.0,211.0,1357.0
94y0z5,e3p2q06,Fuck any so-called *Pro-Life* person who is silent during this fiasco. Worthless pieces of hypocritical shit as far as I'm concerned. ,https://www.washingtonpost.com/opinions/migrant-kids-were-stripped-drugged-locked-away-so-much-for-compassion/2018/08/05/84a779d0-95b4-11e8-a679-b09212fb69c2_story.html/e3p2q06/,0.812,0.95048624,0.5614964,0.9342644,0.3817989,0.7775208,0.14960353,1533556031.0,8,0,0,Down-Syndrome-Danny-,0.0,0.0,1853.0,27036.0,28889.0
94y0z5,e3p3dhf,What a load of nonsense!!!! ,https://www.washingtonpost.com/opinions/migrant-kids-were-stripped-drugged-locked-away-so-much-for-compassion/2018/08/05/84a779d0-95b4-11e8-a679-b09212fb69c2_story.html/e3p3dhf/,0.271,0.51980776,0.015221698,0.11168506,0.004643231,0.54471385,0.007857903,1533556997.0,-4,0,0,Marcolino2610,0.0,0.0,504.0,-4.0,500.0
94y0z5,e3p3vax,"Worst fucking nightmare. Just see through the eyes of these kids. Imagine, your mom is telling you your long hard journey is for freedom and a new life. When you get to the promised land, storm troopers tear you away from your mother and put you into jail where your favorite outfit is thrown away. You now have nothing to remind you of home, no one can tell you where your mom is or if you'll ever
See her again. The guards look at and treat you like scum. Other inmates are bullies. The bizarre Mao-ish propaganda paintings on the wall. The hum of the lights and the harsh concrete floor.
  
BUT HEY LOOK, AIRHOCKEY! Never mind, this place is a vacation!",https://www.washingtonpost.com/opinions/migrant-kids-were-stripped-drugged-locked-away-so-much-for-compassion/2018/08/05/84a779d0-95b4-11e8-a679-b09212fb69c2_story.html/e3p3vax/,0.522,0.7510937,0.35368225,0.7181329,0.22707681,0.5130944,0.13815513,1533557697.0,3,0,0,Nomandate,2671.0,173.0,,,2844.0
94y0z5,e3p51vg,"The worst part is, these kids were probably told by their parents that they are going to a better, safer place to live, only to be captured and tortured by heartless, hostile foreign tyrants in the very place they believed would be better.",https://www.washingtonpost.com/opinions/migrant-kids-were-stripped-drugged-locked-away-so-much-for-compassion/2018/08/05/84a779d0-95b4-11e8-a679-b09212fb69c2_story.html/e3p51vg/,0.042,0.3389984,0.014188796,0.057944927,0.29951343,0.26957804,0.13211988,1533559280.0,3,0,0,Talphin,8.0,0.0,4059.0,19074.0,23141.0
94y0z5,e3p546w,">Compassionate conservatism ~~has morphed into cruel conservatism~~ *was always a lie*. 

",https://www.washingtonpost.com/opinions/migrant-kids-were-stripped-drugged-locked-away-so-much-for-compassion/2018/08/05/84a779d0-95b4-11e8-a679-b09212fb69c2_story.html/e3p546w/,0.042,0.36043653,0.01935331,0.11663672,0.25986546,0.22303216,0.009722093,1533559361.0,7,0,0,CoreWrect,0.0,0.0,18366.0,248135.0,266501.0
94y0z5,e3p7gr6,"When i read the headline i told myself this was likely happening before Trump got in.. because such abuse doesent build up over night. And yep, i was right.

> documented abuses at both facilities pre-date Mr. Trump’s administration

That being said, some people are just beyond help, and probably immigrant children are overly represented in this group because of their poor background. What do you do with people like that? Sometimes someone is completely out of control.... In ways you cant imagine. MAYBE under extreme circumstances stripping them down and drugs to calm them down for their own safety is defensible.",https://www.washingtonpost.com/opinions/migrant-kids-were-stripped-drugged-locked-away-so-much-for-compassion/2018/08/05/84a779d0-95b4-11e8-a679-b09212fb69c2_story.html/e3p7gr6/,-0.125,0.15932569,0.003356934,0.022423252,0.04023018,0.0813853,0.008531082,1533562156.0,-4,0,0,[deleted],,,,,
94y0z5,e3pbo1f,All the GOP wants to do nowadays is point guns at people and take their stuff.,https://www.washingtonpost.com/opinions/migrant-kids-were-stripped-drugged-locked-away-so-much-for-compassion/2018/08/05/84a779d0-95b4-11e8-a679-b09212fb69c2_story.html/e3pbo1f/,0.104,0.30854854,0.014188796,0.028503597,0.036878675,0.06302499,0.34913966,1533566425.0,3,0,0,[deleted],,,,,
94y0z5,e3pciri,ICE officers should be stripped of citizenship and booted from the country.,https://www.washingtonpost.com/opinions/migrant-kids-were-stripped-drugged-locked-away-so-much-for-compassion/2018/08/05/84a779d0-95b4-11e8-a679-b09212fb69c2_story.html/e3pciri/,0.208,0.25462922,0.009460449,0.02385794,0.055673428,0.0777699,0.13815513,1533567216.0,3,0,0,atomcrafter,197.0,0.0,2004.0,92005.0,94206.0
94y0z5,e3pcnoe,[deleted],https://www.washingtonpost.com/opinions/migrant-kids-were-stripped-drugged-locked-away-so-much-for-compassion/2018/08/05/84a779d0-95b4-11e8-a679-b09212fb69c2_story.html/e3pcnoe/,-0.188,,,,,,,1533567339.0,-6,0,0,[deleted],,,,,
94y0z5,e3pei7n,"Don't forget it was also meant to line the pockets of wealthy donors. Many, if not most, of these migrants are being housed in privately-owned facilities and Uncle Sam is paying millions for their incarceration. ",https://www.washingtonpost.com/opinions/migrant-kids-were-stripped-drugged-locked-away-so-much-for-compassion/2018/08/05/84a779d0-95b4-11e8-a679-b09212fb69c2_story.html/e3pei7n/,-0.042,0.07371122,0.001716614,0.011492296,0.029144434,0.022899706,0.008401625,1533569056.0,5,0,0,Goliath_D,283.0,0.0,16.0,10938.0,11237.0
94y0z5,e3pgi7g,"That's not how the burden of proof works. You made the claim- ""the cops faced repercussions""- and now you want *me* to prove it false? No no no. *You* have to provide evidence that they *were* punished. 

Edit: furthermore, you still didn't address the fact that Trump hasn't spoken a word condemning this. He has time to call LeBron James ""low iq"" on Twitter, he has time to attend rallies and watch Fox and Friends, but he doesn't bother to shoot out a single tweet in solidarity of kids who were raped by law enforcement on his watch?",https://www.washingtonpost.com/opinions/migrant-kids-were-stripped-drugged-locked-away-so-much-for-compassion/2018/08/05/84a779d0-95b4-11e8-a679-b09212fb69c2_story.html/e3pgi7g/,0.188,0.23415339,0.005950928,0.06646215,0.02048012,0.16195811,0.022853967,1533570800.0,3,0,0,Wablekablesh,2738.0,460.0,,,3198.0
94y0z5,e3pgj7y,Sure he did.  Trump new there would be abuse. He planned it. He wanted it. He encouraged it. He gave bonuses to abusers. Tell us why. What was his motivation in setting up kids to be abused and raped. What is the upside for him?,https://www.washingtonpost.com/opinions/migrant-kids-were-stripped-drugged-locked-away-so-much-for-compassion/2018/08/05/84a779d0-95b4-11e8-a679-b09212fb69c2_story.html/e3pgj7y/,0.167,0.45703048,0.023317307,0.19770569,0.10221587,0.38406035,0.2836219,1533570824.0,-1,0,0,chestergoode,197.0,0.0,78.0,11627.0,11902.0
94y0z5,e3phes4,They were compassionately raped too. That's how you feel the love. ,https://www.washingtonpost.com/opinions/migrant-kids-were-stripped-drugged-locked-away-so-much-for-compassion/2018/08/05/84a779d0-95b4-11e8-a679-b09212fb69c2_story.html/e3phes4/,0.312,0.56269526,0.16960317,0.39498812,0.07591068,0.20668297,0.34876925,1533571581.0,1,0,0,TPNZ,257.0,327.0,1573.0,32324.0,34481.0
94y0z5,e3pi11e,"We won't, I promise. t. Canadian. 

No one IRL gives a shit about Reddit liberal meltdowns and histrionics, keep crying while the rest of the World goes on with their day.

For what it's worth I really like America and I have no problems buying their products just please stop embargo-ing our softwood ; forestry is important to us (unlike refugee bullshit).

If I'm going to boycott America it would be for something they've done to harm me or my country, not liberal tear-factory bullshit.",https://www.washingtonpost.com/opinions/migrant-kids-were-stripped-drugged-locked-away-so-much-for-compassion/2018/08/05/84a779d0-95b4-11e8-a679-b09212fb69c2_story.html/e3pi11e/,0.319,0.6020386,0.18538254,0.596623,0.39207554,0.48627716,0.03649433,1533572116.0,-2,0,0,[deleted],,,,,
94y0z5,e3pndgo,"And this is where you erase Bush II's PEPFAR, Bush I'ss Immigration Amnesty, Nixon Fair Housing Act, Romneycare and other initiatives supported out of compassion off the ledger to support your biased position. Nuance is everything.  The Republicans are not a homogenous political group. ",https://www.washingtonpost.com/opinions/migrant-kids-were-stripped-drugged-locked-away-so-much-for-compassion/2018/08/05/84a779d0-95b4-11e8-a679-b09212fb69c2_story.html/e3pndgo/,-0.021,0.11450345,0.002593994,0.017094411,0.020178653,0.06337463,0.007857903,1533576632.0,1,0,0,WestsideBuppie,490.0,4718.0,189.0,31205.0,36602.0
94y0z5,e3ppmr1,">Children as young as 14 stripped naked, shackled, strapped to chairs, their heads encased in bags, left for days or longer in solitary confinement, and in some cases beaten or bruised.

>These things are taking place in America.

>Routinely administered psychotic drugs -- administered routinely in the morning and at night. 

>Denied water as a means of punishment.",https://www.washingtonpost.com/opinions/migrant-kids-were-stripped-drugged-locked-away-so-much-for-compassion/2018/08/05/84a779d0-95b4-11e8-a679-b09212fb69c2_story.html/e3ppmr1/,0.479,0.65996873,0.50703704,0.38483799,0.5983441,0.48399165,0.34804323,1533578496.0,2,0,0,BumBiddlyBiddlyBum,63.0,0.0,65084.0,90448.0,155595.0
94y0z5,e3ps4ik,Compassion isn't the GOP's thing. They like to frighten and punish.,https://www.washingtonpost.com/opinions/migrant-kids-were-stripped-drugged-locked-away-so-much-for-compassion/2018/08/05/84a779d0-95b4-11e8-a679-b09212fb69c2_story.html/e3ps4ik/,-0.125,0.23667802,0.005836487,0.021945024,0.026207991,0.08582769,0.06593887,1533580578.0,2,0,0,I-LIKE-NAPS,0.0,30.0,50.0,21597.0,21677.0
94y0z5,e3qaoaf,"So your argument is that they deserve being drugged? Seriously?     
   
Wouldn't you cry if you were a toddler and your parents suddenly vanished? ",https://www.washingtonpost.com/opinions/migrant-kids-were-stripped-drugged-locked-away-so-much-for-compassion/2018/08/05/84a779d0-95b4-11e8-a679-b09212fb69c2_story.html/e3qaoaf/,0.021,0.27750343,0.007286072,0.038154904,0.010211408,0.107333586,0.05721026,1533596733.0,2,0,0,plantstand,5265.0,707.0,142.0,45834.0,51948.0
94y0z5,e3qxi40,"The fact there were abuses before Trump's election just makes his executive order all the more damning and his indifference obvious.

Is there another law enforcement agency that does not require record keeping? How is that a rational policy for a government organization with sweeping powers to detain thousands of people in our nation?

That prevents accountability for the agents themselves and implicitly condones violence or any other means necessary.",https://www.washingtonpost.com/opinions/migrant-kids-were-stripped-drugged-locked-away-so-much-for-compassion/2018/08/05/84a779d0-95b4-11e8-a679-b09212fb69c2_story.html/e3qxi40/,-0.062,0.30854854,0.009994507,0.16031636,0.013948337,0.27146968,0.011353259,1533621358.0,1,0,0,judgebeholden,0.0,0.0,343.0,28553.0,28896.0
94y0z5,e431r38,You might as well tell me a murderer also volunteered at charities. Doesn't stop him from being a murderer and seriously brings into question why they did the charity in the first place.,https://www.washingtonpost.com/opinions/migrant-kids-were-stripped-drugged-locked-away-so-much-for-compassion/2018/08/05/84a779d0-95b4-11e8-a679-b09212fb69c2_story.html/e431r38/,0.083,0.22043827,0.005531311,0.022354934,0.013948337,0.08410009,0.06939816,1534115935.0,1,0,0,micro102,581.0,47.0,141.0,63696.0,64465.0
