post_id,comment_id,txt,url,offensiveness_score,Toxicity,Severe Toxicity,Profanity,Identity Attack,Insult,Threat,created,score,total_awards_received,controversiality,user,user_awardee_karma,user_awarder_karma,user_link_karma,user_comment_karma,user_total_karma
94chba,e3k8n6s,Not sure why Im being down voted? Why does the truth bother so many people?,https://thebell.io/en/three-journalists-were-killed-in-africa-while-investigating-a-private-military-business-owned-by-the-man-behind-russia-s-troll-army-this-is-what-they-are-looking-into//e3k8n6s/,-0.191,0.039226998,0.001163483,0.015181494,0.003348306,0.014808921,0.007327127,1533333430.0,26,0,0,redbuck17,116.0,0.0,1149.0,32941.0,34206.0
94chba,e3k9sgv,Bots can be a powerful thing. ,https://thebell.io/en/three-journalists-were-killed-in-africa-while-investigating-a-private-military-business-owned-by-the-man-behind-russia-s-troll-army-this-is-what-they-are-looking-into//e3k9sgv/,-0.458,0.03309893,0.001792908,0.020032106,0.006104646,0.012414906,0.008712323,1533334504.0,3,0,0,ProfaneBlade,196.0,0.0,1674.0,26548.0,28418.0
94chba,e3kax80,Maybe your comment belongs in /r/travel instead of /r/worldnews? The article isn't about the perceived risk. ,https://thebell.io/en/three-journalists-were-killed-in-africa-while-investigating-a-private-military-business-owned-by-the-man-behind-russia-s-troll-army-this-is-what-they-are-looking-into//e3kax80/,-0.298,0.012000589,0.00064373,0.01128734,0.002303117,0.007322875,0.006420923,1533335597.0,-13,0,0,BobMajerle,0.0,0.0,287.0,13091.0,13378.0
94chba,e3kbqqs,The perceived risk is a pretty vital part of the story. ,https://thebell.io/en/three-journalists-were-killed-in-africa-while-investigating-a-private-military-business-owned-by-the-man-behind-russia-s-troll-army-this-is-what-they-are-looking-into//e3kbqqs/,-0.562,0.010429831,0.000619888,0.010125926,0.001757398,0.006752871,0.006912862,1533336391.0,14,0,0,redbuck17,116.0,0.0,1149.0,32941.0,34206.0
94chba,e3kc74h,"> The perceived risk is a pretty vital part of the story.  

Vital? I think your lack of perspective gives insight into the controversy of your comment. You asked, and I gave you a possible answer. 

",https://thebell.io/en/three-journalists-were-killed-in-africa-while-investigating-a-private-military-business-owned-by-the-man-behind-russia-s-troll-army-this-is-what-they-are-looking-into//e3kc74h/,-0.083,0.10739898,0.001173019,0.010945748,0.001701901,0.05144889,0.005877201,1533336840.0,-7,0,0,BobMajerle,0.0,0.0,287.0,13091.0,13378.0
94chba,e3lg1d3,"Looks like his name is Yevgeny Prigozhin. The man's name is Yevgeny Prigozhin, and he finances the Wagner group of paid mercenaries to kill journalists, and he runs the Russian propaganda machine that fucked us up. Yevgeny Prigozhin.

It's Yevgeny Prigozhin.",https://thebell.io/en/three-journalists-were-killed-in-africa-while-investigating-a-private-military-business-owned-by-the-man-behind-russia-s-troll-army-this-is-what-they-are-looking-into//e3lg1d3/,0.333,0.6027529,0.35368225,0.541926,0.37292135,0.48627716,0.31721663,1533393760.0,1,0,0,[deleted],,,,,
94chba,e3lglng,"This probably gets Trump excited. ""We will have to try that over here!"" ",https://thebell.io/en/three-journalists-were-killed-in-africa-while-investigating-a-private-military-business-owned-by-the-man-behind-russia-s-troll-army-this-is-what-they-are-looking-into//e3lglng/,-0.229,0.055768944,0.002012253,0.018255826,0.003329807,0.019225692,0.010835429,1533394400.0,1,0,0,brosefstalling,0.0,0.0,73.0,9721.0,9794.0
94chba,e3lhoca,A weapon to surpass Metal Gear?,https://thebell.io/en/three-journalists-were-killed-in-africa-while-investigating-a-private-military-business-owned-by-the-man-behind-russia-s-troll-army-this-is-what-they-are-looking-into//e3lhoca/,-0.312,0.10522962,0.004081726,0.01887069,0.00569767,0.0115029,0.08089764,1533395582.0,1,0,0,Atamask,10.0,14.0,153.0,9642.0,9819.0
94chba,e3ll9oj,Perhaps we should kill all of these bad people (killers) before they end up killing all the good people (journalists).,https://thebell.io/en/three-journalists-were-killed-in-africa-while-investigating-a-private-military-business-owned-by-the-man-behind-russia-s-troll-army-this-is-what-they-are-looking-into//e3ll9oj/,0.458,0.74954444,0.35368225,0.26802593,0.24801466,0.3388922,0.73375875,1533399278.0,1,0,0,darexinfinity,624.0,0.0,40519.0,226305.0,267448.0
94chba,e3lvh0t,"Here is the issue with this whole journalists dying everywhere. It is very very easy to hide government spies, etc, under the title journalist, which would seemingly give them a unrelated reason to poke around in things like this.",https://thebell.io/en/three-journalists-were-killed-in-africa-while-investigating-a-private-military-business-owned-by-the-man-behind-russia-s-troll-army-this-is-what-they-are-looking-into//e3lvh0t/,-0.042,0.12260055,0.004367828,0.022286616,0.017766917,0.03423163,0.038911607,1533409536.0,1,0,0,VillageDrunk1873,73.0,0.0,5.0,22653.0,22731.0
94chba,e3m5z4k,Who the fuck would downvote this?,https://thebell.io/en/three-journalists-were-killed-in-africa-while-investigating-a-private-military-business-owned-by-the-man-behind-russia-s-troll-army-this-is-what-they-are-looking-into//e3m5z4k/,0.479,0.89241093,0.35130173,0.89909166,0.030433474,0.4339631,0.010291707,1533420539.0,1,0,0,topherus_maximus,28.0,16.0,255.0,14859.0,15158.0
