post_id,comment_id,txt,url,offensiveness_score,Toxicity,Severe Toxicity,Profanity,Identity Attack,Insult,Threat,created,score,total_awards_received,controversiality,user,user_awardee_karma,user_awarder_karma,user_link_karma,user_comment_karma,user_total_karma
a8djbl,ec9ruxs,What's the tax like up there? We've got like 20ish % down in Washington. ,https://www.cbc.ca/news/business/canada-marijuana-legalization-sales-1.4956402/ec9ruxs/,-0.542,0.016964182,0.000786781,0.01127026,0.00294133,0.009374888,0.006395032,1545421151.0,440,0,0,The-Bum_Diggity,48,0,78.0,13415.0,13541
a8djbl,eca9dpy,Interesting. Alot of people i know still buy from the street cuz its like half the price. I think there are initiatives to reduce the taxes over time however,https://www.cbc.ca/news/business/canada-marijuana-legalization-sales-1.4956402/eca9dpy/,-0.292,0.01218908,0.000653267,0.012004685,0.002173624,0.007531876,0.006589218,1545435031.0,2,0,0,jmoda,80,0,,,80
a8djbl,ecbm7v6,They why are my Canadian weed stocks performing so poorly? Sheesh. ,https://www.cbc.ca/news/business/canada-marijuana-legalization-sales-1.4956402/ecbm7v6/,-0.062,0.15987846,0.003471375,0.019143965,0.057492398,0.06285016,0.0065698,1545490297.0,1,0,0,brazly,0,258,1235.0,952.0,2445
a8djbl,ecbrmmj,How else are ya gonna eat all that poutine?,https://www.cbc.ca/news/business/canada-marijuana-legalization-sales-1.4956402/ecbrmmj/,-0.375,0.19219314,0.00667572,0.035900343,0.009027477,0.036104713,0.020091362,1545495352.0,2,0,0,highestmikeyouknow,742,0,14324.0,7109.0,22175
a8djbl,ecby3pe,Gee...all that money NOT going to drug dealers.  If only people would have known this 50 years ago.,https://www.cbc.ca/news/business/canada-marijuana-legalization-sales-1.4956402/ecby3pe/,0.042,0.063027434,0.001420975,0.01220964,0.004236255,0.025542418,0.007404801,1545500908.0,1,0,0,Raistlin1313,0,0,10477.0,8371.0,18848
