post_id,comment_id,txt,url,offensiveness_score,Toxicity,Severe Toxicity,Profanity,Identity Attack,Insult,Threat,created,score,total_awards_received,controversiality,user,user_awardee_karma,user_awarder_karma,user_link_karma,user_comment_karma,user_total_karma
6ff8go,dihqp1y,I don't think you can deny service based on religious beliefs to be honest.  A pharmacist is a master of chemistry and not necessarily qualified to deny anyone medication that may improve their life due to the fact they do not have a complete medical history. This is why this issue has me personally very upset. I agree with the statement that walgreens made. If you can't do your job due to a religious objection to medication they you should not be in this field period. ,http://kron4.com/2017/06/04/pharmacist-accused-of-not-filling-birth-control-prescription//dihqp1y/,-0.188,0.079250954,0.0020504,0.016957775,0.044870727,0.025542418,0.007288289,1496682762.0,907,0,0,djustinblake,658.0,0.0,,,658.0
6ff8go,dihrb15,"Two things: 

1. Fuck Walgreens for having such a poorly thought out and spineless policy

2. That pharmacist needs to find a new job. ",http://kron4.com/2017/06/04/pharmacist-accused-of-not-filling-birth-control-prescription//dihrb15/,0.804,0.85333383,0.35368225,0.83974665,0.14875233,0.58196646,0.1284288,1496683405.0,303,0,0,[deleted],,,,,
6ff8go,dihrsun,I'm taking a human sexuality college course this summer and I just read the other day that pharmacists are allowed to decline to fill for moral or religious reasons.,http://kron4.com/2017/06/04/pharmacist-accused-of-not-filling-birth-control-prescription//dihrsun/,0.021,0.18554166,0.003871918,0.055940874,0.047706615,0.024382202,0.008246276,1496683927.0,32,0,0,Devin1405,451.0,98.0,87327.0,32975.0,120851.0
6ff8go,dihsd2f,"You can object morally bc you don't want to be participating in this system that offends your religious morality.  Well if this one transaction constitutes participation, but you can step aside while another pharmacist fills it, aren't you still participating?  Would seem to be that being a pharmacist in itself would be a moral contradiction bc you are helping a company that provides bc in one form or another. 

Edit: used bc to abbreviate ""because"" and ""birth control""",http://kron4.com/2017/06/04/pharmacist-accused-of-not-filling-birth-control-prescription//dihsd2f/,-0.167,0.10956833,0.002765656,0.01941724,0.033784978,0.03511308,0.008311004,1496684534.0,371,0,0,leggpurnell,404.0,0.0,30755.0,32545.0,63704.0
6ff8go,dihsyfu,"Unpopular opinion here, I think not providing service due to religious beliefs is okay. Just as I think not shopping somewhere due to disliking their policy is okay. 
If we're hoping for a society where everyone feels comfortable in their own skin, this is how it's done. It's okay to disagree in society as long as it's not done in a hateful way.
",http://kron4.com/2017/06/04/pharmacist-accused-of-not-filling-birth-control-prescription//dihsyfu/,0.0,0.17111848,0.005111694,0.034397304,0.1232452,0.060752302,0.009851551,1496685173.0,-53,0,1,popular_with_my_mom,70.0,0.0,149.0,3104.0,3323.0
6ff8go,diht86r,[deleted],http://kron4.com/2017/06/04/pharmacist-accused-of-not-filling-birth-control-prescription//diht86r/,0.25,,,,,,,1496685458.0,29,0,0,[deleted],,,,,
6ff8go,dihtaup,Maybe they should grow the fuck up and do their fucking job.,http://kron4.com/2017/06/04/pharmacist-accused-of-not-filling-birth-control-prescription//dihtaup/,0.896,0.9288007,0.39194742,0.9421618,0.06613251,0.56997263,0.028206514,1496685537.0,627,0,0,L8NiteHype,0.0,220.0,89.0,711.0,1020.0
6ff8go,dihthcd,"What's the big deal? If a store doesn't offer you the level of customer satisfaction you demand and you think you can get a better experience somewhere else then go for it, shop elsewhere. It's capitalism. Not too hard. I respect Walgreens for allowing their employees the latitude to work without compromising their principles. That takes guts and shows appreciation for their employees as people. Walgreens is a first rate store. They even pay you money for getting in shape. How awesome is that? Balance rewards for healthy choices. Check it out. I've made over $40 from it. I wish all stores were that cool. Only drugstore I will use. ",http://kron4.com/2017/06/04/pharmacist-accused-of-not-filling-birth-control-prescription//dihthcd/,-0.062,0.08479069,0.00164032,0.020851927,0.005660672,0.03489272,0.006453287,1496685729.0,-80,0,0,[deleted],,,,,
6ff8go,dihtm2l,Do your damn job and fill the prescription .... ,http://kron4.com/2017/06/04/pharmacist-accused-of-not-filling-birth-control-prescription//dihtm2l/,0.341,0.8540474,0.349583,0.79449326,0.028418748,0.563347,0.0138755,1496685870.0,80,0,0,KrazieMenace,0.0,0.0,1.0,831.0,832.0
6ff8go,dihtsb5,"i'm a pharmacist.  fuck this guy.  

grow up with your moral objections.  hope you are consistent because there is quite alot of shit that comes up that can conflict with anyone's morality.  

",http://kron4.com/2017/06/04/pharmacist-accused-of-not-filling-birth-control-prescription//dihtsb5/,0.583,0.911035,0.45895407,0.90150756,0.11860296,0.64537907,0.12076248,1496686056.0,215,0,0,angryherbalist,8.0,0.0,2821.0,12773.0,15602.0
6ff8go,dihtt6a,Would love to see the shit storm if some clerks refused to sell guns/ammo at a Walmart because they morally oppose firearms. ,http://kron4.com/2017/06/04/pharmacist-accused-of-not-filling-birth-control-prescription//dihtt6a/,0.511,0.6863638,0.16960317,0.70864636,0.10221587,0.48228607,0.24484909,1496686081.0,3723,0,0,CincinNative,0.0,0.0,2256.0,3291.0,5547.0
6ff8go,dihtvld,"I'm probably going to get downvoted to hell because of the subreddit I am in, but I hardly feel like forcing someone into a new/different career is the answer. 


What if that pharmacist became a pharmacist before birth control was created? How is it their fault that the ""job requirements"" you are placing on them changed since they got their degree?


This seems more like a Walgreens problem rather than an individual pharmacist problem. They should make sure to have multiple pharmacists. Regardless of the individual pharmacist's beliefs, no one should be forced to provide something against their morals ",http://kron4.com/2017/06/04/pharmacist-accused-of-not-filling-birth-control-prescription//dihtvld/,0.104,0.20149297,0.010681152,0.27882218,0.021585498,0.060927123,0.011689849,1496686152.0,-140,0,0,3DanO1,449.0,0.0,5021.0,112166.0,117636.0
