post_id,comment_id,txt,url,offensiveness_score,Toxicity,Severe Toxicity,Profanity,Identity Attack,Insult,Threat,created,score,total_awards_received,controversiality,user,user_awardee_karma,user_awarder_karma,user_link_karma,user_comment_karma,user_total_karma
9d4i1s,e5fcj77,"I’d pay for pornhub premium before I pay for YouTube premium. 

For $11.99 I can buy something off a YouTubers merch site or donate to them. FunHaus got some nice shirts anyway. ",https://i.imgur.com/0a6YVDx.png/e5fcj77/,-0.167,0.3308965,0.016512826,0.26593533,0.016058605,0.029163294,0.009281937,1536140999.0,1424,0,0,irvyy,0.0,606.0,282.0,9305.0,10193.0
9d4i1s,e5fnjyf,"For me, the main benefits of YouTube Premium are downloading videos and watching without ads. It's worth it for me for either of those benefits alone.

Edit: I mainly watch YouTube on my TV, followed by my phone.",https://i.imgur.com/0a6YVDx.png/e5fnjyf/,-0.383,0.019854378,0.001535416,0.017982552,0.005808664,0.008595883,0.008401625,1536156315.0,240,0,0,plaid-knight,3259.0,314.0,50335.0,278088.0,331996.0
9d4i1s,e5foakg,"You can do both of those things without YouTube premium I believe.

Edit: Both are actually legal. ",https://i.imgur.com/0a6YVDx.png/e5foakg/,-0.396,0.027560094,0.001974106,0.02126184,0.006437627,0.009336887,0.009463178,1536157008.0,203,0,0,loloynage,85.0,15.0,3.0,3291.0,3394.0
9d4i1s,e5fon8r,"You also get Google Play Music included in the subscription, which is why I personally subscribe. Well worth it for me at least.",https://i.imgur.com/0a6YVDx.png/e5fon8r/,-0.479,0.024613906,0.001802445,0.020578653,0.006659614,0.010134893,0.008738215,1536157328.0,123,0,0,VanceIX,492.0,2722.0,35032.0,57436.0,95682.0
9d4i1s,e5fonrm,"Not nearly as easily. Downloading videos in the YouTube app itself, instead of a sketchy third-party app, is pretty nice. Watching YouTube ad-free on the TV, phone app, or browser without any other tools is pretty nice, too.",https://i.imgur.com/0a6YVDx.png/e5fonrm/,-0.312,0.017341165,0.001115799,0.015557245,0.004347248,0.008595883,0.007404801,1536157341.0,21,0,0,plaid-knight,3259.0,314.0,50335.0,278088.0,331996.0
9d4i1s,e5fq5d4,"YouTube go,  download and no ads. It's YouTubes ap and it costs nothing ",https://i.imgur.com/0a6YVDx.png/e5fq5d4/,-0.5,0.06896287,0.003242493,0.025907494,0.007547563,0.014504919,0.009463178,1536158699.0,3,0,0,[deleted],,,,,
9d4i1s,e5ft0ki,I subscribe to Google play music and get YouTube premium as a bonus! I'm sad they are killing it in favor of YouTube music.,https://i.imgur.com/0a6YVDx.png/e5ft0ki/,-0.312,0.28548008,0.014188796,0.114160895,0.027011903,0.042665333,0.1319513,1536161217.0,60,0,0,thebedivere,167.0,0.0,2671.0,14909.0,17747.0
9d4i1s,e5ftl9g,"Yeah, thankfully though they won't kill off Google Play Music until YouTube Music has feature parity, so I'm not too worried. To be honest YouTube has a lot more name recognition and I can understand why they want to streamline their services.",https://i.imgur.com/0a6YVDx.png/e5ftl9g/,-0.234,0.11119666,0.004882813,0.054437835,0.009989422,0.015340924,0.06561559,1536161712.0,25,0,0,VanceIX,492.0,2722.0,35032.0,57436.0,95682.0
9d4i1s,e5fv978,and at every other point prior to this ,https://i.imgur.com/0a6YVDx.png/e5fv978/,-0.333,0.019100413,0.001134872,0.013985921,0.003015325,0.008291881,0.007430693,1536163102.0,6,0,0,icannotfly,197.0,0.0,15394.0,99395.0,114986.0
9d4i1s,e5g97s6,"> at this point

I majored in advertising graduating in 2011 and several of my professors made the pithy observation that Google is just an ad company. I realize now how incredibly obvious and trite that is and that our attention has been a commodity the media has sold to advertisers for a long time, but at the time as an undergrad it was a strange concept to grasp",https://i.imgur.com/0a6YVDx.png/e5g97s6/,0.0,0.16245349,0.006294251,0.082581155,0.022791367,0.06652143,0.009644418,1536174693.0,1,0,0,[deleted],,,,,
9d4i1s,e5gauo5,"For that, I subscribe to the pirate bay.",https://i.imgur.com/0a6YVDx.png/e5gauo5/,-0.562,0.08795626,0.003108978,0.029460056,0.00725158,0.02173949,0.009592636,1536176060.0,1,0,0,IComplimentVehicles,0.0,0.0,16678.0,117423.0,134101.0
9d4i1s,e5gcpdr,"A big reason I use YouTube is to watch music videos during workouts. I open the YouTube app, cast to my TV, then play a workout playlist. Sometimes mid-workout I'll want to skip a song or switch playlists; using my phone lets me do that easily, but my desktop is upstairs.

Any easy alternative to this? Now that I'm typing this out, I'm realizing downloading them and using Plex instead would be easier.",https://i.imgur.com/0a6YVDx.png/e5gcpdr/,-0.229,0.034748793,0.002365112,0.027410502,0.006030651,0.012604907,0.009178371,1536177590.0,1,0,0,densetsu23,133.0,0.0,3529.0,57298.0,60960.0
9d4i1s,e5gd8ff,It’s not that convenient,https://i.imgur.com/0a6YVDx.png/e5gd8ff/,-0.468,0.043399423,0.001707077,0.019075647,0.003477799,0.01465692,0.006990537,1536178026.0,1,0,0,[deleted],,,,,
9d4i1s,e5gjbba,"Ad blocking extensions are free and don't fund enormous companies. ""Oh but the content producers"" donate to them directly...Then they get 100% of the money. It's called PayPal.",https://i.imgur.com/0a6YVDx.png/e5gjbba/,-0.062,0.039226998,0.001382828,0.015693882,0.004014268,0.014010916,0.007068211,1536183146.0,1,0,0,Bindleflop_ChinCholo,0.0,12.0,101.0,3591.0,3704.0
9d4i1s,e5gjwef,That's what you get for trusting youtube ya dingbat lmao,https://i.imgur.com/0a6YVDx.png/e5gjwef/,0.271,0.41168427,0.023076924,0.2347036,0.04332388,0.28791866,0.01187109,1536183658.0,1,0,0,Mshake6192,125.0,0.0,,,125.0
9d4i1s,e5gjwsw,"If I were you I would cancel my subscription and download adblock until YouTube fixes the recommendations; they are beyond broken right now! I'm getting recommended tons of random videos that don't even slightly relate to my watch or search history! The amount of times I've seen videos from NBA is unreal, they keep showing up despite me saying not interested on them along with a plethora of other videos I have no interest in.",https://i.imgur.com/0a6YVDx.png/e5gjwsw/,-0.152,0.22846605,0.00831604,0.09324962,0.014852738,0.06739554,0.013631714,1536183667.0,2,0,0,VileMushroom,140.0,0.0,6037.0,30735.0,36912.0
9d4i1s,e5gl2nq,"Same, and this is actually cheaper",https://i.imgur.com/0a6YVDx.png/e5gl2nq/,-0.646,0.037105743,0.001621246,0.018392462,0.002737841,0.011920903,0.007534259,1536184697.0,1,0,0,legocraftmation,115.0,39.0,4374.0,9502.0,14030.0
9d4i1s,e5glbc6,"r/unexpectedRT

Yeah I found this like yesterday.",https://i.imgur.com/0a6YVDx.png/e5glbc6/,-0.479,0.011623607,0.001029968,0.01535229,0.002700844,0.006999873,0.006608637,1536184911.0,1,0,0,[deleted],,,,,
9d4i1s,e5gmswg,rip black mark twain :c.,https://i.imgur.com/0a6YVDx.png/e5gmswg/,0.085,0.27412915,0.014511578,0.096482486,0.20878418,0.07935401,0.028379176,1536186278.0,1,0,0,BlackPixl,0.0,0.0,36.0,2946.0,2982.0
9d4i1s,e5gmvos,Dave franco was in scrubs?,https://i.imgur.com/0a6YVDx.png/e5gmvos/,-0.417,0.3389984,0.012359619,0.1811049,0.012541492,0.26957804,0.007741391,1536186348.0,1,0,0,daytoremembers,137.0,15.0,,,152.0
9d4i1s,e5gnkda,"You deserve it for paying for something stupid as that, you fucking moron",https://i.imgur.com/0a6YVDx.png/e5gnkda/,0.833,0.968226,0.61260825,0.92389363,0.27701542,0.8987166,0.13178273,1536186984.0,1,0,0,[deleted],,,,,
9d4i1s,e5gnvd4,Thanks for reminding me. I was on the free trial for YouTube Music Premium and wanted to cancel before billing,https://i.imgur.com/0a6YVDx.png/e5gnvd4/,-0.667,0.03592727,0.001516342,0.018324144,0.004624732,0.011274899,0.008971239,1536187270.0,1,0,0,ThatOneTony,0.0,0.0,32660.0,14684.0,47344.0
9d4i1s,e5goyju,">they won't kill off Google Play Music until YouTube Music has feature parity,

As a GPM subscriber, I don't believe this for a second.",https://i.imgur.com/0a6YVDx.png/e5goyju/,-0.021,0.23162876,0.010528564,0.0684662,0.021083053,0.025026767,0.13815513,1536188295.0,1,0,0,DJ-Salinger,0.0,0.0,,,0.0
9d4i1s,e5gqk7k,"Barotrauma is better than We Need To Go Deeper in my opinion, even if it's still in development and a bit rough around the edges.",https://i.imgur.com/0a6YVDx.png/e5gqk7k/,-0.25,0.028974265,0.001678467,0.015215653,0.004347248,0.010362893,0.008453408,1536189852.0,1,0,0,StaticDemonics,0.0,0.0,1752.0,966.0,2718.0
9d4i1s,e5gxx49,">paying for premium YouTube

Well I found your problem.",https://i.imgur.com/0a6YVDx.png/e5gxx49/,-0.271,0.25462922,0.011901856,0.07385241,0.022590388,0.053205602,0.010576514,1536197161.0,1,0,0,Kar8tchris,0.0,37.0,22598.0,14083.0,36718.0
9d4i1s,e5ibj71,Ad free browsing? I have premium and still get ads,https://i.imgur.com/0a6YVDx.png/e5ibj71/,-0.625,0.04785245,0.002212524,0.020988565,0.004846719,0.013478912,0.008298059,1536257870.0,1,0,0,[deleted],,,,,
9d4i1s,e5kehiq,"If you are paying them any money then you are a part of the problem, and by ""problem"" I mean cancer, which is all that the modern youtube is.",https://i.imgur.com/0a6YVDx.png/e5kehiq/,0.191,0.47119883,0.023927659,0.26555094,0.10221587,0.3406697,0.026997874,1536340903.0,1,0,0,orange_paws,1150.0,249.0,2905.0,39027.0,43331.0
