post_id,comment_id,txt,url,offensiveness_score,Toxicity,Severe Toxicity,Profanity,Identity Attack,Insult,Threat,created,score,total_awards_received,controversiality,user,user_awardee_karma,user_awarder_karma,user_link_karma,user_comment_karma,user_total_karma
cganu1,eugjkha,"Then correct the description - this oppression is caused by the CAPITALISTS that infiltrated the government and the communist party. 

This description seems to blame communists, which is a LIE",https://www.reddit.com/r/worldpolitics/comments/cganu1/the_purge_is_happening_in_hong_kong//eugjkha/,0.25,0.30427247,0.006523132,0.03339528,0.11280017,0.24287975,0.008505191,1563809147.0,-2,0,0,TheNoize,620.0,0.0,,,620.0
cganu1,eugkx13,What? This is a weird flex,https://www.reddit.com/r/worldpolitics/comments/cganu1/the_purge_is_happening_in_hong_kong//eugkx13/,-0.404,0.14082454,0.003910065,0.049177196,0.006363631,0.030816011,0.007236506,1563809912.0,2,0,0,HootsTheOwl,0.0,0.0,3748.0,72617.0,76365.0
cganu1,euglhss,"""Flex""? It's a ""flex"" to acknowledge the blame is with corrupt capitalism in government, and that ""communists"" have absolutely nothing to do with it?",https://www.reddit.com/r/worldpolitics/comments/cganu1/the_purge_is_happening_in_hong_kong//euglhss/,-0.062,0.25462922,0.003585815,0.023311393,0.06294931,0.19734058,0.007275343,1563810231.0,-1,0,0,TheNoize,620.0,0.0,,,620.0
cganu1,eugq6xz,"Here's the thing: as bad as this is, literally nobody will do anything about it, I guarantee it.",https://www.reddit.com/r/worldpolitics/comments/cganu1/the_purge_is_happening_in_hong_kong//eugq6xz/,-0.125,0.07212844,0.002183914,0.02474608,0.004106762,0.018710041,0.009385503,1563812820.0,4,0,0,sixeco,0.0,148.0,306.0,7492.0,7946.0
cganu1,eujj5kp,Hong kongers need guns and RPG'S. Like now!,https://www.reddit.com/r/worldpolitics/comments/cganu1/the_purge_is_happening_in_hong_kong//eujj5kp/,0.167,,,,,,,1563872472.0,1,0,0,K3Kboi66,0.0,0.0,102.0,4447.0,4549.0
cganu1,eujr917,"For fuck's sake where's 'Muricas freedom guarding forces when they're needed?

Wasting their time in the Persian Gulf in a dick measuring contest with Iran when there's an actual democracy being threatened.

I'd say Chinas ""dynastic cycle"" is up and it's due time for China to break up into smaller squabbling states...",https://www.reddit.com/r/worldpolitics/comments/cganu1/the_purge_is_happening_in_hong_kong//eujr917/,0.812,0.7252971,0.35368225,0.70864636,0.40447855,0.5015486,0.11616269,1563877086.0,3,0,0,Haccapel,118.0,0.0,3565.0,8662.0,12345.0
cganu1,eukphre,What a fucking stupid comment.,https://www.reddit.com/r/worldpolitics/comments/cganu1/the_purge_is_happening_in_hong_kong//eukphre/,0.792,0.968226,0.45895407,0.9342644,0.058856625,0.8579266,0.010214032,1563891481.0,1,0,0,oscar_pistorials,280.0,0.0,2299.0,12427.0,15006.0
cganu1,eukpuu3,"My grammar is shit true, but you saw how tiananmen square went unarmed protest realy never change anything.",https://www.reddit.com/r/worldpolitics/comments/cganu1/the_purge_is_happening_in_hong_kong//eukpuu3/,0.271,0.6863638,0.16960317,0.7673477,0.10221587,0.38852,0.0130621,1563891626.0,1,0,0,K3Kboi66,0.0,0.0,102.0,4447.0,4549.0
cganu1,eukqrbn,"Don't worry about your grammar. It's the thought that this situation would be better with more weaponry in it... No, I don't believe for a minute that it would.",https://www.reddit.com/r/worldpolitics/comments/cganu1/the_purge_is_happening_in_hong_kong//eukqrbn/,-0.417,0.14950264,0.004463196,0.021125201,0.004513739,0.02567133,0.05203775,1563891951.0,1,0,0,oscar_pistorials,280.0,0.0,2299.0,12427.0,15006.0
cganu1,eunvg1c,"Wait, are you referring to meeeee as right? You’re obviously delusional",https://www.reddit.com/r/worldpolitics/comments/cganu1/the_purge_is_happening_in_hong_kong//eunvg1c/,0.25,0.38601747,0.014059683,0.12991914,0.016862517,0.35849577,0.009023022,1563934052.0,1,0,0,ahhh_ty,1167.0,0.0,,,1167.0
cganu1,evatfgq,Good luck trying to get this information distributed through reddit. Reddit admins are sucking China’s cock atm,https://www.reddit.com/r/worldpolitics/comments/cganu1/the_purge_is_happening_in_hong_kong//evatfgq/,0.625,0.8696708,0.52891463,0.8186401,0.46028158,0.6308392,0.04167421,1564356745.0,1,0,0,[deleted],,,,,
cganu1,evbkf4a,Someone needs to fuck reddit and post this on something that gains more attention. This is getting crazier crazier.,https://www.reddit.com/r/worldpolitics/comments/cganu1/the_purge_is_happening_in_hong_kong//evbkf4a/,0.625,0.85333383,0.45077345,0.8855216,0.07425626,0.4302003,0.077831104,1564380994.0,2,0,0,spicyqueso,0.0,17.0,210.0,2981.0,3208.0
cganu1,evbo9yb,"This issue is very intense in Hong Kong , the things are boiling up and will not stop until the HK GOVERNMENT(CCP) respond our 5 appeals!!!!

We have been through last three days protest. (26-28/7) We are tired, but still not gonna give up.",https://www.reddit.com/r/worldpolitics/comments/cganu1/the_purge_is_happening_in_hong_kong//evbo9yb/,-0.064,0.045625936,0.002183914,0.013063621,0.011765319,0.014162917,0.00899713,1564386062.0,2,0,0,freedomhihihi,0.0,0.0,7048.0,1718.0,8766.0
cganu1,evg2unb,The thugs are paid off by the gov as well though I'm sure some of it is just chaos in general.,https://www.reddit.com/r/worldpolitics/comments/cganu1/the_purge_is_happening_in_hong_kong//evg2unb/,0.167,0.24763705,0.004081726,0.047173142,0.015958117,0.1935001,0.009256045,1564504990.0,2,0,0,JohnCrichtonsCousin,177.0,171.0,1510.0,71398.0,73256.0
cganu1,f80wlxq,"> and one of them is a woman. 

OH SHIT we better bust out the Tomahawk missiles then.",https://www.reddit.com/r/worldpolitics/comments/cganu1/the_purge_is_happening_in_hong_kong//f80wlxq/,0.458,0.8115627,0.35368225,0.759977,0.40883094,0.47357693,0.44531298,1574140584.0,1,0,0,[deleted],,,,,
cganu1,fa6nc1r,"People in Hong Kong must decide if they are going to continue with it, if they are they start protecting each other, that means living the ""peaceful protest"" as soon as the police/military or anyone start violence against the peaceful protesters.

If not, better start saving for moving to another country as soon as possible or face the ""reeducation camps"", if you get that far.

&#x200B;

The world governments will talk, criticize, say they will apply economic sanctions but they will do nothing to stop another Massacre simply because they have nothing to gain from it, China controls the economy, producing almost everything in Chinese soil.

As for ""the well meaning foreigners"", most of them will change their tune if the iPhone prices start rising.",https://www.reddit.com/r/worldpolitics/comments/cganu1/the_purge_is_happening_in_hong_kong//fa6nc1r/,0.333,0.11161,0.003223419,0.02023706,0.041261412,0.039737478,0.014220826,1575826413.0,1,0,0,VixzerZ,166.0,1071.0,,,1237.0
