post_id,comment_id,txt,url,offensiveness_score,Toxicity,Severe Toxicity,Profanity,Identity Attack,Insult,Threat,created,score,total_awards_received,controversiality,user,user_awardee_karma,user_awarder_karma,user_link_karma,user_comment_karma,user_total_karma
8jovl6,dz1ggmg,">A Canadian-Palestinian doctor was shot in the legs by an Israeli sniper     
         
Funny the Headline say Canadian only....       
You assume an Israeli shot him...    
    
\#PalestinianTerrorAttack       ",https://www.theglobeandmail.com/politics/article-canadian-doctor-shot-by-israeli-sniper-near-gaza-border//dz1ggmg/,0.0,0.5721988,0.34969926,0.20375896,0.5135796,0.3388922,0.44235477,1526422021.0,-101,0,0,ozric101,0.0,0.0,,,0.0
8jovl6,dz1lg1e,When does Israel get labeled a terrorist state?,https://www.theglobeandmail.com/politics/article-canadian-doctor-shot-by-israeli-sniper-near-gaza-border//dz1lg1e/,0.208,0.33255672,0.014769804,0.06145202,0.37730414,0.15698463,0.03304107,1526427130.0,217,0,0,plain_name,75.0,0.0,173.0,18264.0,18512.0
8jovl6,dz1qz8s,What the hell is going on over there? Are they really shooting people who don’t cross the border? I can’t see the utility in that; what’s the point?,https://www.theglobeandmail.com/politics/article-canadian-doctor-shot-by-israeli-sniper-near-gaza-border//dz1qz8s/,0.106,0.47622904,0.030523606,0.4381921,0.047448806,0.19500497,0.29519764,1526432614.0,42,0,0,[deleted],,,,,
8jovl6,dz1thdq,Shoves another into a bullet? Youre either delusional or maliciously intent on blaming the victims. ,https://www.theglobeandmail.com/politics/article-canadian-doctor-shot-by-israeli-sniper-near-gaza-border//dz1thdq/,0.083,0.30502358,0.010681152,0.02836696,0.005290694,0.12159709,0.2836219,1526435053.0,35,0,0,Mralfredmullaney,1720.0,251.0,3.0,197336.0,199310.0
8jovl6,dz1tlv6,Zionist criminals seek no peace. Time to start charging these murderous cowards.,https://www.theglobeandmail.com/politics/article-canadian-doctor-shot-by-israeli-sniper-near-gaza-border//dz1tlv6/,0.271,0.71760553,0.34981552,0.3290656,0.58354634,0.6308392,0.44942492,1526435179.0,30,0,0,YYC_GodEmporeor,165.0,0.0,,,165.0
8jovl6,dz1u59k,I'm blaming the perpetrator. The perpetrator is Hamas.,https://www.theglobeandmail.com/politics/article-canadian-doctor-shot-by-israeli-sniper-near-gaza-border//dz1u59k/,0.042,0.2820025,0.012435913,0.04867618,0.18705739,0.10440776,0.03856628,1526435720.0,-67,0,0,TimTheRandomPerson,176.0,888.0,37829.0,50424.0,89317.0
8jovl6,dz1u6m0,Zionazis shoot innocent people all the time. It's pathetic ,https://www.theglobeandmail.com/politics/article-canadian-doctor-shot-by-israeli-sniper-near-gaza-border//dz1u6m0/,0.312,0.6491204,0.23223943,0.36230123,0.55044734,0.47384647,0.4339666,1526435758.0,36,0,0,YYC_GodEmporeor,165.0,0.0,,,165.0
8jovl6,dz1v5cf,[deleted],https://www.theglobeandmail.com/politics/article-canadian-doctor-shot-by-israeli-sniper-near-gaza-border//dz1v5cf/,0.896,,,,,,,1526436733.0,-78,0,0,[deleted],,,,,
8jovl6,dz1wgwp,"Because it was staged by Hamas, right? Just keep blaming the terrorists and dehumanizing the disenfranchised and you have all the propaganda you need to murder whoever you want. Fuck Netanyahu. Fuck the trump family. This whole thing is a disgrace. ",https://www.theglobeandmail.com/politics/article-canadian-doctor-shot-by-israeli-sniper-near-gaza-border//dz1wgwp/,0.854,0.8988238,0.61260825,0.8089582,0.43896464,0.7492263,0.52786106,1526438020.0,39,0,0,tigerlotus,125.0,0.0,118.0,8645.0,8888.0
8jovl6,dz1wmyx,"GEt fucket SOS. your time is coming, and your desperation is palpable, I will cry with glee",https://www.theglobeandmail.com/politics/article-canadian-doctor-shot-by-israeli-sniper-near-gaza-border//dz1wmyx/,0.604,0.9288007,0.52891463,0.89909166,0.12440576,0.62169385,0.44827121,1526438191.0,-11,0,0,[deleted],,,,,
8jovl6,dz243k1,There should be a very real concern of the idea that Hamas is using Palestinian civilians blood to propagate global attention.,https://www.theglobeandmail.com/politics/article-canadian-doctor-shot-by-israeli-sniper-near-gaza-border//dz243k1/,0.167,0.200795,0.00957489,0.047674157,0.17614605,0.032248367,0.054947287,1526447066.0,-23,0,0,OsirusMagnus,0.0,0.0,14.0,2832.0,2846.0
8jovl6,dz2a0l0,"Non sense. President Trump said israeli snipers do not shoot at protestors. On the off chance that they do, then the other side must have done something worse thus justifying the shooting. 

That canadian doctor must have held a knife near a soldier or something. You know how aggressive canadians are.  ",https://www.theglobeandmail.com/politics/article-canadian-doctor-shot-by-israeli-sniper-near-gaza-border//dz2a0l0/,0.271,0.3140926,0.014576134,0.041912504,0.2127345,0.16853803,0.2836219,1526458138.0,7,0,0,Chukchin,0.0,0.0,2024.0,7033.0,9057.0
8jovl6,dz2d6mq,Don't worry. Isreal has already told the UN there will be no investigation. Gotta love that jew privilege. ,https://www.theglobeandmail.com/politics/article-canadian-doctor-shot-by-israeli-sniper-near-gaza-border//dz2d6mq/,0.396,0.2820025,0.011978149,0.068967216,0.32768643,0.0670459,0.01086132,1526465532.0,13,0,0,TheMassivePassive,0.0,0.0,,,0.0
8jovl6,dz2urig,Israelis pulled the triggers of their own guns. ,https://www.theglobeandmail.com/politics/article-canadian-doctor-shot-by-israeli-sniper-near-gaza-border//dz2urig/,0.25,0.28857216,0.014447021,0.04141149,0.29798782,0.060752302,0.13815513,1526486202.0,2,0,0,leftofmarx,136.0,0.0,20563.0,93923.0,114622.0
8jovl6,dz2zln9,The person who shoots. Jesus fuck.,https://www.theglobeandmail.com/politics/article-canadian-doctor-shot-by-israeli-sniper-near-gaza-border//dz2zln9/,0.75,0.9391453,0.45895407,0.927271,0.28622448,0.6120431,0.2606104,1526490308.0,2,0,0,_Sausage_fingers,358.0,0.0,1128.0,154441.0,155927.0
