post_id,comment_id,txt,url,offensiveness_score,Toxicity,Severe Toxicity,Profanity,Identity Attack,Insult,Threat,created,score,total_awards_received,controversiality,user,user_awardee_karma,user_awarder_karma,user_link_karma,user_comment_karma,user_total_karma
binzqg,em2sogi,The second comment got a bunch of downvotes  for a s(he) be(lie)ve(d) joke,https://i.redd.it/1n8fxuugm6v21.jpg/em2sogi/,-0.17,0.17111848,0.004482269,0.08128801,0.006141644,0.06337463,0.007922632,1556563225.0,3,0,0,[deleted],,,,,
binzqg,em340ac,Yep it almost was but then.... Yeaa we all know what happened,https://i.redd.it/1n8fxuugm6v21.jpg/em340ac/,-0.417,0.046120718,0.00295639,0.023721304,0.005068706,0.011654901,0.010369381,1556570255.0,1,0,0,Turtl3isnice,782.0,300.0,480.0,912.0,2474.0
binzqg,em38ngl,Takes real skill to be this dumb even as an anti vaxxer. Fair play,https://i.redd.it/1n8fxuugm6v21.jpg/em38ngl/,0.553,0.71760553,0.023076924,0.29209393,0.04925346,0.7344449,0.009747985,1556573175.0,2,0,0,BeepShow,0.0,0.0,4485.0,32211.0,36696.0
binzqg,em39ht2,Oh man this made me full body cringe...,https://i.redd.it/1n8fxuugm6v21.jpg/em39ht2/,-0.146,0.20172562,0.008277893,0.1110661,0.005919657,0.028392024,0.010498839,1556573717.0,2,0,0,[deleted],,,,,
