post_id,comment_id,txt,url,offensiveness_score,Toxicity,Severe Toxicity,Profanity,Identity Attack,Insult,Threat,created,score,total_awards_received,controversiality,user,user_awardee_karma,user_awarder_karma,user_link_karma,user_comment_karma,user_total_karma
b44f7h,ej4fj36,"Totally agree with this sentiment. I’m fully in favor of demonetization. Censorship gets a little stickier, but every platform should follow suit by no longer allowing them to profit off of this dangerous misinformation. ",https://i.redd.it/675v97m3ynn21.jpg/ej4fj36/,-0.042,0.04686289,0.001544952,0.017231047,0.005327691,0.016708933,0.010084574,1553267915.0,9,0,0,MrShupp,0,0,2296.0,2998.0,5294
b44f7h,ej4xs2o,Anybody want some pepperoni flavored vaccines? ,https://i.redd.it/675v97m3ynn21.jpg/ej4xs2o/,-0.271,0.09112182,0.003414154,0.019485557,0.006030651,0.021997316,0.009048914,1553279042.0,3,0,0,joedabrosephine,0,0,713.0,18202.0,18915
b44f7h,ej53y48,"only took a measles epidemic for companies to see how serious of a threat anti-vaxxers are... 

Better late than never? ",https://i.redd.it/675v97m3ynn21.jpg/ej53y48/,-0.083,0.11347008,0.003509522,0.014293353,0.011987305,0.04032305,0.018710058,1553283005.0,7,0,0,PM_me_ur_Candys,0,0,15006.0,174427.0,189433
b44f7h,ej5cr4m,"We won the battle, not the war though. But so far, we are winning the war.",https://i.redd.it/675v97m3ynn21.jpg/ej5cr4m/,-0.375,0.04711028,0.002336502,0.01620627,0.007029593,0.009678889,0.021472665,1553288400.0,1,0,0,Itsyaboizeek,0,0,5902.0,3743.0,9645
b44f7h,ej5w6tn,"The best thing about anti-vax is soon we wont have to do anything about them, the diseases will do it for us",https://i.redd.it/675v97m3ynn21.jpg/ej5w6tn/,0.458,0.15822013,0.007019043,0.032142747,0.025605056,0.031807642,0.031314444,1553302867.0,1,0,0,ThisIsNotATrollSmurf,13,0,,,13
b44f7h,ej64orm,Literally everyone but antivaxers are on our side ,https://i.redd.it/675v97m3ynn21.jpg/ej64orm/,-0.229,0.10870059,0.003890991,0.02836696,0.047190998,0.028171662,0.0100069,1553310048.0,1,0,0,Cboda,0,16,358.0,1144.0,1518
b44f7h,ekk1wqs,Wait what they did that,https://i.redd.it/675v97m3ynn21.jpg/ekk1wqs/,-0.604,0.032391842,0.001802445,0.016957775,0.003662788,0.010286893,0.009307829,1554913126.0,2,0,0,ToneBone12345,137,0,10644.0,48285.0,59066
