post_id,comment_id,txt,url,offensiveness_score,Toxicity,Severe Toxicity,Profanity,Identity Attack,Insult,Threat,created,score,total_awards_received,controversiality,user,user_awardee_karma,user_awarder_karma,user_link_karma,user_comment_karma,user_total_karma
9oiksu,e7v4w4s,I read that in Jayces voice from TFS DBZ Abridged.,https://www.reddit.com/r/AskReddit/comments/9oiksu/besides_mr_rogers_who_else_could_pick_up_thors//e7v4w4s/,-0.396,0.018723432,0.001363754,0.015830519,0.004402745,0.008595883,0.008349842,1539691417.0,6,0,0,[deleted],,,,,
9oiksu,e7v8fdm,"> just as likely to kill you as let you live

just started to read it and it's already a 10/10",https://www.reddit.com/r/AskReddit/comments/9oiksu/besides_mr_rogers_who_else_could_pick_up_thors//e7v8fdm/,-0.043,0.51869136,0.16960317,0.20139475,0.029660052,0.082372494,0.57761645,1539695565.0,11,0,0,Thegoodthebadandaman,85.0,0.0,6638.0,109556.0,116279.0
9oiksu,e7vbrr4,"Spider-Man

He is pure of heart.",https://www.reddit.com/r/AskReddit/comments/9oiksu/besides_mr_rogers_who_else_could_pick_up_thors//e7vbrr4/,-0.583,0.027442247,0.001840591,0.019143965,0.005253696,0.011046898,0.008246276,1539698811.0,1,0,0,ThaNorth,645.0,0.0,1152.0,805124.0,806921.0
9oiksu,e7ve0bj,"Willy Nelson. Wait, potheads can lift Mjölnir right? Yeah, I'm pretty sure they can.

Also, probably Leonard Nimoy could have.",https://www.reddit.com/r/AskReddit/comments/9oiksu/besides_mr_rogers_who_else_could_pick_up_thors//e7ve0bj/,0.042,0.11419344,0.004062653,0.035649836,0.005438685,0.05027775,0.012233571,1539700780.0,0,0,0,PunchBeard,2182.0,221.0,6822.0,412361.0,421586.0
9oiksu,e7vfvq2,"When trying to use Mjolnir's power he's accidentally struck by a lighting ""ray"".",https://www.reddit.com/r/AskReddit/comments/9oiksu/besides_mr_rogers_who_else_could_pick_up_thors//e7vfvq2/,-0.125,0.06500591,0.002346039,0.016411226,0.002978328,0.015492925,0.025098583,1539702353.0,1,0,0,DaigoKintaro,0.0,0.0,1.0,278.0,279.0
9oiksu,e7vgai5,"No one's mentioned Vision yet, who actually did.",https://www.reddit.com/r/AskReddit/comments/9oiksu/besides_mr_rogers_who_else_could_pick_up_thors//e7vgai5/,-0.417,0.011183795,0.000505447,0.010040528,0.001489164,0.007265875,0.006310884,1539702692.0,1,0,0,mistercathead,0.0,0.0,12445.0,7122.0,19567.0
9oiksu,e7vh7kx,"Moss Hills, the MTS Oceanos cruise boat entertainer that coordinated the rescue of 571 passengers after the hull started taking water and the captain and crew abandoned ship. ",https://www.reddit.com/r/AskReddit/comments/9oiksu/besides_mr_rogers_who_else_could_pick_up_thors//e7vh7kx/,-0.396,0.011120965,0.000538826,0.008930353,0.001109936,0.008462882,0.00632383,1539703444.0,0,0,0,juggalo5life,125.0,0.0,167.0,10339.0,10631.0
9oiksu,e7vmhvh,THANK YOU. Being a good person isn't enough. Spider-man couldn't lift the hammer because he was unwilling to kill. Being a nice guy doesn't make you a capable warrior. ,https://www.reddit.com/r/AskReddit/comments/9oiksu/besides_mr_rogers_who_else_could_pick_up_thors//e7vmhvh/,-0.417,0.15656179,0.005683899,0.035148825,0.007991537,0.025026767,0.07399795,1539707648.0,2,0,0,Sehtriom,1837.0,71.0,139905.0,293582.0,435395.0
9oiksu,e7vqrta,[deleted],https://www.reddit.com/r/AskReddit/comments/9oiksu/besides_mr_rogers_who_else_could_pick_up_thors//e7vqrta/,-0.083,,,,,,,1539710973.0,3,0,0,[deleted],,,,,
9oiksu,e7vrtwm,That would have been awesome.,https://www.reddit.com/r/AskReddit/comments/9oiksu/besides_mr_rogers_who_else_could_pick_up_thors//e7vrtwm/,-0.696,0.024260364,0.00207901,0.01982715,0.004772724,0.008956885,0.008686432,1539711803.0,1,0,0,fwambo42,275.0,0.0,2888.0,61038.0,64201.0
9oiksu,e7vrxif,"Michael Carpenter. Karrin Murphy.

Rose Quartz. Steven Universe.

Thor.

Leslie Knope.",https://www.reddit.com/r/AskReddit/comments/9oiksu/besides_mr_rogers_who_else_could_pick_up_thors//e7vrxif/,-0.479,0.015707577,0.00123024,0.014361672,0.002996826,0.008500882,0.00780612,1539711880.0,1,0,0,NotVeryGood_AtLife,276.0,76.0,1057.0,23010.0,24419.0
9oiksu,e7vv979,Actually in the comics he couldn't wield Mjolnir because he was unwilling to kill his opponents in battle. ,https://www.reddit.com/r/AskReddit/comments/9oiksu/besides_mr_rogers_who_else_could_pick_up_thors//e7vv979/,-0.208,0.25462922,0.009346008,0.03339528,0.009064475,0.02051482,0.3526302,1539714480.0,1,0,0,Sehtriom,1837.0,71.0,139905.0,293582.0,435395.0
9oiksu,e7vwszp,Ssgss squidward with at least 4 chaos emeralds could probably do it,https://www.reddit.com/r/AskReddit/comments/9oiksu/besides_mr_rogers_who_else_could_pick_up_thors//e7vwszp/,-0.438,0.12867521,0.006599426,0.06546012,0.009989422,0.025155678,0.014393489,1539715688.0,1,0,0,johnyIsAwesome,0.0,0.0,1910.0,23448.0,25358.0
