post_id,comment_id,txt,url,offensiveness_score,Toxicity,Severe Toxicity,Profanity,Identity Attack,Insult,Threat,created,score,total_awards_received,controversiality,user,user_awardee_karma,user_awarder_karma,user_link_karma,user_comment_karma,user_total_karma
8hv7um,dyms2ly,Killing people with serious genetic deformities. ,https://www.reddit.com/r/AskReddit/comments/8hv7um/reddit_what_are_some_opinionsviewpoints_that//dyms2ly/,0.396,0.5921536,0.3494667,0.22723788,0.37953663,0.24630153,0.6611938,1525769847.0,56,0,1,nihiltron,0.0,0.0,321.0,2131.0,2452.0
8hv7um,dyn1eq0,"ITT: 

either : ""kill all that are useless""

or: ""pineaplle and pizza""",https://www.reddit.com/r/AskReddit/comments/8hv7um/reddit_what_are_some_opinionsviewpoints_that//dyn1eq0/,0.271,0.5532103,0.16960317,0.2366394,0.038425524,0.3388922,0.56065804,1525785932.0,1,0,0,pole_fan,673.0,77.0,269.0,179236.0,180255.0
8hv7um,dyn2hnp,"morals aside Eugenics gets results.

",https://www.reddit.com/r/AskReddit/comments/8hv7um/reddit_what_are_some_opinionsviewpoints_that//dyn2hnp/,-0.125,,,,,,,1525787126.0,1,0,0,holybad,50.0,0.0,83.0,160527.0,160660.0
8hv7um,dyp4bhw,"Make illegal drugs accessible to the public in controlled amounts like a chemist. Your intake is metered for safety, you're given exactly what is described and you are given every option for quitting, identifying addiction or side effects.

I think it's a outdated mentality that you can control a person's will. If it's the will of the people to use drugs then you have to accommodate it, because people won't change and will only find worse and worse ways around anything that stops them from getting what they want. ",https://www.reddit.com/r/AskReddit/comments/8hv7um/reddit_what_are_some_opinionsviewpoints_that//dyp4bhw/,-0.042,0.09741997,0.002422333,0.02126184,0.006104646,0.033570543,0.010032792,1525873347.0,1,0,0,[deleted],,,,,
