post_id,comment_id,txt,url,offensiveness_score,Toxicity,Severe Toxicity,Profanity,Identity Attack,Insult,Threat,created,score,total_awards_received,controversiality,user,user_awardee_karma,user_awarder_karma,user_link_karma,user_comment_karma,user_total_karma
912tq0,e2v8met,"“Don’t be a caricature, Page. Never be a caricature.”",https://www.politico.com/story/2018/07/22/carter-page-acknowledges-working-as-informal-adviser-to-russia-735559/e2v8met/,-0.062,0.19599396,0.001935959,0.016137952,0.002645347,0.13607834,0.006543908,1532317875.0,18,0,0,largebigtoe,36.0,37.0,85.0,1829.0,1987.0
912tq0,e2v9h4b,"To be fair you dont know that there isnt some poor wife somewhere just trying to have dinner while her lawyer husband throws a plate of chinese food she got from that place he likes through their 50 inch plasma while screaming ""God fucking damnit, page. We just fucking went over this!""",https://www.politico.com/story/2018/07/22/carter-page-acknowledges-working-as-informal-adviser-to-russia-735559/e2v9h4b/,0.75,0.681338,0.35368225,0.7181329,0.25478655,0.47357693,0.029933142,1532318941.0,47,0,0,[deleted],,,,,
912tq0,e2va6ii,I had a friend attempt to represent himself in a relatively minor legal dispute. The judge chuckled and said he highly recommended that my friend retain counsel.,https://www.politico.com/story/2018/07/22/carter-page-acknowledges-working-as-informal-adviser-to-russia-735559/e2va6ii/,-0.125,0.024731753,0.00099659,0.014600786,0.002793338,0.011122898,0.007288289,1532319849.0,23,0,0,alongdaysjourney,179.0,67.0,1113.0,107817.0,109176.0
912tq0,e2veb51,">lawyer

>50 inch plasma

Have you been in a coma since 2002, by chance...?",https://www.politico.com/story/2018/07/22/carter-page-acknowledges-working-as-informal-adviser-to-russia-735559/e2veb51/,-0.125,0.33255672,0.023076924,0.13432594,0.02439919,0.25998658,0.026307223,1532325924.0,26,0,0,[deleted],,,,,
912tq0,e2vmfez,"Right, parts of it are hysterical.",https://www.politico.com/story/2018/07/22/carter-page-acknowledges-working-as-informal-adviser-to-russia-735559/e2vmfez/,-0.562,0.18649188,0.002861023,0.029888187,0.005327691,0.0810151,0.007430693,1532342307.0,2,0,0,MimonFishbaum,2230.0,0.0,20760.0,571104.0,594094.0
912tq0,e2vpff9,How high does this mountain go?,https://www.politico.com/story/2018/07/22/carter-page-acknowledges-working-as-informal-adviser-to-russia-735559/e2vpff9/,-0.604,0.015644746,0.001134872,0.012687869,0.002025633,0.007873878,0.007055265,1532347434.0,2,0,0,north7,297.0,14.0,22828.0,127130.0,150269.0
912tq0,e2w04bb,"Wouldn't be surprised if Carter Page or some other American (or more) get indicted for some serious shit this week. The FBI had released the FISA documents for a reason, Trump as POTUS doesn't want to declassify the redacted text for a reason and White House is generally in full panic mode.",https://www.politico.com/story/2018/07/22/carter-page-acknowledges-working-as-informal-adviser-to-russia-735559/e2w04bb/,0.083,0.56269526,0.055630904,0.5643384,0.10221587,0.47384647,0.02803385,1532359211.0,3,0,0,[deleted],,,,,
912tq0,e2w08ay,"...okay?  It's known to all that there is something more to Russia and Trump's relationship than what appears on the surface.  However, no, not every person who's communicated with a facet of Russia is a full-fledged FSB agent.  I agree with most of his response; people are so pumped up on ""fuck Trump"" that they're angry about bullshit things about his administration both real and imagined.  Please, for the love of fuck, can y'all do me a favor and not upvote things until they're properly investigated?  Claims and allegations, especially when they aren't coming from multiple sources are baseless and arbitrary.  
  
",https://www.politico.com/story/2018/07/22/carter-page-acknowledges-working-as-informal-adviser-to-russia-735559/e2w08ay/,0.812,0.64447093,0.20373066,0.70864636,0.10221587,0.5177041,0.019228047,1532359309.0,-1,0,0,Metalsand,48.0,0.0,794.0,91494.0,92336.0
912tq0,e2w3xzv,"He states unequivocally that he had nothing to do with Russians and then says well he might have had a few ""impromptu"" meetings and may have had a few off the record conversations with Russian government officials about Hillarys emails...

Stephanie Miller said this morning: ""Doesn't he have some family to call him up and tell him to shut up?""",https://www.politico.com/story/2018/07/22/carter-page-acknowledges-working-as-informal-adviser-to-russia-735559/e2w3xzv/,0.125,0.22846605,0.005722046,0.06546012,0.02138452,0.16480011,0.011974656,1532362598.0,1,0,0,Thymdahl,0.0,0.0,,,0.0
912tq0,e2wdsk0,"Didn't sell out, bought in.",https://www.politico.com/story/2018/07/22/carter-page-acknowledges-working-as-informal-adviser-to-russia-735559/e2wdsk0/,-0.438,0.014136819,0.000786781,0.010962827,0.001470665,0.007493876,0.007327127,1532370970.0,2,0,0,pbradley179,1485.0,0.0,666.0,365920.0,368071.0
912tq0,e2x0luw,LOL! The liberal idiots thread! Thanks for another good laugh.,https://www.politico.com/story/2018/07/22/carter-page-acknowledges-working-as-informal-adviser-to-russia-735559/e2x0luw/,0.542,0.82048255,0.053837523,0.39409557,0.36598656,0.78882504,0.007689608,1532391769.0,0,0,0,AlexSmirnoff,0.0,0.0,3813.0,-34.0,3779.0
