post_id,comment_id,txt,url,offensiveness_score,Toxicity,Severe Toxicity,Profanity,Identity Attack,Insult,Threat,created,score,total_awards_received,controversiality,user,user_awardee_karma,user_awarder_karma,user_link_karma,user_comment_karma,user_total_karma
9ihzm2,e6kvp1j,"*Piertotum Locomotor*

Imagine animating Greek or Roman statues to, you know ... make a sex on each other.",https://www.reddit.com/r/AskReddit/comments/9ihzm2/what_are_some_more_horrifying_implications_of_the//e6kvp1j/,0.234,0.6308517,0.16960317,0.47435758,0.12440576,0.13969865,0.060766358,1537832297.0,2,0,0,monkey_sage,3061,1022,34957,291959,330999
9ihzm2,e6l34pz,I think they're referring to your typo.,https://www.reddit.com/r/AskReddit/comments/9ihzm2/what_are_some_more_horrifying_implications_of_the//e6l34pz/,-0.5,0.062236045,0.001459122,0.015591404,0.002904332,0.025026767,0.006841661,1537839165.0,1,0,0,AdmiralAkbar1,14847,2253,203692,1676269,1897061
9ihzm2,e6l9z9d,I would have made the same mistake. I only ever hear weeb,https://www.reddit.com/r/AskReddit/comments/9ihzm2/what_are_some_more_horrifying_implications_of_the//e6l9z9d/,-0.125,0.121732734,0.004997253,0.06295506,0.020781586,0.030816011,0.010421164,1537845593.0,1,0,0,YellowishWhite,0,0,456,33421,33877
9ihzm2,e6masay,The body swapping potion how much you could fuck someones life up with that id absurd. ,https://www.reddit.com/r/AskReddit/comments/9ihzm2/what_are_some_more_horrifying_implications_of_the//e6masay/,0.438,0.78855824,0.27908814,0.8186401,0.028886627,0.33964422,0.13313138,1537894200.0,2,0,0,stalksfatsoswithtuba,179,60,12304,20204,32747
9ihzm2,e6mlzrp,"I'm surprised no one brought up the toilet fiasco. 

>*When first created, the Chamber was accessed through a concealed trapdoor and a series of magical tunnels. However, when Hogwarts’ plumbing became more elaborate in the eighteenth century (this was a rare instance of wizards copying Muggles, because hitherto they simply relieved themselves wherever they stood, and vanished the evidence), the entrance to the Chamber was threatened, being located on the site of a proposed bathroom.*  
>  
>\- Chamber of Secrets

So.... until the 18th century, wizards just shat themselves where they stood, and magicked it away. 

This is canon. 

Can you imagine that happening? A guy standing beside you, just letting out a sputtering explosion of shit and piss, and then flicking his wand and poof! It's gone. 

But you know. You heard it. 

*you know what was done*. ",https://www.reddit.com/r/AskReddit/comments/9ihzm2/what_are_some_more_horrifying_implications_of_the//e6mlzrp/,0.375,0.3048984,0.023076924,0.15459715,0.10221587,0.076502606,0.03235042,1537903273.0,4,0,0,daitoshi,4902,619,20463,320358,346342
9ihzm2,e6mnuqz,That JK Rowling despite having all that wealth most of the time looks miserable.,https://www.reddit.com/r/AskReddit/comments/9ihzm2/what_are_some_more_horrifying_implications_of_the//e6mnuqz/,-0.25,0.47473195,0.015996376,0.16636424,0.026207991,0.5130944,0.00866054,1537904747.0,1,0,0,to_omoimasu,0,0,162,6181,6343
9ihzm2,e6mxj5f,I know people like to joke about fetus deletus but you could just do it to any pregnant woman at any time. That's fucked up.,https://www.reddit.com/r/AskReddit/comments/9ihzm2/what_are_some_more_horrifying_implications_of_the//e6mxj5f/,0.562,0.8115627,0.34935045,0.84506536,0.1769227,0.42167732,0.02613456,1537912787.0,1,0,0,joe1up,4237,99,271030,231643,507009
9ihzm2,e6nht38,Snape was a raging douche-hole and nothing will ever change that.,https://www.reddit.com/r/AskReddit/comments/9ihzm2/what_are_some_more_horrifying_implications_of_the//e6nht38/,0.292,0.5532103,0.042180564,0.3547165,0.029402243,0.5678696,0.010990778,1537933209.0,1,0,0,blinddivine,263,745,5376,109857,116241
9ihzm2,e6nib84,"> That spirits and souls can be bound to objects (ex. Horcruxes and paintings

paintings do not contain the conscious of the person they represent. instead the person the painting is made of is taught by that person to be like that person.",https://www.reddit.com/r/AskReddit/comments/9ihzm2/what_are_some_more_horrifying_implications_of_the//e6nib84/,-0.062,0.015581916,0.000772476,0.010962827,0.003773782,0.007949878,0.006272047,1537933781.0,1,0,0,blinddivine,263,745,5376,109857,116241
