post_id,comment_id,txt,url,offensiveness_score,Toxicity,Severe Toxicity,Profanity,Identity Attack,Insult,Threat,created,score,total_awards_received,controversiality,user,user_awardee_karma,user_awarder_karma,user_link_karma,user_comment_karma,user_total_karma
6w6eep,dm6j96q,"It doesn't matter to me if they were lying or telling the truth. My point here is the lawyers in this case for the DNC were saying there is no guarantee when you donate money it will go to the candidate you choose, nor that there is any reason to be neutral. 

To that I say this. Come next election, don't look for money from me. I'm not in the habit of just throwing money out. If I donate it is for a specific purpose. A purpose the DNC claims is not actually their aim to do nor their responsibility. 

I promise you when the next election comes around this will be in the forefront of my mind. Nothing yet shows me that the DNC has changed in any manner other than lip service. ",http://observer.com/2017/08/court-admits-dnc-and-debbie-wasserman-schulz-rigged-primaries-against-sanders//dm6j96q/,0.13,0.11150667,0.00202179,0.02126184,0.00621564,0.061801232,0.0077155,1503809789.0,6,0,0,sloppy,20.0,0.0,1856.0,21820.0,23696.0
6w6eep,dm6pf13,Holy fuck this is a lot comments almost copy/pasting the exactly same 2-3 things about headline /berniebros/fake news.,http://observer.com/2017/08/court-admits-dnc-and-debbie-wasserman-schulz-rigged-primaries-against-sanders//dm6pf13/,0.771,0.8364697,0.35368225,0.84506536,0.038167715,0.40243408,0.010550622,1503822687.0,0,0,1,Stormcrownn,0.0,0.0,4751.0,41770.0,46521.0
6w6eep,dm6pss8,"Explicitly allowed, so please stop reporting:
Offensive content*
Satire
Fake News
Climate change denial
Holocaust denial
Propaganda

->this sub reddit is a piece of shit",http://observer.com/2017/08/court-admits-dnc-and-debbie-wasserman-schulz-rigged-primaries-against-sanders//dm6pss8/,0.646,0.72028047,0.23226003,0.764141,0.16801116,0.4962726,0.016120117,1503823797.0,-2,0,0,[deleted],,,,,
6w6eep,dm6sftb,"How the fuck does this post have 11.2k upvotes, when everything else on this sub has like 12? Oh, that's right, Russian propaganda is a thing..",http://observer.com/2017/08/court-admits-dnc-and-debbie-wasserman-schulz-rigged-primaries-against-sanders//dm6sftb/,0.667,0.82048255,0.35368225,0.80158395,0.29035977,0.40243408,0.010162249,1503832009.0,-4,0,0,[deleted],,,,,
6w6eep,dm6vxr0,">“The Court thus assumes that ***the DNC and Wasserman Schultz preferred Hillary Clinton as the Democratic candidate for president over Bernie Sanders or any other Democratic candidate.*** It assumes that they stockpiled information useful to the Clinton campaign. It assumes that they devoted their resources to assist Clinton in securing the party’s nomination and opposing other Democratic candidates. ***And it assumes that they engaged in these surreptitious acts while publically proclaiming they were completely neutral, fair, and impartial.*** This Order therefore concerns only technical matters of pleading and subject-matter jurisdiction.”",http://observer.com/2017/08/court-admits-dnc-and-debbie-wasserman-schulz-rigged-primaries-against-sanders//dm6vxr0/,0.062,0.14256015,0.00617981,0.050680235,0.025404079,0.045593183,0.007844958,1503840352.0,3,0,0,OregonCoonass,0.0,0.0,,,0.0
