post_id,comment_id,txt,url,offensiveness_score,Toxicity,Severe Toxicity,Profanity,Identity Attack,Insult,Threat,created,score,total_awards_received,controversiality,user,user_awardee_karma,user_awarder_karma,user_link_karma,user_comment_karma,user_total_karma
azkmso,ei8f5vz,"Because nothing defeats immune diseases like the flu.
Why do people like that exist?",https://i.redd.it/h8q2olqmzcl21.jpg/ei8f5vz/,-0.021,0.06500591,0.00202179,0.01490822,0.0051797,0.019999169,0.007521313,1552253613.0,74,0,0,[deleted],,,,,
azkmso,ei8u5rk,"There was a Facebook post making the rounds years ago where a nurse bragged about how she scheduled the shot for herself, got the paper that ""proved"" she'd made the appointment, and just never showed up to get the shot.  She was so proud of herself that she didn't have to wear masks around patients in the pediatric cancer ward - because ""they need to see a smiling face"" 

This is one of the few cases where my rage screamed DOX THIS BITCH NOW",https://i.redd.it/h8q2olqmzcl21.jpg/ei8u5rk/,0.417,0.48021027,0.07542343,0.46460027,0.1007269,0.47384647,0.05753354,1552265339.0,22,0,0,sweetalkersweetalker,2602.0,412.0,8734.0,244594.0,256342.0
azkmso,ei99jlw,">Alternate Vaccine Scheduling

Is that like the pullout method for viral RNA?",https://i.redd.it/h8q2olqmzcl21.jpg/ei99jlw/,-0.125,0.15545623,0.012435913,0.03464781,0.018068384,0.02103047,0.011508608,1552278957.0,5,0,0,Adama0001,5286.0,1036.0,88548.0,581454.0,676324.0
azkmso,eiabk1q,How do you even get hired,https://i.redd.it/h8q2olqmzcl21.jpg/eiabk1q/,-0.277,0.15435068,0.004844666,0.045670103,0.006918599,0.03158728,0.009618527,1552322505.0,1,0,0,Chiliyt,0.0,0.0,23.0,3.0,26.0
azkmso,eib2119,"YOU WERE SENT TO DESTROY THE SIDS, NOT JOIN THEM!!!!",https://i.redd.it/h8q2olqmzcl21.jpg/eib2119/,0.149,0.42129645,0.023129508,0.096482486,0.0543092,0.15414265,0.22514746,1552339881.0,1,0,0,ShadowDragon0001,525.0,173.0,24564.0,2178.0,27440.0
azkmso,eiq2zq0,"22,000 nurses should be fired without a single penny severance or even that week’s paycheck ",https://i.redd.it/h8q2olqmzcl21.jpg/eiq2zq0/,0.17,0.17111848,0.006599426,0.017982552,0.030433474,0.033901088,0.11922921,1552821889.0,1,0,0,PeterOselador,0.0,0.0,799.0,9765.0,10564.0
