post_id,comment_id,txt,url,offensiveness_score,Toxicity,Severe Toxicity,Profanity,Identity Attack,Insult,Threat,created,score,total_awards_received,controversiality,user,user_awardee_karma,user_awarder_karma,user_link_karma,user_comment_karma,user_total_karma
cigw4n,ev5nk98,seeing as they're a #christianfamily i'm going to say no,https://i.redd.it/ocy3ypbaauc31.jpg/ev5nk98/,0.0,0.08241652,0.003185272,0.02973333,0.009027477,0.020837102,0.00933372,1564236386.0,16,0,0,Paraxom,472.0,199.0,199.0,114243.0,115113.0
cigw4n,ev5thft,Someone please tell her that hen tie is perfectly safe and nothing to worry about,https://i.redd.it/ocy3ypbaauc31.jpg/ev5thft/,0.021,0.20572066,0.012359619,0.09583591,0.015857628,0.0279513,0.022853967,1564238519.0,2,0,0,kurinevair666,203.0,1137.0,12952.0,46724.0,61016.0
cigw4n,ev5uj88,"I can’t, some can",https://i.redd.it/ocy3ypbaauc31.jpg/ev5uj88/,-0.542,0.022964042,0.001420975,0.017436003,0.004347248,0.008918885,0.007819066,1564238892.0,2,0,0,[deleted],,,,,
cigw4n,ev5wt5d,It had to be a fucking Karen.,https://i.redd.it/ocy3ypbaauc31.jpg/ev5wt5d/,0.833,0.911035,0.35368225,0.9205162,0.109318495,0.5678696,0.012026439,1564239696.0,2,0,0,thePhoneOperater,55.0,0.0,9.0,20847.0,20911.0
cigw4n,ev5xujy,Typically it’s a hot beef injection #prayzejebuz,https://i.redd.it/ocy3ypbaauc31.jpg/ev5xujy/,-0.104,0.23343207,0.013736901,0.12815644,0.007732552,0.031697463,0.010395273,1564240087.0,3,0,0,hillbillygaragepop,0.0,0.0,248.0,14887.0,15135.0
cigw4n,ev5z661,Ground zero or alpha Karen ?,https://i.redd.it/ocy3ypbaauc31.jpg/ev5z661/,-0.188,0.03461841,0.040522877,0.047727272,0.07057341,0.038866475,0.15317287,1564240557.0,43,0,0,ThePr3acher,232.0,878.0,2207.0,42232.0,45549.0
cigw4n,ev5zaup,">is it an vaccine

*an* vaccine

Fucking KAREN",https://i.redd.it/ocy3ypbaauc31.jpg/ev5zaup/,0.792,0.7308154,0.49295026,0.90150756,0.06476828,0.5130944,0.012906751,1564240604.0,1,0,0,[deleted],,,,,
cigw4n,ev6015s,"omg kids are now watching the hen tie, its an vaccine, we must take action against this hen tie as it is putitng toxins in our kids eyes'!!!",https://i.redd.it/ocy3ypbaauc31.jpg/ev6015s/,0.125,0.3281604,0.020127986,0.097129054,0.04667538,0.082866095,0.07323132,1564240869.0,3,0,0,terralexisdumb,0.0,0.0,784.0,4991.0,5775.0
cigw4n,ev62bsl,That’s not hyperbole and scary.,https://i.redd.it/ocy3ypbaauc31.jpg/ev62bsl/,-0.229,0.033806015,0.000939369,0.012175481,0.001849893,0.015188923,0.006912862,1564241667.0,4,0,0,alours,0.0,0.0,6.0,20218.0,20224.0
cigw4n,ev6kqoi,Hentai immunises you to sexual relations.,https://i.redd.it/ocy3ypbaauc31.jpg/ev6kqoi/,-0.043,0.43475235,0.023076924,0.33141375,0.0233943,0.042665333,0.019918699,1564247924.0,1,0,0,STG-Remix,662.0,343.0,22414.0,17134.0,40553.0
