post_id,comment_id,txt,url,offensiveness_score,Toxicity,Severe Toxicity,Profanity,Identity Attack,Insult,Threat,created,score,total_awards_received,controversiality,user,user_awardee_karma,user_awarder_karma,user_link_karma,user_comment_karma,user_total_karma
aqxc4b,egktx4u,Wait HOW? The game shits ammo. When I fought him as Claire I had like 800 uzi rounds. ,https://www.reddit.com/r/AskReddit/comments/aqxc4b/whats_the_angriest_youve_ever_gotten_in_a//egktx4u/,0.167,0.76523775,0.23125283,0.7673477,0.037136484,0.42367843,0.02803385,1550289308.0,1,0,0,artisteandgent,0.0,0.0,88.0,1964.0,2052.0
aqxc4b,egl6sko,"Playing Halo 3 back in 2008. I wasn’t a bad player but it enraged me losing back to back games because I kept making dumb mistakes. One day I had enough and broke my controller.

Fast forward to now and I have broken more than just that controller. A couple mouses, some earbuds too and at least two other controllers. I don’t get mad at losing. But some loses make me suicidal to say the least.",https://www.reddit.com/r/AskReddit/comments/aqxc4b/whats_the_angriest_youve_ever_gotten_in_a//egl6sko/,0.125,0.3047732,0.01754573,0.2268346,0.036878675,0.13064787,0.085497424,1550306262.0,1,0,0,SpecialistCatfish,28.0,0.0,353.0,6076.0,6457.0
aqxc4b,egl8w8h,Playing vanilla WOW and being killed in battlegrounds. So irrationally mad. ,https://www.reddit.com/r/AskReddit/comments/aqxc4b/whats_the_angriest_youve_ever_gotten_in_a//egl8w8h/,0.0,0.44393396,0.023076924,0.17380778,0.021786476,0.29383746,0.34804323,1550310149.0,1,0,0,kotagil,0.0,0.0,177.0,6038.0,6215.0
aqxc4b,eglcryh,"When my team mates don't listen to calls and don't do anything when I'm tanking and engaging the fight. Fuck you, now I'm not going to even help you, see ya, gotta sell those asshole tank items and use pure dmg build instead.",https://www.reddit.com/r/AskReddit/comments/aqxc4b/whats_the_angriest_youve_ever_gotten_in_a//eglcryh/,0.739,0.911035,0.50703704,0.84995824,0.12440576,0.62169385,0.41113588,1550317665.0,1,0,0,[deleted],,,,,
aqxc4b,eglocdg,"I might be late, but I lost a match on fifa 15 once, ended up throwing my controller on the table. Somehow it bounced and hit my new 600$ TV. Had to buy a new TV.",https://www.reddit.com/r/AskReddit/comments/aqxc4b/whats_the_angriest_youve_ever_gotten_in_a//eglocdg/,-0.149,0.045625936,0.002613068,0.026727317,0.005512681,0.0113509,0.01238892,1550331871.0,1,0,0,I_have_a_cat_lol,0.0,0.0,1.0,0.0,1.0
aqxc4b,egm2z6d,"Trying to kill envy in darksiders 3. 
God I hated envy, wrath wasn’t any easier and I haven’t played it since I “killed” wrath ",https://www.reddit.com/r/AskReddit/comments/aqxc4b/whats_the_angriest_youve_ever_gotten_in_a//egm2z6d/,0.021,0.37751234,0.023076924,0.18417911,0.068465814,0.075868964,0.31721663,1550343964.0,1,0,0,hyrulian_princess,487.0,176.0,303.0,32306.0,33272.0
