post_id,comment_id,txt,url,offensiveness_score,Toxicity,Severe Toxicity,Profanity,Identity Attack,Insult,Threat,created,score,total_awards_received,controversiality,user,user_awardee_karma,user_awarder_karma,user_link_karma,user_comment_karma,user_total_karma
a6ei2k,ebu4cdt,But do you know any of those people? Do you have any evidence?,https://www.reddit.com/r/changemyview/comments/a6ei2k/cmv_depression_and_anxiety_are_becoming_a_culture//ebu4cdt/,-0.125,0.016210219,0.000748634,0.01084327,0.002007134,0.008557882,0.006550381,1544873075.0,7,0,0,Ihadtosaysomething1,0.0,0.0,251.0,36775.0,37026.0
a6ei2k,ebu4gpu,"I think one of the main problems with psychological problems in general that they’re very difficult to prove. I can show you two people. One person has serious depression and the other is just lazy. There’s no way to completely know the difference.

I think in cases like this, all you can do is exercise compassion and empathy. Because at the end of the day, they both probably need help. ",https://www.reddit.com/r/changemyview/comments/a6ei2k/cmv_depression_and_anxiety_are_becoming_a_culture//ebu4gpu/,-0.104,0.08795626,0.002012253,0.039407436,0.007362573,0.035553806,0.007301235,1544873330.0,29,0,0,senorpooperpants,0.0,0.0,427.0,2883.0,3310.0
a6ei2k,ebu5cm7,[deleted],https://www.reddit.com/r/changemyview/comments/a6ei2k/cmv_depression_and_anxiety_are_becoming_a_culture//ebu5cm7/,-0.021,,,,,,,1544875140.0,-6,0,0,[deleted],,,,,
a6ei2k,ebu5e1j,"That's not evidence, just a theory.",https://www.reddit.com/r/changemyview/comments/a6ei2k/cmv_depression_and_anxiety_are_becoming_a_culture//ebu5e1j/,-0.574,0.014953613,0.00061512,0.010792031,0.001877641,0.008690883,0.006291465,1544875223.0,26,0,0,Ihadtosaysomething1,0.0,0.0,251.0,36775.0,37026.0
a6ei2k,ebu5phm,"My only disagreement is ""becoming"", they've been a culture since the first Diagnostic and Statistical Manual of Mental Disorders (DSM) was revised in 1968. ",https://www.reddit.com/r/changemyview/comments/a6ei2k/cmv_depression_and_anxiety_are_becoming_a_culture//ebu5phm/,-0.021,0.032627538,0.000948906,0.011782649,0.010507392,0.016100928,0.006142589,1544875856.0,2,0,1,Sin_Researcher,76.0,0.0,,,76.0
a6ei2k,ebu5pxc,Therapist here... we have many ways to assess depression and anxiety. Saying that all we have is a questionnaire that can be lied on is simply wrong.,https://www.reddit.com/r/changemyview/comments/a6ei2k/cmv_depression_and_anxiety_are_becoming_a_culture//ebu5pxc/,-0.146,0.038048524,0.000796318,0.012926984,0.002996826,0.018581128,0.00636914,1544875879.0,37,0,0,WerhmatsWormhat,919.0,441.0,3453.0,313306.0,318119.0
a6ei2k,ebu5q0p,"What is the logical conclusion of this argument?

Depression and Anxiety are becoming culture, therefore we should be less acceptable of potentional depression and anxiety victims, because some people might not have it?",https://www.reddit.com/r/changemyview/comments/a6ei2k/cmv_depression_and_anxiety_are_becoming_a_culture//ebu5q0p/,0.062,0.02048268,0.000743866,0.010108846,0.002682345,0.010438894,0.006498598,1544875883.0,11,0,0,Gladix,1094.0,0.0,45.0,92264.0,93403.0
a6ei2k,ebu604u,[deleted],https://www.reddit.com/r/changemyview/comments/a6ei2k/cmv_depression_and_anxiety_are_becoming_a_culture//ebu604u/,-0.167,,,,,,,1544876414.0,-10,0,0,[deleted],,,,,
a6ei2k,ebu7jy2,"Humans do inherit traits, but they do NOT inherit learned behaviours. They may mimic, but that’s entirely different and can be unlearned as well as it was learned. ",https://www.reddit.com/r/changemyview/comments/a6ei2k/cmv_depression_and_anxiety_are_becoming_a_culture//ebu7jy2/,-0.312,0.01633588,0.000834465,0.012038844,0.004199257,0.008633883,0.006628056,1544878968.0,6,0,0,dendrophilix,0.0,0.0,3116.0,714.0,3830.0
a6ei2k,ebu7m8l,"You can not have experienced neither anxiety nor depression if you believe that people would “embrace it as a good thing”. It is a crippling state that people would almost do anything to get out of. Some do, and commit suicide. Since you’re neither someone with experience, nor a mental health professional, your **opinion** about these issues is not an argument for anything. ",https://www.reddit.com/r/changemyview/comments/a6ei2k/cmv_depression_and_anxiety_are_becoming_a_culture//ebu7m8l/,0.083,0.15048122,0.005760193,0.07870171,0.010581387,0.04442204,0.04098356,1544879061.0,25,0,0,kazarnowicz,4586.0,3529.0,41970.0,90215.0,140300.0
a6ei2k,ebu96b9,"Can you tell me what they are? I have depression and back when I did see a therapist, all they did was give me a few questionnaires to assess me. As soon as I told her I felt nothing anymore she diagnosed me with depression. I’m guessing the clinic I went to wasn’t very good?",https://www.reddit.com/r/changemyview/comments/a6ei2k/cmv_depression_and_anxiety_are_becoming_a_culture//ebu96b9/,-0.17,0.069754265,0.002555847,0.037403382,0.007658557,0.024640027,0.008000307,1544881112.0,5,0,0,[deleted],,,,,
a6ei2k,ebu9e23,"Honestly, I think there is a way to categorize it. But I think psychology as a field just isn't there. I think part of the problem is that the top people in that field are extremely ambitious when it comes to categorizing people. But they lack the fundamental knowledge necessary, and are in a sense, ""jumping the gun"". ",https://www.reddit.com/r/changemyview/comments/a6ei2k/cmv_depression_and_anxiety_are_becoming_a_culture//ebu9e23/,-0.104,0.102192536,0.003299713,0.03840541,0.014350293,0.033901088,0.015429466,1544881352.0,1,0,0,anooblol,222.0,0.0,8033.0,185797.0,194052.0
a6ei2k,ebucfi1,"I honestly think it's just a lack of relations and an easy place to meet to meet other like minded people. I think the problem with psychology is a catch al test and liability issues that prevent the psychologist from being able to make his or her personal opinion. If the boss can listen to conversations and passed patients can be audited, a human will try to make the most ""Empathetic"" choice to Thier patients, regardless of the tough love they think the patient needs. ",https://www.reddit.com/r/changemyview/comments/a6ei2k/cmv_depression_and_anxiety_are_becoming_a_culture//ebucfi1/,-0.021,0.03969839,0.001382828,0.018529098,0.006067649,0.021997316,0.006738094,1544884420.0,2,0,0,[deleted],,,,,
a6ei2k,ebucg0d,"If someone is getting treatment for depression and anxiety from a psychologist, it's a lot of work.  Usually much of that work is changing bad habits and changing bad thought processes.

I suppose if someone got a diagnosis and then refused to get treated and simply used it as an excuse, then you may have a point.

But the whole idea of someone going into an office, lying on a questionnaire and then refusing to work with the psychologist to actually improve seems implausible.  What's the point of even going in to see a psychologist if you are doing that?",https://www.reddit.com/r/changemyview/comments/a6ei2k/cmv_depression_and_anxiety_are_becoming_a_culture//ebucg0d/,-0.021,0.056016337,0.001392365,0.017982552,0.004236255,0.028502205,0.007171778,1544884434.0,2,0,0,dejour,255.0,0.0,3438.0,53966.0,57659.0
a6ei2k,ebuchix,"How do you know people are lying on questionnaires and embracing this depression by choice?

Sounds like you may be devaluing a type of depression - mild depression.

Someone getting a stomach ache and feeling pain doesn't devalue my Crohn's disease.

I have depression and anxiety. Sometimes I can be very motivated to get better and change my habits, that doesn't mean my depression is gone.  Depression has swings, just like any chronic illness.

Caveat - I hope my answer isn't too sharp - I have two invisible illnesses and have been told it's not as bad as I feel it is for years.  ""If you just ate this, if you started doing that, if you had a better attitude you'd be cured!"" - I've lived with it for more than half my life.  So sorry if my post seems angry, I tried my best.",https://www.reddit.com/r/changemyview/comments/a6ei2k/cmv_depression_and_anxiety_are_becoming_a_culture//ebuchix/,0.125,0.071337044,0.001525879,0.015625564,0.003940272,0.03412145,0.006964645,1544884475.0,2,0,0,rougecrayon,428.0,65.0,5941.0,82774.0,89208.0
a6ei2k,ebud0xe,[deleted],https://www.reddit.com/r/changemyview/comments/a6ei2k/cmv_depression_and_anxiety_are_becoming_a_culture//ebud0xe/,0.167,,,,,,,1544885000.0,0,0,0,[deleted],,,,,
a6ei2k,ebud9xw,"I was born with chemical imbalances in my brain, I’ve struggled with depression and anxiety my entire life. The thing that pisses me off the most is when people make depression and anxiety their personality, it’s the only thing they ever talk about and it defines them. It also makes me incredibly mad when people don’t want to help themselves. I’ve had friends throw away their prescriptions because “they don’t work” when they were still staying up all night, eating unhealthy, not exercising, and doing other drugs. Depression and anxiety is a sickness that can be treated. Our societies romanticizing of it is sickening to me. Yes you should not try and suppress your feelings, but you also shouldn’t expect everyone to care. It’s a personal problem and a personal sickness that nearly everyone has the power to fix. Stop the pity party. ",https://www.reddit.com/r/changemyview/comments/a6ei2k/cmv_depression_and_anxiety_are_becoming_a_culture//ebud9xw/,0.021,0.17545098,0.007095337,0.22522148,0.012340514,0.06319981,0.009048914,1544885240.0,1,0,0,wickeddestroyers,0.0,0.0,1552.0,6148.0,7700.0
a6ei2k,ebudms4,Are there drugs that are commonly used to treat depression and anxiety that have similar potential for abuse?,https://www.reddit.com/r/changemyview/comments/a6ei2k/cmv_depression_and_anxiety_are_becoming_a_culture//ebudms4/,-0.208,0.045873325,0.001564026,0.017914234,0.004957713,0.014504919,0.009877442,1544885577.0,2,0,0,dejour,255.0,0.0,3438.0,53966.0,57659.0
a6ei2k,ebuepbn,"What sort of help does a lazy person need though? Laziness is laziness. It is certainly not depression.

I think that is what OP is getting at here. S/he thinks laziness and depression are completely different things but the lines between them are blurring. Why should we accommodate a lazy person the same way we treat a depressed one?

Depression is a problem, laziness is a shitty human trait. IMO, treating a lazy person with ""compassion and empathy"" will only make them shittier humans 


",https://www.reddit.com/r/changemyview/comments/a6ei2k/cmv_depression_and_anxiety_are_becoming_a_culture//ebuepbn/,0.479,0.50789946,0.05473421,0.5365423,0.10221587,0.44464502,0.016638106,1544886537.0,3,0,0,Adult_Reasoning,927.0,0.0,1117.0,88857.0,90901.0
a6ei2k,ebuf26v,"Do you call them out on their bullshit though?

Not to sound mean or anything, but I think I will agree with OP and say that depression and anxiety are becoming a cultural thing and seemingly everyone claims they have issues. I have a hard time believing that all these people that claim to have these issues actually have them.

I do not doubt for one second that people with these problems exist. They absolutely do. But really, how many people that claim to have these issues actually have them?",https://www.reddit.com/r/changemyview/comments/a6ei2k/cmv_depression_and_anxiety_are_becoming_a_culture//ebuf26v/,0.375,0.52811706,0.024960563,0.6069483,0.053854458,0.42167732,0.012958534,1544886852.0,0,0,0,Adult_Reasoning,927.0,0.0,1117.0,88857.0,90901.0
a6ei2k,ebuf9re,[deleted],https://www.reddit.com/r/changemyview/comments/a6ei2k/cmv_depression_and_anxiety_are_becoming_a_culture//ebuf9re/,0.021,,,,,,,1544887047.0,1,0,0,[deleted],,,,,
a6ei2k,ebufqhr,"Sort of? I mean, we’re aware of the stuff that you’re saying. It really depends how they’re presenting. Depression and anxiety exist on a spectrum, so even if people’s symptoms aren’t consistent with a clinical diagnosis, they can still often benefit from therapy, and their treatment would be adjusted accordingly.",https://www.reddit.com/r/changemyview/comments/a6ei2k/cmv_depression_and_anxiety_are_becoming_a_culture//ebufqhr/,-0.229,0.051068526,0.002164841,0.025087673,0.005401687,0.021868404,0.007948523,1544887473.0,3,0,0,WerhmatsWormhat,919.0,441.0,3453.0,313306.0,318119.0
a6ei2k,ebufyvu,"I read an article the other day that posited depression is not the root of the problem but simple demoralization is. The symptoms are similar, but demoralization cannot be 'cured' with meds like depression can.",https://www.reddit.com/r/changemyview/comments/a6ei2k/cmv_depression_and_anxiety_are_becoming_a_culture//ebufyvu/,-0.167,0.029092113,0.001091957,0.013439372,0.004587734,0.012338906,0.007340072,1544887677.0,0,0,0,AngryHorizon,5242.0,1381.0,14880.0,19383.0,40886.0
a6ei2k,ebufz15,"He's talking about people who don't have these CLINICAL diagnosises. At least that is what I interpreted.

There is a huge difference between a person who has debilitating depression and some lazy 22yo who doesn't want to get a job because they're ""depressed"" yet beg mom and dad for money to party every weekend.

Huge difference.",https://www.reddit.com/r/changemyview/comments/a6ei2k/cmv_depression_and_anxiety_are_becoming_a_culture//ebufz15/,0.083,0.18174082,0.00459671,0.044417568,0.016762028,0.09416737,0.007586042,1544887681.0,0,0,1,Adult_Reasoning,927.0,0.0,1117.0,88857.0,90901.0
a6ei2k,ebugca1,"> my problem is with those who are Claiming that they have Anxiety/Depression as an excuse for their Lazy Life and Failures

Yeah, sure, some people throws there words around.  Same thing has happened to OCD.  ""Oh no I had to wipe my ass after doing the poo on the toilet, I'm so OCD yikes"".  There's not much to do here.  Idiots gonna idiot.",https://www.reddit.com/r/changemyview/comments/a6ei2k/cmv_depression_and_anxiety_are_becoming_a_culture//ebugca1/,0.532,0.6863638,0.23223771,0.5013569,0.10221587,0.6336687,0.029587816,1544888008.0,2,0,0,MyChristianBible,0.0,0.0,5.0,1678.0,1683.0
a6ei2k,ebugn59,"In order to claim that this is a trend, you need to provide evidence for it. Anecdotes don’t sum up to evidence. Neither you nor OP can possibly know a statistically relevant portion of the American population, and that’s even before “confirmation bias” - which is something that all humans are prone to. 

So, what is your evidence?",https://www.reddit.com/r/changemyview/comments/a6ei2k/cmv_depression_and_anxiety_are_becoming_a_culture//ebugn59/,-0.062,0.11109332,0.002145767,0.020168742,0.007584561,0.053205602,0.007702554,1544888268.0,7,0,0,kazarnowicz,4586.0,3529.0,41970.0,90215.0,140300.0
a6ei2k,ebuh3j4,"Ok, then I would argue I do not believe any current evidence of the contrary to my assertion.

There is no evidence that I am aware of that tells me otherwise. ",https://www.reddit.com/r/changemyview/comments/a6ei2k/cmv_depression_and_anxiety_are_becoming_a_culture//ebuh3j4/,-0.333,0.017341165,0.000634193,0.011048226,0.002460358,0.009013886,0.006407978,1544888663.0,-2,0,0,Adult_Reasoning,927.0,0.0,1117.0,88857.0,90901.0
a6ei2k,ebuhntj,"this isn't an unpopular opinion, it's more of a fact and a large part of it is due to music artists like Lil Peep for example who instead of bringing up the themes of drug use and depression and having a meaningful message they romanticize it in some ways and make it sound trendy and cool to rely on drugs and have depression and anxiety. 

Edit: and impressionable kids think that's cool and go onto lie about it and be fake depressed and shit, it's stupid. ",https://www.reddit.com/r/changemyview/comments/a6ei2k/cmv_depression_and_anxiety_are_becoming_a_culture//ebuhntj/,0.283,0.54325575,0.16960317,0.541926,0.11396073,0.46774593,0.02181799,1544889147.0,0,0,0,RichConpon,0.0,0.0,6294.0,3322.0,9616.0
a6ei2k,ebuhr07,"That’s like saying there’s a teapot orbiting Earth but you don’t have evidence to the contrary, so it must be true ",https://www.reddit.com/r/changemyview/comments/a6ei2k/cmv_depression_and_anxiety_are_becoming_a_culture//ebuhr07/,-0.229,0.0414203,0.001602173,0.017231047,0.00588266,0.014504919,0.00737891,1544889220.0,6,0,0,ouichu,0.0,0.0,1083.0,1059.0,2142.0
a6ei2k,ebui7sg,Will never change your view because this is sooooooooool true ,https://www.reddit.com/r/changemyview/comments/a6ei2k/cmv_depression_and_anxiety_are_becoming_a_culture//ebui7sg/,-0.511,0.12867521,0.005378723,0.038906425,0.009101473,0.025284592,0.012181788,1544889627.0,0,0,0,schroj1,0.0,37.0,146.0,698.0,881.0
a6ei2k,ebuih8u,"I don’t know if hey are becoming a culture as much as we are becoming more aware of them and their effects. I am in adult leadership in cub scouts and Boy Scouts and we see kids with high anxiety and now that we know what that is we know how to properly deal with it and treat it. 

When I was a kid in the 80s these kids were just called “bad” and were never given a real chance. ",https://www.reddit.com/r/changemyview/comments/a6ei2k/cmv_depression_and_anxiety_are_becoming_a_culture//ebuih8u/,-0.167,0.044141594,0.001459122,0.019348921,0.006844604,0.022061773,0.007068211,1544889870.0,2,0,0,runs_in_the_jeans,206.0,0.0,,,206.0
a6ei2k,ebuii0d,Depression is like capitalizing things that don't need to be capitalized - a mental disorder.,https://www.reddit.com/r/changemyview/comments/a6ei2k/cmv_depression_and_anxiety_are_becoming_a_culture//ebuii0d/,-0.062,0.17458448,0.003643036,0.033645786,0.028016793,0.0817555,0.007301235,1544889889.0,1,0,0,questionasky,182.0,0.0,,,182.0
a6ei2k,ebukur6,"Psilocybin mushrooms reset this pattern of thinking and behavior. Safely, unlike the toxic compounds people are ingesting by the truckload, as prescribed by their doctors. ",https://www.reddit.com/r/changemyview/comments/a6ei2k/cmv_depression_and_anxiety_are_becoming_a_culture//ebukur6/,-0.188,0.04216247,0.001139641,0.012687869,0.003070822,0.017743196,0.00713294,1544891788.0,1,0,0,mochaloco,0.0,0.0,353.0,971.0,1324.0
a6ei2k,ebulo2o,"Its true, Abraham Hicks, exercise, and meditation helped me a lot.",https://www.reddit.com/r/changemyview/comments/a6ei2k/cmv_depression_and_anxiety_are_becoming_a_culture//ebulo2o/,-0.458,0.011874928,0.000920296,0.011970525,0.003385304,0.007322875,0.006783404,1544892390.0,1,0,0,TeddyBongwater,289.0,25.0,1795.0,33803.0,35912.0
a6ei2k,ebum0kt,"When you find the right meds it’s like a fog has been lifted and you can finally live. I’m not depressed so I’m not on antidepressants but I take mood stabilizers and I feel like I’m the most ‘me’ that I’ve ever been.

I don’t get the hate hard on people have over psychiatric medication. People don’t say shit about other meds that are chemicals too",https://www.reddit.com/r/changemyview/comments/a6ei2k/cmv_depression_and_anxiety_are_becoming_a_culture//ebum0kt/,0.292,0.3666224,0.023076924,0.43272525,0.034042787,0.16861114,0.011974656,1544892632.0,1,0,0,daiyanoace,0.0,0.0,10819.0,93529.0,104348.0
a6ei2k,ebum85k,"SNRIs don’t make you feel high. I’ve been on them before, they’re just like any other antidepressant",https://www.reddit.com/r/changemyview/comments/a6ei2k/cmv_depression_and_anxiety_are_becoming_a_culture//ebum85k/,-0.37,0.041172907,0.002031326,0.02433617,0.007732552,0.013668913,0.007702554,1544892785.0,1,0,0,daiyanoace,0.0,0.0,10819.0,93529.0,104348.0
a6ei2k,ebumdx6,"Not “hating” by any means. I hate that term, really. I’m glad you’re happy and it’s working for you...sincerely. I’m just advocating what I believe is a way of dealing with these issues in a healthier and more lasting way. The science and anecdotal reports are speaking for themselves. I invite you to do a little research and decide for yourself - may be the best thing you ever do for yourself. ",https://www.reddit.com/r/changemyview/comments/a6ei2k/cmv_depression_and_anxiety_are_becoming_a_culture//ebumdx6/,0.128,0.15932569,0.00459671,0.07047026,0.013043936,0.06477321,0.010214032,1544892904.0,1,0,0,mochaloco,0.0,0.0,353.0,971.0,1324.0
a6ei2k,ebumwh0,The thing is I have Bipolar disorder and 9 times out of 10 mind altering drugs send people with BP to skyrocket into mania ,https://www.reddit.com/r/changemyview/comments/a6ei2k/cmv_depression_and_anxiety_are_becoming_a_culture//ebumwh0/,-0.083,0.26104406,0.015286255,0.14313951,0.08004672,0.0817555,0.019746035,1544893288.0,1,0,0,daiyanoace,0.0,0.0,10819.0,93529.0,104348.0
a6ei2k,ebundsu,[deleted],https://www.reddit.com/r/changemyview/comments/a6ei2k/cmv_depression_and_anxiety_are_becoming_a_culture//ebundsu/,-0.042,,,,,,,1544893659.0,1,0,0,[deleted],,,,,
a6ei2k,ebuqp4z,"To be entirely clear, these substances aren’t for everyone. Many with the same condition report amazing results. I’m not a doctor so like I said, it’s something to research and decide for yourself. Countless stories and info here on Reddit, alone. 

Many are microdosing and reporting truly unbelievable results. Some, like myself, advocate the full experience and have reaped pretty great benefits. It’s powerful medicine. 

We may very well find that someday, imbalances like bi-polar, depression, anxiety, OCD, PTSD, and many other conditions can be treated or even eliminated, through careful use of psychedelic medicines. The research is starting to show as much!",https://www.reddit.com/r/changemyview/comments/a6ei2k/cmv_depression_and_anxiety_are_becoming_a_culture//ebuqp4z/,-0.062,0.045625936,0.001993179,0.02973333,0.008620501,0.01890341,0.008311004,1544896083.0,1,0,0,mochaloco,0.0,0.0,353.0,971.0,1324.0
a6ei2k,ebuucgb,"That is akin to saying the earth is flat, because that is what your observations tell you, and damn be the experts. OP, who made the initial claims, and those who agree with OP in this thread, are the ones who should provide evidence for their views, not the other way around. ",https://www.reddit.com/r/changemyview/comments/a6ei2k/cmv_depression_and_anxiety_are_becoming_a_culture//ebuucgb/,-0.188,0.47119883,0.052940834,0.48510036,0.04693319,0.40189892,0.022681303,1544898604.0,2,0,0,kazarnowicz,4586.0,3529.0,41970.0,90215.0,140300.0
a6ei2k,ebuus2i,"I’d rather stick to Lithium because I know it works. I’ll change my mind if it comes out that mushrooms actually do something. But undoubtedly they will never cure mental illnesses there’s no such thing as a cure only management, don’t get your hopes up with that. But who know maybe they work maybe they don’t.

But medications aren’t the big bad wolf that everyone makes them out to be, until you’ve experienced finding the right ones you’ll never know how amazing they can be",https://www.reddit.com/r/changemyview/comments/a6ei2k/cmv_depression_and_anxiety_are_becoming_a_culture//ebuus2i/,-0.021,0.05898502,0.002260208,0.030389199,0.007066591,0.02657372,0.00789674,1544898908.0,2,0,0,daiyanoace,0.0,0.0,10819.0,93529.0,104348.0
a6ei2k,ebuwbrs,[deleted],https://www.reddit.com/r/changemyview/comments/a6ei2k/cmv_depression_and_anxiety_are_becoming_a_culture//ebuwbrs/,-0.208,,,,,,,1544900013.0,2,0,0,[deleted],,,,,
a6ei2k,ebuwp6n,Good luck to you too,https://www.reddit.com/r/changemyview/comments/a6ei2k/cmv_depression_and_anxiety_are_becoming_a_culture//ebuwp6n/,-0.75,0.030388435,0.002555847,0.020851927,0.006326634,0.012072904,0.010938995,1544900282.0,2,0,0,daiyanoace,0.0,0.0,10819.0,93529.0,104348.0
