post_id,comment_id,txt,url,offensiveness_score,Toxicity,Severe Toxicity,Profanity,Identity Attack,Insult,Threat,created,score,total_awards_received,controversiality,user,user_awardee_karma,user_awarder_karma,user_link_karma,user_comment_karma,user_total_karma
bpcwcw,enrizwd,"No because masturbation is an action men choose to perform, while the egg is produced without any conscious input, like hair growth",https://www.independent.co.uk/news/world/americas/us-politics/jessica-farrar-mans-right-to-know-masturbation-fine-texas-abortion-law-emission-a7626441.html/enrizwd/,0.188,0.47323486,0.023076924,0.39026237,0.048737846,0.0573046,0.008077981,1558015963.0,51,0,0,Scorpio83G,0.0,0.0,6887.0,84457.0,91344.0
bpcwcw,enrj8nn,For anyone that didn’t bother actually reading the article this is a satire bill.,https://www.independent.co.uk/news/world/americas/us-politics/jessica-farrar-mans-right-to-know-masturbation-fine-texas-abortion-law-emission-a7626441.html/enrj8nn/,-0.396,0.09351514,0.001215935,0.01490822,0.003514797,0.029493837,0.007068211,1558016070.0,8064,0,0,emilNYC,1802.0,51.0,319931.0,46795.0,368579.0
bpcwcw,enrv3lt,I’m slightly confused on what you are referring to? The Alabama thing? Or something else?,https://www.independent.co.uk/news/world/americas/us-politics/jessica-farrar-mans-right-to-know-masturbation-fine-texas-abortion-law-emission-a7626441.html/enrv3lt/,-0.404,0.023199737,0.000972748,0.012243799,0.007436569,0.010590895,0.00636914,1558020539.0,4,0,0,Multinightsniper,359.0,14.0,1272.0,19846.0,21491.0
bpcwcw,enrx737,"There is an argument to be made that continuing pregnancy is a choice, given the regimen of drugs, folic acid supplements, extra food, and exercise we add, as well as the alcohol, tobacco, other drugs, sex, hot tubs, and foods we give up.",https://www.independent.co.uk/news/world/americas/us-politics/jessica-farrar-mans-right-to-know-masturbation-fine-texas-abortion-law-emission-a7626441.html/enrx737/,0.125,0.18079062,0.00492096,0.09066332,0.005845661,0.01961243,0.008582866,1558021334.0,5,0,0,[deleted],,,,,
bpcwcw,ens5ou5,"No, they care about political support. 75% of politicians don't actually give a shit about anything that happens as long as they get reelected",https://www.independent.co.uk/news/world/americas/us-politics/jessica-farrar-mans-right-to-know-masturbation-fine-texas-abortion-law-emission-a7626441.html/ens5ou5/,0.5,0.5972042,0.02514347,0.64657205,0.06658725,0.40243408,0.010162249,1558024571.0,467,0,0,yungnbaphilosopher,0.0,0.0,552.0,1431.0,1983.0
bpcwcw,ens7itj,"So since women ovulate every month, and every egg is a possible child, you could also say that there should be ""woman tax"".  
  
And if an underage kid is masturbating, they should be jailed for underage sexual activity.  
  
And every time someone say a dirty thing, there should be a buzzer near by that beeps and fine them 2 credits.  
  
Let us all just make this world a little bit stupider every time a politician opens their mouth.",https://www.independent.co.uk/news/world/americas/us-politics/jessica-farrar-mans-right-to-know-masturbation-fine-texas-abortion-law-emission-a7626441.html/ens7itj/,0.042,0.56269526,0.101760045,0.38203895,0.35299334,0.4962726,0.08089764,1558025248.0,-9,0,1,Defoler,459.0,0.0,304.0,108157.0,108920.0
bpcwcw,ens7v7d,I've heard conservatives say that this is not a good comparison since the life in the sperm is only created when two people have sex. What do you think about this?,https://www.independent.co.uk/news/world/americas/us-politics/jessica-farrar-mans-right-to-know-masturbation-fine-texas-abortion-law-emission-a7626441.html/ens7v7d/,0.25,0.37073207,0.011749268,0.2356715,0.033011556,0.061451588,0.007741391,1558025370.0,-5,0,0,Telodor567,65.0,0.0,43951.0,46407.0,90423.0
bpcwcw,ens88ac,"I know it’s satire, but wouldn’t menstruation also warrant a fine under this logic?",https://www.independent.co.uk/news/world/americas/us-politics/jessica-farrar-mans-right-to-know-masturbation-fine-texas-abortion-law-emission-a7626441.html/ens88ac/,-0.125,0.18554166,0.004348755,0.07611542,0.007880543,0.018838953,0.00789674,1558025501.0,70,0,0,Roryjack,179.0,0.0,443.0,14573.0,15195.0
bpcwcw,ens8y9z,"thats fucking hilarious, but also sad at the same time because I know it won't change anything.  Here's to hoping these laws get struck down, and old pseudo-religious trying to win political brownie points men stop trying to tell women what they can and can't do with their bodies",https://www.independent.co.uk/news/world/americas/us-politics/jessica-farrar-mans-right-to-know-masturbation-fine-texas-abortion-law-emission-a7626441.html/ens8y9z/,0.521,0.7105462,0.349738,0.70864636,0.42615733,0.5072643,0.06939816,1558025764.0,9,0,0,Shermometer,0.0,0.0,529.0,4854.0,5383.0
bpcwcw,ens9dwm,"Well, according to the bill, you'd have to wait at least 24 hours and read lots of exciting leaflets and did I read somewhere else get permission from your wife? To have a vasectomy, so they should be much harder for men to access anyway, so worry not!

As to the old I was just cleaning it, according to the article, any emission outwith a vagina or licensed medical facility, so accidental or no, you're fined.

In all seriousness, she has put far more effort into thinking this out than most people are giving it after they've read about it for something she's doing just to make a point. Parody or not, you have to give her some points for effort!",https://www.independent.co.uk/news/world/americas/us-politics/jessica-farrar-mans-right-to-know-masturbation-fine-texas-abortion-law-emission-a7626441.html/ens9dwm/,-0.208,0.2855005,0.011444092,0.19155724,0.026810925,0.0806213,0.010835429,1558025924.0,2,0,0,Auntie_B,96.0,0.0,2985.0,50752.0,53833.0
bpcwcw,ensj17i,"I dunno how they're gonna enforce that one
! Guess I'll have to stop masturbating in public :(",https://www.independent.co.uk/news/world/americas/us-politics/jessica-farrar-mans-right-to-know-masturbation-fine-texas-abortion-law-emission-a7626441.html/ensj17i/,0.562,0.6827122,0.06488878,0.5365423,0.011691323,0.06564732,0.011275585,1558029464.0,1,0,0,MendaciousTrump,85.0,0.0,,,85.0
bpcwcw,entwtfw,"They should include wet dreams. Women are being punished their miscarriages, men should be punished for wet dreams.",https://www.independent.co.uk/news/world/americas/us-politics/jessica-farrar-mans-right-to-know-masturbation-fine-texas-abortion-law-emission-a7626441.html/entwtfw/,0.479,0.36867723,0.022710243,0.16171204,0.3817989,0.15485314,0.13815513,1558048810.0,8,0,0,monkey_trumpets,1696.0,1738.0,23318.0,328862.0,355614.0
bpcwcw,envat23,"I am millionaire now. If this is true, I will be broke in couple of weeks",https://www.independent.co.uk/news/world/americas/us-politics/jessica-farrar-mans-right-to-know-masturbation-fine-texas-abortion-law-emission-a7626441.html/envat23/,-0.438,0.112953395,0.004177094,0.036651865,0.00776955,0.022384055,0.03856628,1558072575.0,1,0,0,wubalubadubdub2958,0.0,0.0,3.0,4711.0,4714.0
