post_id,comment_id,txt,url,offensiveness_score,Toxicity,Severe Toxicity,Profanity,Identity Attack,Insult,Threat,created,score,total_awards_received,controversiality,user,user_awardee_karma,user_awarder_karma,user_link_karma,user_comment_karma,user_total_karma
9xm8ik,e9tbutg,What about animal models for human disease research?,https://www.reddit.com/r/changemyview/comments/9xm8ik/cmv_selectively_breeding_animals_with_genetic//e9tbutg/,-0.109,0.02826718,0.001373291,0.013234417,0.005068706,0.009982891,0.00756015,1542376368.0,102,0,0,[deleted],,,,,
9xm8ik,e9tbyl7,"What is the difference to you between “not allowing to be born” and “killing”?

If you make a choice that results in fewer lives, is that somehow *more ethical* than murder?",https://www.reddit.com/r/changemyview/comments/9xm8ik/cmv_selectively_breeding_animals_with_genetic//e9tbyl7/,0.354,0.2191003,0.008392334,0.026044132,0.005919657,0.023995465,0.27637172,1542376480.0,-18,0,1,Det_,17.0,19.0,7.0,17260.0,17303.0
9xm8ik,e9tc0ou,I’m not sure I understand the question. Are you implying that we have an ethical obligation to create as many lives as possible?,https://www.reddit.com/r/changemyview/comments/9xm8ik/cmv_selectively_breeding_animals_with_genetic//e9tc0ou/,-0.208,0.014827953,0.00082016,0.010996987,0.003144818,0.008044879,0.006725149,1542376541.0,64,0,0,shlemazeltov,0.0,0.0,172917.0,96174.0,269091.0
9xm8ik,e9tch0q,"No, I'm asking if you believe it is ethical to make a decision that directly results in a life not lived; a life that would have happened had it not been for your action/belief.

How much of a difference is there between choosing to end an genetically-defective animal's life, and choosing to prevent the birth of a genetically-defective animal?",https://www.reddit.com/r/changemyview/comments/9xm8ik/cmv_selectively_breeding_animals_with_genetic//e9tch0q/,-0.021,0.10696511,0.003890991,0.021398475,0.00984143,0.032028005,0.01238892,1542377016.0,-18,0,0,Det_,17.0,19.0,7.0,17260.0,17303.0
9xm8ik,e9tcskd,"A lot of difference... an animal that is never born need not suffer. An animal that is suffering is not natural. Take a pug, a dog that can barely breath and has bulging eyes wouldn't survive in the wild.",https://www.reddit.com/r/changemyview/comments/9xm8ik/cmv_selectively_breeding_animals_with_genetic//e9tcskd/,0.042,0.03969839,0.001897812,0.01402008,0.004217756,0.014732921,0.009618527,1542377349.0,27,0,0,lumpy_lumps,165.0,0.0,19920.0,17857.0,37942.0
9xm8ik,e9td5gt,"Wouldn't you need to have a level of certainty about

1) what suffering is,

2) whether it's better to live and suffer a little, or not live at all, and

3) the probability that such an animal will actually suffer (is 50% too much? 10%?)

...?",https://www.reddit.com/r/changemyview/comments/9xm8ik/cmv_selectively_breeding_animals_with_genetic//e9td5gt/,-0.229,0.043399423,0.001964569,0.012448754,0.00258985,0.011122898,0.017674083,1542377709.0,1,0,1,Det_,17.0,19.0,7.0,17260.0,17303.0
9xm8ik,e9tdeab,"When an animal struggles to breath and is prone to infection (you know, typically painful experiences) when an animal cannot do what it needs to do, like run and play, I call that suffering ",https://www.reddit.com/r/changemyview/comments/9xm8ik/cmv_selectively_breeding_animals_with_genetic//e9tdeab/,-0.104,0.07450261,0.003223419,0.02795705,0.008657498,0.017549826,0.012233571,1542377950.0,16,0,0,lumpy_lumps,165.0,0.0,19920.0,17857.0,37942.0
9xm8ik,e9tdhzo,">I call that suffering

Calling it suffering doesn't do much, unless it implies an action.  Would you murder a Pug with breathing problems?",https://www.reddit.com/r/changemyview/comments/9xm8ik/cmv_selectively_breeding_animals_with_genetic//e9tdhzo/,0.0,0.37751234,0.023505108,0.11601777,0.037394293,0.07491849,0.3526302,1542378049.0,-1,0,0,Det_,17.0,19.0,7.0,17260.0,17303.0
9xm8ik,e9te6kw,"If it was unfixable and causing a lot of suffering to the animal, I would in fact find it more merciful to euthanize it. But I'm not speaking for everyone here so eh.",https://www.reddit.com/r/changemyview/comments/9xm8ik/cmv_selectively_breeding_animals_with_genetic//e9te6kw/,-0.333,0.15822013,0.008277893,0.0569429,0.007029593,0.022964163,0.12689553,1542378711.0,1,0,0,crmsnbleyd,0.0,0.0,6886.0,29788.0,36674.0
9xm8ik,e9te82j,"And again, murder and not creating the suffering in the first place are two VERY different things.",https://www.reddit.com/r/changemyview/comments/9xm8ik/cmv_selectively_breeding_animals_with_genetic//e9te82j/,-0.042,0.200795,0.008354187,0.020100424,0.004476741,0.0198058,0.24090876,1542378750.0,17,0,0,crmsnbleyd,0.0,0.0,6886.0,29788.0,36674.0
9xm8ik,e9tekqv,"You specifically stated that:

> If it was unfixable and causing a lot of suffering to the animal

...How do you know either of these things will be the case before the animal is born?

What percentage chance of suffering is required for you, personally, to decide that the birth of something should be *actively* prevented? If you knew that 90% of Pugs were happy, would you make the same decision? 60%?

This is relevant because you have an opinion on the matter, yet you're not willing to adopt a practical belief (i.e. take action on it), it appears. I could be wrong.",https://www.reddit.com/r/changemyview/comments/9xm8ik/cmv_selectively_breeding_animals_with_genetic//e9tekqv/,-0.083,0.085582085,0.002536774,0.022901481,0.004569235,0.030816011,0.009566744,1542379074.0,6,0,0,Det_,17.0,19.0,7.0,17260.0,17303.0
9xm8ik,e9tepha,">murder and not creating the suffering in the first place are two VERY different things.

You keep stating this, but I'm not sure why you believe it. Hope?

Why are they different, especially if you can ensure the animal is put down ""humanely"" (euthanization)...?",https://www.reddit.com/r/changemyview/comments/9xm8ik/cmv_selectively_breeding_animals_with_genetic//e9tepha/,0.146,0.30502358,0.023076924,0.08775374,0.061130337,0.08459369,0.13768311,1542379200.0,2,0,0,Det_,17.0,19.0,7.0,17260.0,17303.0
9xm8ik,e9tg2tf,"Any chance of suffering is inhumane. Like leaving a dog in a car, the animal might only have a chance of dying a painful death but it's a risk not worth taking so you can just nip out.

Not to mention the reason for the suffering being created is simple appearance. If you take a look at how dogs used to be for example the English bull terrier, bred to bait bulls it needed to be strong and healthy. When the purpose for thay animal (bull bating) became obsolete rich people began breeding to created strange animals with unusual features like a curved skull. Not to mention these changed occurred so quickly the animals genes couldn't correct them selves. 

Preventing suffering is better than ending suffering. ",https://www.reddit.com/r/changemyview/comments/9xm8ik/cmv_selectively_breeding_animals_with_genetic//e9tg2tf/,0.0,0.11067997,0.003910065,0.025907494,0.008953481,0.031697463,0.03718498,1542380454.0,8,0,0,lumpy_lumps,165.0,0.0,19920.0,17857.0,37942.0
9xm8ik,e9tglrr,">**any chance** of suffering is inhumane

In that case, it is extraordinarily important to define (generally, not just for this conversation) what ""suffering"" is, yes?

Being maimed, being substantially impoverished, being depressed -- these are all things people often believe are classified as suffering.  But when you're having children or deciding to let your guinea pigs procreate, you really need a clear definition if you are going to have your belief.",https://www.reddit.com/r/changemyview/comments/9xm8ik/cmv_selectively_breeding_animals_with_genetic//e9tglrr/,0.042,0.24763705,0.011978149,0.12903778,0.043581683,0.09270445,0.013476364,1542380929.0,1,0,0,Det_,17.0,19.0,7.0,17260.0,17303.0
9xm8ik,e9th86c,"My definition of suffering distressed either mentally or physically, I.e trouble breathing, joint problems or dementia. All things thay can be prevented by not allowing or encouring brother and sister or son and mother or daughter and grand father to breed to encourage a gene that makes their snouts flatter or spine more curved or their hearts exposed.",https://www.reddit.com/r/changemyview/comments/9xm8ik/cmv_selectively_breeding_animals_with_genetic//e9th86c/,-0.062,0.077668175,0.003013611,0.025497584,0.01666154,0.024897853,0.009981008,1542381487.0,2,0,0,lumpy_lumps,165.0,0.0,19920.0,17857.0,37942.0
9xm8ik,e9tj13y,"I have no problem with your opinion, for the record, but just to clarify:  Are you suggesting humans with health problems such as a history of dementia or arthritis, should not have children?",https://www.reddit.com/r/changemyview/comments/9xm8ik/cmv_selectively_breeding_animals_with_genetic//e9tj13y/,-0.146,0.056016337,0.001659393,0.011970525,0.02138452,0.019870255,0.006912862,1542383026.0,2,0,0,Det_,17.0,19.0,7.0,17260.0,17303.0
9xm8ik,e9tjgiz,Nor I yours. I enjoy debating and it's nice to do it without people screaming or throwing names. The logical side of me says yes people with known genetic defects shouldn't breed. I believe Sweden now has an extremely low percentage of the population with down syndrome thanks to screening while pregnant (not 100% on that) but my human side says people should be allowed to experience children. Not that I like children and personally think no human should breed at all. I just don't like children.,https://www.reddit.com/r/changemyview/comments/9xm8ik/cmv_selectively_breeding_animals_with_genetic//e9tjgiz/,0.021,0.2412222,0.013543231,0.10054382,0.23239216,0.08831572,0.022853967,1542383377.0,2,0,0,lumpy_lumps,165.0,0.0,19920.0,17857.0,37942.0
9xm8ik,e9tkepb,"You should update your original text to reflect, or you'll keep getting the same argument over and over.",https://www.reddit.com/r/changemyview/comments/9xm8ik/cmv_selectively_breeding_animals_with_genetic//e9tkepb/,-0.25,0.10045706,0.00202179,0.019143965,0.006918599,0.027347196,0.011094344,1542384151.0,30,0,0,[deleted],,,,,
9xm8ik,e9tmksg,Human disease research helps all animals though,https://www.reddit.com/r/changemyview/comments/9xm8ik/cmv_selectively_breeding_animals_with_genetic//e9tmksg/,-0.417,0.05898502,0.003128052,0.024541125,0.013345404,0.015492925,0.008841781,1542385923.0,4,0,0,Naaahhh,30.0,0.0,386.0,12550.0,12966.0
9xm8ik,e9tmppo,"Δ

Awarding delta because I am not necessarily arguing that there are no instances in which this is an ethical grey area, and disease research is potentially an exception. Although my post was intended to only discuss for-profit retail vanity breeding, it was perhaps unclear. ",https://www.reddit.com/r/changemyview/comments/9xm8ik/cmv_selectively_breeding_animals_with_genetic//e9tmppo/,-0.042,0.06381883,0.0025177,0.022696527,0.008879486,0.02373764,0.008919456,1542386034.0,11,0,0,[deleted],,,,,
9xm8ik,e9tq35m,">for profit

Can you define profit in this context? I can agree there is a difference between perfecting ability to correct heart abnormalities and desiring to have an exotic pet, but what is the marginal case? ",https://www.reddit.com/r/changemyview/comments/9xm8ik/cmv_selectively_breeding_animals_with_genetic//e9tq35m/,-0.261,0.18554166,0.008926392,0.07643871,0.04306607,0.03566399,0.010783645,1542388707.0,1,0,0,adelie42,353.0,18.0,10840.0,118085.0,129296.0
9xm8ik,e9u4g10,"If you really are open to changing your view, consider this:  what constitutes a ""genetic defect"" is highly subjective.",https://www.reddit.com/r/changemyview/comments/9xm8ik/cmv_selectively_breeding_animals_with_genetic//e9u4g10/,-0.292,0.15324512,0.003738403,0.040409464,0.021585498,0.05027775,0.009799767,1542398933.0,1,0,0,prime000,0.0,0.0,1.0,10297.0,10298.0
9xm8ik,e9u4qqz,I think animal breeeding without some kind of license and oversight should be outlawed. Violators pay a fine that covers the cost of the oversight with the remainder going to animal shelters and advocacy. ,https://www.reddit.com/r/changemyview/comments/9xm8ik/cmv_selectively_breeding_animals_with_genetic//e9u4qqz/,-0.149,0.054779384,0.002069473,0.013576009,0.005771666,0.018516673,0.011612174,1542399165.0,1,0,0,queenweasley,20.0,0.0,1043.0,13415.0,14478.0
9xm8ik,e9u6hyy,"Agree 100%  seeing a dog who's eye pops out, only because people wanted a smaller, cuter breed is unaccaptable. Anyone who says otherwise in my eyes is a psychopath. ",https://www.reddit.com/r/changemyview/comments/9xm8ik/cmv_selectively_breeding_animals_with_genetic//e9u6hyy/,-0.062,0.44039994,0.017158391,0.14490221,0.042550452,0.5130944,0.014566151,1542400506.0,1,0,0,[deleted],,,,,
9xm8ik,e9u74bb,So you want to permanently illegalize pugs?,https://www.reddit.com/r/changemyview/comments/9xm8ik/cmv_selectively_breeding_animals_with_genetic//e9u74bb/,-0.25,0.11202335,0.002784729,0.020168742,0.00847251,0.036104713,0.007909686,1542400974.0,1,0,0,Random_G,879.0,15.0,2007.0,44309.0,47210.0
9xm8ik,e9u7hbm," I’d usually agree wholeheartedly but as an owner of the most awesome , loving , spinx cat I couldn’t imagine living without him( my first cat spinx had a congenial heart defect) , but alas he’s a by- product of this exact treatment. The thought that so many cats died leading up to my perfect little family member makes me think, but in the end it was worth it to me and I spoil the hell out of my Sphinx so I’d like to think he sees it that way as well.
",https://www.reddit.com/r/changemyview/comments/9xm8ik/cmv_selectively_breeding_animals_with_genetic//e9u7hbm/,-0.104,0.14950264,0.007667542,0.22552395,0.006511623,0.037980765,0.011042561,1542401257.0,2,0,0,Aknortherner,0.0,0.0,1.0,4.0,5.0
9xm8ik,e9u8ez2,Unless someone is a vegan they have no right to make an ethical claim towards unnecessary mistreatment of animals?,https://www.reddit.com/r/changemyview/comments/9xm8ik/cmv_selectively_breeding_animals_with_genetic//e9u8ez2/,-0.042,0.059974585,0.001726151,0.013678487,0.029144434,0.020579277,0.00713294,1542402033.0,1,0,0,shlemazeltov,0.0,0.0,172917.0,96174.0,269091.0
9xm8ik,e9u8k79,"I think so, yeah. If you're not a vegan you're on the camp of valuing the taste of animals over their lives, where I am too. You can't simultaneously have that preference and also think animals have any rights whatsoever.",https://www.reddit.com/r/changemyview/comments/9xm8ik/cmv_selectively_breeding_animals_with_genetic//e9u8k79/,0.188,0.055768944,0.001955032,0.017709278,0.025404079,0.020772645,0.006776932,1542402153.0,1,0,0,random_funny_usernam,0.0,0.0,237.0,5383.0,5620.0
9xm8ik,e9u8ojx,It would effectively mean that using any animal that is commercially produced for food at this point illegal because they've all been subject to this sort of harmful breeding. Would you continue to hold this opinion if it meant that it was illegal to keep breeding the same animals that make it possible to eat affordable animal products?,https://www.reddit.com/r/changemyview/comments/9xm8ik/cmv_selectively_breeding_animals_with_genetic//e9u8ojx/,0.062,0.071337044,0.002298355,0.01941724,0.006918599,0.027347196,0.009100696,1542402249.0,1,0,0,teapot5,0.0,0.0,7.0,11242.0,11249.0
9xm8ik,e9uc0ph,That is a shame that OP has to edit his post in order to keep people from talking about something he never mentioned.,https://www.reddit.com/r/changemyview/comments/9xm8ik/cmv_selectively_breeding_animals_with_genetic//e9uc0ph/,-0.125,0.1537979,0.001964569,0.019758832,0.003440801,0.06921569,0.006563326,1542404844.0,0,0,0,throawaytehworld,15.0,0.0,1920.0,12744.0,14679.0
9xm8ik,e9ufqnq,"Well I’m a human. Which is an animal... many humans breed even when they have genetic defects. Eugenics is exactly the forced prevention of specific people from breeding. In our context, those who find certain varieties of human superior, think those other forms have genetic defects... thus 

Eugenics is  also the presence of laws preventing defect based breeding (all of this is on a philosophical level just in case you take offense) yet we pretty much agree eugenics is bad. 

On a more real life example. The border collie is exceptionally smart. It was bred for specific traits, some of them come with defects. Yet it ended up making a magnificently efficient sheep herder. 

Good comes with the bad. Even if the word *selective* is *subjective*",https://www.reddit.com/r/changemyview/comments/9xm8ik/cmv_selectively_breeding_animals_with_genetic//e9ufqnq/,0.146,0.165053,0.006484985,0.057944927,0.06613251,0.06582214,0.010705971,1542407685.0,1,0,0,SamL214,589.0,1120.0,21838.0,62900.0,86447.0
9xm8ik,e9ulzvm,This law would be impossible to pass and even harder to enforce as ALL animals have genetic defects. To be living is to have genetic defects. ,https://www.reddit.com/r/changemyview/comments/9xm8ik/cmv_selectively_breeding_animals_with_genetic//e9ulzvm/,-0.25,0.09112182,0.00328064,0.019485557,0.019676208,0.026315894,0.008453408,1542412628.0,1,0,0,Odd_craving,2136.0,0.0,87542.0,116538.0,206216.0
9xm8ik,e9umcy6,You do know that would make all dog breeds accept for the one closest to wolves illegal right?,https://www.reddit.com/r/changemyview/comments/9xm8ik/cmv_selectively_breeding_animals_with_genetic//e9umcy6/,-0.17,0.045378547,0.001420975,0.012107162,0.006400629,0.018452216,0.006964645,1542412946.0,0,0,0,KShrai,0.0,0.0,26.0,361.0,387.0
9xm8ik,e9umjlk,"
- Most of you believe that anything that can further human population is good and/or moral, even when it Is detrimental to the rest of earth.

- There is a split among you about how we should treat animals. The line is blurry for most everyone in the thread.

- Weirdo dog breeding has made some really disturbing traits in dogs and cats. Animals suffer and live awful lives because ""cute"". I'm not an animal rights guy, but how this get a overlooked all the time is bizarre to me.

- This thread has delved into some great discussions and I've appreciated that.


",https://www.reddit.com/r/changemyview/comments/9xm8ik/cmv_selectively_breeding_animals_with_genetic//e9umjlk/,0.062,0.22311419,0.007247925,0.089370176,0.020982565,0.11464815,0.011508608,1542413109.0,6,0,0,[deleted],,,,,
9xm8ik,e9unnsk,"Awesome, glad you enjoyed! Thanks for the summary ",https://www.reddit.com/r/changemyview/comments/9xm8ik/cmv_selectively_breeding_animals_with_genetic//e9unnsk/,-0.66,0.014702292,0.001535416,0.016342908,0.004809721,0.00817788,0.008971239,1542414097.0,1,0,0,shlemazeltov,0.0,0.0,172917.0,96174.0,269091.0
9xm8ik,e9uq4q4,"The Instagram page you referred to breeds albino turtles sure, but the open heart cavity is a deformity in turtles that can happen any time. It usually heals in time and was not caused by the selective breeding. ",https://www.reddit.com/r/changemyview/comments/9xm8ik/cmv_selectively_breeding_animals_with_genetic//e9uq4q4/,-0.312,0.050821137,0.002536774,0.021398475,0.029144434,0.017088935,0.007832011,1542416391.0,0,0,0,MachaLatte23,0.0,0.0,9506.0,804.0,10310.0
9xm8ik,e9uqzed,"I think that is a really awful way to talk about the president and his family.  I mean, maybe Eric and Don Jr.... But the rest of them?  ",https://www.reddit.com/r/changemyview/comments/9xm8ik/cmv_selectively_breeding_animals_with_genetic//e9uqzed/,-0.083,0.15269235,0.002403259,0.020920247,0.005401687,0.06774519,0.008207439,1542417255.0,1,0,0,nobleman76,320.0,0.0,340.0,10329.0,10989.0
9xm8ik,e9uubgj,"oh its literally just cosmetic. that's shitty, i thought these turtles were bred to practice open heart surgery or something",https://www.reddit.com/r/changemyview/comments/9xm8ik/cmv_selectively_breeding_animals_with_genetic//e9uubgj/,0.146,0.7856813,0.23224287,0.7809412,0.04925346,0.43158367,0.010395273,1542420809.0,1,0,0,SummerIsABummer,12.0,38.0,2190.0,24541.0,26781.0
9xm8ik,e9uw4dd,You realize that ALL domesticated animals are a result of this right. ,https://www.reddit.com/r/changemyview/comments/9xm8ik/cmv_selectively_breeding_animals_with_genetic//e9uw4dd/,-0.292,0.040183347,0.001573563,0.012175481,0.005068706,0.016936934,0.007016428,1542422725.0,0,0,0,yaboidavis,0.0,0.0,,,0.0
9xm8ik,e9uw604,Yep. I am talking specifically about the ones whose breeding results in a high likelihood of lifelong suffering.,https://www.reddit.com/r/changemyview/comments/9xm8ik/cmv_selectively_breeding_animals_with_genetic//e9uw604/,-0.089,0.051810697,0.002098084,0.016103793,0.008731495,0.012186904,0.012026439,1542422770.0,1,0,0,shlemazeltov,0.0,0.0,172917.0,96174.0,269091.0
9xm8ik,e9uwb08,"So pugs. I agree. Google pug skull. That thing came from a wolf 20,000 years ago. But every cow on earth is also a result of that every single chicken is as well. Its how we get our food and we bred them to be big and meaty.",https://www.reddit.com/r/changemyview/comments/9xm8ik/cmv_selectively_breeding_animals_with_genetic//e9uwb08/,-0.312,0.059232414,0.003185272,0.028640235,0.004199257,0.023093075,0.007249452,1542422914.0,1,0,0,yaboidavis,0.0,0.0,,,0.0
9xm8ik,e9v48b7,"> An animal that is suffering is not natural.

I don't know how you can think that's true. Animals suffer every day through naturally occurring mechanisms.",https://www.reddit.com/r/changemyview/comments/9xm8ik/cmv_selectively_breeding_animals_with_genetic//e9v48b7/,-0.125,0.031684756,0.001335144,0.011526455,0.003662788,0.013820915,0.007534259,1542432471.0,2,0,0,Dynam2012,28.0,0.0,91.0,13990.0,14109.0
9xm8ik,e9vdlhu,All domestic animals have genetic defects. House dogs have something called Williams syndrome. ,https://www.reddit.com/r/changemyview/comments/9xm8ik/cmv_selectively_breeding_animals_with_genetic//e9vdlhu/,-0.333,0.08004235,0.002670288,0.015488927,0.019374741,0.030485468,0.006362667,1542448838.0,1,0,0,[deleted],,,,,
9xm8ik,e9vnrwo,Bioethics; an interesting field in which the wrong answer is always widely considered a bad move,https://www.reddit.com/r/changemyview/comments/9xm8ik/cmv_selectively_breeding_animals_with_genetic//e9vnrwo/,-0.128,0.05280026,0.001678467,0.01941724,0.008879486,0.017420914,0.007780228,1542460389.0,1,0,0,[deleted],,,,,
9xm8ik,e9vxmmb,"Every living thing everywhere has a ""genetic defect"".  Right now, you have at least one half of a gene that, if activated in your children, would lead to disastrous results.  If you have a kid with someone, they also put in that kid's genetic code at least half of at least one disease that you would never want to have.  It's only when the genes are ""active"" that we see the disease.  This is why inbreeding is so dangerous, and why homogeneous ethnic groups are at great risk for some diseases and at lower risk for others.  If you want to ban selectively breeding based on this, you'd have to ban all breeding in general.",https://www.reddit.com/r/changemyview/comments/9xm8ik/cmv_selectively_breeding_animals_with_genetic//e9vxmmb/,0.104,0.15656179,0.004959106,0.030639706,0.10221587,0.061276767,0.009281937,1542467208.0,1,0,0,pillbinge,1327.0,1833.0,5318.0,157766.0,166244.0
9xm8ik,e9wc4ky,"Could you not love a ""purrfectly"" healthy moggy? One whose life you could save from a shelter and won't break the bank.",https://www.reddit.com/r/changemyview/comments/9xm8ik/cmv_selectively_breeding_animals_with_genetic//e9wc4ky/,-0.25,0.07845957,0.001869202,0.016957775,0.003699786,0.028612386,0.00899713,1542477759.0,1,0,0,lumpy_lumps,165.0,0.0,19920.0,17857.0,37942.0
9xm8ik,ea2278w,"His argument was previously too vague. It would have encompassed research science without the edit, since all he specified was ""selectively breeding animals"".",https://www.reddit.com/r/changemyview/comments/9xm8ik/cmv_selectively_breeding_animals_with_genetic//ea2278w/,-0.021,0.15158679,0.00328064,0.04065997,0.014752249,0.06302499,0.00933372,1542660525.0,1,0,0,[deleted],,,,,
