post_id,comment_id,txt,url,offensiveness_score,Toxicity,Severe Toxicity,Profanity,Identity Attack,Insult,Threat,created,score,total_awards_received,controversiality,user,user_awardee_karma,user_awarder_karma,user_link_karma,user_comment_karma,user_total_karma
9a5sv0,e4sz54e,"The new model is to publish the information of the attack almost right away. Russian trolls and hackers operate in secret. Publishing attempted attacks, in theory,  deters future attempts because of the media frenzy it will cause. It’s a new strategy so let’s see if it will work. ",https://www.npr.org/2018/08/23/641189337/dnc-says-attempted-cyberattack-wasnt-russia-it-was-a-test-from-michigan/e4sz54e/,-0.208,0.36095104,0.010986328,0.07708528,0.23998553,0.36798462,0.02371728,1535196011.0,47,0,0,tbone_man,28,13,10585.0,8948.0,19574
9a5sv0,e4szbpt,"Ahh the good ol DNC, if only any of us could trust a word that comes out of this groups mouth.

You fucks made us have Trump as president!  You could have told Hilary to fuck off and taken the more popular and actually electable candidate but no.  You had to have your lizard devil, and now we have Trump.  Thanks.",https://www.npr.org/2018/08/23/641189337/dnc-says-attempted-cyberattack-wasnt-russia-it-was-a-test-from-michigan/e4szbpt/,0.542,0.8115627,0.4561839,0.7466957,0.18903255,0.68668073,0.05947323,1535196378.0,-30,0,0,Subject1928,2065,222,2993.0,457034.0,462314
9a5sv0,e4szzqx,"What was the lie? They detected a cyber attack and reported it to the FBI.  They didn't know where it came from because the group that was performing it never notified them.  They never said it was Russia, Microsoft found a Russian attempt on 3 campaigns earlier that was actually Russia.",https://www.npr.org/2018/08/23/641189337/dnc-says-attempted-cyberattack-wasnt-russia-it-was-a-test-from-michigan/e4szzqx/,-0.17,0.20312156,0.005493164,0.04867618,0.023997234,0.08533409,0.012958534,1535197650.0,23,0,0,rukh999,548,9,1438.0,149875.0,151870
9a5sv0,e4t1nb1,"...You just kind of replied to hijack the visibility of the top comment, for you to add pretense to the conversation.

It's pretty gross to try to take advantage of someone's comment when it's contextually different than what you're saying, and only tangentally on-topic.",https://www.npr.org/2018/08/23/641189337/dnc-says-attempted-cyberattack-wasnt-russia-it-was-a-test-from-michigan/e4t1nb1/,0.229,0.21374844,0.003681183,0.044417568,0.004014268,0.15840563,0.007353018,1535200433.0,7,0,1,officer__throwaway,0,0,54.0,5569.0,5623
9a5sv0,e4t39g9,"I get the batman reference in your username, not so much this comment.  I'm sure there's sarcasm in here but i'm not sure what parts.",https://www.npr.org/2018/08/23/641189337/dnc-says-attempted-cyberattack-wasnt-russia-it-was-a-test-from-michigan/e4t39g9/,-0.25,0.085582085,0.002126694,0.02071529,0.005475683,0.02618698,0.008531082,1535202767.0,5,0,0,m1k3tv,4063,329,17249.0,248521.0,270162
9a5sv0,e4t694g,"> Both parties suck.

I've been done with the equal-but-opposite pretense since 2008, but thanks.",https://www.npr.org/2018/08/23/641189337/dnc-says-attempted-cyberattack-wasnt-russia-it-was-a-test-from-michigan/e4t694g/,0.298,0.75208336,0.16960317,0.5013569,0.049761772,0.6500014,0.007586042,1535206478.0,12,0,0,officer__throwaway,0,0,54.0,5569.0,5623
9a5sv0,e4t70zo,"They aren’t even really opposite, well they weren’t at least.  Dems have dove to the left in recent years tho.

If anything the recent trend of the parties should scare people from the left.",https://www.npr.org/2018/08/23/641189337/dnc-says-attempted-cyberattack-wasnt-russia-it-was-a-test-from-michigan/e4t70zo/,0.13,0.045625936,0.001168251,0.013268576,0.010951365,0.0198058,0.0084793,1535207340.0,-9,0,0,the1who_ringsthebell,45,0,,,45
9a5sv0,e4t78f1,Old news but still funny. If one control-f's 'russia' in the comment section of the initial story it's not good news for reddit's predicative abilities.,https://www.npr.org/2018/08/23/641189337/dnc-says-attempted-cyberattack-wasnt-russia-it-was-a-test-from-michigan/e4t78f1/,-0.064,0.048842013,0.001754761,0.019895468,0.016259583,0.018774498,0.008052089,1535207558.0,-3,0,0,waste-of-skin,20,32,729.0,53237.0,54018
9a5sv0,e4t7gr8,They make a valid point. DNC really doesn't seem to give a fuck about Michigan.,https://www.npr.org/2018/08/23/641189337/dnc-says-attempted-cyberattack-wasnt-russia-it-was-a-test-from-michigan/e4t7gr8/,0.708,0.681338,0.101760045,0.7809412,0.10221587,0.38406035,0.009592636,1535207805.0,-2,0,0,waste-of-skin,20,32,729.0,53237.0,54018
9a5sv0,e4t99ea,"Yes, the *left* is what should scare people right now.",https://www.npr.org/2018/08/23/641189337/dnc-says-attempted-cyberattack-wasnt-russia-it-was-a-test-from-michigan/e4t99ea/,-0.167,0.14429577,0.003890991,0.027820412,0.046159767,0.04032305,0.016465442,1535209691.0,5,0,0,You_Dont_Party,1663,15,431.0,578127.0,580236
9a5sv0,e4t9mgp,Wow interesting! I’ve never seen one in the wild before (and known),https://www.npr.org/2018/08/23/641189337/dnc-says-attempted-cyberattack-wasnt-russia-it-was-a-test-from-michigan/e4t9mgp/,-0.766,0.042657252,0.002632141,0.024267852,0.00776955,0.012756908,0.009256045,1535210078.0,6,0,0,NEVERxxEVER,565,354,25396.0,68211.0,94526
