post_id,comment_id,txt,url,offensiveness_score,Toxicity,Severe Toxicity,Profanity,Identity Attack,Insult,Threat,created,score,total_awards_received,controversiality,user,user_awardee_karma,user_awarder_karma,user_link_karma,user_comment_karma,user_total_karma
5yi6bv,deqb1sc,[removed],https://www.holonis.com/jdemmer/p/is-the-united-states-the-best-country-in-the-world/deqb1sc/,-0.234,,,,,,,1489101126.0,40,0,0,[deleted],,,,,
5yi6bv,deqdho0,I don't know any Welfare Queens. Perhaps you can through your own experience fill us in. Thx,https://www.holonis.com/jdemmer/p/is-the-united-states-the-best-country-in-the-world/deqdho0/,0.125,0.041172907,0.001268387,0.013336895,0.009286462,0.015644927,0.007158832,1489104296.0,-20,0,0,EvenTideFuror,0.0,0.0,1.0,1379.0,1380.0
5yi6bv,deqdqeh,"Reading comprehension. I'm not saying ""America suffers because of welfare queens"". I'm saying ""We see the symptoms of our institutions working against us, but continue to vote against our self-interests and blame each other (a la welfare queens) or outsiders (e.g., Mexicans)"".",https://www.holonis.com/jdemmer/p/is-the-united-states-the-best-country-in-the-world/deqdqeh/,0.021,0.20056234,0.005149841,0.029186781,0.14661247,0.083112895,0.008764107,1489104617.0,34,0,0,vtelgeuse,0.0,0.0,966.0,69081.0,70047.0
5yi6bv,deqjoug,"Politics is about money not happiness. They make you happy enough to get your vote so they keep making money. If they are getting votes and money, what reason is there for any changes to be made? ",https://www.holonis.com/jdemmer/p/is-the-united-states-the-best-country-in-the-world/deqjoug/,-0.188,0.021903414,0.000579357,0.010928668,0.002737841,0.0113509,0.005961348,1489112678.0,14,0,0,[deleted],,,,,
5yi6bv,deqlj95,"Meanwhile, India extends maternity leave to 26 weeks and mandates that daycare centers be within a certain distance of the office and that the moms can visit the daycare 4 times a day.",https://www.holonis.com/jdemmer/p/is-the-united-states-the-best-country-in-the-world/deqlj95/,-0.104,0.01218908,0.000653267,0.010689554,0.008509507,0.007056873,0.006395032,1489115213.0,89,0,0,ssjumper,55.0,32.0,1800.0,51887.0,53774.0
5yi6bv,deqm9cy,"Yeah but fixing those things requires taxes and government, which the ruling class doesn't believe in and aggressively spends money to dismantle.",https://www.holonis.com/jdemmer/p/is-the-united-states-the-best-country-in-the-world/deqm9cy/,-0.106,0.04735767,0.001101494,0.013234417,0.007436569,0.019934712,0.007702554,1489116220.0,7,0,0,[deleted],,,,,
5yi6bv,der0j4u,Very much that. There's a significant amount of people that believe the poor are lazy and fraudulently collect welfare while decent people work. There's also people who think all welfare recipients are black or Hispanic and non-citizens. Many people work long hours for low pay and are convinced that they should vote for guys like Trump and universal healthcare is somehow dangerous socialism.,https://www.holonis.com/jdemmer/p/is-the-united-states-the-best-country-in-the-world/der0j4u/,0.062,0.37458646,0.012359619,0.07514556,0.33060804,0.38406035,0.008466354,1489148229.0,8,0,0,puss_parkerswidow,1524.0,52.0,4613.0,251342.0,257531.0
