post_id,comment_id,txt,url,offensiveness_score,Toxicity,Severe Toxicity,Profanity,Identity Attack,Insult,Threat,created,score,total_awards_received,controversiality,user,user_awardee_karma,user_awarder_karma,user_link_karma,user_comment_karma,user_total_karma
aldyj1,efdf3ya,"I understand what you are saying, but I think you have to look at it differently. 

They are offering you the option to sell your privacy.  This is more similar to MMA and the octagon than bum fights.  One is explotation of a person in a vulnerable state, the other is a conscious decision to do something for money. 

I would personally need an incredibly large amount of money to do this, but if someone chooses to do it for less, that is on them.  Not really the same as installing spyware without consent and selling the info. 

",https://www.recode.net/2019/1/30/18203231/apple-banning-facebook-research-app/efdf3ya/,-0.25,0.079250954,0.002574921,0.031391226,0.005031709,0.029604018,0.010369381,1548868366.0,3,0,1,AnjinToronaga,0.0,0.0,818.0,22835.0,23653.0
aldyj1,efdha44,"But some things you can't ever consent to, or if you do consent, it doesn't make it less of a crime.

I'm thinking paying someone to murder you type of thing. I doubt anything like that applies here to be honest.",https://www.recode.net/2019/1/30/18203231/apple-banning-facebook-research-app/efdha44/,-0.021,0.27412915,0.014059683,0.059447967,0.007658557,0.030375287,0.38897106,1548869772.0,4,0,0,[deleted],,,,,
aldyj1,efdj71l,It’s called Euthanasia and I’m totally behind that. ,https://www.recode.net/2019/1/30/18203231/apple-banning-facebook-research-app/efdj71l/,0.021,0.20572066,0.014253352,0.058445938,0.008324518,0.024382202,0.13448004,1548870992.0,4,0,0,bWoofles,357.0,0.0,5012.0,241673.0,247042.0
aldyj1,efdmmiz,"Well, most 18-21 year olds I know are pretty ignorant about the consequences of being irresponsible with their data.",https://www.recode.net/2019/1/30/18203231/apple-banning-facebook-research-app/efdmmiz/,0.229,0.4014846,0.007019043,0.077731855,0.027011903,0.46625584,0.007547205,1548873130.0,1,0,0,[deleted],,,,,
aldyj1,efeix8i,But my COOL GREEN CUSTOMIZABLE KEYBOARD wont work on it :((((,https://www.recode.net/2019/1/30/18203231/apple-banning-facebook-research-app/efeix8i/,-0.333,0.04290464,0.003051758,0.022423252,0.003773782,0.011274899,0.00823333,1548894609.0,2,0,0,[deleted],,,,,
aldyj1,efewx6s,"Excellent news. I do agree with that other redditor. Make a pop up that says this company uses and sells your private information, are you sure you want to continue? I feel like that would really help people understand that their information IS the product facebook sells.",https://www.recode.net/2019/1/30/18203231/apple-banning-facebook-research-app/efewx6s/,-0.354,0.04735767,0.002403259,0.02795705,0.007954539,0.019225692,0.00866054,1548906046.0,1,0,0,AshenHunter,38.0,11.0,2694.0,6238.0,8981.0
aldyj1,efeytjt,"Good move, Facebook is going too far with exploiting its users for $$ and showing no remorse nor corrective action even after their cover blew up. It’s time to corner them and forcefully put a check on them since they won’t do it themselves. ",https://www.recode.net/2019/1/30/18203231/apple-banning-facebook-research-app/efeytjt/,-0.062,0.15048122,0.004062653,0.027410502,0.010507392,0.033460364,0.036839653,1548907736.0,1,0,0,[deleted],,,,,
aldyj1,efez5n3,"Sounds like legislation is being planned to ban this kind of access by companies, too. Finally. It only took 100% free and clear access for people to start worrying about their data. (It's too late anyway) 

Facebook: Don't not be evil!",https://www.recode.net/2019/1/30/18203231/apple-banning-facebook-research-app/efez5n3/,0.085,0.18364124,0.00371933,0.04742365,0.00847251,0.07935401,0.009048914,1548908047.0,1,0,0,idolove_Nikki,15.0,14.0,1452.0,7700.0,9181.0
aldyj1,efezv8y,[deleted],https://www.recode.net/2019/1/30/18203231/apple-banning-facebook-research-app/efezv8y/,0.646,,,,,,,1548908698.0,2,0,0,[deleted],,,,,
aldyj1,eff3y6z,"Bjt were going to keep the bots that collect your info that we own, dont yoy worry.",https://www.recode.net/2019/1/30/18203231/apple-banning-facebook-research-app/eff3y6z/,-0.104,0.063027434,0.002012253,0.017845914,0.006992595,0.019547975,0.009644418,1548912721.0,1,0,0,suck_my_sock,902.0,51.0,,,953.0
aldyj1,eff699o,More like fuck your dismal reading comprehension.,https://www.recode.net/2019/1/30/18203231/apple-banning-facebook-research-app/eff699o/,0.854,0.9391453,0.45895407,0.92389363,0.057037655,0.5935568,0.044602267,1548915150.0,0,0,0,Tumblrrito,4073.0,316.0,49972.0,249115.0,303476.0
aldyj1,efff95b,"Apples literally the only company I remotely trust with privacy. 

Exact opposite about google. ",https://www.recode.net/2019/1/30/18203231/apple-banning-facebook-research-app/efff95b/,-0.167,0.0438942,0.001029968,0.012380436,0.007103588,0.019870255,0.00627852,1548927737.0,2,0,0,RiZing_Prodigy,76.0,79.0,3928.0,25561.0,29644.0
aldyj1,efimitc,"You really should go and read the story in full before you dig yourself an even deeper hole.

Hint: this app wasn’t in any store.

From the article:

*Instead, Facebook apparently took advantage of Apple’s “Developer Enterprise Program,” which lets approved Apple partners, like Facebook, test and distribute apps specifically for their own employees. In those cases, the employees can use third-party services to download beta versions of apps that aren’t available to the general public.* 

*Apple doesn’t review and approve these apps the way it does for the App Store because they’re only supposed to be downloaded by employees who work for the app’s creator.*",https://www.recode.net/2019/1/30/18203231/apple-banning-facebook-research-app/efimitc/,0.083,0.1996317,0.005760193,0.072882555,0.004291751,0.09124154,0.010964886,1549027252.0,0,0,0,Tumblrrito,4073.0,316.0,49972.0,249115.0,303476.0
