post_id,comment_id,txt,url,offensiveness_score,Toxicity,Severe Toxicity,Profanity,Identity Attack,Insult,Threat,created,score,total_awards_received,controversiality,user,user_awardee_karma,user_awarder_karma,user_link_karma,user_comment_karma,user_total_karma
a72l9u,ebzztqw,He lied about weapons of mass destruction in Iraq. People on the left hated him for that at the time. Funny how you all love him now that he's saying what you want to hear.,https://i.redd.it/90rt36g1wv421.jpg/ebzztqw/,0.375,0.19409354,0.004425049,0.01887069,0.03636306,0.071116626,0.016465442,1545078454.0,-51,0,0,DefiantCharacter,129.0,19.0,950.0,24347.0,25445.0
a72l9u,ec09vh1,"What the hell are you talking about? Not the issues, because you can't win that argument, obviously.",https://i.redd.it/90rt36g1wv421.jpg/ec09vh1/,0.426,0.584095,0.056527592,0.5013569,0.019274252,0.40243408,0.011094344,1545085995.0,-21,0,0,DefiantCharacter,129.0,19.0,950.0,24347.0,25445.0
a72l9u,ec0cw1c,"I must have missed where he was convicted for lying.  Oh, that's right, convictions don't matter to the right wing.  You people think 'justice' is what happens when you beat everyone else.",https://i.redd.it/90rt36g1wv421.jpg/ec0cw1c/,0.083,0.17111848,0.002994537,0.016069634,0.016762028,0.07460167,0.019055385,1545088499.0,2,0,0,TenYearRedditVet,0.0,19.0,,,19.0
a72l9u,ec0ed9f,But muh blah blah blah.  People like yourself have no real defense to anything because you're always wrong so you attack.  Enjoy the party for the next 6 years.  I know I will be.,https://i.redd.it/90rt36g1wv421.jpg/ec0ed9f/,0.283,0.3260917,0.009727478,0.03690237,0.008583503,0.25404143,0.021300001,1545089756.0,-6,0,0,flipamadiggermadoo,101.0,34.0,1579.0,25816.0,27530.0
a72l9u,ec0erdz,[deleted],https://i.redd.it/90rt36g1wv421.jpg/ec0erdz/,0.787,,,,,,,1545090095.0,8,0,0,[deleted],,,,,
a72l9u,ec0fv80,"You, an intellectual: Robert Mueller is a liar.

Any sane person: Prove it.

You, still an intellectual: PeOpLe lIkE YoU AlWaYs aTtAcK!!",https://i.redd.it/90rt36g1wv421.jpg/ec0fv80/,0.542,0.5532103,0.021419114,0.0887236,0.020882076,0.6109131,0.016810767,1545091074.0,8,0,0,TenYearRedditVet,0.0,19.0,,,19.0
a72l9u,ec1liql,Fuck this sub. Islamic mod cucks ,https://i.redd.it/90rt36g1wv421.jpg/ec1liql/,0.917,0.968226,0.61408406,0.92389363,0.7028837,0.7804726,0.067232,1545141852.0,-6,0,0,TendiesOnTheFloor,0.0,0.0,25495.0,132141.0,157636.0
a72l9u,ec1lujj,I enjoy using this as an excuse when I constantly see people saying that all Republicans are on Trump’s side,https://i.redd.it/90rt36g1wv421.jpg/ec1lujj/,-0.125,0.08320791,0.001764298,0.01627459,0.022791367,0.02425329,0.008103873,1545142186.0,-6,0,0,Ramen_Hair,1172.0,14.0,70070.0,48701.0,119957.0
a72l9u,ec1n0dq,"Didn’t Trump also proudly exclaim that if he ran, it would be as a Republican because they’re stupid?",https://i.redd.it/90rt36g1wv421.jpg/ec1n0dq/,0.542,0.7701451,0.023076924,0.34099978,0.18903255,0.78882504,0.007819066,1545143326.0,6,0,0,CountChoculahh,282.0,19.0,435.0,216609.0,217345.0
a72l9u,ec2ua9w,"""You don't understand, there will never be one single piece that takes him down... it's the sheer volume of accusations that is the smoking gun! It's a jigsaw puzzle wrapped in a mosaic wrapped in a tapestry, and anyone who disagrees is a Russian!""",https://i.redd.it/90rt36g1wv421.jpg/ec2ua9w/,0.25,0.2820025,0.010986328,0.025907494,0.20878418,0.086852804,0.05914995,1545177252.0,1,0,0,Gnome_Sane,9143.0,2691.0,,,11834.0
