post_id,comment_id,txt,url,offensiveness_score,Toxicity,Severe Toxicity,Profanity,Identity Attack,Insult,Threat,created,score,total_awards_received,controversiality,user,user_awardee_karma,user_awarder_karma,user_link_karma,user_comment_karma,user_total_karma
8seo58,e0ytuzf,I grailed the cutest girls and the handsomest boys,https://www.reddit.com/r/grandorder/comments/8seo58/who_did_you_grail_if_any_at_all//e0ytuzf/,0.022,0.18174082,0.009841919,0.094542764,0.026408968,0.026315894,0.023371955,1529461392.0,17,0,0,WeebSlayer7,0.0,0.0,31.0,54683.0,54714.0
8seo58,e0ytwd5,"5 for JAlter, 2 for Rider Martha and saving 2 for Ruler Martha.",https://www.reddit.com/r/grandorder/comments/8seo58/who_did_you_grail_if_any_at_all//e0ytwd5/,-0.298,0.01633588,0.001001358,0.010792031,0.001988635,0.008234881,0.008323951,1529461433.0,5,0,0,nightwyrm_zero,226.0,0.0,117.0,50773.0,51116.0
8seo58,e0ytyye,"First servant I grailed was OG Jeanne. As for why...admittedly at the time it was due to learning that her hp would reach absurdity when grailed. But Ive grown to like her as well. The others would be JAlter, Mordred, Atalante 90, Hans 70. Do I regret any of it? Probably Hans, I used him quite a lot before but now that I have Merlin...not at all.",https://www.reddit.com/r/grandorder/comments/8seo58/who_did_you_grail_if_any_at_all//e0ytyye/,-0.196,0.17718399,0.005340576,0.0684662,0.011247349,0.08434689,0.011353259,1529461509.0,7,0,0,[deleted],,,,,
8seo58,e0yu07u,"So far I’ve used my grails on Billy, Jack, and Nightingale. My aim is to get them to 100 cause they are my favorite servants.",https://www.reddit.com/r/grandorder/comments/8seo58/who_did_you_grail_if_any_at_all//e0yu07u/,-0.404,0.061444655,0.00328064,0.018324144,0.005216698,0.020772645,0.011249693,1529461546.0,2,0,0,Xolais,0.0,0.0,1.0,55.0,56.0
8seo58,e0yu27x,"Grailed: Dantes (to 100), CasCu (to 80, going up to 90 after I obtain Onigashima's grail and EXP)

To be grailed: Emiya, Hektor, Shiki, Marie, Kintoki Rider

and also Mash **IF THEY'LL EVER LET US GRAIL HER**",https://www.reddit.com/r/grandorder/comments/8seo58/who_did_you_grail_if_any_at_all//e0yu27x/,-0.083,0.20102765,0.016319158,0.14049543,0.01274247,0.025026767,0.09623027,1529461606.0,6,0,0,flitswitch,0.0,0.0,1.0,2778.0,2779.0
8seo58,e0yu56h,"Rider Martha to 100. Saving my remaining grails in case if I get Ruler Martha. If not, I'll probably grail Mordred, Medea, or Medusa.",https://www.reddit.com/r/grandorder/comments/8seo58/who_did_you_grail_if_any_at_all//e0yu56h/,-0.271,0.17198499,0.007858276,0.025087673,0.006030651,0.024640027,0.13815513,1529461694.0,11,0,0,Pokedude12,497.0,1048.0,717.0,51711.0,53973.0
8seo58,e0yu65l,"Hans, Chullain and Medea. Next is ushi.",https://www.reddit.com/r/grandorder/comments/8seo58/who_did_you_grail_if_any_at_all//e0yu65l/,-0.312,0.13908891,0.010147095,0.099305905,0.0233943,0.09855611,0.016638106,1529461723.0,1,0,0,[deleted],,,,,
8seo58,e0yubr7,"Gave a few to Herc, and maxed Okita.

Planning to finish off Herc, then work on Gil, followed up by TamaLancer if I get her.

If Tamassassin turns out to be an SSR, I'll set some aside for her as well.",https://www.reddit.com/r/grandorder/comments/8seo58/who_did_you_grail_if_any_at_all//e0yubr7/,-0.128,0.10783285,0.004463196,0.02522431,0.0051797,0.01838776,0.06561559,1529461892.0,7,0,0,MiraTama,0.0,0.0,731.0,40178.0,40909.0
8seo58,e0yubsv,I grail Kintoki and now I wait to max my tamano before grail her,https://www.reddit.com/r/grandorder/comments/8seo58/who_did_you_grail_if_any_at_all//e0yubsv/,-0.083,0.38601747,0.03321367,0.29209393,0.028016793,0.06757036,0.13815513,1529461893.0,3,0,0,orion2792,20.0,0.0,608.0,2041.0,2669.0
8seo58,e0yuz8m,"Oh dang, I hope I don’t end up being the same lol",https://www.reddit.com/r/grandorder/comments/8seo58/who_did_you_grail_if_any_at_all//e0yuz8m/,-0.333,0.18174082,0.007362366,0.11292298,0.015857628,0.034782536,0.009696201,1529462602.0,1,0,0,mpm2230,104.0,562.0,5349.0,1753.0,7768.0
8seo58,e0yv1li,I see you too are a man of culture;),https://www.reddit.com/r/grandorder/comments/8seo58/who_did_you_grail_if_any_at_all//e0yv1li/,-0.604,0.045131154,0.00243187,0.021808386,0.013043936,0.018258847,0.007586042,1529462673.0,7,0,0,mpm2230,104.0,562.0,5349.0,1753.0,7768.0
8seo58,e0yxvtx,"1) If you think Herc is so handsome, I do believe he will be more than pleased to *""show you his appreciation.*"" ~~Bit of warning, he's rough in bed.~~

2) Atalanta's dearly deprived of level 100.

",https://www.reddit.com/r/grandorder/comments/8seo58/who_did_you_grail_if_any_at_all//e0yxvtx/,0.271,0.15711457,0.004997253,0.07643871,0.006659614,0.04969218,0.008194493,1529465808.0,4,0,0,Saver_Spenta_Mainyu,104.0,0.0,9988.0,87215.0,97307.0
8seo58,e0zkd3e,"Mostly grappled the 3* servants that carries me early in the game to 80. Cu, Medusa, Medea, Jing ke.",https://www.reddit.com/r/grandorder/comments/8seo58/who_did_you_grail_if_any_at_all//e0zkd3e/,-0.271,0.028974265,0.001535416,0.014532468,0.003015325,0.010628895,0.00967031,1529501699.0,1,0,0,NotaCSA1,103.0,0.0,940.0,20199.0,21242.0
8seo58,e0zklrs,"Grailed moedred to 100, Jalter sitting at 98 waiting on oni grail lol",https://www.reddit.com/r/grandorder/comments/8seo58/who_did_you_grail_if_any_at_all//e0zklrs/,-0.333,0.22445217,0.023129508,0.16682947,0.017766917,0.0806213,0.016638106,1529501942.0,1,0,0,knightsrequiem,0.0,0.0,6.0,355.0,361.0
8seo58,e0zm91w,"Hans to level 70

George to level 80

OCu to 80

Berserkerlot to 90

I think I have two grails left atm, so I'm just holding on to them for the moment until someone else comes to mind.",https://www.reddit.com/r/grandorder/comments/8seo58/who_did_you_grail_if_any_at_all//e0zm91w/,-0.312,0.049831573,0.003452301,0.03840541,0.006363631,0.01302291,0.012337137,1529503463.0,1,0,0,ardentArcane,1122.0,800.0,15914.0,89406.0,107242.0
8seo58,e0zmadp,"2 to herc and 1 to Halloween Liz.

Kinda regretted the one for liz because i found out soon that my true love is salter and lalter",https://www.reddit.com/r/grandorder/comments/8seo58/who_did_you_grail_if_any_at_all//e0zmadp/,-0.271,0.04785245,0.002355576,0.022833163,0.005327691,0.013782915,0.00838868,1529503497.0,1,0,0,official-redditor,15.0,0.0,1187.0,23218.0,24420.0
8seo58,e0zmlvl,"Ushi to 100 (also maxed fous and skills) for waifu reasons, plan to grail bikini lewd Saint if I get her, maybe grail best dog too.",https://www.reddit.com/r/grandorder/comments/8seo58/who_did_you_grail_if_any_at_all//e0zmlvl/,-0.062,0.3722269,0.02406851,0.27747265,0.0440973,0.1669316,0.11309616,1529503795.0,1,0,0,mxrampage,18.0,0.0,172.0,1398.0,1588.0
8seo58,e0zolt9,"6 Grails: Astolfo. (Genuinely a good character and a really nice guy. His being cute as hell is also part of it, yes, but..)

2 Grails: Ruler Martha, Nero, Vlad (Extra) Atalanta/David, Helena, Shinjuku Assassin, El Dorado Berserker, Shinjuku Avenger (Angery Woofer).",https://www.reddit.com/r/grandorder/comments/8seo58/who_did_you_grail_if_any_at_all//e0zolt9/,-0.354,0.13214645,0.013155893,0.15812257,0.019073274,0.029604018,0.03165977,1529505714.0,1,0,0,IhatethisCPU,0.0,168.0,1.0,7113.0,7282.0
8seo58,e0zph8j,"Shishou lv 100. Waifu needs all the love.

As for the rest of my grails, I want to give them to Nitocris is, but I'm broke on sq, so that's a no. ",https://www.reddit.com/r/grandorder/comments/8seo58/who_did_you_grail_if_any_at_all//e0zph8j/,-0.17,0.079250954,0.003623962,0.044668075,0.006807606,0.015568925,0.010032792,1529506489.0,1,0,0,ForteEXE_,13.0,107.0,1454.0,25836.0,27410.0
8seo58,e0zpr9a,"I grailed both Cu and Boudica to 80, just to get them gold status... I know Boudica is terrible, but she was my very first summon, so she's kind of like my baby.

I also grailed Karna once (92) because he was my very first 5*",https://www.reddit.com/r/grandorder/comments/8seo58/who_did_you_grail_if_any_at_all//e0zpr9a/,-0.383,0.22445217,0.017222947,0.17706433,0.021786476,0.04442204,0.050098058,1529506731.0,1,0,0,KiloD2,12.0,0.0,2917.0,14607.0,17536.0
8seo58,e0zqm2q,"One more grail and medeas at 90, and jing ke will be at 80. ",https://www.reddit.com/r/grandorder/comments/8seo58/who_did_you_grail_if_any_at_all//e0zqm2q/,-0.146,0.05799546,0.002727509,0.015693882,0.005068706,0.023995465,0.012751401,1529507470.0,1,0,0,rurbesho,0.0,0.0,1.0,381.0,382.0
8seo58,e0zro0b,"Grailed Assassin Shiki to 100 and Void Shiki to 94 so far. Void Shiki will get up to 100 on the next 3 grails, but I prioritized Assassin Shiki with the 1st 7, because I was lacking a gold Assassin and drowning in AOE gold Sabers. 

After the 3 more for Void Shiki, I'll probably save the next 7 so I can grail Asagami Fujino up to 100 when she comes out in 1.5 years. I wish I could spare some grails to bring Hans up to 70 or 80, or Herc up to 90 or 100, but grails are for love.",https://www.reddit.com/r/grandorder/comments/8seo58/who_did_you_grail_if_any_at_all//e0zro0b/,-0.292,0.17631748,0.010223389,0.07999486,0.015455672,0.04149419,0.13245705,1529508367.0,1,0,0,07mk,222.0,0.0,7.0,33632.0,33861.0
8seo58,e0zzgl9,"on NA, grailed Medea to lv80 because she deserves a gold border.

on JPN, Berserker Nobu to 100 and I just finished leveling Hokusai to 100 as well. :) Waiting until I get 5 grails again so I can take King Hassan to 100 next..",https://www.reddit.com/r/grandorder/comments/8seo58/who_did_you_grail_if_any_at_all//e0zzgl9/,-0.167,0.11067997,0.007286072,0.04266402,0.020982565,0.02103047,0.04201601,1529514823.0,1,0,0,HeavenAscended,60.0,0.0,814.0,2832.0,3706.0
8seo58,e10db5m,"I didn't grail anyone yet, because I'm indecisive as fuck. I wanna grail so many servants, but I'm always scared that I'll spread myself thin. At the very least, if Karna ever decides to join my Chaldea, he's guaranteed to get to 100. Otherwise, I really should grail one of my Nero's... She deserves it.",https://www.reddit.com/r/grandorder/comments/8seo58/who_did_you_grail_if_any_at_all//e10db5m/,0.542,0.6308517,0.29621798,0.70864636,0.0775651,0.34203702,0.13397428,1529526009.0,1,0,0,Yuufa,20.0,0.0,393.0,4552.0,4965.0
8seo58,e10j5du,Tamamo to 92 when I was noob and didn't research how the grailing system works. Assassin Shiki to 90 to bring her on par with a 5*. Rest are saved for Brynhildr and Osakabehime. If there will be any left maybe Scathach to 100 or Assassin Scathach to 90 similar to Shiki.,https://www.reddit.com/r/grandorder/comments/8seo58/who_did_you_grail_if_any_at_all//e10j5du/,-0.125,0.26104406,0.012054443,0.10301965,0.023997234,0.17237684,0.05688698,1529530984.0,1,0,0,Esvald,189.0,16.0,4311.0,55014.0,59530.0
8seo58,e10jdcm,Grailed Void Shiki to 100 because I made a promise to myself before pulling for her. Also gave Herc two grails out of respect. Going to throw two at assassin Shiki once I grind more exp.,https://www.reddit.com/r/grandorder/comments/8seo58/who_did_you_grail_if_any_at_all//e10jdcm/,-0.229,0.32020867,0.022710243,0.15459715,0.023796257,0.061451588,0.34889272,1529531182.0,1,0,0,ZweiteGlenn,0.0,0.0,48.0,109.0,157.0
8seo58,e11bq4w,"I grailed JAlter, next one is Chloe",https://www.reddit.com/r/grandorder/comments/8seo58/who_did_you_grail_if_any_at_all//e11bq4w/,-0.042,0.09915545,0.004997253,0.035148825,0.010507392,0.020256994,0.020954676,1529564391.0,1,0,0,Ivantsi,0.0,0.0,47.0,440.0,487.0
8seo58,e3nkifr,So far? Nero to 90 because Umu and she is my favorite saber. Kerry to 90 because he deserves it and Kiyohime Lancer to 90 because I guess I like them crazy. Nitocris and Carmilla are two on the possibility table. ,https://www.reddit.com/r/grandorder/comments/8seo58/who_did_you_grail_if_any_at_all//e3nkifr/,-0.229,0.21642438,0.004653931,0.060951006,0.006770608,0.15982662,0.009929225,1533488663.0,1,0,0,aralim4311,775.0,487.0,4414.0,228370.0,234046.0
