post_id,comment_id,txt,url,offensiveness_score,Toxicity,Severe Toxicity,Profanity,Identity Attack,Insult,Threat,created,score,total_awards_received,controversiality,user,user_awardee_karma,user_awarder_karma,user_link_karma,user_comment_karma,user_total_karma
71r1nc,dncuxpf,"How are they gonna afford that??

Edit: wow, didn't think I'd get downvoted to hell, it was a sincere question about how the government can afford to do something so awesome, since i know nothing about government finances. I guess the double question marks conveyed the wrong impression. America is so behind ",http://www.ctvnews.ca/health/n-s-government-to-make-abortion-pill-available-for-free-at-pharmacies-1.3601267#_gus&_gucid=&_gup=twitter&_gsc=67x9yyV/dncuxpf/,0.064,0.33338684,0.02116089,0.3051381,0.060675595,0.12521741,0.020954676,1506092238.0,20,0,1,takethreetriple8,0.0,11.0,74.0,222.0,307.0
71r1nc,dncx19u,Taxes. Free pills are cheaper than welfare for the unwanted children of single mothers/ couples who can't support kids.,http://www.ctvnews.ca/health/n-s-government-to-make-abortion-pill-available-for-free-at-pharmacies-1.3601267#_gus&_gucid=&_gup=twitter&_gsc=67x9yyV/dncx19u/,0.083,0.07371122,0.001678467,0.01220964,0.016159095,0.0233509,0.007184723,1506094482.0,111,0,0,BIG_DICK_BAZUSO,0.0,0.0,235.0,29133.0,29368.0
71r1nc,dnd1v0b,"Refreshing seeing Nova Scotia on the front page for a good thing, last time was when Pizza Corner dissolved (Less we forget.)",http://www.ctvnews.ca/health/n-s-government-to-make-abortion-pill-available-for-free-at-pharmacies-1.3601267#_gus&_gucid=&_gup=twitter&_gsc=67x9yyV/dnd1v0b/,-0.417,0.043399423,0.001525879,0.013439372,0.00725158,0.015948927,0.007702554,1506099523.0,1,0,0,Bonerunknown,159.0,377.0,4947.0,21236.0,26719.0
71r1nc,dnd30ld,"As a man, is this a negative thing or a positive thing?

Edit: I'm fine with downvoting me because I'm a dude and this is apparently a ladies only subreddit, but can i at least get an answer? I'm not a woman so i have no idea what the pros and cons are, I just want to educate myself on the matter.",http://www.ctvnews.ca/health/n-s-government-to-make-abortion-pill-available-for-free-at-pharmacies-1.3601267#_gus&_gucid=&_gup=twitter&_gsc=67x9yyV/dnd30ld/,-0.042,0.123468354,0.007171631,0.10797132,0.05794714,0.036809623,0.00899713,1506100737.0,229,0,0,CliffordMoreau,342.0,43.0,5488.0,187650.0,193523.0
71r1nc,dnd36i7,That's really good. There were still a few Catholic GPs who wouldn't refer on religious grounds when I was in NS. It shouldn't have to be a runaround.,http://www.ctvnews.ca/health/n-s-government-to-make-abortion-pill-available-for-free-at-pharmacies-1.3601267#_gus&_gucid=&_gup=twitter&_gsc=67x9yyV/dnd36i7/,-0.083,0.05824285,0.001649857,0.014737424,0.0543092,0.015796926,0.006899917,1506100910.0,435,0,0,VToff,679.0,0.0,2259.0,138097.0,141035.0
71r1nc,dnd3wbw,"That's awesome. It would be great if NB would fund abortions too, but this is a good development. 

Interestingly I just learned the PEI government will fund abortions for its residents if they come to NB hospitals.",http://www.ctvnews.ca/health/n-s-government-to-make-abortion-pill-available-for-free-at-pharmacies-1.3601267#_gus&_gucid=&_gup=twitter&_gsc=67x9yyV/dnd3wbw/,-0.298,0.05378982,0.002613068,0.01627459,0.007843546,0.013364912,0.011922873,1506101663.0,15,0,0,rainbowsneakers187,46.0,0.0,776.0,6596.0,7418.0
71r1nc,dnd4v12,Fuck the haters. Do you. Fuck em,http://www.ctvnews.ca/health/n-s-government-to-make-abortion-pill-available-for-free-at-pharmacies-1.3601267#_gus&_gucid=&_gup=twitter&_gsc=67x9yyV/dnd4v12/,0.833,0.968226,0.61260825,0.9540331,0.3072352,0.71120167,0.34804323,1506102679.0,50,0,0,[deleted],,,,,
71r1nc,dnd7c9g,Sending love and support your way. You did what was right for you. ,http://www.ctvnews.ca/health/n-s-government-to-make-abortion-pill-available-for-free-at-pharmacies-1.3601267#_gus&_gucid=&_gup=twitter&_gsc=67x9yyV/dnd7c9g/,-0.413,0.013822667,0.000929832,0.012756188,0.003144818,0.007816878,0.007003482,1506105284.0,39,0,0,[deleted],,,,,
