post_id,comment_id,txt,url,offensiveness_score,Toxicity,Severe Toxicity,Profanity,Identity Attack,Insult,Threat,created,score,total_awards_received,controversiality,user,user_awardee_karma,user_awarder_karma,user_link_karma,user_comment_karma,user_total_karma
8wb9kx,e1u4h3v,Like ray-hee-ain on your wedding day,https://www.bbc.co.uk/news/world-africa-44728507/e1u4h3v/,-0.458,0.09438288,0.0050354,0.035649836,0.008324518,0.02012808,0.011922873,1530804982.0,35,0,0,Computer_User_01,218.0,0.0,1105.0,569922.0,571245.0
8wb9kx,e1u50rt,"Lions     Poachers

    4                 0

AWESOME.",https://www.bbc.co.uk/news/world-africa-44728507/e1u50rt/,-0.348,0.03309893,0.002145767,0.016957775,0.004014268,0.013250912,0.007236506,1530805462.0,75,0,0,SamIwas118,152.0,56.0,20398.0,109105.0,129711.0
8wb9kx,e1u5mgh,"Don't fuck with Mother Nature too much, or else she'll have you eaten. ",https://www.bbc.co.uk/news/world-africa-44728507/e1u5mgh/,0.604,0.8778702,0.35368225,0.89909166,0.057037655,0.4196762,0.061736204,1530805989.0,91,0,0,ionised,1999.0,0.0,597920.0,572542.0,1172461.0
8wb9kx,e1u6dvq,Fuck those motherfuckers. Those lions are all good boys and girls. ,https://www.bbc.co.uk/news/world-africa-44728507/e1u6dvq/,0.638,0.9563754,0.54893947,0.9540331,0.28622448,0.7344449,0.08396416,1530806647.0,829,0,0,ApparentlyJesus,183.0,174.0,43048.0,126059.0,169464.0
8wb9kx,e1ui7d9,">Don't fuck with Mother Nature Too much

Is there an acceptable amount of fuckery?",https://www.bbc.co.uk/news/world-africa-44728507/e1ui7d9/,0.625,0.9248995,0.56375664,0.87472564,0.27759558,0.45758462,0.028206514,1530816726.0,2,0,0,thelucidvegan,503.0,38.0,19534.0,7858.0,27933.0
8wb9kx,e1ukcsc,"Hark, a wild r/furry_irl is spotted!",https://www.bbc.co.uk/news/world-africa-44728507/e1ukcsc/,-0.104,0.18459146,0.007820129,0.08613731,0.014953227,0.0810151,0.00948907,1530818584.0,1,0,0,MAGAManLegends3,0.0,0.0,29.0,3724.0,3753.0
8wb9kx,e1un0qm,"Fuck those motherfucker tiny-dicked Chinese and SouthEast Asian men. Fuck them with a shrapnel dildo that deposits ground glass in their rectum and kills them painfully.
And fuck the hunting apologists too.",https://www.bbc.co.uk/news/world-africa-44728507/e1un0qm/,0.875,0.96426713,0.71338886,0.927271,0.7895903,0.83943826,0.6615786,1530820825.0,2,0,0,hawkeyehurdler,18.0,0.0,1209.0,4190.0,5417.0
8wb9kx,e1un4v0,It's the good advice that you just didn't take.,https://www.bbc.co.uk/news/world-africa-44728507/e1un4v0/,-0.375,0.046368107,0.000867844,0.012858666,0.001544661,0.020063626,0.006252628,1530820921.0,1,0,0,Zanzibane,184.0,51.0,658.0,9732.0,10625.0
8wb9kx,e1vkbkc,"South African here. I get the sense that most native Chinese couldn't give a fuck about the environment and particularly biodiversity and that for them progress is measured in tall skyscrapers and whether one had the latest gadgets. 

How else does one explain the rapatious appetite for rhino horn, and lion bone?

A lot of education is needed, especially to the younger generation who will hopefully stop these backwards practices which have absolutely no basis in science.",https://www.bbc.co.uk/news/world-africa-44728507/e1vkbkc/,0.375,0.4269174,0.027833538,0.43781817,0.3857254,0.33154017,0.016120117,1530855594.0,2,0,0,alishaheed,125.0,0.0,6357.0,9094.0,15576.0
8wb9kx,e1w5rq9,I’m not even mad.,https://www.bbc.co.uk/news/world-africa-44728507/e1w5rq9/,-0.617,0.09033044,0.002193451,0.044417568,0.005512681,0.02425329,0.007948523,1530888139.0,1,0,0,setecordas,510.0,686.0,5299.0,41954.0,48449.0
8wb9kx,e1w5xju,HA HA.  This is really a perfect moment for a Nelson Muntz laugh.,https://www.bbc.co.uk/news/world-africa-44728507/e1w5xju/,-0.271,0.03969839,0.001249313,0.013473531,0.002497356,0.016860934,0.006356194,1530888278.0,1,0,0,hiphopsicles,0.0,0.0,,,0.0
8wb9kx,e1w6l7i,"To be fair, that's gotta be one of the easiest ways to get away with murder. Just shoot the guy and leave him for the lions.",https://www.bbc.co.uk/news/world-africa-44728507/e1w6l7i/,0.312,0.5885171,0.21902075,0.16450337,0.041003603,0.1469393,0.6738745,1530888844.0,1,0,0,[deleted],,,,,
8wb9kx,e1w96vr,Don’t poach dangerous animals ,https://www.bbc.co.uk/news/world-africa-44728507/e1w96vr/,-0.326,0.091913216,0.003128052,0.023106437,0.007177584,0.02373764,0.010058682,1530891024.0,1,0,0,nathancrook,0.0,0.0,2287.0,3565.0,5852.0
