post_id,comment_id,txt,url,offensiveness_score,Toxicity,Severe Toxicity,Profanity,Identity Attack,Insult,Threat,created,score,total_awards_received,controversiality,user,user_awardee_karma,user_awarder_karma,user_link_karma,user_comment_karma,user_total_karma
bsudch,eort5vt,This scene really hit me in the feels.,https://i.redd.it/eykokhkrxc031.jpg/eort5vt/,-0.562,0.17371799,0.008201599,0.091633186,0.007621558,0.01929015,0.03787563,1558812501.0,2,0,0,SurrealEggBoye,55.0,0.0,8496.0,35691.0,44242.0
bsudch,eortob9,"Wow, this blew up. Make sure to *VACCINATE YOUR FUCKING CHILDREN*",https://i.redd.it/eykokhkrxc031.jpg/eortob9/,0.761,0.90451443,0.45895407,0.90258646,0.10221587,0.5130944,0.085497424,1558812726.0,8,0,0,Henry_The_Stickman,94.0,61.0,9990.0,397.0,10542.0
bsudch,eos4j2y,"I love how they addressed the concept of a link with autism.  Essentially:

There’s isn’t one. There was one piece of highly dubious research that suggested there might be a link, which has been disproven too many times to count.  Links in the description. Moving on.

Well done.",https://i.redd.it/eykokhkrxc031.jpg/eos4j2y/,0.042,0.085582085,0.003242493,0.03690237,0.025806036,0.028722567,0.008945347,1558817524.0,2,0,0,Elbobosan,2027.0,0.0,39347.0,141802.0,183176.0
bsudch,eos5p4z,I love kurzgesagt their an awesome channel,https://i.redd.it/eykokhkrxc031.jpg/eos5p4z/,-0.625,0.09351514,0.005645752,0.046922635,0.017465452,0.0198058,0.012233571,1558818032.0,2,0,0,Mememachine2862,1542.0,677.0,47999.0,8517.0,58735.0
bsudch,eosygsi,My brother is an anti vaxer. He was pissed when my parents and sisters family could come ovrr and see our newborn son but his unvaxinated kids could not. Fuck that shit though.,https://i.redd.it/eykokhkrxc031.jpg/eosygsi/,0.688,0.8629672,0.35368225,0.90150756,0.20680901,0.5130944,0.03165977,1558831728.0,7,0,0,james_strange,58.0,0.0,459.0,23482.0,23999.0
bsudch,eotzk1l,They also kill anyone else that is allergic to vaccines?,https://i.redd.it/eykokhkrxc031.jpg/eotzk1l/,0.208,0.39441586,0.023076924,0.07708528,0.033011556,0.059061307,0.5195707,1558852763.0,2,0,0,[deleted],,,,,
bsudch,eqc2p84,"Kurzgesagt: Do vaccines have a hidden danger

Karen: SEE? I TOLD YOU

Kurzgesagt: Not vaccinating kills babies

Karen: ...",https://i.redd.it/eykokhkrxc031.jpg/eqc2p84/,0.271,0.16158698,0.023076924,0.11354194,0.010655383,0.039737478,0.053330876,1559961204.0,2,0,0,SmokeyBacon1,0.0,0.0,344.0,5708.0,6052.0
