post_id,comment_id,txt,url,offensiveness_score,Toxicity,Severe Toxicity,Profanity,Identity Attack,Insult,Threat,created,score,total_awards_received,controversiality,user,user_awardee_karma,user_awarder_karma,user_link_karma,user_comment_karma,user_total_karma
bhfbxk,elsi5cg,That’s an awesome idea.,https://i.redd.it/cr8onb44uhu21.jpg/elsi5cg/,-0.708,0.023906821,0.002183914,0.020510335,0.005956655,0.009944891,0.008945347,1556238051.0,15,0,0,Pah-Pah-Pah,18,0,96.0,15383.0,15497
bhfbxk,elsnsll,"Many would need very large jackets to include everything.

and it should also include all churches that are sponsoring them as well. You can be screwed by religion just as much as you can screwed by big money.",https://i.redd.it/cr8onb44uhu21.jpg/elsnsll/,0.234,0.46982017,0.02444411,0.4044591,0.37953663,0.40243408,0.017328756,1556241484.0,9,0,0,fitzroy95,1161,68,25636.0,498365.0,525230
bhfbxk,elspii7,"Yeah ok, shut the fuck up bitch. It’s Bernie or Bust 100% nobody is voting for Biden, now get the fuck out of here you cunt",https://i.redd.it/cr8onb44uhu21.jpg/elspii7/,0.958,0.96069145,0.6474255,0.902047,0.33675182,0.83943826,0.13815513,1556242536.0,-197,0,0,Workinclashero,0,0,212.0,4268.0,4480
bhfbxk,elsq5km,"You are confirming his point here dude

This isn’t a liberal sub it’s world politics, why are you so mad",https://i.redd.it/cr8onb44uhu21.jpg/elsq5km/,-0.062,0.39915034,0.017997624,0.22105443,0.038425524,0.3493834,0.011456826,1556242951.0,18,0,0,keepbandsinmusic,86,0,391.0,28509.0,28986
bhfbxk,elsrgmu,"Fuck bands, all good music is made on a laptop",https://i.redd.it/cr8onb44uhu21.jpg/elsrgmu/,0.667,0.9563754,0.51028454,0.91513264,0.22783615,0.56997263,0.03165977,1556243764.0,-12,0,0,Workinclashero,0,0,212.0,4268.0,4480
bhfbxk,elt3ghl,Gary Johnson was all about that back in 2016.  Then Trump got elected.  That second part has kinda sucked.,https://i.redd.it/cr8onb44uhu21.jpg/elt3ghl/,-0.062,0.6863638,0.026936848,0.48510036,0.024198212,0.6149945,0.008505191,1556252423.0,1,0,0,-BEEF-SUPREME-,112,0,2420.0,35691.0,38223
bhfbxk,elt5wjq,"shut the fuck up, you are making an embarassment to leftist politics, please think before you post.",https://i.redd.it/cr8onb44uhu21.jpg/elt5wjq/,0.848,0.944597,0.5231034,0.902047,0.2803029,0.7804726,0.09776353,1556254857.0,0,0,1,zakkazzakkaz,0,0,3561.0,14100.0,17661
bhfbxk,elt66ho,He'd have to get a giant Trump baby ballon and fill it with little papers with the names of all the individual donors.,https://i.redd.it/cr8onb44uhu21.jpg/elt66ho/,-0.062,0.10739898,0.002803803,0.013849284,0.006918599,0.036325075,0.010162249,1556255147.0,1,0,0,HairyFlashman,0,0,,,0
bhfbxk,eluho9h,"/u/Gusthe3rd, 

Looked at this post and expected a The_Donald member to be posting shit like this.

Devision and attacks on other primary members is NOT what is going to make the Bernie community look any better than The_Donald. Remember that the groups of people you alienate in the primaries are the same people you need to get for the general election.

Win with a positive message. Promote things that Bernie does rather than push the bad or questionable of our other candidates. If you believe in Bernie, then believe that he will win because of his message, not the shortcomings of other candidates.",https://i.redd.it/cr8onb44uhu21.jpg/eluho9h/,0.34,0.45396814,0.023317307,0.46460027,0.06929302,0.40698266,0.013528148,1556299005.0,1,0,0,Hoarth,0,0,53.0,2421.0,2474
bhfbxk,eluijui,BOOT EDGE EDGE BOOT EDGE EDGE BOOT EDGE EDGE,https://i.redd.it/cr8onb44uhu21.jpg/eluijui/,-0.125,0.026970858,0.005607605,0.04642162,0.001785147,0.0113509,0.006666893,1556299481.0,1,0,0,Bradmund,99,43,473.0,9965.0,10580
