post_id,comment_id,txt,url,offensiveness_score,Toxicity,Severe Toxicity,Profanity,Identity Attack,Insult,Threat,created,score,total_awards_received,controversiality,user,user_awardee_karma,user_awarder_karma,user_link_karma,user_comment_karma,user_total_karma
b28d9x,eir8ink,"Evil? No, you’re not evil. The absolute worst thing anyone could say about you is that you’re a selfish, moral blank whose lazy cynicism and sneering, ironic take on the world encapsulates everything wrong with a generation.",https://www.theguardian.com/politics/2019/mar/17/dutch-pm-compares-theresa-may-to-monty-python-limbless-knight/eir8ink/,0.604,0.53579444,0.0475607,0.21673056,0.3958119,0.54471385,0.02682521,1552855828.0,16,0,0,cancutgunswithmind,8.0,25.0,36.0,44533.0,44602.0
b28d9x,eir9m68,"To ~~The Hague~~ ~~'s-⁠Gravenhage~~ Den Haag

's-⁠Gravenhage isn't really used that much in common speech and even many official documents will use Den Haag. ",https://www.theguardian.com/politics/2019/mar/17/dutch-pm-compares-theresa-may-to-monty-python-limbless-knight/eir9m68/,-0.196,0.014325311,0.001325607,0.01941724,0.004328749,0.007702877,0.006712203,1552856628.0,30,0,0,bender3600,292.0,15.0,91807.0,65378.0,157492.0
b28d9x,eirdzgd,"> 's-⁠Gravenhage isn't really used that much in common speech and even many official documents will use Den Haag. 

i know, i'm just being pedantic. Even the trains say 'het volgende station is...den Haag'.",https://www.theguardian.com/politics/2019/mar/17/dutch-pm-compares-theresa-may-to-monty-python-limbless-knight/eirdzgd/,-0.062,0.06500591,0.014317908,0.08613731,0.008361516,0.023995465,0.006485652,1552859730.0,2,0,0,eldarandia,3111.0,101.0,118226.0,115146.0,236584.0
b28d9x,eirkdbk,"Fucking Peep Show, thanks for reminding me that I’m due for a rewatch.",https://www.theguardian.com/politics/2019/mar/17/dutch-pm-compares-theresa-may-to-monty-python-limbless-knight/eirkdbk/,0.604,0.8988238,0.35368225,0.90258646,0.038683333,0.4534306,0.010136358,1552864525.0,10,0,0,jonmayer,0.0,0.0,,,0.0
b28d9x,eis452a,And Putin is the Killer Rabbit. ,https://www.theguardian.com/politics/2019/mar/17/dutch-pm-compares-theresa-may-to-monty-python-limbless-knight/eis452a/,0.062,0.6289369,0.041283876,0.20139475,0.06476828,0.6407567,0.13815513,1552881475.0,1,0,0,Kenadian,241.0,0.0,6118.0,6631.0,12990.0
b28d9x,eis4ieb,"Did this PM just cheekily call May weak? No arms no legs she has lost and she is just taking the punches? Like holy hell that wasn't coy at all.  I mean he does give May an out siting British politics, but damn I see why Cameron got out of town so fast. ",https://www.theguardian.com/politics/2019/mar/17/dutch-pm-compares-theresa-may-to-monty-python-limbless-knight/eis4ieb/,0.062,0.50759226,0.16233426,0.473824,0.10409598,0.44126466,0.13717735,1552881855.0,1,0,0,[deleted],,,,,
b28d9x,eis64od,"I beg to differ. I doubt a limbless person, let alone one that's also a medieval Knight in chain armor, would say they enjoy running through fields of wheat for fun. Just saying....",https://www.theguardian.com/politics/2019/mar/17/dutch-pm-compares-theresa-may-to-monty-python-limbless-knight/eis64od/,0.208,0.103928015,0.002689362,0.016342908,0.016862517,0.033019636,0.009851551,1552883528.0,2,0,0,jeff1328,0.0,0.0,7218.0,76428.0,83646.0
b28d9x,eisey77,"Why don't they just drop the whole Brexit thing? Yes, it would involve admitting it was a bad idea, but look at all the time and money wasted on it so far. Couldn't that be spent on something more worthwhile?",https://www.theguardian.com/politics/2019/mar/17/dutch-pm-compares-theresa-may-to-monty-python-limbless-knight/eisey77/,-0.146,0.049831573,0.001392365,0.015147334,0.007140587,0.0198058,0.007107049,1552895735.0,0,0,0,Au_Ag_Cu,67.0,0.0,356.0,5785.0,6208.0
b28d9x,eisv9tt,"I get what you mean, but I 100% disagree with the idea that politicians who in the middle of their term leave to go work at some high post in Brussels would be doing their voters and the Netherlands at large a disservice.

VVD voters, ALDE members, and Dutch people in general would absolutely be better off by having someone like Rutte be commissioner or president of the council.

But peoples opinions regarding the EU are pretty stupid (partly because of people like Rutte, to be fair! Blaming the EU for stuff is just too easy...), hence the dumb lie.

And thats assuming it even is a lie (although i obviously really do hope it is one)",https://www.theguardian.com/politics/2019/mar/17/dutch-pm-compares-theresa-may-to-monty-python-limbless-knight/eisv9tt/,0.362,0.39842087,0.01083374,0.22552395,0.1007269,0.4710501,0.009126588,1552917086.0,1,0,0,DUTCH_DUTCH_DUTCH,350.0,0.0,10038.0,189729.0,200117.0
b28d9x,eitew6w,Hell of a lot politer than the words I'd use to describe her...,https://www.theguardian.com/politics/2019/mar/17/dutch-pm-compares-theresa-may-to-monty-python-limbless-knight/eitew6w/,0.312,0.40336934,0.023076924,0.3866461,0.01374736,0.24928534,0.023371955,1552931105.0,1,0,0,SparklyBoat,804.0,242.0,7327.0,131359.0,139732.0
