post_id,comment_id,txt,url,offensiveness_score,Toxicity,Severe Toxicity,Profanity,Identity Attack,Insult,Threat,created,score,total_awards_received,controversiality,user,user_awardee_karma,user_awarder_karma,user_link_karma,user_comment_karma,user_total_karma
64qx7m,dg4bw19,Yup quite strange when we had a North Korean student coming to our school and the South Koreans tried to befriend him but he kept to hinself,https://www.reddit.com/r/AskReddit/comments/64qx7m/serioussouth_koreans_of_reddit_how_did_they_teach//dg4bw19/,-0.083,0.1587729,0.0050354,0.034146797,0.11860296,0.03257891,0.010602405,1491921193.0,56,0,0,UnwashedPenis,0.0,23.0,314.0,1272.0,1609.0
64qx7m,dg4c5is,"Korean living in Canada here. It wasn't exactly hidden from kids even when they're young. I remember being aware of North Korea's existence as long as I can remember because of the whole reunification movement that is visible in everyday life, even before I started going to school. 

The general vibe was that they were taken away from us, living in harsh conditions and that we should try to reunite as a favour to them. 

I left before being taught any proper Korean history, so maybe somebody else will have more to say in that sense. ",https://www.reddit.com/r/AskReddit/comments/64qx7m/serioussouth_koreans_of_reddit_how_did_they_teach//dg4c5is/,-0.021,0.06500591,0.002040863,0.015932998,0.03636306,0.025929155,0.008311004,1491921504.0,8409,0,0,cubenori,255.0,0.0,13542.0,27258.0,41055.0
64qx7m,dg4d6e8,This was the late 90's so maybe the view had shifted a bit. ,https://www.reddit.com/r/AskReddit/comments/64qx7m/serioussouth_koreans_of_reddit_how_did_they_teach//dg4d6e8/,-0.396,0.019603057,0.001049042,0.01402008,0.004883717,0.009602889,0.007275343,1491922679.0,1,0,0,cubenori,255.0,0.0,13542.0,27258.0,41055.0
64qx7m,dg4gvpr,"Unfortunately, yes.  Although it has heightened definitely since then.  There are people who regard her father as a great person, since he was the only dictator that used his absolute power for ""good"" (for certain people).  People who lived during his rule, that benefited from it, still hail him.  Even today, there are protests by older conservatives calling for the decriminalization of the former president.  The rest of us are hardly sympathetic, and a lot of this resentment is also being carried on to such people.",https://www.reddit.com/r/AskReddit/comments/64qx7m/serioussouth_koreans_of_reddit_how_did_they_teach//dg4gvpr/,0.083,0.1587729,0.002393723,0.021125201,0.012541492,0.08582769,0.008000307,1491926809.0,61,0,0,plsdontupvote,121.0,0.0,8108.0,7438.0,15667.0
64qx7m,dg4ilyx,But it's not right. You shouldn't have to give up rights to get nice things.,https://www.reddit.com/r/AskReddit/comments/64qx7m/serioussouth_koreans_of_reddit_how_did_they_teach//dg4ilyx/,-0.333,0.09438288,0.00210762,0.017914234,0.007473567,0.021868404,0.00933372,1491928703.0,5,0,0,sakurarose20,120.0,26.0,,,146.0
64qx7m,dg4j1ed,[deleted],https://www.reddit.com/r/AskReddit/comments/64qx7m/serioussouth_koreans_of_reddit_how_did_they_teach//dg4j1ed/,0.021,,,,,,,1491929169.0,5,0,1,[deleted],,,,,
64qx7m,dg4vlhp,"I dunno, porn would solve the problem of having everyone have to fuck each other all the time to get off, leading to less unwanted children.",https://www.reddit.com/r/AskReddit/comments/64qx7m/serioussouth_koreans_of_reddit_how_did_they_teach//dg4vlhp/,0.812,0.75208336,0.34950548,0.759977,0.08831879,0.24767025,0.05947323,1491942844.0,1,0,0,DoomsdayRabbit,2232.0,17.0,,,2249.0
64qx7m,dg4zgj9,[deleted],https://www.reddit.com/r/AskReddit/comments/64qx7m/serioussouth_koreans_of_reddit_how_did_they_teach//dg4zgj9/,-0.021,,,,,,,1491947373.0,1,0,0,[deleted],,,,,
64qx7m,dg58lfw,Doubtful that it'd lead to more emphasis on a family unit.,https://www.reddit.com/r/AskReddit/comments/64qx7m/serioussouth_koreans_of_reddit_how_did_they_teach//dg58lfw/,-0.312,0.010995304,0.000607967,0.00997221,0.001803646,0.007778878,0.006155535,1491959377.0,2,0,0,DoomsdayRabbit,2232.0,17.0,,,2249.0
64qx7m,dg5cynr,[deleted],https://www.reddit.com/r/AskReddit/comments/64qx7m/serioussouth_koreans_of_reddit_how_did_they_teach//dg5cynr/,-0.109,,,,,,,1491965198.0,6,0,0,[deleted],,,,,
64qx7m,dg5da2u,OP has been banned from /r/Pyongyang ,https://www.reddit.com/r/AskReddit/comments/64qx7m/serioussouth_koreans_of_reddit_how_did_they_teach//dg5da2u/,-0.167,0.020607091,0.003070831,0.020100424,0.003533295,0.012414906,0.006310884,1491965641.0,4,0,0,SumAustralian,149.0,0.0,3798.0,39237.0,43184.0
64qx7m,dg5fuvo,"Korean American here. 

Similar to everyone else, I feel sympathy for my brothers and sisters up North. Their government needs to step down for any sort of reunification to take place. 

Honestly though, I just don't see it happening anytime soon and the only way I see it happening is through heavy bloodshed and a huge destablizing hit on South Korea's economy. :( ",https://www.reddit.com/r/AskReddit/comments/64qx7m/serioussouth_koreans_of_reddit_how_did_they_teach//dg5fuvo/,0.083,0.12867521,0.005989075,0.040409464,0.073429056,0.03257891,0.048481647,1491969536.0,5,0,0,raymondxcho,0.0,0.0,120.0,9463.0,9583.0
64qx7m,dg5hfn6,Definitely yes. SK is not ready to take care 25 million unskilled people. BTW NK people have been mandatorily soldier for 10 years. If a revolt happens that would be catastrophic.,https://www.reddit.com/r/AskReddit/comments/64qx7m/serioussouth_koreans_of_reddit_how_did_they_teach//dg5hfn6/,-0.021,0.11036996,0.003757477,0.01893901,0.024600167,0.027841117,0.032695748,1491972256.0,2,0,0,maileaf,308.0,0.0,2782.0,4603.0,7693.0
