post_id,comment_id,txt,url,offensiveness_score,Toxicity,Severe Toxicity,Profanity,Identity Attack,Insult,Threat,created,score,total_awards_received,controversiality,user,user_awardee_karma,user_awarder_karma,user_link_karma,user_comment_karma,user_total_karma
alqlir,efge563,"Actually it might. It will make investors more hesitant to invest in oil companies, because the likelihood of them getting any of their money back if it goes south will be practically nonexistent.",https://www.thestar.com/calgary/2019/01/31/supreme-court-of-canada-says-bankrupt-energy-companies-must-clean-up-old-oil-and-gas-wells-before-paying-off-creditors.html/efge563/,-0.312,0.015707577,0.00067234,0.010689554,0.003070822,0.009165886,0.006492125,1548954701.0,22,0,0,Ehralur,3065,289,26022.0,168740.0,198116
alqlir,efgf4cd,It did end up in the courts and that was the entire point of the post since now legal precedent exists making this essentially set in stone unless the Canadian supreme court suddenly starts favoring businesses again.,https://www.thestar.com/calgary/2019/01/31/supreme-court-of-canada-says-bankrupt-energy-companies-must-clean-up-old-oil-and-gas-wells-before-paying-off-creditors.html/efgf4cd/,-0.271,0.00816794,0.000426769,0.009468361,0.002404861,0.006838372,0.006077861,1548955332.0,15,0,0,kbot03,0,0,76.0,12436.0,12512
alqlir,efggv1g,"Dude's so unclear of what 'Supreme Court of Canada"" means I'd be surprised if he could point the country out on a map.. ",https://www.thestar.com/calgary/2019/01/31/supreme-court-of-canada-says-bankrupt-energy-companies-must-clean-up-old-oil-and-gas-wells-before-paying-off-creditors.html/efggv1g/,0.271,0.05651112,0.001239777,0.01133858,0.008102531,0.028502205,0.006841661,1548956435.0,12,0,0,UTC_Hellgate,545,22,31791.0,295357.0,327715
alqlir,efgqz9n,It’s a Supreme of course ,https://www.thestar.com/calgary/2019/01/31/supreme-court-of-canada-says-bankrupt-energy-companies-must-clean-up-old-oil-and-gas-wells-before-paying-off-creditors.html/efgqz9n/,-0.521,0.040925518,0.002040863,0.021740068,0.006992595,0.015340924,0.007417747,1548962858.0,3,0,0,klfta,0,0,,,0
alqlir,efgyop6,"Give him a map of Canada, see how it goes",https://www.thestar.com/calgary/2019/01/31/supreme-court-of-canada-says-bankrupt-energy-companies-must-clean-up-old-oil-and-gas-wells-before-paying-off-creditors.html/efgyop6/,-0.17,0.027677942,0.001335144,0.012073003,0.007843546,0.010628895,0.009048914,1548968150.0,2,0,0,Eva_Heaven,378,0,670.0,47960.0,49008
alqlir,efh957m,"I don't think you understand. If a company goes bankrupt they don't have any say on where their money goes. Even if they wanted to sell their remaining assets and spend the money on clean-up, it wouldn't be allowed. From now on (in Canada) it will actually be mandatory.

That in turn scares off investors, because if the company they invest in goes bankrupt there is an even lower chance of them seeing any of their money back.",https://www.thestar.com/calgary/2019/01/31/supreme-court-of-canada-says-bankrupt-energy-companies-must-clean-up-old-oil-and-gas-wells-before-paying-off-creditors.html/efh957m/,-0.208,0.04315203,0.001277924,0.014566627,0.004994711,0.022706337,0.00746953,1548975258.0,1,0,0,Ehralur,3065,289,26022.0,168740.0,198116
alqlir,efi04t2,This seems fair and should be priced into the valuation of companies.,https://www.thestar.com/calgary/2019/01/31/supreme-court-of-canada-says-bankrupt-energy-companies-must-clean-up-old-oil-and-gas-wells-before-paying-off-creditors.html/efi04t2/,-0.458,0.009990019,0.000777245,0.011902207,0.002534353,0.006923873,0.007171778,1548999074.0,1,0,0,AltF40,0,6,1.0,7051.0,7058
alqlir,efiamiq,This is so sexy! Love it!,https://www.thestar.com/calgary/2019/01/31/supreme-court-of-canada-says-bankrupt-energy-companies-must-clean-up-old-oil-and-gas-wells-before-paying-off-creditors.html/efiamiq/,-0.562,0.37751234,0.020257099,0.30690086,0.014350293,0.03566399,0.011146127,1549013363.0,1,0,0,lamabaronvonawesome,1240,568,23057.0,199884.0,224749
alqlir,efimafc,Can I be cfo for the low low price of 1 million a year for the 7 year contract I will break any conceivable financial lawand give you all the savings in performance bonuses,https://www.thestar.com/calgary/2019/01/31/supreme-court-of-canada-says-bankrupt-energy-companies-must-clean-up-old-oil-and-gas-wells-before-paying-off-creditors.html/efimafc/,-0.188,0.025556687,0.001006126,0.011543535,0.001424418,0.010248893,0.007456584,1549027061.0,1,0,0,OKToDrive,0,0,1894.0,74438.0,76332
alqlir,efjxs0d,Only makes sense.  Encourages investors to look at the Ethics of the company before investing ,https://www.thestar.com/calgary/2019/01/31/supreme-court-of-canada-says-bankrupt-energy-companies-must-clean-up-old-oil-and-gas-wells-before-paying-off-creditors.html/efjxs0d/,-0.375,0.010115679,0.000450611,0.009750174,0.001757398,0.007531876,0.006009895,1549060340.0,1,0,0,ppppotter,0,0,111.0,4934.0,5045
alqlir,eigcnxn,"what a cluster fuck 

&#x200B;",https://www.thestar.com/calgary/2019/01/31/supreme-court-of-canada-says-bankrupt-energy-companies-must-clean-up-old-oil-and-gas-wells-before-paying-off-creditors.html/eigcnxn/,0.809,0.93383175,0.45895407,0.90258646,0.04048799,0.5130944,0.014566151,1552506186.0,1,0,0,Fredrick_Menekin,0,0,1.0,3.0,4
