post_id,comment_id,txt,url,offensiveness_score,Toxicity,Severe Toxicity,Profanity,Identity Attack,Insult,Threat,created,score,total_awards_received,controversiality,user,user_awardee_karma,user_awarder_karma,user_link_karma,user_comment_karma,user_total_karma
ca5l3p,eteyrge,6:53.  Never done a running benchmark before. Started at 8.6 and increased every .1. I did not have a specific time goal but I think I’m a little disappointed. It’s been a few years but I’ve run a 5k at that pace. Oh well. This middle aged mom will take it. Cheers all- happy benchmark day!,https://www.reddit.com/r/orangetheory/comments/ca5l3p/1_mile_benchmark_results_megathread//eteyrge/,-0.292,0.20126031,0.012207031,0.0935729,0.017867407,0.054376744,0.025961896,1562753370.0,13,0,0,runhikedogswine,0.0,0.0,632.0,1724.0,2356.0
ca5l3p,eteyy81,"7:52, a new PR!",https://www.reddit.com/r/orangetheory/comments/ca5l3p/1_mile_benchmark_results_megathread//eteyy81/,-0.5,,,,,,,1562753619.0,37,0,0,alice_notalison,8.0,0.0,238.0,1238.0,1484.0
ca5l3p,etf2m8o,As a former collegiate runner who’s done 5ks at sub 6:30 pace and is looking to break 8min today you CRUSHED it :),https://www.reddit.com/r/orangetheory/comments/ca5l3p/1_mile_benchmark_results_megathread//etf2m8o/,-0.511,0.26104406,0.013155893,0.08096472,0.005956655,0.037980765,0.044278983,1562757883.0,7,0,0,boston_panda,178.0,0.0,2039.0,36568.0,38785.0
ca5l3p,etfb1tu,"My best ks 6:39
..gonna go in and start at 9 and hold it as long as I can then try to go up...hoping to beat 6:39!  You are amazing",https://www.reddit.com/r/orangetheory/comments/ca5l3p/1_mile_benchmark_results_megathread//etfb1tu/,-0.479,0.17458448,0.012054443,0.07320584,0.011321344,0.020966014,0.13566011,1562765343.0,2,0,0,Yorkie199,0.0,0.0,650.0,156.0,806.0
ca5l3p,etfgrbo,"9 gear, rpms between 110 and 130, didn’t look at wattage",https://www.reddit.com/r/orangetheory/comments/ca5l3p/1_mile_benchmark_results_megathread//etfgrbo/,-0.458,,,,,,,1562769303.0,2,0,0,random19uses,0.0,42.0,206.0,3924.0,4172.0
ca5l3p,etfuq4s,Thanks and good luck! You can do it!!,https://www.reddit.com/r/orangetheory/comments/ca5l3p/1_mile_benchmark_results_megathread//etfuq4s/,-0.667,0.019980038,0.001888275,0.017231047,0.004014268,0.009013886,0.009230154,1562777985.0,1,0,0,Run_for_life33,40.0,2067.0,75.0,6978.0,9160.0
ca5l3p,etfvqd9,"I got 6:39 today, beware of the spin up times! I started at 9.2 for first .5, and then took it up by .1 every .1 mile (9.3 at .5, 9.4, at .6, so on) and then 10 for last .12. I was trying for 6:30 and was surprised so much time added on...",https://www.reddit.com/r/orangetheory/comments/ca5l3p/1_mile_benchmark_results_megathread//etfvqd9/,-0.333,0.07291982,0.004634857,0.025907494,0.004051265,0.0113889,0.027688526,1562778577.0,2,0,0,rmk70,156.0,160.0,450.0,2626.0,3392.0
ca5l3p,etfxmjs,I pulled off 6:27 started at 9 and went up bout .4 and kept going up.,https://www.reddit.com/r/orangetheory/comments/ca5l3p/1_mile_benchmark_results_megathread//etfxmjs/,-0.583,0.050573748,0.003643036,0.028093686,0.005586676,0.010476895,0.02181799,1562779692.0,2,0,0,Yorkie199,0.0,0.0,650.0,156.0,806.0
ca5l3p,etfxvk6,Got 6:27....I will take it! 😁,https://www.reddit.com/r/orangetheory/comments/ca5l3p/1_mile_benchmark_results_megathread//etfxvk6/,-0.489,0.07291982,0.004882813,0.028640235,0.005919657,0.01313691,0.027170537,1562779840.0,2,0,0,Yorkie199,0.0,0.0,650.0,156.0,806.0
ca5l3p,etgfe6c,"Normally I’d see something like this and say #goals but I think I could only run a 6-something min mile if a zombie was chasing me. Even then, I’m pretty strong so I think I’d be more inclined to stop running and just fight him 😂😂 Great job!",https://www.reddit.com/r/orangetheory/comments/ca5l3p/1_mile_benchmark_results_megathread//etgfe6c/,-0.312,0.25084448,0.017674843,0.09389619,0.013345404,0.027730936,0.27243137,1562789786.0,2,0,0,chelle531531,0.0,0.0,1.0,268.0,269.0
ca5l3p,etgrcfh,That is incredible... I was at 9 but only hit 85-92 rpms. #goals,https://www.reddit.com/r/orangetheory/comments/ca5l3p/1_mile_benchmark_results_megathread//etgrcfh/,-0.542,0.04290464,0.002536774,0.020373698,0.003348306,0.010058892,0.015429466,1562797221.0,2,0,0,mollymw68,0.0,0.0,1.0,39.0,40.0
ca5l3p,etgua1n,That’s Awesome!!  I got 6:41 today on the strider and thought I was jamming.,https://www.reddit.com/r/orangetheory/comments/ca5l3p/1_mile_benchmark_results_megathread//etgua1n/,-0.604,0.09655223,0.004615784,0.06145202,0.006622616,0.01819439,0.011223801,1562799009.0,2,0,0,Strideraad,0.0,0.0,1.0,110.0,111.0
ca5l3p,ether1i,"Shoutout to another strider! I got 5:49 on gear 12. I’m usually on the bike, so this was my first time striding that intensely 🥵",https://www.reddit.com/r/orangetheory/comments/ca5l3p/1_mile_benchmark_results_megathread//ether1i/,-0.304,0.08874765,0.005111694,0.04642162,0.006881601,0.016784932,0.012492486,1562813469.0,2,0,0,mightyeagle_sore,0.0,0.0,18.0,1315.0,1333.0
ca5l3p,ethiwcd,9:12. I'm ok with it.,https://www.reddit.com/r/orangetheory/comments/ca5l3p/1_mile_benchmark_results_megathread//ethiwcd/,-0.646,0.051068526,0.004692078,0.028776871,0.007399572,0.011084898,0.013528148,1562816817.0,1,0,0,kkz161,39.0,0.0,2114.0,3788.0,5941.0
ca5l3p,ethk64g,"5:59

Never been below 6.  It was my goal. 

Did 10.1 out of the gate and kept it with plan to go all out with 30 seconds to go.  Figured the extra .1 over the course of 5:30 would make up for the spin up time on the treads - it didn’t.   Last min was an all out dash to the death.  Can’t believe the margin to just get it.  Need to buy a lotto ticket and some ice for my legs lol.",https://www.reddit.com/r/orangetheory/comments/ca5l3p/1_mile_benchmark_results_megathread//ethk64g/,-0.333,0.22445217,0.015157142,0.14490221,0.013948337,0.03768798,0.06270605,1562817913.0,2,0,0,EatPushSplat,0.0,0.0,127.0,450.0,577.0
ca5l3p,ethkbis,7:50! Down from 9:22 in May! I just transitioned to running in late March.,https://www.reddit.com/r/orangetheory/comments/ca5l3p/1_mile_benchmark_results_megathread//ethkbis/,-0.511,0.011120965,0.000729561,0.011236101,0.002007134,0.006885872,0.006770459,1562818046.0,1,0,0,no_maj,672.0,0.0,38449.0,57930.0,97051.0
ca5l3p,ethkdue,5:34.  When I started in November I could barely break 9 mins.  I haven’t been this fast in 20 years.,https://www.reddit.com/r/orangetheory/comments/ca5l3p/1_mile_benchmark_results_megathread//ethkdue/,-0.562,0.026617315,0.001354218,0.014634945,0.00310782,0.009868891,0.007857903,1562818101.0,1,0,0,dfk140,40.0,0.0,24.0,8211.0,8275.0
ca5l3p,ethkp4g,8 mins and it’s my PR,https://www.reddit.com/r/orangetheory/comments/ca5l3p/1_mile_benchmark_results_megathread//ethkp4g/,-0.667,0.03545588,0.003166199,0.025360947,0.005216698,0.010856897,0.011223801,1562818382.0,1,0,0,drun007,86.0,824.0,2154.0,440.0,3504.0
ca5l3p,ethndfa,"11:10...1:07 LONGER than the May benchmark.
BUT!!!! I did it.  I was going to cancel this morning but forgot (so busy at work!) I wasn't looking forward to today, I'm so so tired.  I never regret going, no matter what the results are.
It can only go up from here, right?",https://www.reddit.com/r/orangetheory/comments/ca5l3p/1_mile_benchmark_results_megathread//ethndfa/,-0.022,0.16851899,0.009231567,0.07967158,0.00673361,0.04149419,0.011405042,1562820824.0,1,0,0,Supermumma12,0.0,0.0,1.0,19.0,20.0
ca5l3p,ethptf3,"EDIT to add: took the top spot in my age group on the leader board!!! 

Went from 9:30 last year to 7:46 past May benchmark, to 6:39 today. That was neat.

I joke I carry a weighted vest because I could stand to lose 20-25 lbs and on my frame it looks like 40 extra lbs. But it’s funny to end up on leader board for 200m row or sub 7 mile and mentally be like AHA! Bet you didn’t see that cushy lady coming!",https://www.reddit.com/r/orangetheory/comments/ca5l3p/1_mile_benchmark_results_megathread//ethptf3/,-0.167,0.19893374,0.009765625,0.09098661,0.019475231,0.07491849,0.012285355,1562823262.0,2,0,0,[deleted],,,,,
ca5l3p,ethq180,5:49.  First time sub 6.  I cried a little under my towel..,https://www.reddit.com/r/orangetheory/comments/ca5l3p/1_mile_benchmark_results_megathread//ethq180/,-0.417,0.15545623,0.008163452,0.06646215,0.007399572,0.019870255,0.01508414,1562823493.0,1,0,0,bernardhsu1973,0.0,0.0,85.0,600.0,685.0
ca5l3p,eti3gt3,"The strider distance is based on turns of the wheel, so on benchmark days move your gears to the low end of your normal range to get your best distance. HTH!",https://www.reddit.com/r/orangetheory/comments/ca5l3p/1_mile_benchmark_results_megathread//eti3gt3/,-0.34,0.025674535,0.001149178,0.013644327,0.001479914,0.010438894,0.007275343,1562837369.0,2,0,0,random19uses,0.0,42.0,206.0,3924.0,4172.0
ca5l3p,etic8th,Bike - 6:30 at gear 9! Beat my previous time by 30 seconds 😃,https://www.reddit.com/r/orangetheory/comments/ca5l3p/1_mile_benchmark_results_megathread//etic8th/,-0.532,0.061444655,0.003356934,0.023106437,0.003884775,0.012604907,0.023371955,1562845750.0,1,0,0,Cojo2583,0.0,0.0,1428.0,14530.0,15958.0
ca5l3p,etifr2h,"14:14

I’m a power walker who inexplicably decided to give jogging/power walking the full mile a try. Regretted it within about 30 seconds of starting, but I didn’t want to switch to power walking the half mile and mess up my benchmark time by having jogged part of it. 

Suffice it to say I was the last one on the treads, I learned that all the comments about nearly vomiting after running are true (totally thought you guys were joking), and I ran more than I have since high school (and more than I thought I could) 👍",https://www.reddit.com/r/orangetheory/comments/ca5l3p/1_mile_benchmark_results_megathread//etifr2h/,-0.271,0.1269396,0.004291534,0.07676199,0.00880549,0.05203446,0.010447056,1562848750.0,1,0,0,maeberry143,0.0,0.0,6.0,80.0,86.0
ca5l3p,etig6e7,"8:29, shaved off 20 second from May.  I'll take it!  :)",https://www.reddit.com/r/orangetheory/comments/ca5l3p/1_mile_benchmark_results_megathread//etig6e7/,-0.708,0.057005897,0.003452301,0.022901481,0.00569767,0.013326911,0.014738814,1562849089.0,1,0,0,Jennybeets,0.0,0.0,1.0,24.0,25.0
ca5l3p,etill4c,"Ran a 5:35 mile, 22 sec PR from the May benchmark!",https://www.reddit.com/r/orangetheory/comments/ca5l3p/1_mile_benchmark_results_megathread//etill4c/,-0.644,0.013508516,0.000958443,0.011560614,0.001785147,0.007569877,0.00737891,1562853804.0,1,0,0,kwielenga,0.0,0.0,45.0,223.0,268.0
ca5l3p,etinvb7,"90 days back I was not able to Run even 0.5 miles. My first bench mark 1 mile run was about 2 months back at 11 min 30 seconds and yesterday was a dream come true for me, under 10 minute, 9 min 08 seconds :D yaay! 

Next Target below 9 seconds :)",https://www.reddit.com/r/orangetheory/comments/ca5l3p/1_mile_benchmark_results_megathread//etinvb7/,-0.375,0.046368107,0.003223419,0.02071529,0.002719343,0.011008898,0.010317599,1562855690.0,1,0,0,sweat4gains,0.0,411.0,108.0,233.0,752.0
ca5l3p,etitnll,"6:58, my goal was to get under 7 and I managed to get it. Pretty happy all things considered!",https://www.reddit.com/r/orangetheory/comments/ca5l3p/1_mile_benchmark_results_megathread//etitnll/,-0.479,0.15213956,0.009841919,0.066963166,0.014752249,0.01838776,0.035803676,1562859571.0,1,0,0,bdotrebel11,0.0,0.0,1.0,2867.0,2868.0
ca5l3p,etj4o23,10:25. I probably could have pushed faster but I'm happy with the result,https://www.reddit.com/r/orangetheory/comments/ca5l3p/1_mile_benchmark_results_megathread//etj4o23/,-0.562,0.0466155,0.003566742,0.026863953,0.007140587,0.012072904,0.013269233,1562866135.0,1,0,0,a___fib,10.0,0.0,94.0,8125.0,8229.0
ca5l3p,etk9836,"This was my first mile benchmark (I joined last month). My goal was 10 mins or under, and I got 8:54! Super pleased 😻",https://www.reddit.com/r/orangetheory/comments/ca5l3p/1_mile_benchmark_results_megathread//etk9836/,-0.396,0.034748793,0.003414154,0.02474608,0.006141644,0.009450888,0.012181788,1562892136.0,1,0,0,kaylalikesnature,12.0,0.0,89.0,205.0,306.0
ca5l3p,etoobjy,That’s awesome! I always struggle to find other power walkers :),https://www.reddit.com/r/orangetheory/comments/ca5l3p/1_mile_benchmark_results_megathread//etoobjy/,-0.562,0.029445656,0.001859665,0.019758832,0.004772724,0.011312899,0.008686432,1563033270.0,1,0,0,NG10181018,0.0,0.0,1.0,9.0,10.0
