post_id,comment_id,txt,url,offensiveness_score,Toxicity,Severe Toxicity,Profanity,Identity Attack,Insult,Threat,created,score,total_awards_received,controversiality,user,user_awardee_karma,user_awarder_karma,user_link_karma,user_comment_karma,user_total_karma
biouxv,em2025f,"You and your socialist agenda have duped millennials into ponying up billions for their own indoctrination.  
How could anyone ever think a liberal arts degree in somesuch major as '_____ study' be of value in today's marketplace?",https://i.redd.it/n3bjk7ay47v21.jpg/em2025f/,0.312,0.18744208,0.004291534,0.030389199,0.021083053,0.0813853,0.007456584,1556543174.0,-46,0,0,mikesbrownhair,204,0,259,13633,14096
biouxv,em266ge,"That cost change has been over nearly half a century How much time do you need? 

But also, if the facilities and professors, etc are limited then what you're saying is demand is out stripping supply and inflating the prices. But the person in the above comment said far fewer attended in the past. If far more are attending now then the facilities and professors are clearly there. They're just charging more.

If this hypothesis was correct, the number attending wouldn't have increased dramatically (after all professors and facilities are limited) but the number applying and the cost would have increased.",https://i.redd.it/n3bjk7ay47v21.jpg/em266ge/,-0.167,0.026263772,0.000829697,0.012790347,0.001646405,0.015568925,0.006304411,1556547954.0,3,0,0,jimmy17,768,0,1017,159308,161093
biouxv,em291yk,"Failed yer reading comprehension class, eh? EE is a marketable degree. 'Gender studies' et al are not.",https://i.redd.it/n3bjk7ay47v21.jpg/em291yk/,-0.062,0.11181668,0.002012253,0.012517073,0.010137413,0.04032305,0.006071387,1556549983.0,-5,0,0,mikesbrownhair,204,0,259,13633,14096
biouxv,em29jpf,"That was more ""conceding defeat"" than ""resting your case""",https://i.redd.it/n3bjk7ay47v21.jpg/em29jpf/,-0.333,0.030270588,0.000987053,0.010911589,0.001655654,0.012642908,0.007598988,1556550333.0,4,0,0,CrushCoalMakeDiamond,2391,0,3549,236264,242204
biouxv,em29nn1,">""These problems"" started with the founding of the United States. Young people and poor people have always been exploited throughout the history of the U.S.

#

>The economy was rigged against working people and young people under the Obama/Biden administration.

Which is it? Did they start before Obama or not?",https://i.redd.it/n3bjk7ay47v21.jpg/em29nn1/,0.17,0.57271194,0.35368225,0.28249276,0.4830652,0.36798462,0.13448004,1556550409.0,1,0,0,CrushCoalMakeDiamond,2391,0,3549,236264,242204
biouxv,emd8u3r,He does. Try listening to one of his speeches or visiting his website instead feigning ignorance.,https://i.redd.it/n3bjk7ay47v21.jpg/emd8u3r/,-0.083,0.4645176,0.008277893,0.042413518,0.008916483,0.5130944,0.008090926,1556843978.0,1,0,0,donkijote97,71,16,60813,1435,62335
biouxv,emlzr4y,"Been in politics 50 years Joe. So it’s just now time to fix it? You were Vice President for 8 years..........and it’s just Now, when you want votes, time to fix the system? Hahahhahahahahaa",https://i.redd.it/n3bjk7ay47v21.jpg/emlzr4y/,0.213,0.06500591,0.001535416,0.013678487,0.001942388,0.027218282,0.006284993,1557110047.0,2,0,0,sekritskwerrel,0,0,181,1351,1532
