post_id,comment_id,txt,url,offensiveness_score,Toxicity,Severe Toxicity,Profanity,Identity Attack,Insult,Threat,created,score,total_awards_received,controversiality,user,user_awardee_karma,user_awarder_karma,user_link_karma,user_comment_karma,user_total_karma
cqqera,ewyjxi1,"A question about why there are Jews in US office? About trump and Nazism? A question that no one asked for. 

Go shout at the traffic pal.",https://i.redd.it/xt63a5xefmg31.jpg/ewyjxi1/,0.292,0.3367073,0.015157142,0.043165036,0.3817989,0.11978693,0.012078222,1565882346.0,5,0,0,ndkhan,249,568,1445,37732,39994
cqqera,ewz8sq1,"Stay off the sauce. Really. You're just talking gibberish. He is a racist fucktard, and that's is obvious and out in plain sight both in his speech and his action. Who he has in his cabinet is no defense for his actions or what he's said. It's utterly irrelevant.

&#x200B;

But I can see you are a simple man and of weak constitution, so I'd rather you just lay off the sauce.",https://i.redd.it/xt63a5xefmg31.jpg/ewz8sq1/,0.354,0.7675452,0.45895407,0.6321197,0.3817989,0.6831271,0.06863153,1565892664.0,1,0,0,wenoc,705,767,10221,97202,108895
cqqera,ex0k1ne,"The problem is that you are making a blanket statement of Jews. Jews do not all think one way, I know because I live in a ginormous Jewish community.",https://i.redd.it/xt63a5xefmg31.jpg/ex0k1ne/,0.062,0.3827457,0.023076924,0.17380778,0.46028158,0.19967617,0.0115345,1565914992.0,1,0,0,dumdedums,58,396,291,20019,20764
cqqera,ex2bk2e,"Heavy metal also encourges hate, but it doesn't cause violence. The problem isn't with the words, but the people interpreting it. If everybody had a right mind and don't attack people just because someone told us to, then we wouldn't have a problem.",https://i.redd.it/xt63a5xefmg31.jpg/ex2bk2e/,-0.064,0.1373533,0.004653931,0.032643758,0.024801146,0.037980765,0.030623792,1565966400.0,1,0,0,TrulyStupidNewb,492,276,26496,160717,187981
cqqera,ex2yh80,Interesting how most of all the violence is coming from the left.  I guess he didn't have enough room for that.,https://i.redd.it/xt63a5xefmg31.jpg/ex2yh80/,-0.111,0.15324512,0.003356934,0.014703264,0.047190998,0.04383647,0.019918699,1565977328.0,0,0,0,ac2cvn_71,0,0,1,5614,5615
cqqera,fakgh1h,I know this is an old post but I saw him last winter too! Never thought he would go viral,https://i.redd.it/xt63a5xefmg31.jpg/fakgh1h/,-0.625,0.055768944,0.002765656,0.024199532,0.006548621,0.016860934,0.010058682,1576166739.0,1,0,0,Lettucecat514,305,18,21468,13205,34996
