post_id,comment_id,txt,url,offensiveness_score,Toxicity,Severe Toxicity,Profanity,Identity Attack,Insult,Threat,created,score,total_awards_received,controversiality,user,user_awardee_karma,user_awarder_karma,user_link_karma,user_comment_karma,user_total_karma
7vzbm1,dtwaw5o,Jesus that's terrifying. Hope that guys ok and hope psycho-chick got locked up!,https://youtu.be/IkbVLGxrVF0/dtwaw5o/,0.333,0.47119883,0.029626917,0.26280963,0.11860296,0.40975618,0.17016006,1518038015.0,1580,0,0,batatasta,73.0,50.0,4205.0,57622.0,61950.0
7vzbm1,dtwexks,She won't get any love after Jodi Arias. 29 stab wounds was just a statistic. Now we *see* the pain happening and the jury will be in the room right there with him.,https://youtu.be/IkbVLGxrVF0/dtwexks/,0.167,0.11347008,0.004119873,0.026590679,0.006178642,0.017743196,0.07629784,1518041799.0,615,0,0,BigSchwartzzz,1994.0,399.0,,,2393.0
7vzbm1,dtwpdg5,[deleted],https://youtu.be/IkbVLGxrVF0/dtwpdg5/,-0.146,,,,,,,1518052701.0,173,0,0,[deleted],,,,,
7vzbm1,dtwqj9v,"If you stick your dick in crazy, the crazy sticks you",https://youtu.be/IkbVLGxrVF0/dtwqj9v/,0.938,0.8988238,0.4195425,0.79449326,0.09410924,0.5130944,0.13815513,1518053961.0,118,0,0,bwleung89,10.0,0.0,8840.0,38329.0,47179.0
7vzbm1,dtwqjhb,"Have any particularly good links? 


",https://youtu.be/IkbVLGxrVF0/dtwqjhb/,-0.479,0.031684756,0.001449585,0.017094411,0.00466173,0.012034904,0.007171778,1518053967.0,44,0,0,Forest-G-Nome,148.0,28.0,,,176.0
7vzbm1,dtwzdyy,"One thing that's interesting to think about is that we probably all agree that punishment should be personalized for each offender, and that one thing to take into account is the likelihood of re-offending. And statistically women are far less likely to commit violent crime, so in general you would expect them to receive lighter sentences. It's kind of similar to the wage gap thing, just in the other direction. ",https://youtu.be/IkbVLGxrVF0/dtwzdyy/,-0.021,0.09481675,0.003013611,0.020373698,0.049761772,0.025155678,0.020782012,1518063985.0,-71,0,0,PM_ME_UR_CRIMES,0.0,0.0,100.0,5341.0,5441.0
7vzbm1,dtx22j3,"And why should the likelihood of reoffending have any bearing on a defendant's sentence? We don't sentence anyone based on crimes they may commit in the future.

Don't be a retard.",https://youtu.be/IkbVLGxrVF0/dtx22j3/,0.458,0.6308517,0.02411546,0.36230123,0.1714862,0.67735565,0.012647836,1518067778.0,7,0,1,[deleted],,,,,
7vzbm1,dtx3bcx,Real crazy is much uglier than tumblr crazy,https://youtu.be/IkbVLGxrVF0/dtx3bcx/,-0.083,0.47119883,0.023076924,0.2666764,0.03223813,0.40698266,0.00948907,1518069747.0,6,0,0,[deleted],,,,,
7vzbm1,dtx7kw7,If the glove don't fit...,https://youtu.be/IkbVLGxrVF0/dtx7kw7/,-0.375,0.049831573,0.001773834,0.017162729,0.002229121,0.015872927,0.009307829,1518078174.0,-1,0,1,itsjustchad,68.0,84.0,5527.0,44298.0,49977.0
7vzbm1,dtxd2pj,I would’ve kicked her through that wall sooo fucking hard she’d be lucky to be alive after. Forget all that shit.,https://youtu.be/IkbVLGxrVF0/dtxd2pj/,0.773,0.8988238,0.45895407,0.8449782,0.11280017,0.49389273,0.5940531,1518091642.0,1,0,0,LouisSeaGays,0.0,0.0,6681.0,9016.0,15697.0
7vzbm1,dtxdg0t,"Jesus Christ, put down the phone, pick up your piece. 

2A",https://youtu.be/IkbVLGxrVF0/dtxdg0t/,0.479,0.04760506,0.002975464,0.021740068,0.013445892,0.012528907,0.009929225,1518092359.0,1,0,0,Jr_AntiSex_League,211.0,19.0,,,230.0
7vzbm1,dtxe7tj,###When its totally justified to smack your girl. ,https://youtu.be/IkbVLGxrVF0/dtxe7tj/,0.062,0.56269526,0.16960317,0.26600444,0.10221587,0.2679134,0.54744303,1518093775.0,1,0,0,drqxx,35.0,0.0,128872.0,231736.0,360643.0
7vzbm1,dtxf37d,There are times and places where its ok for a guy to hit a woman. This is 1 of those times and places.,https://youtu.be/IkbVLGxrVF0/dtxf37d/,0.511,0.4402136,0.04666401,0.18909787,0.28034934,0.07491849,0.54744303,1518095205.0,2,0,0,JCutter,0.0,0.0,1675.0,25502.0,27177.0
7vzbm1,dtxgxl0,"Wow.

That's just *terrifying.*",https://youtu.be/IkbVLGxrVF0/dtxgxl0/,-0.277,0.11316007,0.003643036,0.05393682,0.003570293,0.027476108,0.008259222,1518097859.0,2,0,0,BigOldCar,216.0,0.0,3899.0,161492.0,165607.0
7vzbm1,dtxin07,When you leave the lid open and she falls in,https://youtu.be/IkbVLGxrVF0/dtxin07/,-0.188,0.11098998,0.00459671,0.056441884,0.004994711,0.017549826,0.013476364,1518099950.0,0,0,0,ArginatorBongo,426.0,34.0,,,460.0
7vzbm1,dtxj92p,I stead of filming this shit he should have been defending himself. It's sad seeing men who are reduced to such a sad state that they have no pride,https://youtu.be/IkbVLGxrVF0/dtxj92p/,0.326,0.83334327,0.23225488,0.8117245,0.18158256,0.5239335,0.019228047,1518100647.0,0,0,0,Good-Boi,32.0,0.0,,,32.0
7vzbm1,dtxjow2,"""YOU WANMA FUCK WITH ME?"" UMMM... HE IS CLEARLY SAYING NO.",https://youtu.be/IkbVLGxrVF0/dtxjow2/,0.875,0.88599813,0.44787344,0.8855216,0.04512853,0.3388922,0.031314444,1518101124.0,1,0,0,[deleted],,,,,
7vzbm1,dtxl4f1,I know its not right to hit a woman but GOTDAYUM i would have beat the ever living hell out of her with whatever was on hand,https://youtu.be/IkbVLGxrVF0/dtxl4f1/,0.438,0.62702215,0.35368225,0.39409557,0.35299334,0.27558193,0.60325533,1518102651.0,1,0,0,Bizaboo420,0.0,0.0,1.0,3188.0,3189.0
7vzbm1,dtxlsrm,In the end he’ll still be at fault for whatever happens. Shitty that this crap happens and he has to film it. If he would have just socked her to get her to stop stabbing him he would be in jail for domestic violence. Weird country we live in... at least the accent sounds American. ,https://youtu.be/IkbVLGxrVF0/dtxlsrm/,0.312,0.7105462,0.34969926,0.64657205,0.19693321,0.5362655,0.34804323,1518103356.0,2,0,0,TalonXX13,0.0,0.0,1404.0,1218.0,2622.0
7vzbm1,dtxop72,Yeah...not my proudest fap.,https://youtu.be/IkbVLGxrVF0/dtxop72/,-0.208,0.30439767,0.013672344,0.2317999,0.009915425,0.14331897,0.008129764,1518106154.0,1,0,0,fuckthatpony,0.0,0.0,,,0.0
7vzbm1,dtxplru,You think the man is crazy?,https://youtu.be/IkbVLGxrVF0/dtxplru/,-0.271,0.41910073,0.010070801,0.1696208,0.053399716,0.46625584,0.007223561,1518106994.0,1,0,0,10010101,58.0,966.0,,,1024.0
7vzbm1,dtxqxvy,"Any follow up news article on this?

I know that’s asking for a lot...",https://youtu.be/IkbVLGxrVF0/dtxqxvy/,-0.426,0.014639461,0.000872612,0.011543535,0.002266119,0.00806388,0.00713294,1518108228.0,1,0,0,Jim_Nills_Mustache,726.0,16661.0,1237.0,441476.0,460100.0
7vzbm1,dtxsv61,"agreed! One time, then run for your life",https://youtu.be/IkbVLGxrVF0/dtxsv61/,-0.458,0.10739898,0.004196167,0.013917602,0.002996826,0.017936565,0.06658544,1518109941.0,2,0,0,PizzaManSF,0.0,0.0,8329.0,5641.0,13970.0
7vzbm1,dtxtpgu,"""Crazy man""

I think you got that wrong sir.",https://youtu.be/IkbVLGxrVF0/dtxtpgu/,-0.125,0.42129645,0.01159668,0.13697,0.010137413,0.46625584,0.008466354,1518110650.0,2,0,0,jmkinn3y,43.0,174.0,5393.0,49386.0,54996.0
7vzbm1,dtxvx4h,Crazy guy? No. Crazy girl. ,https://youtu.be/IkbVLGxrVF0/dtxvx4h/,0.292,0.46186632,0.020127986,0.18909787,0.09328204,0.5130944,0.009023022,1518112527.0,1,0,0,PBR303,0.0,0.0,5396.0,18744.0,24140.0
7vzbm1,dtxy6db,"I feel so bad for this guy. You know what's sad? Without this video, the female could claim the male attacked him and she was just defending herself. He'd probably go away to jail for a long time.",https://youtu.be/IkbVLGxrVF0/dtxy6db/,-0.104,0.2359567,0.00831604,0.07449899,0.055673428,0.04149419,0.08703069,1518114395.0,2,0,0,[deleted],,,,,
7vzbm1,dtzs22y,Has there been any arrest?,https://youtu.be/IkbVLGxrVF0/dtzs22y/,-0.609,0.034513097,0.001602173,0.012961143,0.002645347,0.008348881,0.013372798,1518196917.0,1,0,0,S00rabh,648.0,185.0,,,833.0
7vzbm1,dtzs9p3,Holy Christ dude... defend yourself...,https://youtu.be/IkbVLGxrVF0/dtzs9p3/,0.083,0.104361884,0.004558563,0.02522431,0.014350293,0.023995465,0.012803185,1518197115.0,3,0,0,IcyGoobers,0.0,0.0,113.0,4977.0,5090.0
7vzbm1,du67tp0,Jesus Christ that was horrible. I fell like there needs to be more abuse shelters that accommodate men,https://youtu.be/IkbVLGxrVF0/du67tp0/,0.021,0.4269174,0.023645958,0.2376073,0.28034934,0.23237456,0.027170537,1518511734.0,1,0,0,[deleted],,,,,
7vzbm1,dw9ns11,I don't think its the man thats crazy...,https://youtu.be/IkbVLGxrVF0/dw9ns11/,-0.188,0.30452284,0.005874634,0.114160895,0.010433395,0.2679134,0.007883795,1522001189.0,1,0,0,Nick_Broke_It,300.0,218.0,10639.0,2449.0,13606.0
7vzbm1,dwog06k,I somehow doubt he's the crazy one.,https://youtu.be/IkbVLGxrVF0/dwog06k/,-0.104,0.41910073,0.008926392,0.17926037,0.010581387,0.47020787,0.007948523,1522684489.0,1,0,0,herro-muddafucka,68.0,0.0,3834.0,10536.0,14438.0
