post_id,comment_id,txt,url,offensiveness_score,Toxicity,Severe Toxicity,Profanity,Identity Attack,Insult,Threat,created,score,total_awards_received,controversiality,user,user_awardee_karma,user_awarder_karma,user_link_karma,user_comment_karma,user_total_karma
cq8ndf,ewulg9f,"Very wise decision , you would probably get 35-50 K in dividends per year. Either you can reinvent it , travel or go part time at work. Either way selling and investing it in market would be great . Sell and and wait couple years for recession/ market crash. You’ll get great value of stocks and a higher dividend. Enjoy early retirement if that’s what your looking for !",https://www.reddit.com/r/PersonalFinanceCanada/comments/cq8ndf/hold_or_sell_toronto_condo//ewulg9f/,-0.458,0.02543884,0.001096726,0.013644327,0.001461415,0.013820915,0.007197669,1565785135.0,21,0,0,liverpoolpikachu,0.0,19.0,585.0,1517.0,2121.0
cq8ndf,ewulyxa,If you keep the condo and rent it at $3k/month ~year~ (and I'm lowballing I think for Toronto and a $1.2M condo)... you're getting a 3% return on $1.2M already.,https://www.reddit.com/r/PersonalFinanceCanada/comments/cq8ndf/hold_or_sell_toronto_condo//ewulyxa/,-0.229,0.009487377,0.000667572,0.010911589,0.002145876,0.006724371,0.006550381,1565785584.0,15,0,0,mdr-fqr87,10.0,0.0,3057.0,23517.0,26584.0
cq8ndf,ewumsz3,"Assuming you mean per month, right?  (or maybe closer $3400 per month)  It still brings the hassle of dealing with tenants coming and going.  As someone who has heard some bad stories from coworkers who have rental units I would go with the selling option, since they said they were not interet in moving into it themselves.",https://www.reddit.com/r/PersonalFinanceCanada/comments/cq8ndf/hold_or_sell_toronto_condo//ewumsz3/,-0.188,0.04315203,0.001206398,0.015591404,0.002367863,0.023221988,0.006925808,1565786289.0,20,0,0,dontlikebears,0.0,0.0,4.0,178.0,182.0
cq8ndf,ewunbuf,"I’m talking out of my ass here, but I would imagine the type of people living in an expensive condo are, in general, easier to be a landlord to? 

As in, they’re probably well off and less likely to not be able to pay, or cause issues etc. Then again, when they do cause an issue it costs a hell of a lot more.",https://www.reddit.com/r/PersonalFinanceCanada/comments/cq8ndf/hold_or_sell_toronto_condo//ewunbuf/,0.457,0.6308517,0.16760159,0.6001929,0.041261412,0.3388922,0.013217449,1565786721.0,1,0,1,llIlIIllIlllIIIlIIll,42.0,0.0,558.0,53188.0,53788.0
cq8ndf,ewuofh1,"Rich people still clog the toilet, leave the stove on, knock over candles, etc. The reason I went with the dividend idea is because it’s totally hands-off and the OP didn’t sound like they wanted to be a landlord. Need to think about OPs preferences, not necessarily what you would do.",https://www.reddit.com/r/PersonalFinanceCanada/comments/cq8ndf/hold_or_sell_toronto_condo//ewuofh1/,0.0,0.123468354,0.003528595,0.031140719,0.021585498,0.06424874,0.007676662,1565787607.0,23,0,0,DrThundershlong,0.0,0.0,,,0.0
cq8ndf,ewurj20,"Several of my friends in Toronto prefer to rent higher-end condos instead of buying and let me tell you I would not want to be their landlord lol. These people are used to a standard of living and they don’t put up with things they don’t like, and they have the free time to complain about it... a lot.",https://www.reddit.com/r/PersonalFinanceCanada/comments/cq8ndf/hold_or_sell_toronto_condo//ewurj20/,-0.043,0.13214645,0.003948212,0.0684662,0.018269362,0.06512285,0.007184723,1565789902.0,11,0,0,kratoswithcappuccino,2624.0,2137.0,17381.0,125846.0,147988.0
cq8ndf,ewurlst,Why would interest rates matter for my idea? I didn’t say to put it in a savings account.,https://www.reddit.com/r/PersonalFinanceCanada/comments/cq8ndf/hold_or_sell_toronto_condo//ewurlst/,-0.438,0.009236055,0.000493526,0.010621235,0.001109936,0.006686371,0.006019604,1565789956.0,3,0,0,DrThundershlong,0.0,0.0,,,0.0
cq8ndf,ewutmd5,As well as the property tax taking a bite out of that.  I would say at least 5k/yr.,https://www.reddit.com/r/PersonalFinanceCanada/comments/cq8ndf/hold_or_sell_toronto_condo//ewutmd5/,-0.167,0.021903414,0.000920296,0.013780965,0.001285676,0.011160898,0.006822242,1565791370.0,7,0,0,Masrim,107.0,693.0,7.0,49945.0,50752.0
cq8ndf,ewuzbs0,But you keep a $1.2M asset.,https://www.reddit.com/r/PersonalFinanceCanada/comments/cq8ndf/hold_or_sell_toronto_condo//ewuzbs0/,-0.468,,,,,,,1565795164.0,0,0,1,LeviMurray,292.0,50.0,3283.0,3349.0,6974.0
cq8ndf,ewv0fum,You still keep $1.2M in assets either way. One is in housing and the other is in funds.,https://www.reddit.com/r/PersonalFinanceCanada/comments/cq8ndf/hold_or_sell_toronto_condo//ewv0fum/,-0.562,0.012063419,0.000572205,0.009818493,0.001683403,0.007778878,0.006304411,1565795880.0,13,0,0,mkwong,15.0,38.0,3864.0,48495.0,52412.0
cq8ndf,ewv0jsy,"You don't need millions of dollars to travel the world. Chances are if you haven't seen it now, money won't change that. Move into the condo so you can spend all your time talking about real estate with every other chump in the city.",https://www.reddit.com/r/PersonalFinanceCanada/comments/cq8ndf/hold_or_sell_toronto_condo//ewv0jsy/,0.125,0.3811502,0.009765625,0.1352073,0.013948337,0.4339631,0.007987361,1565795952.0,1,0,0,[deleted],,,,,
cq8ndf,ewv0qup,"Fuck, I'm stupid. *Investing the $1.2M vs rental income*. Early morning.",https://www.reddit.com/r/PersonalFinanceCanada/comments/cq8ndf/hold_or_sell_toronto_condo//ewv0qup/,0.542,0.88599813,0.35004315,0.9205162,0.025203101,0.489133,0.008893564,1565796080.0,9,0,0,LeviMurray,292.0,50.0,3283.0,3349.0,6974.0
cq8ndf,ewv1rdt,"I'd sell it and enter semi-retirement, working a 'fun' part-time job",https://www.reddit.com/r/PersonalFinanceCanada/comments/cq8ndf/hold_or_sell_toronto_condo//ewv1rdt/,-0.521,,,,,,,1565796734.0,1,0,0,greenlemon23,35.0,0.0,2285.0,39489.0,41809.0
cq8ndf,ewv24ne,"I'd look into the tax liability. If this is not your primary residence, you might end up paying more in taxes? It could be worthwhile talking to an accountant as you might end up saving a lot of money if you live in the place for a year before selling.",https://www.reddit.com/r/PersonalFinanceCanada/comments/cq8ndf/hold_or_sell_toronto_condo//ewv24ne/,-0.375,0.015204934,0.000705719,0.01173141,0.001479914,0.009906891,0.006401504,1565796967.0,1,0,0,spaceporter,2361.0,740.0,13630.0,194842.0,211573.0
cq8ndf,ewv2a4v,"In my condo run in the mill 2 bedrooms now go for over 3K.  A PH in the spring (probably worth 2 million) went for 6500 a month.  

If the condo is King East or West they are getting over 4K easily today.",https://www.reddit.com/r/PersonalFinanceCanada/comments/cq8ndf/hold_or_sell_toronto_condo//ewv2a4v/,-0.362,0.007413976,0.000648499,0.010160086,0.00172965,0.006220868,0.006349722,1565797065.0,2,0,0,ork78600,0.0,0.0,279.0,9289.0,9568.0
cq8ndf,ewv52qt,"Bail out, split the profits between US 1 month T-bills and Canadian treasury bonds (I'd go 60/40). You'll be set to get back in to whatever asset you like when there's blood in the streets.  
The sideline is a very quaint and relaxing place.",https://www.reddit.com/r/PersonalFinanceCanada/comments/cq8ndf/hold_or_sell_toronto_condo//ewv52qt/,-0.156,0.050326355,0.002288818,0.013507691,0.006992595,0.015188923,0.012130005,1565798830.0,1,0,0,Euler007,1128.0,0.0,54.0,139717.0,140899.0
cq8ndf,ewv5b5g,"No fuck no. I work in the film industry and deal with rich people (celebrities and actors). No no no, they have raging parties and get entitled more than average person. If they are renting it, they will care LESS about it because it's not their responsibility! They do not care if they get damage deposits back, that's toilet paper money to them. They are probably more likely to trash a place. Even if they pay for the damage, now you have to deal with fixing it. Ugh. 

The sweet spot would be people who are middle income and trying to build a nest egg of their own for buying property. People who actually want damage deposits back when they move out.",https://www.reddit.com/r/PersonalFinanceCanada/comments/cq8ndf/hold_or_sell_toronto_condo//ewv5b5g/,0.596,0.6491204,0.23224114,0.67055607,0.09741807,0.40975618,0.023889944,1565798978.0,2,0,0,espressoromance,344.0,124.0,1870.0,47232.0,49570.0
cq8ndf,ewv6uof,"You could delegate to a property manager, have nothing to worry about, collect a decent monthly income and down the road sell it.",https://www.reddit.com/r/PersonalFinanceCanada/comments/cq8ndf/hold_or_sell_toronto_condo//ewv6uof/,-0.417,0.015581916,0.000710487,0.010347961,0.00111456,0.008462882,0.00737891,1565799940.0,1,0,0,SuperDuperUniqueUser,0.0,0.0,2.0,3819.0,3821.0
cq8ndf,ewv82af,"Taxes etc though. And returns are not the same across the board for real estate, even though the average is say 3%. Plus the real estate diversifies him. I'm inclined to agree with your earlier point (even if the details were incomplete).",https://www.reddit.com/r/PersonalFinanceCanada/comments/cq8ndf/hold_or_sell_toronto_condo//ewv82af/,-0.312,0.006628598,0.000407696,0.009716015,0.001054439,0.006857372,0.005864255,1565800691.0,1,0,0,rejuven8,15.0,17.0,31.0,34358.0,34421.0
cq8ndf,ewv8rz9,"I would say, get a property manager and forget about it for a while. Unless you want to live there. Real estate may plateau or drop, but that is also the case for the market. The fact is we're in an everything bubble.

If after a period of time it is still a source of stress for you, you can always sell and instead hold it in stocks/bonds. But it's nice to have the real estate as a source of diversification. In a sense, the condo is already invested.",https://www.reddit.com/r/PersonalFinanceCanada/comments/cq8ndf/hold_or_sell_toronto_condo//ewv8rz9/,-0.146,0.027324399,0.000953674,0.014225035,0.001526162,0.015568925,0.007081157,1565801136.0,1,0,0,rejuven8,15.0,17.0,31.0,34358.0,34421.0
cq8ndf,ewvct8a,"You literally just hand the condo to a property management company, and they send you a check for it. That's the entire point of them.",https://www.reddit.com/r/PersonalFinanceCanada/comments/cq8ndf/hold_or_sell_toronto_condo//ewvct8a/,-0.208,0.011372286,0.000517368,0.011082385,0.001674153,0.007759878,0.006200845,1565803622.0,4,0,0,NuclearKoala,0.0,0.0,,,0.0
cq8ndf,ewvhamf,"Once you sell it, you can't get it back.

Take a month or two (or longer!) to see if you're sure that you don't want to be a landlord.

Whichever path you choose, you're likely in no rush to decide.  Take your time.  The opportunity presented to you is HUGE.

If I was in your shoes, I'd use equity to buy two additional condos and rent them out.  Interest on the mortgages on those two properties is tax deductible.  And then move into that condo too.",https://www.reddit.com/r/PersonalFinanceCanada/comments/cq8ndf/hold_or_sell_toronto_condo//ewvhamf/,-0.244,0.036162965,0.001168251,0.015625564,0.001803646,0.019419061,0.007184723,1565806184.0,1,0,0,JugglingReferee,18.0,0.0,971.0,948.0,1937.0
cq8ndf,ewvkbse,I see 1.2 million on puts,https://www.reddit.com/r/PersonalFinanceCanada/comments/cq8ndf/hold_or_sell_toronto_condo//ewvkbse/,-0.583,,,,,,,1565808053.0,1,0,0,Yojimbo4133,1234.0,0.0,,,1234.0
cq8ndf,ewvr2bk,I'll take the condo for 1m,https://www.reddit.com/r/PersonalFinanceCanada/comments/cq8ndf/hold_or_sell_toronto_condo//ewvr2bk/,-0.583,0.09481675,0.005264282,0.046171114,0.006104646,0.013250912,0.011379151,1565812163.0,1,0,0,iceberg_k,43.0,813.0,606.0,7200.0,8662.0
cq8ndf,eww0ciy,"IMHO, keep it.  Pay someone to manage it for you.   Keep doing what you were doing.  It will provide an income stream, and constantly appreciate.",https://www.reddit.com/r/PersonalFinanceCanada/comments/cq8ndf/hold_or_sell_toronto_condo//eww0ciy/,-0.479,0.017341165,0.000753403,0.010552917,0.001470665,0.009640889,0.006628056,1565817745.0,1,0,0,john_eh,200.0,0.0,179.0,31582.0,31961.0
cq8ndf,eww1hz6,"If you don't immediately need the money, my philosophy is to never sell property. You talk about using the money for investments. Renting out a condo in Toronto is a heck of an investment. You want to travel, imagine the traveling you could do with a passive income of $2000-3000/month. Plus, you keep the value of the condo. 

Understandably you don't care to own property. But run the numbers. This is a real opportunity. Good luck with your decision.",https://www.reddit.com/r/PersonalFinanceCanada/comments/cq8ndf/hold_or_sell_toronto_condo//eww1hz6/,-0.319,0.058737632,0.001754761,0.048175167,0.002608349,0.026315894,0.006848133,1565818439.0,1,0,0,DoubleOscar7,88.0,0.0,163.0,6174.0,6425.0
cq8ndf,eww2f9i,"So you just won $1 million

This is literally what people think about at work on slow days when they want to go home.


What do you want to do?


Personally I would buy a house in a decent town.
My area you can get a good house with land for $250k-$350k. A place that you own and can always fall back on if things get rough.

Then figure out what you want to do. Travel, invest, retire, etc.",https://www.reddit.com/r/PersonalFinanceCanada/comments/cq8ndf/hold_or_sell_toronto_condo//eww2f9i/,-0.413,0.09568449,0.002441406,0.02836696,0.003551794,0.03412145,0.00661511,1565819022.0,1,0,0,Thiizic,727.0,324.0,7535.0,20449.0,29035.0
cq8ndf,ewwq4wp,"Honestly in the market today, I don't see that kind of long-run appreciation that people saw over the last 20 years.

If you don't like property, sell it and put it in other investments (diversified) and safe outlets of your choice.",https://www.reddit.com/r/PersonalFinanceCanada/comments/cq8ndf/hold_or_sell_toronto_condo//ewwq4wp/,-0.271,0.008670582,0.000450611,0.009613537,0.001183931,0.006857372,0.006226737,1565832625.0,1,0,0,Dont____Panic,2815.0,277.0,2439.0,313652.0,319183.0
