post_id,comment_id,txt,url,offensiveness_score,Toxicity,Severe Toxicity,Profanity,Identity Attack,Insult,Threat,created,score,total_awards_received,controversiality,user,user_awardee_karma,user_awarder_karma,user_link_karma,user_comment_karma,user_total_karma
cu67co,exrolb0,Why?  The Reddit CEO censors Reddit fine.,https://i.redd.it/kfsmqzxae3i31.jpg/exrolb0/,-0.229,0.031684756,0.00108242,0.017299367,0.004735726,0.01465692,0.0069517,1566520197.0,320,0,0,canadianantifa,0.0,0.0,,,0.0
cu67co,exrxyym,Welcome to r/politics bro. I got banned for being subbed to T_D.,https://i.redd.it/kfsmqzxae3i31.jpg/exrxyym/,-0.083,0.05651112,0.002212524,0.026590679,0.009027477,0.017936565,0.008893564,1566526934.0,-17,0,0,Teh_Pwnr77,0.0,0.0,,,0.0
cu67co,exrywau,I got banned for subbing to T_D so fuck you m8 ill fawkin knock ya upside the head if ya wanna talk a da trash,https://i.redd.it/kfsmqzxae3i31.jpg/exrywau/,0.787,0.944597,0.6134631,0.84995824,0.21075934,0.7218519,0.5195707,1566527617.0,-9,0,0,notathrowawayacccnt,0.0,0.0,,,0.0
cu67co,exrz2tb,Me?  Go ahead and try to find me on r/politics.,https://i.redd.it/kfsmqzxae3i31.jpg/exrz2tb/,-0.25,0.03639866,0.001583099,0.017914234,0.003588792,0.012072904,0.008815889,1566527752.0,-1,0,1,Tojatruro,820.0,74.0,1.0,242988.0,243883.0
cu67co,exrzd65,[deleted],https://i.redd.it/kfsmqzxae3i31.jpg/exrzd65/,-0.604,,,,,,,1566527965.0,2,0,0,[deleted],,,,,
cu67co,exrzo6c,"Ok so maaaaybe I got  banned for posting a link to the wikipedia page for Treblinka, still doesnt warrant a ban and they didnt mention it in the ban soooo",https://i.redd.it/kfsmqzxae3i31.jpg/exrzo6c/,-0.213,0.22177623,0.008506775,0.078378424,0.038167715,0.058475737,0.01750142,1566528198.0,-6,0,0,notathrowawayacccnt,0.0,0.0,,,0.0
cu67co,exs3sa7,"Yeah, that’s the point.  
Every sub is a fucking echo chamber, you clown.  
That’s why i *tried* to participate in all of them.",https://i.redd.it/kfsmqzxae3i31.jpg/exs3sa7/,0.688,0.8540474,0.35368225,0.86331284,0.094936445,0.71120167,0.016120117,1566531460.0,-6,0,0,Teh_Pwnr77,0.0,0.0,,,0.0
cu67co,exuwzgt,"The Reddit community already does its own censorship, they don’t need China.",https://i.redd.it/kfsmqzxae3i31.jpg/exuwzgt/,0.021,0.1100022,0.003242493,0.021945024,0.09659086,0.02373764,0.008440462,1566589390.0,1,0,0,AtticusStacker,20.0,1986.0,1889.0,541.0,4436.0
cu67co,exvagm6,"Dont worry, it did a pretty good job of censoring itself!",https://i.redd.it/kfsmqzxae3i31.jpg/exvagm6/,-0.354,0.1587729,0.004119873,0.033144772,0.008583503,0.032689095,0.012906751,1566595740.0,1,0,0,BLUEVERRY,0.0,0.0,481.0,58.0,539.0
cu67co,exvblsl,why is this flared as US politics? Am I out of the loop.,https://i.redd.it/kfsmqzxae3i31.jpg/exvblsl/,-0.292,0.091913216,0.001831055,0.017982552,0.016259583,0.026444806,0.007288289,1566596383.0,2,0,0,Praesto_Omnibus,345.0,222.0,10067.0,53235.0,63869.0
cu67co,f0i0mqp,"They should only censor things that talk badly about me, maybe even give the death sentence",https://i.redd.it/kfsmqzxae3i31.jpg/f0i0mqp/,0.064,0.47119883,0.070156105,0.22889622,0.052490227,0.12159709,0.52547425,1568633969.0,1,0,0,Handsome_Jack_dude,0.0,0.0,1.0,0.0,1.0
cu67co,f8uksbp,how is this flared as US politics,https://i.redd.it/kfsmqzxae3i31.jpg/f8uksbp/,-0.292,0.112850055,0.003070831,0.029186781,0.017264472,0.033680726,0.0084793,1574832786.0,1,0,0,ZuZ_uwu,18.0,0.0,702.0,757.0,1477.0
