post_id,comment_id,txt,url,offensiveness_score,Toxicity,Severe Toxicity,Profanity,Identity Attack,Insult,Threat,created,score,total_awards_received,controversiality,user,user_awardee_karma,user_awarder_karma,user_link_karma,user_comment_karma,user_total_karma
9g96um,e62go3g,So sad. Saddest thing ever. Alexa play Despacito,https://i.redd.it/wvh17ohrdkm11.jpg/e62go3g/,-0.271,0.17458448,0.005874634,0.03464781,0.007510565,0.03522326,0.008971239,1537095137.0,219,0,0,PracticalTie,404,0,14018,85435,99857
9g96um,e62iv11,"in another life i would've killed her myself

edit: forgot the /s",https://i.redd.it/wvh17ohrdkm11.jpg/e62iv11/,0.292,0.73663366,0.4379392,0.357228,0.08666438,0.17610447,0.70934254,1537099721.0,-2,0,1,Doctor99268,202,95,5683,45728,51708
9g96um,e62vqeu,"Antivaxxer found dead, autopsy finds they were vaccinated. ",https://i.redd.it/wvh17ohrdkm11.jpg/e62vqeu/,-0.021,0.09438288,0.004005432,0.017026093,0.015254694,0.01819439,0.035803676,1537114751.0,15,0,0,haloryder,815,569,37234,246400,285018
9g96um,e63d4rh,This person could be beaten to death with their own shoes and I'd call it a win.,https://i.redd.it/wvh17ohrdkm11.jpg/e63d4rh/,0.312,0.5885171,0.23225832,0.2453505,0.05612817,0.19734058,0.60325533,1537129060.0,2,0,0,ProbablyanEagleShark,80,0,4542,86342,90964
9g96um,e63owb7,"Hurricane Florence killed 14 people, all vaccinated.  The stuff in vaccines acts as a magnet...for hurricanes.",https://i.redd.it/wvh17ohrdkm11.jpg/e63owb7/,0.109,0.21241048,0.009460449,0.022833163,0.021585498,0.061276767,0.13815513,1537139479.0,2,0,0,wonderberry77,1246,3511,2899,92560,100216
9g96um,e63qrdb,This has to be a troll...,https://i.redd.it/wvh17ohrdkm11.jpg/e63qrdb/,-0.104,0.45090583,0.010299683,0.09744903,0.006807606,0.50440645,0.0077155,1537141232.0,0,0,0,Robmathew,1209,0,32794,27315,61318
9g96um,e63th0a,"Sadly, no. The alt-right loves anti-vaxx.",https://i.redd.it/wvh17ohrdkm11.jpg/e63th0a/,0.104,0.10045706,0.002384186,0.015147334,0.023796257,0.027730936,0.007508367,1537143927.0,3,0,0,maybesaydie,33401,9430,1161225,1040041,2244097
9g96um,e63z3bk,How is no one talking about the telegraph article on the Europe studies that they refuse to release the studies on vaxx lil wierd we dont have studies on them and when we do they wont release the data..( the company that created Monsanto's does your vaccines and you guys are cool about it ) ,https://i.redd.it/wvh17ohrdkm11.jpg/e63z3bk/,-0.104,0.23451406,0.011825562,0.10178173,0.04796442,0.0817555,0.013321015,1537149557.0,-5,0,0,Austinogg,0,0,1,-83,-82
9g96um,e649klk,This seems like satire. I hope it is.,https://i.redd.it/wvh17ohrdkm11.jpg/e649klk/,-0.348,,,,,,,1537162288.0,1,0,0,GoldenKuriza,564,657,31606,34965,67792
9g96um,e64jn2w,"I will never understand the thought process behind any of these stories, how can vaccine contain autism ",https://i.redd.it/wvh17ohrdkm11.jpg/e64jn2w/,-0.065,0.10566349,0.003490448,0.024199532,0.04048799,0.021546122,0.007948523,1537182874.0,1,0,0,MatHM14,13,0,7079,11515,18607
9g96um,e68csqk,this was my first thought! why bother? are they trying to be polite? lol ,https://i.redd.it/wvh17ohrdkm11.jpg/e68csqk/,-0.354,0.11450345,0.003547669,0.03615085,0.008028535,0.02982438,0.008712323,1537322276.0,3,0,0,Rockora,0,0,1,743,744
9g96um,eeu9mqo,Is there a subreddit for people I will shoot without any remorse,https://i.redd.it/wvh17ohrdkm11.jpg/eeu9mqo/,0.191,0.5721988,0.349738,0.2366394,0.058401883,0.0836065,0.6943677,1548335054.0,1,0,0,purple_loe,0,0,26,9,35
