post_id,comment_id,txt,url,offensiveness_score,Toxicity,Severe Toxicity,Profanity,Identity Attack,Insult,Threat,created,score,total_awards_received,controversiality,user,user_awardee_karma,user_awarder_karma,user_link_karma,user_comment_karma,user_total_karma
4pavk8,d4jeboa,[deleted],http://uk.reuters.com/article/uk-britain-eu-juncker-idUKKCN0Z81G4/d4jeboa/,-0.064,,,,,,,1466605890.0,3,0,1,[deleted],,,,,
4pavk8,d4jfsl2,Perfectly reasonable of him to not care about the will of the people. He is an embarrassment to the EU. With friends like him laying out threats who needs enemies.,http://uk.reuters.com/article/uk-britain-eu-juncker-idUKKCN0Z81G4/d4jfsl2/,-0.042,0.4014846,0.012833111,0.08322773,0.035847444,0.4534306,0.014738814,1466607938.0,2,0,1,hitch21,495.0,557.0,7347.0,206828.0,215227.0
4pavk8,d4jgk2b,France is scared shitless. It's pretty entertaining to watch as a Yankee.,http://uk.reuters.com/article/uk-britain-eu-juncker-idUKKCN0Z81G4/d4jgk2b/,0.404,0.61223894,0.20984669,0.596623,0.46028158,0.4747285,0.018882722,1466608976.0,3,0,1,[deleted],,,,,
4pavk8,d4jign5,"Bulgaria, Croatia, Czech Republic, Denmark, Hungary, Poland, Romania, Sweden, and the United Kingdom are EU members that do not use the euro.

Bulgaria, Croatia, Cyprus, Ireland, Romania and the United Kingdom are outside of Schengen.

Bulgaria, Croatia and Romania also have the same deal as we do of being both outside of the Euro and Schengen. So no we don't have opt-outs of those two things that other countries don't have.",http://uk.reuters.com/article/uk-britain-eu-juncker-idUKKCN0Z81G4/d4jign5/,-0.146,0.09568449,0.003471375,0.026454043,0.055673428,0.028392024,0.008362788,1466611456.0,-2,0,0,[deleted],,,,,
4pavk8,d4jih7o,"What makes you say that? Asking as a Frenchman currently living in France. I'm a bit worried for my GBP savings (I'm working in both the UK and France, but getting paid in GBPs at the moment). But the general sentiment is overall indifference. People around me think the UK will suffer economically from a Brexit, but will be fine eventually; and that this could be a chance for the EU.",http://uk.reuters.com/article/uk-britain-eu-juncker-idUKKCN0Z81G4/d4jih7o/,-0.042,0.08874765,0.002975464,0.029888187,0.023595277,0.028392024,0.007961469,1466611477.0,6,0,0,[deleted],,,,,
4pavk8,d4jivpv,"What absolute twaddle. Threats? Get a grip. We've got the sweetest deal of anyone in the union, we asked for more and didn't get everything we want. And you turn around and say he's ignoring the will of the people? That's like being in upper management and asking the board for more benefits that are neither commensurate with your position nor fair to anyone else in the company then talking about your family's needs when you are rightly denied!",http://uk.reuters.com/article/uk-britain-eu-juncker-idUKKCN0Z81G4/d4jivpv/,0.479,0.27975297,0.00743866,0.059447967,0.005919657,0.23704576,0.012233571,1466611996.0,6,0,0,i_love_beige,0.0,0.0,206.0,1882.0,2088.0
4pavk8,d4jjbiz,"> Bulgaria, Croatia, Czech Republic, Denmark, Hungary, Poland, Romania, Sweden, and the United Kingdom are EU members that do not use the euro.

Of those only Denmark and the UK are not required by treaty to move towards usage of the Euro.

> Bulgaria, Croatia, Cyprus, Ireland, Romania and the United Kingdom are outside of Schengen.

Of those only Ireland and the United Kingdom aren't required by treaty to work towards joining Schengen and joining Schengen once they are ready.

They do most definitely not have the same deal as the UK has (edit: and neither would the UK if it left and rejoined).",http://uk.reuters.com/article/uk-britain-eu-juncker-idUKKCN0Z81G4/d4jjbiz/,-0.292,0.07608539,0.002803803,0.018665737,0.03919895,0.025155678,0.007314181,1466612545.0,3,0,0,irishsultan,0.0,0.0,24.0,15767.0,15791.0
4pavk8,d4jjn3y,"> we asked for more and didn't get everything we want

exactly. we can't get what we want if we stay in europe. 

the only solution is to leave.",http://uk.reuters.com/article/uk-britain-eu-juncker-idUKKCN0Z81G4/d4jjn3y/,-0.239,0.043646812,0.001583099,0.011116544,0.019374741,0.012642908,0.00756015,1466612943.0,-3,0,0,wl205b,0.0,0.0,,,0.0
4pavk8,d4jl740,"Well, federalisation is a big word, but yeah, I'd like a more democratic EU, and that means more integration. I also don't want the TTIP, so that's one more reason to let the UK go out.

But still, I think the EU has a lot to gain from the British culture, political and otherwise.  ",http://uk.reuters.com/article/uk-britain-eu-juncker-idUKKCN0Z81G4/d4jl740/,-0.104,0.08241652,0.003490448,0.029050145,0.03249594,0.02567133,0.009566744,1466614872.0,3,0,0,[deleted],,,,,
4pavk8,d4jr75z,The sweetest deal being that we get charged billions a year while other countries protect their inefficient industries by blocking trade deals with our historic allies?,http://uk.reuters.com/article/uk-britain-eu-juncker-idUKKCN0Z81G4/d4jr75z/,-0.146,0.077668175,0.001206398,0.011458136,0.006659614,0.035553806,0.006090806,1466622125.0,0,0,0,[deleted],,,,,
4pavk8,d4jrwp4,"Ah, the old ""all trade deals are the same"" trope. Tell me, what other countries have the same level of trade integration anywhere on earth? Less integration, less growth, that's why the negatives to leaving are so dire. Even the FTA option comes with huge negatives. 

The EU single market is the economic ""holy grail"" of trade agreements. Nowhere else on earth has such integrated trade. It's essentially moving the EU bloc towards being a single entity as far as trade is concerned, i.e. one country. This while still allowing constituent countries to retain their ultimate sovereignty and control over most important policy issues. ",http://uk.reuters.com/article/uk-britain-eu-juncker-idUKKCN0Z81G4/d4jrwp4/,0.109,0.08241652,0.001745224,0.019622196,0.009175468,0.032248367,0.006673365,1466623005.0,3,0,0,Ewannnn,564.0,125.0,68782.0,383710.0,453181.0
4pavk8,d4jry0x,"This cemented it for me today. Listening to that bellowing Scottish Remainer woman last night promising they'd reform and fix the EU actually gave me hope. I know they'd try and do it too if they were 'allowed' but the EU has ironically been more honest about it than the Remainers and their empty promises.

We are not getting anymore changes from the EU and they've now made that clear. So if you don't like that, then you know what to do tomorrow.",http://uk.reuters.com/article/uk-britain-eu-juncker-idUKKCN0Z81G4/d4jry0x/,0.104,0.1693855,0.005645752,0.06195303,0.04203484,0.083112895,0.009566744,1466623051.0,3,0,0,carlos_b_fly,0.0,0.0,18.0,5197.0,5215.0
4pavk8,d4jtleh,We're already the third most powerful member state (by voting power in both the Council and Parliament). If we leave we have precisely zero say on how the EU is run.,http://uk.reuters.com/article/uk-britain-eu-juncker-idUKKCN0Z81G4/d4jtleh/,-0.021,0.023906821,0.000915527,0.012926984,0.006659614,0.010058892,0.007288289,1466625027.0,2,0,0,M2Ys4U,214.0,122.0,25471.0,50410.0,76217.0
4pavk8,d4jtt3f,The two in front of us almost always are against us and form coalitions against us. European integration was always a French and German idea and they never had our interests in their minds. ,http://uk.reuters.com/article/uk-britain-eu-juncker-idUKKCN0Z81G4/d4jtt3f/,-0.062,0.10002319,0.002555847,0.019553876,0.053399716,0.025284592,0.008841781,1466625279.0,2,0,0,[deleted],,,,,
4pavk8,d4juky4,Factually wrong. The growth in the EU is beaten by many other countries around the world. Pointless response.,http://uk.reuters.com/article/uk-britain-eu-juncker-idUKKCN0Z81G4/d4juky4/,0.188,0.33421695,0.005950928,0.035399333,0.04280826,0.34237885,0.007702554,1466626209.0,0,0,0,hitch21,495.0,557.0,7347.0,206828.0,215227.0
4pavk8,d4jusbv,"I don't think so. Maybe if the EU had not expended so fast and so far in the East; but now it's become too big and diverse for that, I think. ",http://uk.reuters.com/article/uk-britain-eu-juncker-idUKKCN0Z81G4/d4jusbv/,0.021,0.017089844,0.001077652,0.012961143,0.007066591,0.008861885,0.006964645,1466626459.0,2,0,0,[deleted],,,,,
4pavk8,d4juwu0,"The EU isn't a country, a country would be much more economically efficient than the EU is (as a bloc) since it has no barriers to trade at all. This is why America is so successful for instance. The aim of the EU project is to reduce/remove those barriers such that it can operate as one unit and gain the economic benefits while still retaining sovereignty as I said. ",http://uk.reuters.com/article/uk-britain-eu-juncker-idUKKCN0Z81G4/d4juwu0/,-0.125,0.06579731,0.002288818,0.022833163,0.021786476,0.026315894,0.007404801,1466626609.0,2,0,0,Ewannnn,564.0,125.0,68782.0,383710.0,453181.0
4pavk8,d4jxs5f,"Because what happens in one part of the world can often affect things in other parts.

See, for example;

* the current Syria migrant crisis,
* the US sub-prime mortgage crisis,
* the Second World War.",http://uk.reuters.com/article/uk-britain-eu-juncker-idUKKCN0Z81G4/d4jxs5f/,-0.167,0.021667719,0.001196861,0.013200258,0.011025362,0.008367881,0.007611934,1466630146.0,2,0,0,DukePPUk,540.0,0.0,3272.0,123770.0,127582.0
4pavk8,d4jy4ky,"How many of them are the fault of the EU?

And how would leaving the EU affect our ability to talk to other countries?  

And how did us being in the EU prevent the migrant crisis, the economic crash, or any other ""crisis"" in the last 40-odd years?

And how is that any kind of answer to my question, ""why would we need, or want, a say in how something is run that we aren't a part of?""",http://uk.reuters.com/article/uk-britain-eu-juncker-idUKKCN0Z81G4/d4jy4ky/,-0.125,0.08716487,0.002136231,0.019690514,0.027614836,0.029053112,0.00746953,1466630592.0,3,0,0,simcar01,0.0,0.0,541.0,27338.0,27879.0
4pavk8,d4jyler,"Because sometimes things that happen in other places can affect us, so sometimes it can be a good idea to have a say in how other places run things.

If that wasn't the case, why bother with countries and governments in the first place? After all, why would I need to have any say in how my next-door neighbour does things?",http://uk.reuters.com/article/uk-britain-eu-juncker-idUKKCN0Z81G4/d4jyler/,-0.25,0.040430736,0.001487732,0.021125201,0.004957713,0.019225692,0.007340072,1466631203.0,-1,0,0,DukePPUk,540.0,0.0,3272.0,123770.0,127582.0
4pavk8,d4k0eg1,Growth is normally looked at in percentage terms. This is fairly meaningless when comparing countries that start at vastly different levels. 6 % growth in India is pretty poor whereas 2 % growth in the US is a lot (in terms of how it affects the country).,http://uk.reuters.com/article/uk-britain-eu-juncker-idUKKCN0Z81G4/d4k0eg1/,-0.292,0.05750068,0.002307892,0.023174755,0.030949092,0.02193286,0.007650771,1466633700.0,2,0,0,pondlife78,148.0,0.0,741.0,24249.0,25138.0
4pavk8,d4k0skq,"You mean like the rest of the world that trades with us, and the rest of the EU?

We don't have a say in how US policy is made, or Chinese, or any other country, and manage to trade with them just fine...  Everyone knows the basic principles involved - you conform to the standards of the market you are selling in.   

I concede that is a valid reason for some to stay in - but not the average person on the street.  And if someone was basing their concerns on trade, having a ""say"" in the regulations wouldn't be the over-riding concern.",http://uk.reuters.com/article/uk-britain-eu-juncker-idUKKCN0Z81G4/d4k0skq/,-0.042,0.05255287,0.001335144,0.015932998,0.009434453,0.02657372,0.006641001,1466634274.0,1,0,0,simcar01,0.0,0.0,541.0,27338.0,27879.0
4pavk8,d4k34rw,way to misinterpret what was said. He's saying if we vote to leave they won't come back with a better offer.,http://uk.reuters.com/article/uk-britain-eu-juncker-idUKKCN0Z81G4/d4k34rw/,0.021,0.023671126,0.000677109,0.010638315,0.002034882,0.011768902,0.006861079,1466637750.0,1,0,0,chowieuk,2099.0,179.0,234727.0,192131.0,429136.0
4pavk8,d4k3nm1,"A lot of people must be misinterpreting it then, given the number of credible articles that have said it undermines Cameron's view, on the eve of the vote, that he'd be able to strike better deals for the UK as he'd done earlier in the year. 

They've very clearly stated - what we got in Feb is the limit. Period. They will not give us anything else as a special exception, out or in. They didn't even feel what they gave us in Feb was fair and (their words) the 'maximum concession'. ",http://uk.reuters.com/article/uk-britain-eu-juncker-idUKKCN0Z81G4/d4k3nm1/,-0.125,0.058490243,0.001373291,0.018529098,0.005290694,0.029714199,0.007094103,1466638544.0,1,0,0,carlos_b_fly,0.0,0.0,18.0,5197.0,5215.0
4pavk8,d4kixry,I feel like you didn't read past the first line.,http://uk.reuters.com/article/uk-britain-eu-juncker-idUKKCN0Z81G4/d4kixry/,-0.261,0.06896287,0.001192093,0.013644327,0.002358613,0.02708937,0.006776932,1466666634.0,0,0,0,pondlife78,148.0,0.0,741.0,24249.0,25138.0
4pavk8,d4kk2as,"Well from their perspective what they gave us wasn't fair. we already have exemptions from every major eu ideal, euor, schengen etc. Why the fuck do the british people think they are so special that they should have different rules?",http://uk.reuters.com/article/uk-britain-eu-juncker-idUKKCN0Z81G4/d4kk2as/,0.396,0.6289369,0.17315048,0.6643082,0.4139151,0.40243408,0.014393489,1466670296.0,1,0,0,chowieuk,2099.0,179.0,234727.0,192131.0,429136.0
4pavk8,d4kkxoh,"Even if I don't like how the EU works, I do see their point - you can't expect everyone to follow the rules yet have one country keep asking for special passes that suit them.",http://uk.reuters.com/article/uk-britain-eu-juncker-idUKKCN0Z81G4/d4kkxoh/,-0.042,0.019351736,0.000834465,0.012312118,0.007991537,0.009089886,0.00661511,1466673372.0,1,0,0,carlos_b_fly,0.0,0.0,18.0,5197.0,5215.0
4pavk8,d4kkzd8,"exactly. I believe that if we had actually embraced europe and taken an interest in it, we would have very few of the problems in the EU that we have today. As it is , we refuse to actually play by their rules and are always an 'outsider'. It does however show just how important we are in europe and how much influence we possess in brussels",http://uk.reuters.com/article/uk-britain-eu-juncker-idUKKCN0Z81G4/d4kkzd8/,-0.042,0.06579731,0.00246048,0.024609445,0.028628819,0.02567133,0.007948523,1466673544.0,1,0,0,chowieuk,2099.0,179.0,234727.0,192131.0,429136.0
4pavk8,d4kmcls,"well yes. And seeing as the UK tends to lead the way in reforms of the EU, i don't see any reason why that can't happen in the near future",http://uk.reuters.com/article/uk-britain-eu-juncker-idUKKCN0Z81G4/d4kmcls/,-0.333,0.020842785,0.001106262,0.014122557,0.008213525,0.009336887,0.007145886,1466678314.0,1,0,0,chowieuk,2099.0,179.0,234727.0,192131.0,429136.0
