post_id,comment_id,txt,url,offensiveness_score,Toxicity,Severe Toxicity,Profanity,Identity Attack,Insult,Threat,created,score,total_awards_received,controversiality,user,user_awardee_karma,user_awarder_karma,user_link_karma,user_comment_karma,user_total_karma
bamqb0,ekcvgib,[deleted],https://i.redd.it/p5r5ubglhxq21.jpg/ekcvgib/,-0.146,,,,,,,1554686664.0,261,0,0,[deleted],,,,,
bamqb0,ekd24g3,Walmart? You'll need to hit up target to get the nice blend of afluent mlm-types you want a reaction from.,https://i.redd.it/p5r5ubglhxq21.jpg/ekd24g3/,-0.188,0.04834723,0.001468658,0.014327513,0.005919657,0.019483518,0.009385503,1554692029.0,34,0,0,[deleted],,,,,
bamqb0,ekdds2y,This changes everything- I'm getting my vaccinations reversed. Fuck paying bills! ,https://i.redd.it/p5r5ubglhxq21.jpg/ekdds2y/,0.625,0.83334327,0.29050803,0.85672,0.031206898,0.40243408,0.014048163,1554704187.0,4,0,0,[deleted],,,,,
bamqb0,ekdfld1,"Did you tell him he breathed in more of those same chemicals on the way here than in most vaccines?

Don't worry if it's true or not.. They don't",https://i.redd.it/p5r5ubglhxq21.jpg/ekdfld1/,0.146,0.027913637,0.001006126,0.011184863,0.002848835,0.011122898,0.007158832,1554706921.0,2,0,0,straight_to_10_jfc,140.0,0.0,,,140.0
bamqb0,ekdhkly,"Fuck me thats smart, where can i get one?",https://i.redd.it/p5r5ubglhxq21.jpg/ekdhkly/,0.375,0.9061063,0.44787344,0.927271,0.035074018,0.3126888,0.033386398,1554710264.0,2,0,0,Rustyy60,140.0,0.0,1404.0,54720.0,56264.0
