post_id,comment_id,txt,url,offensiveness_score,Toxicity,Severe Toxicity,Profanity,Identity Attack,Insult,Threat,created,score,total_awards_received,controversiality,user,user_awardee_karma,user_awarder_karma,user_link_karma,user_comment_karma,user_total_karma
6vt34w,dm2rh2d,How well they can drink and drive ,https://www.reddit.com/r/AskReddit/comments/6vt34w/whats_something_people_take_pride_in_even_tho//dm2rh2d/,-0.271,0.0466155,0.001840591,0.014942379,0.003385304,0.014390918,0.008919456,1503602593.0,15,0,0,dickforbrainz420,582,0,7782,13437,21801
6vt34w,dm2td9l,It's unfortunately common for people to take pride in illegal dangerous things that they do. It's really bad when it puts multiple people at risk who had no consent to the risk,https://www.reddit.com/r/AskReddit/comments/6vt34w/whats_something_people_take_pride_in_even_tho//dm2td9l/,-0.208,0.054037213,0.001888275,0.017504321,0.010285405,0.018258847,0.007935578,1503604555.0,1,0,0,what_ok,219,114,53150,109941,163424
6vt34w,dm2xlyo,"James 4:6 But he gives us more grace. That is why Scripture says: ""God opposes the proud but shows favor to the humble.""

Proverbs 11:2 When pride comes, then comes disgrace, but with humility comes wisdom.

Proverbs 16:5  The LORD detests all the proud of heart. Be sure of this: They will not go unpunished.

Proverbs 16:18  Pride goes before destruction, a haughty spirit before a fall.

etc...",https://www.reddit.com/r/AskReddit/comments/6vt34w/whats_something_people_take_pride_in_even_tho//dm2xlyo/,-0.25,0.08083374,0.002708435,0.02023706,0.026207991,0.0279513,0.008686432,1503609037.0,1,0,0,danboquist,0,47,291,21,359
6vt34w,dm2xn1b,"I mean, it is cool to have your tastes validated.  I was able to independently recognize the value in this before it became commonly accepted that it was good.

That's not an excuse to be a snob about it.  A moderate amount of pride without thinking the unwashed masses have spoiled what you like by liking it too will suffice.",https://www.reddit.com/r/AskReddit/comments/6vt34w/whats_something_people_take_pride_in_even_tho//dm2xn1b/,-0.064,0.11419344,0.002918243,0.05543986,0.010285405,0.061976057,0.007184723,1503609070.0,15,0,0,Desdam0na,1326,180,30059,268559,300124
6vt34w,dm2zpbd,Guilty of doing this when I was younger. Feel so terrible about it.,https://www.reddit.com/r/AskReddit/comments/6vt34w/whats_something_people_take_pride_in_even_tho//dm2zpbd/,-0.208,0.13214645,0.003242493,0.041661996,0.005660672,0.027730936,0.010110466,1503611433.0,10,0,0,leilascott,0,0,165,12839,13004
6vt34w,dm31oh8,Getting very little sleep. Apparently its a good thing to be sleeping only 3 hours a night and be working or studying any time outside of that? I don't know. That just sounds like you are killing yourself. ,https://www.reddit.com/r/AskReddit/comments/6vt34w/whats_something_people_take_pride_in_even_tho//dm31oh8/,-0.064,0.37955463,0.023076924,0.13697,0.009915425,0.09270445,0.44942492,1503613830.0,1,0,0,lordbeezlebub,221,945,119,41687,42972
6vt34w,dm32otc,"Any kind of drug or alcohol use. Including how much, how hard, and how frequently.",https://www.reddit.com/r/AskReddit/comments/6vt34w/whats_something_people_take_pride_in_even_tho//dm32otc/,-0.146,0.045873325,0.001478195,0.013610168,0.002645347,0.013478912,0.008971239,1503615106.0,2,0,0,enigmazweb24,433,113,10056,56165,66767
6vt34w,dm32wet,"How much they hate fun. Obviously not everyone likes the same things but some people wear it as a real badge of honor. 

""I don't get why anyone would enjoy The Club. I do not want to go to your party. Video games these days have too many buttons. Marvel movies are so overrated. Some people like hiking but I'd rather take a nap. Those tacos are not authentic.""",https://www.reddit.com/r/AskReddit/comments/6vt34w/whats_something_people_take_pride_in_even_tho//dm32wet/,0.229,0.28312725,0.009651184,0.08290444,0.042550452,0.15485314,0.009773877,1503615378.0,1,0,0,Blastromex,0,0,1,118,119
