post_id,comment_id,txt,url,offensiveness_score,Toxicity,Severe Toxicity,Profanity,Identity Attack,Insult,Threat,created,score,total_awards_received,controversiality,user,user_awardee_karma,user_awarder_karma,user_link_karma,user_comment_karma,user_total_karma
52eri0,d7jpxv8,You can't outrig Establishment republicans. They had no problem sabotaging Ron Paul and I doubt they'd have an issue throwing Donald Duck under the bus.,http://www.huffingtonpost.com/entry/bring-back-bernie-sanders-clinton-might-actually-lose_us_57d66670e4b0273330ac45d0/d7jpxv8/,0.292,0.23271075,0.00705719,0.042413518,0.027011903,0.08582769,0.09316374,1473698012.0,-1,0,1,AssNasty,126.0,0.0,11937.0,42303.0,54366.0
52eri0,d7jzbqr,"I hope you are right, but I don't see any evidence of that. Just look at what happened to the  Our Revolution organization.  

The problem Progressives have, as i see it, is a common one: lack of a centralized organization. There are too many splinter groups. The same thing applies to the Anti-Citizens United groups.   

Bernie was not only someone that energized people, but he was a figure that folks from many different movements rallied around.",http://www.huffingtonpost.com/entry/bring-back-bernie-sanders-clinton-might-actually-lose_us_57d66670e4b0273330ac45d0/d7jzbqr/,0.062,0.062236045,0.001468658,0.016479544,0.013345404,0.029714199,0.007624879,1473709710.0,6,0,0,kapeman_,273.0,31.0,1534.0,44867.0,46705.0
52eri0,d7k3sfj,"I think it comes down to states and who's available. I know Wolf-Pac and Amend the fourth are both pretty big on local fronts; but are rarely in the news because they fight on convincing local representatives to support bills to get money out of politics. I know there are others; but it comes down to your state and what progressive organization you have in the area. Unfortunatley it comes down to personal research. However, with Our Revolution if they build the site up right to include all local progressive organizations things might be easier for people to hear about them. ",http://www.huffingtonpost.com/entry/bring-back-bernie-sanders-clinton-might-actually-lose_us_57d66670e4b0273330ac45d0/d7k3sfj/,-0.146,0.026499467,0.000987053,0.014327513,0.003773782,0.016024929,0.00679635,1473715297.0,1,0,0,Tooneyman,76.0,0.0,6134.0,22370.0,28580.0
52eri0,d7k76iq,"> lack of a centralized organization. There are too many splinter groups. 

We don't want to fall into the right-wing habit of picking figureheads with big mouths. That's never ended well.

Centralized organizations for progressive agendas are a little like the relationship between capitalism and socialism. It's socialism on the street, and it's capitalism upstairs, because once you hand a guy a badge he starts trying to figure out how to use it to enrich himself and his cronies. ",http://www.huffingtonpost.com/entry/bring-back-bernie-sanders-clinton-might-actually-lose_us_57d66670e4b0273330ac45d0/d7k76iq/,0.0,0.19409354,0.003623962,0.02795705,0.019977676,0.12702756,0.008272167,1473719962.0,3,0,0,Sysiphuslove,13.0,0.0,27070.0,158369.0,185452.0
52eri0,d7kbktu,"Hillary won't step down, ever. She feels this is her destiny, she could resign a month after being sworn in, but she wants to be the first female president more than she wants to live. ",http://www.huffingtonpost.com/entry/bring-back-bernie-sanders-clinton-might-actually-lose_us_57d66670e4b0273330ac45d0/d7kbktu/,0.062,0.09438288,0.001554489,0.012038844,0.027614836,0.029053112,0.007055265,1473726327.0,0,0,1,fastbeemer,15.0,0.0,,,15.0
52eri0,d7ki568,Bernie Sanders? The candidate who fought against the establishment only to turn his back on his voters and endorsed the establishment?  Bernie sanders who got screwed over by his own party and then proceeded to join in the ranks of this party? Bernie sanders who got money of young impressionable youths only to give most of it away to Clinton (one of the richest politicians in the world?). And you people want this Bernie Sanders to be your candidate. Surely you must be mistaken. ,http://www.huffingtonpost.com/entry/bring-back-bernie-sanders-clinton-might-actually-lose_us_57d66670e4b0273330ac45d0/d7ki568/,0.104,0.2786282,0.00793457,0.14842765,0.017163984,0.24928534,0.00933372,1473735665.0,3,0,0,[deleted],,,,,
52eri0,d7krmb3,"It's not going to happen, and the Republican mainstream isn't gonna replace Trump either.  No matter how many times you pinch yourself in the middle of the night, you're going to wake up to the harsh reality that one of these two superannuated assholes is going to be the next President of the United States.

edit typo",http://www.huffingtonpost.com/entry/bring-back-bernie-sanders-clinton-might-actually-lose_us_57d66670e4b0273330ac45d0/d7krmb3/,0.4,0.50789946,0.09385906,0.44752163,0.11976352,0.5101222,0.34804323,1473757217.0,1,0,0,silviazbitch,2057.0,131.0,20155.0,370536.0,392879.0
