post_id,comment_id,txt,url,offensiveness_score,Toxicity,Severe Toxicity,Profanity,Identity Attack,Insult,Threat,created,score,total_awards_received,controversiality,user,user_awardee_karma,user_awarder_karma,user_link_karma,user_comment_karma,user_total_karma
83lq6t,dvivgcs,"Ok I’ve just discussed this with my mate and here was the outcome: Borrowing something from another culture is not inherently disrespectful but requires a certain measure of sensetivity to that culture. I have in mind using a native american head dress as a party costume. You need to take in to account firstly the significance that that object has to it’s native culture and secondly the history your group has with that group. Does your group have a history of opressing that culture that is still relevant today and if so, would borrowing this object be figuratively rubbing salt in the wounds of that culture? If either of these things are true then I think its fair to be called out for cultural appropration with the negative connotation that it seems to carry.",https://www.reddit.com/r/changemyview/comments/83lq6t/cmv_calling_things_cultural_appropriation_is_a//dvivgcs/,0.062,0.112436704,0.003604889,0.04291453,0.057492398,0.034341812,0.010136358,1520769175.0,30,0,0,ellocheeky,0.0,0.0,2.0,86.0,88.0
83lq6t,dvivis2,"I think you should note that cultural appropriation is often called out because people 'accessorise' elements of other people's culture. As in, they're not making fun of it, but they're disregarding its importance. An example would be wearing a bindi because it looks pretty. 

Would this be included in ""people sincerely using and enjoying other parts of people's culture""?",https://www.reddit.com/r/changemyview/comments/83lq6t/cmv_calling_things_cultural_appropriation_is_a//dvivis2/,-0.089,0.058490243,0.00202179,0.02119352,0.012641981,0.024897853,0.007430693,1520769340.0,15,0,0,wolfstiel,140.0,0.0,2790.0,2836.0,5766.0
83lq6t,dvivxhz,[deleted],https://www.reddit.com/r/changemyview/comments/83lq6t/cmv_calling_things_cultural_appropriation_is_a//dvivxhz/,-0.375,,,,,,,1520770284.0,4,0,0,[deleted],,,,,
83lq6t,dvizmdu,"Why, then, do people not get called out at all for wearing clothes featuring a cross? It's the same story - religious imagery, sacred to the original group - and yet one gets you lambasted on the Internet while the other can be found in practically any hipster clothing shop. ",https://www.reddit.com/r/changemyview/comments/83lq6t/cmv_calling_things_cultural_appropriation_is_a//dvizmdu/,-0.104,0.20032968,0.006484985,0.0741757,0.116281845,0.0720671,0.011042561,1520777354.0,2,0,0,[deleted],,,,,
83lq6t,dvj051b,But the people wearing crosses are Christian. It's not appropriation if it's your own culture.,https://www.reddit.com/r/changemyview/comments/83lq6t/cmv_calling_things_cultural_appropriation_is_a//dvj051b/,-0.146,0.1537979,0.00333786,0.018255826,0.15731181,0.028061481,0.007094103,1520778160.0,-1,0,0,InfinitelyThirsting,1875.0,472.0,18582.0,273744.0,294673.0
83lq6t,dvj08nw,"But that's like a catcaller insisting ""Nice tits dollface"" is nothing but a compliment. Lots of people disagree, and the women being hollered at most of all. Even if you mean something as a compliment, don't argue with them when they tell you they feel disrespected not complimented. That proves your selfishness is actually behind it, not genuine compliment.",https://www.reddit.com/r/changemyview/comments/83lq6t/cmv_calling_things_cultural_appropriation_is_a//dvj08nw/,0.609,0.47886392,0.024866661,0.4033339,0.12556632,0.34782293,0.011922873,1520778315.0,10,0,0,InfinitelyThirsting,1875.0,472.0,18582.0,273744.0,294673.0
83lq6t,dvj0jc7,"Ok what's ""your group""? I'm a white man, who immigrated yo the US a couple of decades ago. My ancestors had nothing to do with ""oppressing that culture"". May I wear a plumed headdress?

How about my son who was born in the US? Or how about his school buddy whose parents were born in the US, but _their_ parents weren't. We all look exactly the same as the Mayflower passengers' descendents, are we going to need some sort of an ID at all times? ",https://www.reddit.com/r/changemyview/comments/83lq6t/cmv_calling_things_cultural_appropriation_is_a//dvj0jc7/,0.146,0.2854835,0.011291504,0.09034003,0.2877625,0.09855611,0.011508608,1520778764.0,14,0,0,Nederalles,0.0,0.0,1164.0,2464.0,3628.0
83lq6t,dvj0osk,"Couldn't you though? As I've said above, I'm not a believer in cultural appropriation (as a POC) but I can kind of understand their point, I just don't think people should get so militant about it. 

For example, I do feel rather annoyed sometimes when people don't appreciate something to the same depth that I do. I would say it's a similar mentality to gatekeeping - but of course in reality there are the additional factors of social disadvantage/power imbalance/discrimination to be considered when talking about cultural appropriation as opposed to being a fan of a game or music group.",https://www.reddit.com/r/changemyview/comments/83lq6t/cmv_calling_things_cultural_appropriation_is_a//dvj0osk/,0.043,0.07687678,0.001945496,0.02474608,0.010655383,0.030926194,0.007456584,1520778987.0,3,0,0,wolfstiel,140.0,0.0,2790.0,2836.0,5766.0
83lq6t,dvj12xt,"It’s not that your ancestors oppressed a culture directly, but that your ancestors were part of an oppressive imperialist culture which you still benefit from now. ",https://www.reddit.com/r/changemyview/comments/83lq6t/cmv_calling_things_cultural_appropriation_is_a//dvj12xt/,0.042,0.11181668,0.002412796,0.012551232,0.04023018,0.03489272,0.007689608,1520779551.0,-3,0,1,xbnm,298.0,19.0,8299.0,109812.0,118428.0
83lq6t,dvj1j5p,"As a Jewish person, I’ve shared Jewish food with non-Jewish people dozens of times, while explaining some of the history and origins of the food or custom. It’s great to share cultures with people. But if someone just starts taking Jewish customs without knowing anything about the background, they aren’t adopting the culture. They’re diluting it. They’re making it less meaningful. The Jewish people have been oppressed for thousands of years. People have attempted to completely destroy Jews and Jewish culture for millennia, and taking aspects of Jewish culture without any appreciation for the context of that culture isn’t flattering; it’s diluting and erases the larger meanings behind the culture, which only serves to take away from the Jewish people even more.",https://www.reddit.com/r/changemyview/comments/83lq6t/cmv_calling_things_cultural_appropriation_is_a//dvj1j5p/,0.125,0.20265625,0.009727478,0.110447146,0.2772088,0.06354945,0.025961896,1520780142.0,8,0,0,xbnm,298.0,19.0,8299.0,109812.0,118428.0
83lq6t,dvj1zmr,"Yes, the Russian indentured peasants were the major beneficiaries of the imperialist culture, how could I have forgotten.",https://www.reddit.com/r/changemyview/comments/83lq6t/cmv_calling_things_cultural_appropriation_is_a//dvj1zmr/,-0.128,0.15711457,0.003566742,0.016411226,0.1035157,0.036435258,0.007391856,1520780758.0,15,0,0,Nederalles,0.0,0.0,1164.0,2464.0,3628.0
83lq6t,dvj2dpm,">	were the major beneficiaries

When did I say that?

Are you trying to argue that you get *no* benefit from the historic imperialism and oppression of people from different cultures? In the US, you benefit from being white as a result of the imperialism. ",https://www.reddit.com/r/changemyview/comments/83lq6t/cmv_calling_things_cultural_appropriation_is_a//dvj2dpm/,0.062,0.36095104,0.023076924,0.1589207,0.3758158,0.14512913,0.03235042,1520781273.0,0,0,1,xbnm,298.0,19.0,8299.0,109812.0,118428.0
83lq6t,dvj2loc,"Why should we hold children accountable for the mistakes of their parents? I'm willing to bet that every single person has had an ancestor who has done something deplorable. Does that mean that we should go on a witch hunt to find who's ancestor harmed my ancestor so we can hold it over them and demand things from them? What happened to leaving the past in the past, learning from it so it doesn't happen again, and moving on? ",https://www.reddit.com/r/changemyview/comments/83lq6t/cmv_calling_things_cultural_appropriation_is_a//dvj2loc/,0.146,0.1269396,0.00328064,0.04141149,0.009286462,0.061101943,0.011042561,1520781557.0,17,0,0,[deleted],,,,,
83lq6t,dvj3ck5,"You said that my ancestors were ""part of an oppressive imperialist culture"", which is like saying that slaves are part of a slave culture. So forgive me that bit of sarcasm.

And you're moving the goalposts, first it was my ancestors not being oprrssors of a culture - they werent.

Now apparently it's not good enough, because of the color of my skin I'm responsible for something. ",https://www.reddit.com/r/changemyview/comments/83lq6t/cmv_calling_things_cultural_appropriation_is_a//dvj3ck5/,0.217,0.25462922,0.007858276,0.03715288,0.17381613,0.14874944,0.009074804,1520782509.0,11,0,0,Nederalles,0.0,0.0,1164.0,2464.0,3628.0
83lq6t,dvj5bwo,That’s not what I said. Your entire comment is a straw argument.,https://www.reddit.com/r/changemyview/comments/83lq6t/cmv_calling_things_cultural_appropriation_is_a//dvj5bwo/,-0.104,0.37073207,0.005683899,0.048425674,0.007103588,0.36798462,0.006861079,1520784969.0,-1,0,1,xbnm,298.0,19.0,8299.0,109812.0,118428.0
83lq6t,dvj62rq,"I'm assuming that the straw man you're referring to is where I talk about witch hunts. While I don't think that that's a straw man, you clearly do so let's ignore that for now and just address the first question: is it alright to punish people for the faults of their ancestors? To be more specific, is it right to deem certain actions and behaviors, such as wearing a native American headdress, acceptable or unacceptable based on the faults of your ancestors? ",https://www.reddit.com/r/changemyview/comments/83lq6t/cmv_calling_things_cultural_appropriation_is_a//dvj62rq/,0.17,0.3140926,0.010528564,0.09518933,0.04667538,0.33154017,0.013217449,1520785852.0,3,0,0,[deleted],,,,,
83lq6t,dvj8pt2,"Who's ancestors weren't part of an oppressive culture?  What I mean is, who has ancestors that did not expand into territory claimed by others?",https://www.reddit.com/r/changemyview/comments/83lq6t/cmv_calling_things_cultural_appropriation_is_a//dvj8pt2/,0.062,0.034984488,0.00105381,0.011458136,0.01139534,0.01290891,0.006763986,1520788850.0,5,0,0,lylecrocdyle,0.0,0.0,26.0,1255.0,1281.0
83lq6t,dvj9jct,"The point is that some people today still benefit from their ancestors’ (not strictly genetic ancestors, but cultural ancestors) imperialism and oppressive actions, and some people today still suffer as a result of their ancestors being colonized and oppressed. ",https://www.reddit.com/r/changemyview/comments/83lq6t/cmv_calling_things_cultural_appropriation_is_a//dvj9jct/,0.042,0.09481675,0.002632141,0.017709278,0.032753747,0.030926194,0.008815889,1520789761.0,2,0,0,xbnm,298.0,19.0,8299.0,109812.0,118428.0
83lq6t,dvjj5z5,"I think it is more accurate to say that this nonsense is pushed by people who want to project a virtuous image of trying to protect the rights of minorities. I am reminded of a protest at a Japanese embassy, in Portland I think, where college activists tried to shut down a ""wear a komono"" event... being held by the friendly, and now puzzled, embassy staff.

Anyhow, this term -- cultural appropriation -- only exists inside an extremely toxic academic ideology. The real term is ""transcultural diffusion,"" and generally speaking, only people with strong racist tendencies have a problem with people doing it.",https://www.reddit.com/r/changemyview/comments/83lq6t/cmv_calling_things_cultural_appropriation_is_a//dvjj5z5/,-0.021,0.29771072,0.007362366,0.07482228,0.23467018,0.25404143,0.007883795,1520800462.0,2,0,0,[deleted],,,,,
83lq6t,dvjjezg,"This topic already blew up but I'll still try. I see this as a real issue and people apply the legitimate criticism to  things that don't apply. I also see many examples where people should criticize the nature of capitalism not race relations.

Example: if someone takes an indigieonous style and has it replicated in China and also uses images and connotations  from that culture. That company stole that from the culture and undercut that cultures own products they are making with no benefit.  

",https://www.reddit.com/r/changemyview/comments/83lq6t/cmv_calling_things_cultural_appropriation_is_a//dvjjezg/,0.0,0.113263406,0.003490448,0.04216301,0.061130337,0.036809623,0.009644418,1520800744.0,1,0,0,draculabakula,348.0,27.0,3356.0,46346.0,50077.0
83lq6t,dvjjknd,"Honestly, after reading a lot of the best rated comments as a response to your question, I still agree with your initial view. The bad aspects of cultural appropriation are when you misrepresent the culture in malicious ways that take away from the nature of that culture. However, that is most often done either in ignorance or hatred that's often fueled by racism. 

When you attempt to experience culture with genuine intent, I can't see any harm as long as you maintain an ability to take advice or criticisms from people of that culture in order to better experience their culture. Everything else is a societal/personal issue that just becomes more apparent while that person shares their view of another culture. ",https://www.reddit.com/r/changemyview/comments/83lq6t/cmv_calling_things_cultural_appropriation_is_a//dvjjknd/,0.042,0.12867521,0.002441406,0.022969801,0.0376521,0.06722072,0.007417747,1520800923.0,2,0,0,Twizzify,0.0,0.0,11.0,6687.0,6698.0
83lq6t,dvjjpo2,">I don't count people playing on stereotypes for comedy or making fun of people's cultures by copying them as part of this argument. I mean people sincerely using and enjoying parts of other people's culture

1. Who gets to decide what's appropriating and what's appreciating? If you ask the person accused of appropriating, they will almost always say it's an expression of appreciation.

2. which parts of the culture do you choose to accept or reject? Do you wear the funny headdress, but ignore the communities of people living in poverty, who are having their land torn up to make way for a pipeline that will continue to pollute their drinking water?",https://www.reddit.com/r/changemyview/comments/83lq6t/cmv_calling_things_cultural_appropriation_is_a//dvjjpo2/,-0.104,0.1373533,0.00295639,0.028640235,0.01087737,0.06319981,0.006938754,1520801081.0,1,0,0,iamgreengang,305.0,0.0,945.0,23778.0,25028.0
83lq6t,dvjlh9y,"Dumbing down your culture , to appease another for the sake of appeasement is stupid.
Respecting and acknowledging the good in each is important , but bashing an incumbent culture , because it’s not as it was where you came from is disrespectful in itself 
Your the guest , respect the host ",https://www.reddit.com/r/changemyview/comments/83lq6t/cmv_calling_things_cultural_appropriation_is_a//dvjlh9y/,0.021,0.52139956,0.023076924,0.3194067,0.08252834,0.5678696,0.013372798,1520803082.0,2,0,0,Inmanelectric,0.0,0.0,1.0,2105.0,2106.0
83lq6t,dvjmlp9,Sensitivity to whom in that culture. Cultures aren't some uniform singular thing. Not everyone within likes every aspect or respects every aspect so you are still choosing to respect the image and narrative put out by a group who's voice is the loudest. No one gets to decide what is or is not sacred for others. ,https://www.reddit.com/r/changemyview/comments/83lq6t/cmv_calling_things_cultural_appropriation_is_a//dvjmlp9/,-0.188,0.091913216,0.002765656,0.024062896,0.030433474,0.028832749,0.007353018,1520804327.0,1,0,0,thesmokingpants,90.0,0.0,295.0,16140.0,16525.0
83lq6t,dvjmnrs,Cultural appropriation is not a step backwards; however denying the negative power of cultural appropriation on traditionally marginalized communities is a HUGE step backwards.,https://www.reddit.com/r/changemyview/comments/83lq6t/cmv_calling_things_cultural_appropriation_is_a//dvjmnrs/,-0.271,0.04760506,0.001411438,0.013200258,0.021786476,0.017356457,0.006938754,1520804390.0,1,0,0,jak7722,0.0,0.0,1.0,9.0,10.0
83lq6t,dvjuyz2,"How are they diluting your culture with what they do, though?

They aren't affecting Jewish culture, because they aren't Jews. They are affecting their own culture and it seems a little big headed to assume the position that you should have any say in how they run their own culture.",https://www.reddit.com/r/changemyview/comments/83lq6t/cmv_calling_things_cultural_appropriation_is_a//dvjuyz2/,0.106,0.26293078,0.011367798,0.104876526,0.31892163,0.083112895,0.013269233,1520813668.0,2,0,0,[deleted],,,,,
83lq6t,dvjv1rd,">similar mentality to gatekeeping

I think you hit the nail on the head, here. This is exactly what this is.

""You don't get to use this because it's mine and you aren't a *true*  ______ and only *true* ______s get to use this.",https://www.reddit.com/r/changemyview/comments/83lq6t/cmv_calling_things_cultural_appropriation_is_a//dvjv1rd/,0.042,0.1587729,0.00579834,0.049678206,0.008768492,0.0623257,0.010628296,1520813759.0,1,0,0,[deleted],,,,,
83lq6t,dvjvyzi,"To appropriate something, by definition, means to take without permission. 

The visceral reaction from minorities is that of a poor person having their belongings stolen by a rich person. Perhaps minorities wouldn't be opposed to sharing that aspect of their culture had it been asked of them. Instead, it was stolen, indicating that the thought of respect for people like them or their property never occurred to them. And to add insult to injury, the thieves wear their stolen goods in front of those they stole it from, then claim that their being upset is jeopardizing their relationship. ",https://www.reddit.com/r/changemyview/comments/83lq6t/cmv_calling_things_cultural_appropriation_is_a//dvjvyzi/,0.021,0.16043124,0.003128052,0.020510335,0.034816213,0.0816321,0.011146127,1520814832.0,2,0,0,Preaddly,113.0,0.0,492.0,15299.0,15904.0
83lq6t,dvjwtt0,"They're taking something Jewish and making it not Jewish. They're separating it from its cultural context, which takes away from the Jewish identity.",https://www.reddit.com/r/changemyview/comments/83lq6t/cmv_calling_things_cultural_appropriation_is_a//dvjwtt0/,-0.062,0.20312156,0.007400513,0.07223598,0.28034934,0.034011267,0.011430934,1520815827.0,1,0,0,xbnm,298.0,19.0,8299.0,109812.0,118428.0
83lq6t,dvjxi96,"ITT: OP never learning about black face. 

But because the mod is a fickle c$%t I'm gonna see if I can hit the word threshold. Now let's see...a Guatamalan named Ned tried to be a Mexican for profit, Mickey Rooney tried to be Asian on *Breakfast at Tiffany's*, Dave Chapelle drew the line at black face and, a Russian asset is pretending to be president. Some things hurt and detract from us as a whole. That's why we gotta call motherfuckas out. ",https://www.reddit.com/r/changemyview/comments/83lq6t/cmv_calling_things_cultural_appropriation_is_a//dvjxi96/,0.625,0.584095,0.35058254,0.59166485,0.50515443,0.5130944,0.064969026,1520816604.0,0,0,0,Hwga_lurker_tw,0.0,0.0,19.0,53447.0,53466.0
83lq6t,dvjzqh9,">takes away from the Jewish identity

You are gonna have to do a lot more to convince me that is actually happening than just saying it does. So I guess the Cowboy identity died because everyone started wearing blue jeans? :thinking:

They aren't taking anything away except a sense of smug purity that you might have otherwise had access to. Gatekeeping is totally a thing you *can* do, I just wouldn't suggest it, since all it does is make you bitter.

They aren't taking anything away, they are duplicating, modifying and adapting it. The original is still there, unchanged. Just the way you want it and have always had it. The difference is now a few more people are eating bagels. The horror.

Although you guys clearly culturally appropriated bagels from the Mesopotamians, since they are made out of flour. For shame.",https://www.reddit.com/r/changemyview/comments/83lq6t/cmv_calling_things_cultural_appropriation_is_a//dvjzqh9/,0.167,0.37751234,0.023692908,0.22653213,0.4006267,0.25007802,0.058180105,1520819141.0,2,0,0,[deleted],,,,,
83lq6t,dvk1az1,"mixing cultures homogenizes them into one, usually with the previously dominant culture  having the most representation in the new homogenized culture. 

mixing cultures sounds like it would work to stop racism, but it won’t. some things just can’t mix. how would one mix a monotheistic religion with a polytheistic one? you couldn’t. you’d have to omit parts of cultures to blend in with others. ",https://www.reddit.com/r/changemyview/comments/83lq6t/cmv_calling_things_cultural_appropriation_is_a//dvk1az1/,-0.188,0.11098998,0.003356934,0.024404489,0.09741807,0.029053112,0.008129764,1520820933.0,1,0,0,[deleted],,,,,
83lq6t,dvk7tk8,"I mostly agree with you.
Some people want everything to belong to one race or another. For example I saw latina women mad because women of other races were wearing hoop earrings. Earrings!!! Things like that are not cultural appropriation. Its not cultural. 
Something that is appropriation is using religious symbols as fashion. Or taking something and lessoning its value. For example, bindis. They are a religious piece of great importance they aren’t a part of fashion. 
I feel like for it to be appropriation the value or perceived value has to be changed. Earrings mean as much to a black person as the do to a white person. A traditional headdress means something of deep value. Someone who isnt native wearing cheapens its value and makes it seem worthless
Does that make sense?",https://www.reddit.com/r/changemyview/comments/83lq6t/cmv_calling_things_cultural_appropriation_is_a//dvk7tk8/,0.229,0.20705862,0.007362366,0.07514556,0.24970764,0.06512285,0.008867673,1520829173.0,2,0,0,pwb_118,351.0,35.0,2853.0,101745.0,104984.0
83lq6t,dvk9llv,It's only a problem when it's exploitative. Like white girls wearing bindis and then selling said bindis and then marketing them as Dharma Dots or Dots not Feathers. An insulting marketing of another culture that disrespects said culture to make money. Though this kind of naked exploitation is rarely tolerated on any serious scale so not really a usual concern. I agree that cultural ideas exchanged and flowing between people is not an issue. But exploitation does happen. I think the key problem is that we all spend too much time on the Internet which is notorious for magnifying insignificant outliers nitpicking minor complaints reflective of new problems in society. It seems that random tweens on Tumblr don't make the best communicators of critical post-colonial theory.,https://www.reddit.com/r/changemyview/comments/83lq6t/cmv_calling_things_cultural_appropriation_is_a//dvk9llv/,0.021,0.23812068,0.008163452,0.0864606,0.27171627,0.07523532,0.011327368,1520832029.0,2,0,0,Johnny_Fuckface,784.0,0.0,252.0,71015.0,72051.0
83lq6t,dvkagus,"it's also a direct result of diversity, yet forbidden. 

pick one",https://www.reddit.com/r/changemyview/comments/83lq6t/cmv_calling_things_cultural_appropriation_is_a//dvkagus/,-0.167,0.027088705,0.000987053,0.011560614,0.007177584,0.011084898,0.006938754,1520833553.0,1,0,0,[deleted],,,,,
83lq6t,dvkc7by,"There's a difference between myself enjoying a Bagel with Lox and, I don't know, having my husband wear a yamikah because I think it's sexy. One is enjoying something the other is disrespectful",https://www.reddit.com/r/changemyview/comments/83lq6t/cmv_calling_things_cultural_appropriation_is_a//dvkc7by/,0.104,0.32557452,0.014898917,0.22723788,0.025806036,0.06023245,0.009256045,1520836967.0,1,0,0,fluteitup,0.0,0.0,27846.0,114345.0,142191.0
83lq6t,dvkd85w," I think what the problem is would be non people of color taking POC culture and not giving credit and also not sticking up for the rights of those said POC when it’s time to stand up. Kinda like ok you can take my culture and benefit/ use it to your advantage for style/ money whatever but when it comes to my rights you won’t stick up for me? But you like my culture? And i feel from what I’ve seen at least is that is what upsets people. 

Again this is just what I’ve seen. ",https://www.reddit.com/r/changemyview/comments/83lq6t/cmv_calling_things_cultural_appropriation_is_a//dvkd85w/,0.042,0.2553839,0.010299683,0.09034003,0.2808415,0.09416737,0.010654188,1520839199.0,2,0,0,cmrizzle,1992.0,343.0,16573.0,8473.0,27381.0
83lq6t,dvkehp8,"I think that the big problem here is simply the of authenticity. 

I mean if you say that you make genuine Italian food and you don't you are attacking the idea of genuine Italian food by passing the crap that you are making as the real deal. 

Italians do have the right to be upset there. 

Same idea goes when we take rich cultures and turn them into mascots.  We take ceremonial garb of people we conquered and turn it into a costume. 

It isn't a costume. It is a sacred headdress. 

So if a non Italian makes Italian food, but they make the good stuff and uphold Italian cooking traditions than they should be fine. If they are simply riding the coat tails than people do have a valid right to complain.",https://www.reddit.com/r/changemyview/comments/83lq6t/cmv_calling_things_cultural_appropriation_is_a//dvkehp8/,-0.042,0.36867723,0.020644438,0.3778404,0.2331515,0.31740165,0.011042561,1520842241.0,1,0,0,Iswallowedafly,15.0,0.0,1315.0,165685.0,167015.0
83lq6t,dvkfwyx,"Do you know that feeling when you see someone wearing a t-shirt of your favorite band and then you talk with them and realize they hardly know the band at all, and you are left thinking: ""so, why are you wearing this t-shirt if you don't understand what it means? That's so distasteful and superficial.""

Cultural appropriation is like that, but much stronger because it is not about taste but more commonly about symbols that speak to your very identity. So that distastefulness is amplified and can become almost like an insult for some people because it contributes to banalize something you hold dear.

Then you are going to have people taking this concept and taking it too far, but that should be ignored. ",https://www.reddit.com/r/changemyview/comments/83lq6t/cmv_calling_things_cultural_appropriation_is_a//dvkfwyx/,0.104,0.13388206,0.00289917,0.03715288,0.011765319,0.06634661,0.007327127,1520845931.0,2,0,0,kalenrb,140.0,0.0,5772.0,21574.0,27486.0
83lq6t,dvkhc1e,"Since culture and race are two separate things, how would accepting ""culture appropration"" end racism?",https://www.reddit.com/r/changemyview/comments/83lq6t/cmv_calling_things_cultural_appropriation_is_a//dvkhc1e/,-0.062,0.07054565,0.002069473,0.013883443,0.051580742,0.016556932,0.006899917,1520849663.0,1,0,0,Tinybrat,0.0,0.0,,,0.0
83lq6t,dvkhfni,Culture is part of race identity. Or are you really arguing there's no link? ,https://www.reddit.com/r/changemyview/comments/83lq6t/cmv_calling_things_cultural_appropriation_is_a//dvkhfni/,-0.213,0.071337044,0.002126694,0.015010698,0.04177703,0.01640493,0.006556854,1520849921.0,1,0,0,FallenBlade,51.0,0.0,50898.0,21132.0,72081.0
83lq6t,dvkhkpn,"I'm saying that they're two different things and accepting culture appropriation will not end racism. 

Racism is merely based in race; not culture. ",https://www.reddit.com/r/changemyview/comments/83lq6t/cmv_calling_things_cultural_appropriation_is_a//dvkhkpn/,0.188,0.08004235,0.002403259,0.01579636,0.059311368,0.017614283,0.007107049,1520850275.0,1,0,0,Tinybrat,0.0,0.0,,,0.0
83lq6t,dvkhw44,But there is a link and accepting one helps the other. I'm not saying it alone will end it. But it certainly helps. ,https://www.reddit.com/r/changemyview/comments/83lq6t/cmv_calling_things_cultural_appropriation_is_a//dvkhw44/,-0.521,0.021549871,0.001478195,0.017777596,0.00588266,0.009203887,0.009437286,1520851048.0,1,0,0,FallenBlade,51.0,0.0,50898.0,21132.0,72081.0
83lq6t,dvki4za,"How is this ""association"" relevant to ending racism?
You still haven't explained how accepting culture appropriation would help end racism. You're just saying it would without explaining how.  

Just because it's common for many people of the same race to share many aspects of the same culture doesn't mean anything. It really doesn't mean there is a link. Race doesn't determine your culture and culture doesn't determine your race.

I don't think you understand what racism is. ",https://www.reddit.com/r/changemyview/comments/83lq6t/cmv_calling_things_cultural_appropriation_is_a//dvki4za/,0.292,0.17025198,0.004558563,0.02119352,0.10221587,0.06250052,0.008323951,1520851637.0,0,0,0,Tinybrat,0.0,0.0,,,0.0
83lq6t,dvkidaz,"A lot of racism comes from demonising, making fun of and ultimately not understanding aspects of certain races culture and traditions. Its not all races and it's not all culture. But it is a large amount. ",https://www.reddit.com/r/changemyview/comments/83lq6t/cmv_calling_things_cultural_appropriation_is_a//dvkidaz/,0.167,0.15987846,0.005226135,0.027820412,0.12735364,0.034341812,0.010317599,1520852163.0,2,0,0,FallenBlade,51.0,0.0,50898.0,21132.0,72081.0
83lq6t,dvkjj0f,">A lot of racism comes from 

Again, racism is merely based in race; not culture. 

Racism would be to assume all people of a certain race participate and accepts a culture or certain aspects of a culture that you disagree with or dislike. 

Or to only have an issue with people of a certain race that participate/accept the culture or aspect of that culture you disagree with. 

So how would not condemning culture appropriators change that mindset?

",https://www.reddit.com/r/changemyview/comments/83lq6t/cmv_calling_things_cultural_appropriation_is_a//dvkjj0f/,0.213,0.47886392,0.16960317,0.15812257,0.46028158,0.24928534,0.043309137,1520854649.0,-1,0,0,Tinybrat,0.0,0.0,,,0.0
83lq6t,dvl9fme,"Lindsay Ellis has a great video on cultural appropriation. It boils down to the fact that CA is not inherently bad: look at Disney’s recent lineup of films from Coco to Moana. They all respected and understood the culture they portrayed, even though their creators were ostensibly American. By taking the time to understand & properly portray a culture, the appropriation becomes a method to better learn about other cultures instead of shamelessly taking & misrepresenting another group of people.",https://www.reddit.com/r/changemyview/comments/83lq6t/cmv_calling_things_cultural_appropriation_is_a//dvl9fme/,-0.261,0.058737632,0.001411438,0.01846078,0.009138471,0.029493837,0.006492125,1520882788.0,2,0,0,Amelia_Frye,35.0,0.0,720.0,30638.0,31393.0
