post_id,comment_id,txt,url,offensiveness_score,Toxicity,Severe Toxicity,Profanity,Identity Attack,Insult,Threat,created,score,total_awards_received,controversiality,user,user_awardee_karma,user_awarder_karma,user_link_karma,user_comment_karma,user_total_karma
6mu4wt,dk4foco,"What do these people actually want to achieve? Ban contraception, get more abortions. Ban abortions, get more unwanted children and teenage parents. Because going back to everyone having 8 children is a totally great idea. I just don't get their logic. I can understand their ethical issues, but if they take a realistic look, what is their endgoal? They must be aware that people aren't just gonna stop having sex. ",http://www.huffingtonpost.com/entry/texas-planned-parenthood-teen-abortion_us_59653229e4b09b587d63018a/dk4foco/,0.312,0.27047762,0.011062622,0.10178173,0.026408968,0.070799805,0.023544617,1499873745.0,3922,0,0,Drycee,103.0,0.0,3431.0,119315.0,122849.0
6mu4wt,dk4gzl2,"I think its primarily ethical reasons like you mentioned. Joining or being part of a community that reinforces the idea that abortions and contraception is wrong, well of course they are going to argue against it. Such ideas go against the norms and ideas of right and wrong for their group.

To make an analogy, it would be like trying to create a no pants law. Imagine someone came up with the idea of a no pants law, citing sources and statistics that this no pants law can prevent disease and unwanted children. People not wearing pants would make things uncomfortable at the least, so of course there will be some that fight it, in spite of the benefits. Imagine the uncomfortableness of this situation multiplied by 10 for the concept of abortions. Thats why people fight it., because it goes against their values and makes them uncomfortable",http://www.huffingtonpost.com/entry/texas-planned-parenthood-teen-abortion_us_59653229e4b09b587d63018a/dk4gzl2/,-0.104,0.077668175,0.002231598,0.02126184,0.010951365,0.028942931,0.008349842,1499875103.0,1,0,1,Revan1337,0.0,0.0,91.0,3099.0,3190.0
6mu4wt,dk4ijbb,I don't think they want babies.  Their kind just wants sex.,http://www.huffingtonpost.com/entry/texas-planned-parenthood-teen-abortion_us_59653229e4b09b587d63018a/dk4ijbb/,0.213,0.54823303,0.0475607,0.39207047,0.10221587,0.24424846,0.044278983,1499876687.0,-1,0,0,greenisin,0.0,0.0,,,0.0
6mu4wt,dk4isnn,"Exactly. By the next presidential campaign, they'll be able to say that abortions have been on the rise and we need to do something about it. ",http://www.huffingtonpost.com/entry/texas-planned-parenthood-teen-abortion_us_59653229e4b09b587d63018a/dk4isnn/,0.042,0.043399423,0.001821518,0.013200258,0.006511623,0.012034904,0.010705971,1499876949.0,62,0,0,elpajaroquemamais,2277.0,215.0,11592.0,339487.0,353571.0
6mu4wt,dk4iwxd,That's how the world works. It's a sine wave.,http://www.huffingtonpost.com/entry/texas-planned-parenthood-teen-abortion_us_59653229e4b09b587d63018a/dk4iwxd/,-0.417,0.02826718,0.001382828,0.015079016,0.003977269,0.010704896,0.006990537,1499877069.0,18,0,0,Sockdotgif,36.0,127.0,2323.0,18206.0,20692.0
6mu4wt,dk4jrx9,"Lie. Look at terrorism. Used to be a lot worse. Now it's in the public eye. 

Kill 500 people ( not terrorists) We can change the constitution! 

Stab 3 people, but zero deaths (terrorist connections) Jesus Christ let's start another WAR!!",http://www.huffingtonpost.com/entry/texas-planned-parenthood-teen-abortion_us_59653229e4b09b587d63018a/dk4jrx9/,0.375,0.54823303,0.1762085,0.17752954,0.18546575,0.21602537,0.54744303,1499877945.0,12,0,0,Geicosellscrap,0.0,49.0,,,49.0
6mu4wt,dk4kgbz,"I think it's about control. I agree as a lifelong female resident of Texas there is a lot of extreme religious BS used to justify misogyny here, but I think it's a formula of more unwanted babies + more poverty + less likelihood of education = more fearful, unhappy, male *and* female population which = easier to control. Party, religion, state doesn't really matter except for where it makes it easier to implement the wanted outcome, IMO...it's all about the wealthy getting more money/power and more easier to control 'slaves'.

Am I a crazy conspiracist? Well, maybe crazy, but after half a century observing it all that's what it looks like to me.",http://www.huffingtonpost.com/entry/texas-planned-parenthood-teen-abortion_us_59653229e4b09b587d63018a/dk4kgbz/,0.042,0.23415339,0.009689331,0.15371579,0.14661247,0.100019015,0.008841781,1499878625.0,1027,0,0,dustgollum,0.0,0.0,342.0,2101.0,2443.0
6mu4wt,dk4mtwy,NOOO SHIIIIT. access to birth control = less unwanted pregnancies. This isn't rocket science ,http://www.huffingtonpost.com/entry/texas-planned-parenthood-teen-abortion_us_59653229e4b09b587d63018a/dk4mtwy/,0.562,0.73663366,0.34962174,0.68353343,0.037909906,0.27969417,0.012181788,1499880998.0,204,0,0,[deleted],,,,,
