post_id,comment_id,txt,url,offensiveness_score,Toxicity,Severe Toxicity,Profanity,Identity Attack,Insult,Threat,created,score,total_awards_received,controversiality,user,user_awardee_karma,user_awarder_karma,user_link_karma,user_comment_karma,user_total_karma
683fug,dgve2v0,"""There's nothing wrong with a religion whose laws say a man's got to wear a beard or cover his head or wear a collar. It's when violation of these laws become a crime against the State and not your parents that we're talking about lack of choice."" 

Aaron Sorkin FTW. ",https://www.youtube.com/watch?v=MM-x-qiMwWs/dgve2v0/,-0.042,0.13214645,0.003700256,0.01982715,0.1007269,0.045007613,0.010757755,1493396240.0,8674,0,0,salietfidet,0.0,0.0,4676.0,5257.0,9933.0
683fug,dgveo3q,"It's like saying 'I am pedophile or racist but I never act on it in any way or form'.

It is still wrong. His opinion should not be respected.",https://www.youtube.com/watch?v=MM-x-qiMwWs/dgveo3q/,-0.067,0.36095104,0.017997624,0.18356428,0.10221587,0.25205973,0.038220957,1493396880.0,-37,0,0,[deleted],,,,,
683fug,dgvewuu,"""I accept my neighbor's view on murder but I refuse to impose it on others."" You can take this to some absurd territory. That abortion is morally wrong is largely a matter of opinion and preventing it actually seems to have a net negative benefit for society. Taxation and regulation, to a degree, have been demonstrably positive and necessary. ",https://www.youtube.com/watch?v=MM-x-qiMwWs/dgvewuu/,0.146,0.25084448,0.009155273,0.04867618,0.018771807,0.1087965,0.1284288,1493397145.0,17,0,0,DickJohnsonPI,0.0,0.0,24.0,4151.0,4175.0
683fug,dgvexwa,I really hope he didn't learn how to read and write in one of those dastardly public schools. That would just be awkward.,https://www.youtube.com/watch?v=MM-x-qiMwWs/dgvexwa/,0.042,0.36043653,0.013995127,0.13608865,0.026810925,0.336253,0.04029291,1493397177.0,30,0,0,[deleted],,,,,
683fug,dgvf5vx,"How is it ridiculous? If you don't give the state your money for things you did not agree to, they will come to your house and lock you in a cage or kill you.

What if your neighbor decides you have to give them 10% of your income or be locked up? Your HoA? Your county? When does it become acceptable to steal people's money? ",https://www.youtube.com/watch?v=MM-x-qiMwWs/dgvf5vx/,0.087,0.5532103,0.024819711,0.196476,0.028628819,0.5130944,0.5195707,1493397420.0,-18,0,0,[deleted],,,,,
683fug,dgvfcjm,"Its called a social contract (aka the law).  You are free to live elsewhere if you dislike it.  As a society we value things like roads, emergency services, education, etc.  As a society, we enacted taxes to pay for those things.   If you make use of none of these services, I could at least entertain the idea that taxes are theft but I find it unlikely.",https://www.youtube.com/watch?v=MM-x-qiMwWs/dgvfcjm/,-0.021,0.049584184,0.001459122,0.01941724,0.004162259,0.022899706,0.006725149,1493397622.0,29,0,0,lowlifehoodrat,0.0,0.0,,,0.0
683fug,dgvfkbq,"Donald Trump:  ""I'm not really religious, and I used to be pro-choice.  But now that I'm milking the republican base, I'm going to impose their beliefs about abortion on others.""",https://www.youtube.com/watch?v=MM-x-qiMwWs/dgvfkbq/,0.042,0.147767,0.003795624,0.016411226,0.06249457,0.031807642,0.022853967,1493397860.0,69,0,0,[deleted],,,,,
683fug,dgvfy5r,It is called pro choice not pro abortion dumb dumb. No one should be for abortion unless I could go back in time and convince your mom to go ahead and make that difficult decision. I am going to call you pro birth since typical pro birthers just care about people giving birth but say fuck life after they are born. ,https://www.youtube.com/watch?v=MM-x-qiMwWs/dgvfy5r/,0.854,0.68408644,0.35368225,0.6001929,0.16373143,0.5935568,0.13815513,1493398280.0,-16,0,0,[deleted],,,,,
683fug,dgvg0g0,Right. Parents can do whatever the fuck they want with you.,https://www.youtube.com/watch?v=MM-x-qiMwWs/dgvg0g0/,0.688,0.85850734,0.31334782,0.902047,0.052944973,0.4555076,0.012906751,1493398352.0,397,0,0,BombBurperZ,0.0,0.0,475.0,581.0,1056.0
683fug,dgvgfjw,"Conservative philosophy is not inherently nut jobby(however little I support it), it's just that the people in our government that claim to represent that philosophy are nut jobs.",https://www.youtube.com/watch?v=MM-x-qiMwWs/dgvgfjw/,0.191,0.34328604,0.007133484,0.12220735,0.06294931,0.36021477,0.006938754,1493398805.0,125,0,0,OpiWrites,38.0,0.0,7092.0,37345.0,44475.0
683fug,dgvrqjd,Historically as well - governments do the same. Mexico's socialist revolution of the last century killed tons of religious. As did the socialist takeover in Russia. ,https://www.youtube.com/watch?v=MM-x-qiMwWs/dgvrqjd/,-0.021,0.25462922,0.010070801,0.026044132,0.23922618,0.04969218,0.18281023,1493411590.0,353,0,0,a_420_womyn,0.0,0.0,,,0.0
683fug,dgvth47,[deleted],https://www.youtube.com/watch?v=MM-x-qiMwWs/dgvth47/,0.196,,,,,,,1493413744.0,205,0,0,[deleted],,,,,
