post_id,comment_id,txt,url,offensiveness_score,Toxicity,Severe Toxicity,Profanity,Identity Attack,Insult,Threat,created,score,total_awards_received,controversiality,user,user_awardee_karma,user_awarder_karma,user_link_karma,user_comment_karma,user_total_karma
cxkebp,eym5c9w,"It makes the mistake of assuming anti-vaccinators are Christians(knowing America, they probably all are but still)",https://i.redd.it/bws6o7qijmj31.jpg/eym5c9w/,-0.104,0.15600902,0.003604889,0.024951037,0.16159154,0.0314771,0.00746953,1567199873.0,136,0,0,YerDasWilly,13.0,0.0,26384.0,101455.0,127852.0
cxkebp,eymgg49,"It’s on both sides of the aisle. One hates Big Government forcing them to do something, the other hates Big Pharma that cannot possibly have their health in mind because Capitalism^tm",https://i.redd.it/bws6o7qijmj31.jpg/eymgg49/,-0.106,0.1373533,0.003471375,0.036401358,0.033269364,0.03768798,0.008867673,1567208389.0,62,0,0,The_Jarwolf,68.0,7.0,339.0,45950.0,46364.0
cxkebp,eymiuml,They don't want to kill them.  Just give them autism.,https://i.redd.it/bws6o7qijmj31.jpg/eymiuml/,0.354,0.51980776,0.14389864,0.21024476,0.37012735,0.32211447,0.5252479,1567210349.0,9,0,0,[deleted],,,,,
cxkebp,eymo7xx,Didn't know a Jerusalem native born named Jesus had European facial structure and skin tone. Interesting as fuck.,https://i.redd.it/bws6o7qijmj31.jpg/eymo7xx/,0.681,0.78855824,0.23226003,0.84506536,0.44690517,0.42567953,0.010421164,1567214883.0,2,0,0,UncatchableCreatures,1794.0,166.0,1762.0,92026.0,95748.0
cxkebp,eymvpqn,Edit: When I asked if someone did this before I meant on this subreddit. Sorry for the confusion. Here’s a shark emoji for as an apology gift 🦈,https://i.redd.it/bws6o7qijmj31.jpg/eymvpqn/,-0.37,0.01633588,0.000920296,0.017572641,0.002571351,0.008538882,0.006576272,1567221505.0,1,0,0,NerdKenz2001,0.0,0.0,7090.0,270.0,7360.0
cxkebp,eymxw45,\*tips fedora\* too late we're already here.,https://i.redd.it/bws6o7qijmj31.jpg/eymxw45/,-0.479,0.02685301,0.001840591,0.019553876,0.004809721,0.010324894,0.008919456,1567223650.0,4,0,0,stinknus,0.0,0.0,439.0,868.0,1307.0
cxkebp,eyn94go,"Even if that were the case, remind me again what the treatment for autism is?",https://i.redd.it/bws6o7qijmj31.jpg/eyn94go/,-0.146,0.08083374,0.00243187,0.015830519,0.055673428,0.020966014,0.006440342,1567237134.0,6,0,0,tyrosine87,201.0,12.0,17.0,119645.0,119875.0
cxkebp,eynenr5,"Yes, people already did it, but good meme",https://i.redd.it/bws6o7qijmj31.jpg/eynenr5/,-0.604,0.0466155,0.002593994,0.024677763,0.007325576,0.016024929,0.009100696,1567244763.0,1,0,0,Official_Cyprusball,98.0,106.0,11950.0,27742.0,39896.0
