post_id,comment_id,txt,url,offensiveness_score,Toxicity,Severe Toxicity,Profanity,Identity Attack,Insult,Threat,created,score,total_awards_received,controversiality,user,user_awardee_karma,user_awarder_karma,user_link_karma,user_comment_karma,user_total_karma
96oyjk,e428s2t,">Cindy used thot-walk
>
>Greg is confused and awkwardly trips over his own feet in confusion",https://www.reddit.com/r/AskMen/comments/96oyjk/how_were_you_treated_after_becoming_physically//e428s2t/,0.167,0.3250515,0.023076924,0.087430455,0.04177703,0.0806213,0.014048163,1534087121.0,102,0,0,friedrice6,0.0,0.0,571.0,60701.0,61272.0
96oyjk,e42ax98,"I ""look away fast"" to all guys, because I have been around too many guys that think any girl who smiles or is friendly wants to fuck them. I feel like I can't even be friendly without a guy assuming that im interested.",https://www.reddit.com/r/AskMen/comments/96oyjk/how_were_you_treated_after_becoming_physically//e42ax98/,0.688,0.7510937,0.232236,0.8117245,0.10221587,0.27146968,0.03718498,1534089237.0,35,0,0,adj_ctiv_,0.0,0.0,3860.0,6852.0,10712.0
96oyjk,e42hrup,"haha, yeah, that's the male sex drive for you. Guys usually think that when a girl is smiling or looking at them is because she wants to smash. It's worse when the guys are in their early 20s.  Which kinda makes a lot of friendships uncomfortable for a lot of girls because sooner or later, there's a lot of guy friends that are gonna try to smash, especially if the dude's been having a dry spell.",https://www.reddit.com/r/AskMen/comments/96oyjk/how_were_you_treated_after_becoming_physically//e42hrup/,0.146,0.47119883,0.024678862,0.39409557,0.15945168,0.16989174,0.05203775,1534095885.0,-5,0,1,YaAmar,0.0,0.0,1.0,6721.0,6722.0
96oyjk,e42i8go,A wild chad appears and uses cat call,https://www.reddit.com/r/AskMen/comments/96oyjk/how_were_you_treated_after_becoming_physically//e42i8go/,-0.271,0.11479026,0.00541687,0.04065997,0.009989422,0.03710241,0.009955117,1534096336.0,29,0,0,sang-bleu,0.0,0.0,1.0,1727.0,1728.0
96oyjk,e42n279,Same here. Maybe we both just live in places where people generally aren't assholes?,https://www.reddit.com/r/AskMen/comments/96oyjk/how_were_you_treated_after_becoming_physically//e42n279/,0.396,0.687436,0.11756202,0.7654259,0.08004672,0.54471385,0.007340072,1534101175.0,35,0,0,[deleted],,,,,
96oyjk,e430f89,"I lost a fuck ton of weight and while women weren't throwing themselves at me. I got treated nicer and got much more smiles from strangers.

BUT, whether this was because I was more attractive or because I was much more happy/confident/smiley/approachable I will leave to the scientists 

(but I personally think it was because of the latter)",https://www.reddit.com/r/AskMen/comments/96oyjk/how_were_you_treated_after_becoming_physically//e430f89/,0.521,0.681338,0.2733782,0.79449326,0.27991617,0.36798462,0.037530303,1534114521.0,3,0,0,Deako87,928.0,0.0,21090.0,179638.0,201656.0
96oyjk,e433thp,I started lifting and taking care of myself late. The way women treat me changed 180. Even guys are doing me favours now.,https://www.reddit.com/r/AskMen/comments/96oyjk/how_were_you_treated_after_becoming_physically//e433thp/,-0.312,0.1104733,0.003566742,0.038906425,0.057492398,0.02103047,0.008608758,1534118191.0,1,0,0,wild-tangent,0.0,0.0,,,0.0
96oyjk,e43dcgv,My formerly fat friend harbors some resentment for people now that he's in a better shape and subsequently has difficulty trusting people. It's the 'be careful who you bullied/called ugly in middle school' story ,https://www.reddit.com/r/AskMen/comments/96oyjk/how_were_you_treated_after_becoming_physically//e43dcgv/,-0.085,0.3266089,0.014769804,0.20016506,0.27662867,0.2679134,0.011482717,1534128687.0,1,0,0,PM_ME_NUMEROUS_FUTA,0.0,0.0,1.0,11910.0,11911.0
96oyjk,e43f572,My doctor stopped telling me to lose weight,https://www.reddit.com/r/AskMen/comments/96oyjk/how_were_you_treated_after_becoming_physically//e43f572/,-0.625,0.112333365,0.004215241,0.036401358,0.018771807,0.023093075,0.010654188,1534130745.0,1,0,0,Putsam,15.0,18.0,341.0,10535.0,10909.0
96oyjk,e43fgmt,"The people I've dated have wanted me more, but in public I notice nothing. Women don't hit on men at all because they are mostly socially retarded ",https://www.reddit.com/r/AskMen/comments/96oyjk/how_were_you_treated_after_becoming_physically//e43fgmt/,0.542,0.5721988,0.16960317,0.44431314,0.50515443,0.5588244,0.053654157,1534131126.0,-2,0,0,[deleted],,,,,
96oyjk,e43howe,"Girls started becoming a LOT more aggressive.  Touching my arms, rubbing my bald head, etc, even if I didn't know them and just happened to be walking through a grocery store.  Usually, they played it off like ""oh no, I thought you were someone else"" or some shit.

Also, I got treated a lot differently by other guys too.  I hit the gym pretty hard, and my arms, chest, and shoulders grew significantly, and other guys were either asking me for gym tips, or they were much more respectful towards me.",https://www.reddit.com/r/AskMen/comments/96oyjk/how_were_you_treated_after_becoming_physically//e43howe/,0.25,0.48141238,0.053837523,0.541926,0.22935481,0.34548226,0.10236332,1534133925.0,3,0,0,[deleted],,,,,
96oyjk,e43ma57,"Went from 140lbs at 6'3 as a teenager to a pretty strong 185lbs. Learned how to dress and generally make more effort in my presentation. Consider myself a late bloomer.


People didn't change nearly as drastically as some posters here claim. Maybe I'm just not very sensitive?

I would say you feel less invisible, and people really listen to you rather than just the polite minimum",https://www.reddit.com/r/AskMen/comments/96oyjk/how_were_you_treated_after_becoming_physically//e43ma57/,-0.319,0.10913446,0.004081726,0.050930742,0.011247349,0.033460364,0.00838868,1534140766.0,1,0,0,[deleted],,,,,
96oyjk,e43qn5z,Whatever you believe. I want to see you when a fat woman enters your store and you have hundreds of other customers. You would glare and smile at her all the time. Cant tell me that. ,https://www.reddit.com/r/AskMen/comments/96oyjk/how_were_you_treated_after_becoming_physically//e43qn5z/,0.222,0.4269174,0.023076924,0.16450337,0.39966375,0.3470427,0.114629425,1534149260.0,1,0,0,BonvivantNamedDom,1902.0,348.0,58286.0,161057.0,221593.0
96oyjk,e43qpa0,"I'm gonna compare me prior to gaining muscle and me now. I'm about 1m93 tall (6'3"" I think for you Americans) and I used to weigh 65 kilo (or 143 lbs for Americans) which was way too skinny. Now I still have the same height and weigh about 86 kilo (\*sigh\* 188 lbs) and gained mostly muscle.

To be honest, I don't really see that much difference. I don't get more attention that I know of. I never see any women check me out. I have had some women suggest that I'm probably just completely oblivious to it though.",https://www.reddit.com/r/AskMen/comments/96oyjk/how_were_you_treated_after_becoming_physically//e43qpa0/,-0.064,0.1373533,0.006599426,0.11354194,0.06158508,0.03136692,0.01119791,1534149388.0,1,0,0,Snowbattt,2984.0,15.0,18965.0,192224.0,214188.0
