post_id,comment_id,txt,url,offensiveness_score,Toxicity,Severe Toxicity,Profanity,Identity Attack,Insult,Threat,created,score,total_awards_received,controversiality,user,user_awardee_karma,user_awarder_karma,user_link_karma,user_comment_karma,user_total_karma
bzvba5,eqxdl8w,House MD was a great show,https://i.redd.it/99clcu1j5z331.jpg/eqxdl8w/,-0.667,0.021432023,0.001821518,0.016752819,0.005364689,0.010058892,0.007819066,1560367971.0,318,0,0,CamsRedditaccount,13,0,,,13
bzvba5,eqy1bhp,I still have the vintage DVD set. It’s a classic.,https://i.redd.it/99clcu1j5z331.jpg/eqy1bhp/,-0.667,0.026617315,0.001869202,0.018187506,0.00569767,0.010248893,0.008764107,1560376337.0,11,0,0,chorizopicante,15,0,1099.0,1771.0,2885
bzvba5,eqy68qj,I used to wait on Hugh all the time. Fucking stand up dude all the way,https://i.redd.it/99clcu1j5z331.jpg/eqy68qj/,0.604,0.8299589,0.25624833,0.8855216,0.04048799,0.40243408,0.012699619,1560378072.0,8,0,0,bdlcalichef,0,14,3003.0,34227.0,37244
bzvba5,eqy8y8u,Bummer they had to remove Massive Attack’s “Teardrop” as the theme song.,https://i.redd.it/99clcu1j5z331.jpg/eqy8y8u/,-0.229,0.1100022,0.00377655,0.030389199,0.004458242,0.026315894,0.012181788,1560379351.0,15,0,0,correcthorsestapler,380,32,13002.0,67877.0,81291
bzvba5,eqy9922,I haven’t thought of that theme song in over a decade but reading the artist and title in your comment just now made it start playing in my head. Brains are wild!,https://i.redd.it/99clcu1j5z331.jpg/eqy9922/,-0.354,0.27236435,0.005531311,0.036651865,0.006474625,0.16883044,0.007948523,1560379496.0,9,0,0,stainedglassmoon,291,182,6136.0,52790.0,59399
bzvba5,eqz0d45,Can we fund a study to see how many autistic babies there are that have not been vaccinated? Could we spin that somehow to prove that vaccinations PREVENT autism? I bet there is more evidence to support that case than the opposite.,https://i.redd.it/99clcu1j5z331.jpg/eqz0d45/,-0.125,0.035691574,0.001373291,0.012346277,0.024198212,0.012490907,0.006336776,1560392073.0,2,0,0,26sticks,463,0,22000.0,9381.0,31844
bzvba5,eqz8jlk,Dr House at his best!,https://i.redd.it/99clcu1j5z331.jpg/eqz8jlk/,-0.5,0.01608456,0.001087189,0.012107162,0.002386362,0.009564889,0.007068211,1560395678.0,1,0,0,sohomcena,215,318,8326.0,4085.0,12944
bzvba5,eqz8vsw,"I don’t have a link, but there was a study done that shows vaccines for a pregnant mother help prevent autism in their babies.",https://i.redd.it/99clcu1j5z331.jpg/eqz8vsw/,-0.083,0.019854378,0.001125336,0.013576009,0.010729378,0.008785884,0.006770459,1560395849.0,2,0,0,OmenQtx,341,530,3440.0,66342.0,70653
bzvba5,eqzfiub,Petition to pay Hugh Laurie to spend the rest of his life trash talking anti-vaxxers in character as house.,https://i.redd.it/99clcu1j5z331.jpg/eqzfiub/,0.106,0.44393396,0.017803956,0.09195647,0.053399716,0.48484445,0.011327368,1560399171.0,8,0,0,lemonaidan24,76,0,15664.0,11052.0,26792
bzvba5,eqzgjxu,"what was it about, sounds like a doctor who treats people from his house? like maybe in a poor rural area with no hospital or something",https://i.redd.it/99clcu1j5z331.jpg/eqzgjxu/,-0.25,0.045131154,0.001688004,0.017709278,0.007954539,0.016860934,0.0069517,1560399666.0,0,0,0,KennyFulgencio,1818,1374,32792.0,409896.0,445880
bzvba5,eqztfab,If you have sex with someone who’s vaccinated.. has that been linked to autism?,https://i.redd.it/99clcu1j5z331.jpg/eqztfab/,0.13,0.42129645,0.023076924,0.2882351,0.10221587,0.0808917,0.011689849,1560405680.0,3,0,0,CupcakeGhettoBlaster,0,0,67.0,-1.0,66
bzvba5,er190yz,"Hey if you think about it, Its a bigger chance that vaccinated kids have autism rather than the unvaccinated.

Because the unvaccinated dies before it happens.",https://i.redd.it/99clcu1j5z331.jpg/er190yz/,0.208,0.1100022,0.00415802,0.017777596,0.028418748,0.02425329,0.019746035,1560428594.0,1,0,0,Armedion,38,0,3591.0,17865.0,21494
