post_id,comment_id,txt,url,offensiveness_score,Toxicity,Severe Toxicity,Profanity,Identity Attack,Insult,Threat,created,score,total_awards_received,controversiality,user,user_awardee_karma,user_awarder_karma,user_link_karma,user_comment_karma,user_total_karma
cfh0mi,eu9w3sy,"If you looked at the odds for this game you’d think it was 1st vs 18th, not 17th vs 18th.

Carlton were $1.10 this morning and GC were out to $6. Pretty fucked up. I don’t know if this is telling of how bad of a position Gold Coast is in or how much Carlton has improved, either way, i found it so strange to see and thought it was worth mentioning.",https://www.reddit.com/r/AFL/comments/cfh0mi/match_thread_carlton_vs_gold_coast_round_18//eu9w3sy/,0.271,0.584095,0.21290472,0.6528205,0.04306607,0.36709076,0.0130621,1563592553.0,25,0,0,AntiVictorian,91.0,14.0,1847.0,49630.0,51582.0
cfh0mi,eu9w8qf,"Late last season, off the back of an upset win against the Swans, the SUNS were brought back down to earth by Carlton, with a 35 point loss.

Late this season, off the back of an upset win against the Swans, Carlton..... to be continued.",https://www.reddit.com/r/AFL/comments/cfh0mi/match_thread_carlton_vs_gold_coast_round_18//eu9w8qf/,-0.229,0.018723432,0.000782013,0.010757872,0.00223837,0.010210892,0.006899917,1563592675.0,19,0,0,Lubberkins,88.0,0.0,7508.0,11855.0,19451.0
cfh0mi,eu9ws3k,This smells of danger game.,https://www.reddit.com/r/AFL/comments/cfh0mi/match_thread_carlton_vs_gold_coast_round_18//eu9ws3k/,-0.333,0.23343207,0.005340576,0.04366605,0.004883717,0.061626412,0.009048914,1563593149.0,7,0,0,Fabulous_Dave,133.0,0.0,2514.0,21802.0,24449.0
cfh0mi,eu9xgka,"Carlton were a team that couldn’t beat anyone until 4 weeks ago, and now they’ve beaten Sydney... a team who absolutely pantsed the Eagles to kick off the turnaround of their season...   

It’s a weird year, but honestly, outside of the Gold Coast, it seems like anyone can beat anyone on the right day.   

The reason Gold Coast sits outside that group though, IMO, is their list. Everyone there is either young, or not great.   

Not saying they can’t win, but it’d be a boilover. Still, didn’t they go down and beat Sydney at the SCG from out of absolutely nowhere last year?   

I’m loving Carlton’s resurgence, but I would love a GC win today.",https://www.reddit.com/r/AFL/comments/cfh0mi/match_thread_carlton_vs_gold_coast_round_18//eu9xgka/,-0.146,0.05651112,0.001649857,0.019143965,0.00379228,0.028392024,0.007909686,1563593764.0,10,0,0,marriage_iguana,189.0,0.0,753.0,143412.0,144354.0
cfh0mi,eu9xlcp,"I legit did this with a Titans membership this year when the Cowboys beat them, I wonder how many Gold Coast memberships are getting around just from psychotic fans like us",https://www.reddit.com/r/AFL/comments/cfh0mi/match_thread_carlton_vs_gold_coast_round_18//eu9xlcp/,-0.333,0.3827457,0.011444092,0.17613389,0.06158508,0.40243408,0.008712323,1563593886.0,8,0,0,doctorcunts,744.0,44.0,22942.0,73615.0,97345.0
cfh0mi,eu9xq1u,If we lose this game I might actually cry. I don't like being favourites.,https://www.reddit.com/r/AFL/comments/cfh0mi/match_thread_carlton_vs_gold_coast_round_18//eu9xq1u/,-0.229,0.15158679,0.004444122,0.04642162,0.007621558,0.02193286,0.0287245,1563594005.0,27,0,0,_Oliveoyl,0.0,0.0,79.0,5625.0,5704.0
cfh0mi,eu9ywjm,"Make that 4. I'll sign back up, my missus and her son even if we don't end up going every week.",https://www.reddit.com/r/AFL/comments/cfh0mi/match_thread_carlton_vs_gold_coast_round_18//eu9ywjm/,-0.277,0.031449065,0.001792908,0.016752819,0.003218814,0.009678889,0.010421164,1563595096.0,2,0,0,[deleted],,,,,
cfh0mi,eu9z0ex,"We beat the Dockers in Perth, down 4? 6? goals without Cripps.",https://www.reddit.com/r/AFL/comments/cfh0mi/match_thread_carlton_vs_gold_coast_round_18//eu9z0ex/,-0.271,0.02873857,0.001344681,0.012687869,0.0034593,0.011920903,0.009100696,1563595196.0,4,0,0,[deleted],,,,,
cfh0mi,eu9z0y7,game makes me nervous as hell....I'll feel better once it starts I hope,https://www.reddit.com/r/AFL/comments/cfh0mi/match_thread_carlton_vs_gold_coast_round_18//eu9z0y7/,-0.375,0.45757914,0.02458496,0.39670458,0.015254694,0.09270445,0.055270568,1563595209.0,3,0,0,Major_Day,164.0,0.0,836.0,42705.0,43705.0
cfh0mi,eu9z1a2,I'm not confident about this and it worries me,https://www.reddit.com/r/AFL/comments/cfh0mi/match_thread_carlton_vs_gold_coast_round_18//eu9z1a2/,-0.375,0.056263726,0.00243187,0.022149978,0.005438685,0.014504919,0.008712323,1563595218.0,5,0,0,ePacman,0.0,0.0,1.0,1925.0,1926.0
cfh0mi,eu9z4cd,"Every time we get ahead of ourselves we shit out a turd. Has happened for years, even when we were a finals team with Judd.

I'm hopeful but I'm prepared.",https://www.reddit.com/r/AFL/comments/cfh0mi/match_thread_carlton_vs_gold_coast_round_18//eu9z4cd/,0.5,0.5559701,0.13073033,0.5643384,0.10221587,0.44802538,0.067232,1563595295.0,2,0,0,[deleted],,,,,
cfh0mi,eu9z6fj,"Carlton’s definitely picked up over the last few weeks, Gold Coast is putrid.",https://www.reddit.com/r/AFL/comments/cfh0mi/match_thread_carlton_vs_gold_coast_round_18//eu9z6fj/,-0.062,0.4269174,0.014447021,0.10797132,0.04306607,0.4747285,0.007158832,1563595349.0,2,0,0,queendead2march19,623.0,81.0,,,704.0
cfh0mi,eu9zclo,Glad im not the only one worried.,https://www.reddit.com/r/AFL/comments/cfh0mi/match_thread_carlton_vs_gold_coast_round_18//eu9zclo/,-0.652,0.0201057,0.000934601,0.012687869,0.002996826,0.009317887,0.007288289,1563595511.0,5,0,0,[deleted],,,,,
cfh0mi,eu9zwr4,Really scared we'll embarrass ourselves today lol,https://www.reddit.com/r/AFL/comments/cfh0mi/match_thread_carlton_vs_gold_coast_round_18//eu9zwr4/,-0.229,0.2854733,0.012130737,0.13961408,0.013244915,0.06652143,0.05914995,1563596051.0,3,0,0,iwatchtvallfuckinday,56.0,0.0,581.0,12898.0,13535.0
cfh0mi,eua00yu,Bet nobody tipped a draw,https://www.reddit.com/r/AFL/comments/cfh0mi/match_thread_carlton_vs_gold_coast_round_18//eua00yu/,-0.5,,,,,,,1563596164.0,3,0,0,StoneOfTwilight,204.0,41.0,777.0,10467.0,11489.0
cfh0mi,eua0395,Already this game has been more exciting than I expected it to be!,https://www.reddit.com/r/AFL/comments/cfh0mi/match_thread_carlton_vs_gold_coast_round_18//eua0395/,-0.562,0.044141594,0.003185272,0.030639706,0.005290694,0.011920903,0.011249693,1563596226.0,3,0,0,wolverine-claws,234.0,19.0,,,253.0
cfh0mi,eua7l98,I accidentally cheered for a sun's player taking a kick because I figured the team losing was us,https://www.reddit.com/r/AFL/comments/cfh0mi/match_thread_carlton_vs_gold_coast_round_18//eua7l98/,-0.146,0.27047762,0.01412424,0.114160895,0.013646871,0.031256735,0.15118481,1563604480.0,1,0,0,Ed_Injury,33.0,106.0,12791.0,10039.0,22969.0
cfh0mi,eua87q0,Not our best win but I'll take it.,https://www.reddit.com/r/AFL/comments/cfh0mi/match_thread_carlton_vs_gold_coast_round_18//eua87q0/,-0.667,0.022021262,0.001363754,0.015283971,0.003052323,0.009051885,0.009074804,1563605265.0,8,0,0,iwatchtvallfuckinday,56.0,0.0,581.0,12898.0,13535.0
cfh0mi,eua882x,Stuck on 99. Having PTSD flashbacks of Fev vs Hawthorn in '08,https://www.reddit.com/r/AFL/comments/cfh0mi/match_thread_carlton_vs_gold_coast_round_18//eua882x/,-0.083,0.024849601,0.001215935,0.014874061,0.002626848,0.0115029,0.007430693,1563605278.0,16,0,0,King_Cracker,358.0,17.0,20086.0,43445.0,63906.0
cfh0mi,eua88ku,Stop trying to make the Gold Coast relevant with that umpiring Gil,https://www.reddit.com/r/AFL/comments/cfh0mi/match_thread_carlton_vs_gold_coast_round_18//eua88ku/,-0.146,0.23271075,0.005722046,0.03915693,0.010581387,0.0818789,0.010887212,1563605295.0,21,0,0,stuck_in_a_sinkhole,52.0,0.0,344.0,1812.0,2208.0
cfh0mi,eua8anw,Hopefully directed at the umpires,https://www.reddit.com/r/AFL/comments/cfh0mi/match_thread_carlton_vs_gold_coast_round_18//eua8anw/,-0.458,0.10913446,0.004119873,0.025907494,0.010433395,0.022706337,0.03235042,1563605369.0,7,0,0,King_Cracker,358.0,17.0,20086.0,43445.0,63906.0
cfh0mi,eua8ape,Judging by the score Worm this game has suffered a heart attack...,https://www.reddit.com/r/AFL/comments/cfh0mi/match_thread_carlton_vs_gold_coast_round_18//eua8ape/,-0.104,0.2648175,0.011444092,0.077731855,0.009545447,0.0720671,0.013424582,1563605370.0,7,0,0,eros_and_thanatos,50.0,0.0,1661.0,2774.0,4485.0
cfh0mi,eua8b6y,I'm crying. I wish my dad had lived one more year to see this,https://www.reddit.com/r/AFL/comments/cfh0mi/match_thread_carlton_vs_gold_coast_round_18//eua8b6y/,-0.4,0.11119666,0.004749298,0.03464781,0.009545447,0.01961243,0.016465442,1563605388.0,22,0,0,Ed_Injury,33.0,106.0,12791.0,10039.0,22969.0
cfh0mi,eua8bcl,"They're saying ""Booo-lues""",https://www.reddit.com/r/AFL/comments/cfh0mi/match_thread_carlton_vs_gold_coast_round_18//eua8bcl/,-0.375,0.1104733,0.004463196,0.07805514,0.005364689,0.027730936,0.008893564,1563605394.0,10,0,0,KaiserJovan,112.0,0.0,8600.0,23062.0,31774.0
cfh0mi,eua8gco,That’s a really rough run home for Gold Coast.,https://www.reddit.com/r/AFL/comments/cfh0mi/match_thread_carlton_vs_gold_coast_round_18//eua8gco/,-0.208,0.017969469,0.000886917,0.011765569,0.002774839,0.009944891,0.006679839,1563605575.0,6,0,0,AntiVictorian,91.0,14.0,1847.0,49630.0,51582.0
cfh0mi,eua8idw,So good to see most of the Suns trying until the end.,https://www.reddit.com/r/AFL/comments/cfh0mi/match_thread_carlton_vs_gold_coast_round_18//eua8idw/,-0.438,0.018723432,0.000934601,0.011441057,0.002719343,0.009203887,0.007987361,1563605650.0,8,0,0,Mrwoofwoof,412.0,14.0,1421.0,84036.0,85883.0
cfh0mi,eua8xkk,"A win is a win, go blues!",https://www.reddit.com/r/AFL/comments/cfh0mi/match_thread_carlton_vs_gold_coast_round_18//eua8xkk/,-0.771,0.01633588,0.001106262,0.012756188,0.003052323,0.008823884,0.007404801,1563606216.0,11,0,0,ThatMelon,15.0,0.0,1974.0,7522.0,9511.0
cfh0mi,eua95yl,Could say the same about Cripps ;),https://www.reddit.com/r/AFL/comments/cfh0mi/match_thread_carlton_vs_gold_coast_round_18//eua95yl/,-0.128,0.036162965,0.001811981,0.020100424,0.004328749,0.013364912,0.008168601,1563606530.0,2,0,0,Kreglze,30.0,0.0,1181.0,20596.0,21807.0
cfh0mi,eua9hgz,I still hate Hawthorn because of it.,https://www.reddit.com/r/AFL/comments/cfh0mi/match_thread_carlton_vs_gold_coast_round_18//eua9hgz/,0.167,0.46982017,0.023076924,0.2253223,0.27914262,0.26957804,0.029933142,1563606957.0,8,0,0,JMDStow,48.0,146.0,500.0,5058.0,5752.0
cfh0mi,euaefq9,I will never forget that night,https://www.reddit.com/r/AFL/comments/cfh0mi/match_thread_carlton_vs_gold_coast_round_18//euaefq9/,-0.638,0.041915078,0.003070831,0.024951037,0.005512681,0.010476895,0.011301477,1563614185.0,3,0,0,thatcamguy,0.0,0.0,1962.0,4653.0,6615.0
cfh0mi,euaizsw,He has improved but needs to stop kicking the ball out on the full   :),https://www.reddit.com/r/AFL/comments/cfh0mi/match_thread_carlton_vs_gold_coast_round_18//euaizsw/,-0.021,0.15158679,0.004844666,0.045670103,0.003977269,0.024124376,0.039256934,1563620976.0,2,0,0,Bluebagger126,23.0,0.0,1.0,2547.0,2571.0
