post_id,comment_id,txt,url,offensiveness_score,Toxicity,Severe Toxicity,Profanity,Identity Attack,Insult,Threat,created,score,total_awards_received,controversiality,user,user_awardee_karma,user_awarder_karma,user_link_karma,user_comment_karma,user_total_karma
56wb3z,d8n289i,[deleted],http://dailycaller.com/2016/10/10/hillary-in-leaked-email-saudi-arabia-and-qatar-are-funding-isis//d8n289i/,-0.277,,,,,,,1476171035.0,31,0,0,[deleted],,,,,
56wb3z,d8n2tg6,">The DC reached out to the Clinton campaign and asked if they dispute the legitimacy of the email, but they have not responded.

>Qatar has given between $1 million and $5 million to the Clinton Foundation and Saudi Arabia has donated upwards of $25 million dollars to the Foundation.

>The Clinton campaign has not replied to a Daily Caller inquiry about whether the Clinton Foundation will return donations from these two nations that, according to Hillary Clinton, fund ISIS.

More significantly of course is that the US supports/arms/trades with Qatar and Saudi Arabia... if this information is confirmed to be legitimate.",http://dailycaller.com/2016/10/10/hillary-in-leaked-email-saudi-arabia-and-qatar-are-funding-isis//d8n2tg6/,0.0,0.5024724,0.34954423,0.22693542,0.46028158,0.33998606,0.08856395,1476173078.0,167,0,0,eisagi,727.0,0.0,2631.0,151644.0,155002.0
56wb3z,d8n8tgg,It might mysteriously vanish. Just a warning. ,http://dailycaller.com/2016/10/10/hillary-in-leaked-email-saudi-arabia-and-qatar-are-funding-isis//d8n8tgg/,-0.348,0.115658075,0.003890991,0.026590679,0.004014268,0.024124376,0.03649433,1476190814.0,10,0,0,[deleted],,,,,
56wb3z,d8najbo,on /r/worldpolitics?  I think this sub has a little more integrity than /r/politics ,http://dailycaller.com/2016/10/10/hillary-in-leaked-email-saudi-arabia-and-qatar-are-funding-isis//d8najbo/,-0.25,0.018849092,0.000886917,0.014703264,0.003903274,0.010020891,0.006472706,1476193751.0,8,0,0,powercorruption,692.0,25.0,,,717.0
56wb3z,d8nbbax,"they're a violent, backwards theocracy that does everything behind closed doors.  I think we'd all like a bit more distinction",http://dailycaller.com/2016/10/10/hillary-in-leaked-email-saudi-arabia-and-qatar-are-funding-isis//d8nbbax/,0.125,0.20973456,0.005149841,0.04742365,0.030175667,0.0838533,0.012647836,1476194958.0,0,0,1,[deleted],,,,,
56wb3z,d8nbq2i,Does anyone pretend r/politics is anything but a mouthpiece for the Hillary campaign at this point? ,http://dailycaller.com/2016/10/10/hillary-in-leaked-email-saudi-arabia-and-qatar-are-funding-isis//d8nbq2i/,-0.125,0.05255287,0.001325607,0.022354934,0.006437627,0.020901557,0.006492125,1476195555.0,18,0,0,[deleted],,,,,
56wb3z,d8nsr0y,"It could be Crown Prince Muqrin's nickname is ""Bob"".   When he's in Thailand, probably.",http://dailycaller.com/2016/10/10/hillary-in-leaked-email-saudi-arabia-and-qatar-are-funding-isis//d8nsr0y/,-0.042,0.02779579,0.001144409,0.012073003,0.008546505,0.012604907,0.007016428,1476216605.0,1,0,0,Inkberrow,1070.0,75.0,,,1145.0
56wb3z,d8nzz1o,I thought the Jews ran the banks and corporations. I'm confused,http://dailycaller.com/2016/10/10/hillary-in-leaked-email-saudi-arabia-and-qatar-are-funding-isis//d8nzz1o/,0.292,0.32182294,0.01502803,0.108590275,0.38246045,0.082866095,0.009566744,1476225925.0,1,0,0,PooSham,629.0,39.0,6213.0,67777.0,74658.0
56wb3z,d8o05c9,Every fucking...ah forget it ,http://dailycaller.com/2016/10/10/hillary-in-leaked-email-saudi-arabia-and-qatar-are-funding-isis//d8o05c9/,0.438,0.85850734,0.41034412,0.902047,0.03894114,0.37052566,0.011223801,1476226174.0,2,0,0,Tripound,149.0,137.0,580.0,20419.0,21285.0
56wb3z,d8ob6k2,The exact reason she should never get it.,http://dailycaller.com/2016/10/10/hillary-in-leaked-email-saudi-arabia-and-qatar-are-funding-isis//d8ob6k2/,-0.167,0.05255287,0.001296997,0.013131939,0.001877641,0.015340924,0.00933372,1476242188.0,2,0,0,[deleted],,,,,
