post_id,comment_id,txt,url,offensiveness_score,Toxicity,Severe Toxicity,Profanity,Identity Attack,Insult,Threat,created,score,total_awards_received,controversiality,user,user_awardee_karma,user_awarder_karma,user_link_karma,user_comment_karma,user_total_karma
7e8wf0,dq3apkx,"Or they believe it is murder..? But yes, birth control and education would help matters a lot.",https://www.texastribune.org/2017/11/16/alternatives-abortion-funding-increases-more-100-percent//dq3apkx/,-0.021,0.11357342,0.004062653,0.019553876,0.005031709,0.018258847,0.061089642,1511188155.0,-30,0,0,[deleted],,,,,
7e8wf0,dq3as3n,Even if they did believe it's murder it would still make far more sense to spend the money on BC. That's one of the reasons I don't really believe that argument as if that was the true goal they already have a way to fix it. ,https://www.texastribune.org/2017/11/16/alternatives-abortion-funding-increases-more-100-percent//dq3as3n/,-0.125,0.05304765,0.002059937,0.01535229,0.0034593,0.012452906,0.028897164,1511188246.0,111,0,0,nkdeck07,1895.0,0.0,3912.0,800903.0,806710.0
7e8wf0,dq3bqhz,[deleted],https://www.texastribune.org/2017/11/16/alternatives-abortion-funding-increases-more-100-percent//dq3bqhz/,0.583,,,,,,,1511189464.0,359,0,0,[deleted],,,,,
7e8wf0,dq3cg85,"Or you know, great real sexual education that doesn't concentrate only on abstinence. ",https://www.texastribune.org/2017/11/16/alternatives-abortion-funding-increases-more-100-percent//dq3cg85/,-0.085,0.2540519,0.004863739,0.080318145,0.009397456,0.02708937,0.007508367,1511190335.0,240,0,0,[deleted],,,,,
7e8wf0,dq3d581,"If that were true, they'd surely want to do everything possible to prevent it, right? Including teaching sex education and making birth control accessible to more people? ",https://www.texastribune.org/2017/11/16/alternatives-abortion-funding-increases-more-100-percent//dq3d581/,0.0,0.15435068,0.00328064,0.03389629,0.011469335,0.019225692,0.008492245,1511191162.0,22,0,0,Graphitetshirt,12571.0,29.0,35221.0,1964281.0,2012102.0
7e8wf0,dq3e6gl,Maybe they should consider actually teaching kids about sex in schools.  Maybe informed people make better decisions about their health and sexuality?  Maybe Knowledge is power ???,https://www.texastribune.org/2017/11/16/alternatives-abortion-funding-increases-more-100-percent//dq3e6gl/,0.104,0.24442963,0.005493164,0.06495911,0.010211408,0.027730936,0.007844958,1511192359.0,29,0,0,ChefChopNSlice,4131.0,2798.0,9088.0,388921.0,404938.0
7e8wf0,dq3eehd,"See if they're gonna go the whole ""murder"" route, I don't see why healthcare and improving the foster care system don't rise as priorities..",https://www.texastribune.org/2017/11/16/alternatives-abortion-funding-increases-more-100-percent//dq3eehd/,0.104,0.15490346,0.005340576,0.019690514,0.004883717,0.020256994,0.13700877,1511192613.0,21,0,0,elegantmutt,0.0,0.0,11775.0,3962.0,15737.0
7e8wf0,dq3gnww,"And start thinking about making sure the child is raised in a healthy and loving environment.

Why are these men just focused on making sure women keep having babies but showing little concern about the impact of bringing an unwanted baby into this world.

",https://www.texastribune.org/2017/11/16/alternatives-abortion-funding-increases-more-100-percent//dq3gnww/,-0.167,0.17458448,0.005378723,0.028093686,0.10221587,0.06858205,0.009126588,1511195070.0,25,0,0,floofnstuff,626.0,73.0,802.0,84970.0,86471.0
7e8wf0,dq3iu9o,"I agree that would be a good idea but you are looking at it as the same issue. You can be opposed to abortion and BC for different reasons. For example, I can oppose speeding without supporting stricter traffic laws.",https://www.texastribune.org/2017/11/16/alternatives-abortion-funding-increases-more-100-percent//dq3iu9o/,0.0,0.01822079,0.001034737,0.011970525,0.003662788,0.007949878,0.007883795,1511197335.0,0,0,0,GunDoc,358.0,0.0,13439.0,5724.0,19521.0
7e8wf0,dq3k23k,They don’t have sex Ed in Texas?,https://www.texastribune.org/2017/11/16/alternatives-abortion-funding-increases-more-100-percent//dq3k23k/,0.125,0.3974717,0.016190045,0.24631839,0.047706615,0.0806213,0.009281937,1511198592.0,1,0,0,frame358,0.0,0.0,85.0,1623.0,1708.0
7e8wf0,dq3k2gf,"Or, maybe parents should take on the role of parenting and teach their own children about health and sexuality in a way that fits their worldview (whatever that view may be).  I dont think we need to outsources our parental responsibilities and make it the states/school job to do something that should be done at home.  ",https://www.texastribune.org/2017/11/16/alternatives-abortion-funding-increases-more-100-percent//dq3k2gf/,-0.292,0.09785384,0.002126694,0.023652986,0.013646871,0.020643732,0.006848133,1511198602.0,3,0,1,Bottompressure34,0.0,0.0,288.0,4513.0,4801.0
7e8wf0,dq3mpbh,"It is, but they specifically gut sex ed classes in states like this for the same reasons they defund and demonize planned parenthood.
They WANT uneducated kids to be born. That's their voting block there.
If they are minorities: then they are the problem, the welfare queens, the anchor babies, the potential terrorists.
If they are white kids, then they will feed them the fiction that being poor isn't their fault. It's someone elses, ""vote for us, we'll fix all your problems, and if we can't? Well, it's the Democrats fault!"".

That's the narrative the GoP has been pushing for awhile, and now it's not just a talking point, there's generations raised on that as doctrine, and they are now in control and pushing it even harder than ever before.",https://www.texastribune.org/2017/11/16/alternatives-abortion-funding-increases-more-100-percent//dq3mpbh/,0.292,0.37340668,0.018126737,0.1413768,0.38185352,0.26957804,0.019918699,1511201305.0,6,0,0,MediocreMisery,0.0,0.0,5.0,12258.0,12263.0
7e8wf0,dq3qis9,But are ok supporting a rapist. ,https://www.texastribune.org/2017/11/16/alternatives-abortion-funding-increases-more-100-percent//dq3qis9/,0.458,0.568186,0.112294696,0.28938356,0.104676254,0.4378843,0.30463433,1511205148.0,-6,0,1,aussie-vault-girl,0.0,0.0,614.0,18789.0,19403.0
