post_id,comment_id,txt,url,offensiveness_score,Toxicity,Severe Toxicity,Profanity,Identity Attack,Insult,Threat,created,score,total_awards_received,controversiality,user,user_awardee_karma,user_awarder_karma,user_link_karma,user_comment_karma,user_total_karma
7qv0dt,dss2bqj,The kind that involves sex. ,https://www.reddit.com/r/AskMen/comments/7qv0dt/what_type_of_porn_would_you_like_to_try_out_irl//dss2bqj/,-0.021,0.46186632,0.020257099,0.32965264,0.011025362,0.04032305,0.009929225,1516132548.0,183,0,0,[deleted],,,,,
7qv0dt,dss37qf,"Bang bus.

Sometimes I just don’t wanna walk home from work and I won’t last long enough for them to take me too far.",https://www.reddit.com/r/AskMen/comments/7qv0dt/what_type_of_porn_would_you_like_to_try_out_irl//dss37qf/,-0.146,0.044388983,0.001945496,0.015215653,0.002478856,0.010780896,0.014566151,1516133407.0,81,0,0,This_Is__,0.0,47.0,10127.0,26733.0,36907.0
7qv0dt,dss3w65,To be honest I'd rather see some realistic sex in porn than try reenact things one sees in porn in reality.,https://www.reddit.com/r/AskMen/comments/7qv0dt/what_type_of_porn_would_you_like_to_try_out_irl//dss3w65/,0.229,0.5140397,0.023927659,0.41031027,0.030691283,0.056719027,0.011042561,1516134059.0,63,0,0,middaysun,48.0,0.0,1.0,167859.0,167908.0
7qv0dt,dss5aml,"You don't know many girls who would be in a threesome either.  At least, I assume you don't",https://www.reddit.com/r/AskMen/comments/7qv0dt/what_type_of_porn_would_you_like_to_try_out_irl//dss5aml/,0.188,0.3389984,0.013995127,0.2298641,0.03249594,0.07428485,0.009307829,1516135402.0,1,0,0,[deleted],,,,,
7qv0dt,dss5u5n,They were the ones asking.  I'd fuck em.,https://www.reddit.com/r/AskMen/comments/7qv0dt/what_type_of_porn_would_you_like_to_try_out_irl//dss5u5n/,0.75,0.9029226,0.4379392,0.8907955,0.047706615,0.4378843,0.34804323,1516135910.0,2,0,0,[deleted],,,,,
7qv0dt,dss6tqq,"I'm a girl.  Maybe this is just my sexual fantasy talking, but I feel like if a girl drunkenly consents to sex then that shouldn't be considered rape.  Although I see why guys would be worried about it.",https://www.reddit.com/r/AskMen/comments/7qv0dt/what_type_of_porn_would_you_like_to_try_out_irl//dss6tqq/,0.128,0.39987978,0.023076924,0.3283819,0.09245483,0.06529768,0.055270568,1516136837.0,4,0,0,[deleted],,,,,
7qv0dt,dss7f5k,"Well everyone's different. Like I said it's just too fine of a line. If the girl was passed out, and the guy was stone cold sober, he could easily get away with saying she consented and is just regretting it after the fact. It's fucked up. I'm single, and kinda scared to meet women at bars for this reason. ",https://www.reddit.com/r/AskMen/comments/7qv0dt/what_type_of_porn_would_you_like_to_try_out_irl//dss7f5k/,0.348,0.47323486,0.03590374,0.541926,0.1007269,0.24928534,0.019573374,1516137398.0,1,0,0,[deleted],,,,,
7qv0dt,dsshdkv,"The question wasn't ""What do you think of porn?"".",https://www.reddit.com/r/AskMen/comments/7qv0dt/what_type_of_porn_would_you_like_to_try_out_irl//dsshdkv/,0.188,0.30993456,0.008430481,0.22622968,0.006437627,0.02212623,0.00666042,1516147316.0,9,0,0,[deleted],,,,,
7qv0dt,dssi5ya,Porn is a beautiful thing with beautiful people.  I support sex workers 100%,https://www.reddit.com/r/AskMen/comments/7qv0dt/what_type_of_porn_would_you_like_to_try_out_irl//dssi5ya/,0.022,0.47886392,0.044870634,0.38845423,0.060675595,0.06669625,0.024580594,1516148176.0,6,0,0,[deleted],,,,,
7qv0dt,dssjl2h,"As far as things I haven't tried, I'd love to try out a lot of the *things* from porn.

There's a whole lot of machines, devices, equipment/spaces, etc I see in porn that'd I'd probably have fun using on/with my GF. 

However, they're some combination of too expensive, too big, or requiring more modifications to a room than I can make in a rental apartment (especially if I'd like to ever be able to have guests over again without my whole sex life being on display).",https://www.reddit.com/r/AskMen/comments/7qv0dt/what_type_of_porn_would_you_like_to_try_out_irl//dssjl2h/,0.021,0.37340668,0.021031776,0.34099978,0.019877186,0.029383656,0.008712323,1516149731.0,1,0,0,volkl47,128.0,465.0,112.0,168707.0,169412.0
7qv0dt,dsskozc,[deleted],https://www.reddit.com/r/AskMen/comments/7qv0dt/what_type_of_porn_would_you_like_to_try_out_irl//dsskozc/,0.511,,,,,,,1516150951.0,-3,0,0,[deleted],,,,,
7qv0dt,dssoy74,It's an ugly and dehumanizing thing. I do not support sex workers.,https://www.reddit.com/r/AskMen/comments/7qv0dt/what_type_of_porn_would_you_like_to_try_out_irl//dssoy74/,0.383,0.4850187,0.023076924,0.26802593,0.14233272,0.36798462,0.025098583,1516155724.0,-8,0,0,Cross-Country,670.0,68.0,4126.0,87098.0,91962.0
7qv0dt,dssrtge,"We didn't descend into widespread sexual barbarism until the 1960's, long after the 1800's. ;)",https://www.reddit.com/r/AskMen/comments/7qv0dt/what_type_of_porn_would_you_like_to_try_out_irl//dssrtge/,0.213,0.2855005,0.00793457,0.09775851,0.022992345,0.0350029,0.02682521,1516158993.0,-2,0,0,Cross-Country,670.0,68.0,4126.0,87098.0,91962.0
7qv0dt,dsst4f6,"I dig the subgenre of homemade porn where a guy lives with two (or more) girls and the porn is more of a vlog of their sex life. I've done that kind of poly before, so having a camera in the bedroom and monetizing it just makes sense in a business sort of way.",https://www.reddit.com/r/AskMen/comments/7qv0dt/what_type_of_porn_would_you_like_to_try_out_irl//dsst4f6/,0.521,0.42349213,0.023076924,0.36602396,0.06249457,0.06285016,0.011767523,1516160570.0,1,0,0,RealFoxD,486.0,0.0,1059.0,111521.0,113066.0
7qv0dt,dssww5h,"Midget amputees, AKA nugget-porn.",https://www.reddit.com/r/AskMen/comments/7qv0dt/what_type_of_porn_would_you_like_to_try_out_irl//dssww5h/,0.511,,,,,,,1516165672.0,1,0,0,[deleted],,,,,
7qv0dt,dst6xtl,"Being able to give a chick multiple creampies by myself. 

I don't see it in porn very often, but when I do, it's instant diamonds for me. ",https://www.reddit.com/r/AskMen/comments/7qv0dt/what_type_of_porn_would_you_like_to_try_out_irl//dst6xtl/,0.25,0.6308517,0.16960317,0.5188411,0.1015541,0.15556364,0.025443908,1516186968.0,1,0,0,roarkish,228.0,16.0,3.0,82159.0,82406.0
7qv0dt,dst7yob,"Off the top of my head, it'd have to be 2-3 girls blowing me and being super sloppy about it. Lots of saliva, makeup getting messed up, throw in some rimming and snowballing, too. ",https://www.reddit.com/r/AskMen/comments/7qv0dt/what_type_of_porn_would_you_like_to_try_out_irl//dst7yob/,0.375,0.3375374,0.022322904,0.26603898,0.031464707,0.06250052,0.05753354,1516189429.0,1,0,0,RenRen512,938.0,26.0,443.0,49776.0,51183.0
7qv0dt,dstt4py,"Hey, a girl's gotta eat, even if she eats cocks all day at work.",https://www.reddit.com/r/AskMen/comments/7qv0dt/what_type_of_porn_would_you_like_to_try_out_irl//dstt4py/,0.609,0.8115627,0.232236,0.70864636,0.25647953,0.344702,0.01750142,1516214282.0,1,0,0,Medicore95,64.0,0.0,2407.0,34578.0,37049.0
