post_id,comment_id,txt,url,offensiveness_score,Toxicity,Severe Toxicity,Profanity,Identity Attack,Insult,Threat,created,score,total_awards_received,controversiality,user,user_awardee_karma,user_awarder_karma,user_link_karma,user_comment_karma,user_total_karma
5zokia,dezs9et,Have you seen the video of the girl who was on the leg press machine and her knee bent backwards?  I cringe just thinking about it.  I can only imagine this guy's screams.,https://www.reddit.com/r/AskMen/comments/5zokia/what_is_the_dumbest_thing_youve_seen_while//dezs9et/,-0.083,0.13388206,0.004882813,0.049177196,0.006252638,0.025800243,0.013476364,1489639733.0,11,0,0,love_to_sleep_in,0,0,185.0,34531.0,34716
5zokia,dezvtdc,Ugghhh....that sounds like a slightly longer process than a snap.  I hope I never hear either sound.,https://www.reddit.com/r/AskMen/comments/5zokia/what_is_the_dumbest_thing_youve_seen_while//dezvtdc/,-0.34,0.07608539,0.002498627,0.02836696,0.002663846,0.015872927,0.009955117,1489647058.0,4,0,0,love_to_sleep_in,0,0,185.0,34531.0,34716
5zokia,df06u3m,"This is why I quit going to the gym. I didn't understand how certain machines worked and If I tried to take a couple minutes to figure it out people would start scoffing or pull out a phone to take pictures of my mistake. Same for my fiancé, she only uses the treadmills because she is scared of using a machine wrong and getting yelled at.",https://www.reddit.com/r/AskMen/comments/5zokia/what_is_the_dumbest_thing_youve_seen_while//df06u3m/,-0.125,0.112850055,0.004501343,0.07482228,0.007436569,0.03312982,0.009903334,1489672548.0,3,0,0,RyanMobeer,25,12,236.0,27131.0,27404
5zokia,df06uda,"Those fucks that constantly annoy you by giving you all these tips and suggestions every other day and criticise your workout routine. 

That one guy who comes to the gym just to flirt with girls and sits on the machines. FUCK YOU MOTHERFUCKER I WANNA DO SOME ACTUAL WORKOUT. 

Sweaty fucks who don't wipe after they're done ",https://www.reddit.com/r/AskMen/comments/5zokia/what_is_the_dumbest_thing_youve_seen_while//df06uda/,0.583,0.95048624,0.614593,0.90150756,0.28034934,0.7065844,0.13768311,1489672559.0,1,0,0,GrimsterrOP,0,50,34027.0,17618.0,51695
5zokia,df0ciet,"I see a lot of people who are simply moving but clearly aren't moving effectively.  They don't know what muscle group they're supposed to be focused on and they're likely to hurt themselves. If they took a moment to figure out what the point of that exercise is and do it correctly, it'd actually be an efficient use of their time at the gym.

Also, there's a dude at my gym who wears shower shoes instead of regular shoes.  Grosses me out.",https://www.reddit.com/r/AskMen/comments/5zokia/what_is_the_dumbest_thing_youve_seen_while//df0ciet/,-0.106,0.08795626,0.002317429,0.030890211,0.005771666,0.031697463,0.008582866,1489679211.0,1,0,0,SortedN2Slytherin,15,184,12993.0,160766.0,173958
5zokia,df0dz0c,"It depends on who you ask and what you care about. If you ask someone like my brother, who really just wants to show off at the gym and lift more weight than anyone no matter what, disregard form.

If you ask someone like me, who lifts to be healthy, lose weight, and strengthen their body, form is everything. The difference is that the first group of people tend to get hurt a lot and develop long term problems- but hey, its all worth it so you could lift 4 pounds more than me.",https://www.reddit.com/r/AskMen/comments/5zokia/what_is_the_dumbest_thing_youve_seen_while//df0dz0c/,-0.043,0.05378982,0.001983643,0.029460056,0.006807606,0.02103047,0.007883795,1489680799.0,1,0,0,puttputt_in_thebutt,41,0,2006.0,25398.0,27445
5zokia,df0x7p0,"> pushing yourself too hard

God forbid you actually push yourself to get better. ",https://www.reddit.com/r/AskMen/comments/5zokia/what_is_the_dumbest_thing_youve_seen_while//df0x7p0/,-0.125,0.055274166,0.001983643,0.01490822,0.005549679,0.018258847,0.007353018,1489701217.0,2,0,0,Red_Swingline_,237,0,7981.0,126634.0,134852
5zokia,df0xi6d,I don't see how trying to push your limits so fast you have to sacrifice form and risk injury is good unless time is a factor. ,https://www.reddit.com/r/AskMen/comments/5zokia/what_is_the_dumbest_thing_youve_seen_while//df0xi6d/,-0.146,0.022374803,0.001049042,0.010962827,0.001609407,0.008652883,0.010265815,1489701550.0,1,0,0,Corgiwiggle,0,0,,,0
