post_id,comment_id,txt,url,offensiveness_score,Toxicity,Severe Toxicity,Profanity,Identity Attack,Insult,Threat,created,score,total_awards_received,controversiality,user,user_awardee_karma,user_awarder_karma,user_link_karma,user_comment_karma,user_total_karma
89k86x,dwrt1jr,"Had he been vaccinated to begin with, she'd have blamed that for the kidney failure. So sad.",https://imgur.com/a/k0wEk/dwrt1jr/,0.0,0.09958932,0.002193451,0.014600786,0.006178642,0.032799274,0.007598988,1522810093.0,141,0,0,[deleted],,,,,
89k86x,dwsb80u,"I agree with you, child services should take kids from their mother in cases like this.
And if by any case they kill someone because they refuse to vaccinate, they should be charged with Biological Terrorism. People like this should be made an example of.

This sounded a lot less like a dystopian scenario in my head...",https://imgur.com/a/k0wEk/dwsb80u/,0.271,0.21776234,0.010910034,0.03239325,0.021786476,0.061801232,0.29205206,1522839193.0,89,0,0,Markswell_Fritz,0.0,0.0,8.0,23606.0,23614.0
89k86x,dwskdi2,"That was my favorite part of reading that. Actually, that was the only good part at all. These people scare me.",https://imgur.com/a/k0wEk/dwskdi2/,-0.104,0.147767,0.004119873,0.050930742,0.0103594,0.03423163,0.012130005,1522850768.0,52,0,0,Mortimire,112.0,0.0,1810.0,1341.0,3263.0
89k86x,dwte155,"Right? Like, on paper it seems obvious. But it'd be way too hard to implement it. I still want mandatory vaccines though. My husband's grandmother is due to turn 90 next year, and I would be furious if an anti vaxxer was the reason she got sick and died before then.",https://imgur.com/a/k0wEk/dwte155/,-0.208,0.1460314,0.006637573,0.06746418,0.024198212,0.045593183,0.0347677,1522875847.0,34,0,0,[deleted],,,,,
89k86x,dww8b23,I noticed that as well. Like what the fuck are they giving or not giving to their kids that causes kidney failure?,https://imgur.com/a/k0wEk/dww8b23/,0.688,0.7510937,0.20067264,0.8086746,0.033269364,0.34135336,0.01187109,1522986495.0,64,0,0,GirlGamer7,262.0,0.0,5030.0,130695.0,135987.0
89k86x,dww9moh,“Has anyone checked his titters?” That’s an amazing typo. ,https://imgur.com/a/k0wEk/dww9moh/,0.083,0.60152835,0.02453801,0.47435758,0.014450782,0.15769513,0.010421164,1522988067.0,4,0,0,threewholemarijuanas,0.0,27.0,6446.0,29792.0,36265.0
89k86x,dwyrekl,Everyone in that comment thread had the collective intelligence of a brick wall - the dumbass comments alone tell me that - not one of them got it right.,https://imgur.com/a/k0wEk/dwyrekl/,0.312,0.6407703,0.032316983,0.39498812,0.033527173,0.65231085,0.010990778,1523107705.0,3,0,0,StoleCapsShield,65.0,76.0,136.0,3538.0,3815.0
