post_id,comment_id,txt,url,offensiveness_score,Toxicity,Severe Toxicity,Profanity,Identity Attack,Insult,Threat,created,score,total_awards_received,controversiality,user,user_awardee_karma,user_awarder_karma,user_link_karma,user_comment_karma,user_total_karma
7my444,drxjs8p,"I've never had a one night stand, but I'm not sure I'd want to. I prefer sex with people I've got a vested interest in.

The closest to a ONS I've had involved a weekend with this woman that I turned out to have no interest in, and that cemented my disinterest in further casual hook-ups.",https://www.reddit.com/r/AskMen/comments/7my444/men_of_reddit_how_many_of_you_have_never_had_a//drxjs8p/,-0.021,0.3972142,0.022452017,0.33453682,0.038167715,0.058475737,0.012596053,1514592366.0,399,0,0,VincentGrayson,204.0,0.0,1.0,165421.0,165626.0
7my444,drxkq9w,[deleted],https://www.reddit.com/r/AskMen/comments/7my444/men_of_reddit_how_many_of_you_have_never_had_a//drxkq9w/,0.174,,,,,,,1514593600.0,0,0,1,[deleted],,,,,
7my444,drxlaek,"Well yeah but I don't really know why I didn't do it. It's not really a choice since if I had the choice now to have her magically appear and have sex, or if I were in that situation again I don't see why I wouldn't do it.",https://www.reddit.com/r/AskMen/comments/7my444/men_of_reddit_how_many_of_you_have_never_had_a//drxlaek/,0.104,0.36456755,0.013995127,0.28249276,0.013345404,0.03158728,0.011353259,1514594343.0,8,0,0,[deleted],,,,,
7my444,drxny24,Isn’t pre marital sex punishable in the Middle East? Do you have tinder there or how do you meet?,https://www.reddit.com/r/AskMen/comments/7my444/men_of_reddit_how_many_of_you_have_never_had_a//drxny24/,0.271,0.3286776,0.010147095,0.114160895,0.051808115,0.04207976,0.012181788,1514597749.0,3,0,0,paqqqqqqqqg,0.0,0.0,,,0.0
7my444,drxosz2,"I’m the same. Everyone is different and everyone has their own ideas about sex and what makes it best. I’d rather have it be making love than just sex. I want a connection and I like sex to be something amazing that really seals a connection with someone. Also, it’s not by choice.",https://www.reddit.com/r/AskMen/comments/7my444/men_of_reddit_how_many_of_you_have_never_had_a//drxosz2/,-0.062,0.36043653,0.01935331,0.2980872,0.021987455,0.031036375,0.009955117,1514598845.0,43,0,0,fjbruzr,1878.0,55.0,319758.0,53586.0,375277.0
7my444,drxqre7,"I wouldn't worry too much about it. ONS's aren't all they're cracked up to be. It's mostly something for some guys to brag/exaggerate about. Sex is better, or at least less risky, when it's with someone you've already known for a bit and like. I can see how some people might find it thrilling, but eh, not my cup of tea. ",https://www.reddit.com/r/AskMen/comments/7my444/men_of_reddit_how_many_of_you_have_never_had_a//drxqre7/,0.083,0.33836752,0.013801457,0.2356715,0.029660052,0.058475737,0.011379151,1514601337.0,201,0,0,tomwithweather,96.0,245.0,8317.0,27504.0,36162.0
7my444,drxuhhl,"Hahaha at the “I’m fine with mush” - whoever it was sounds like a cool person

I’ve had this a couple times, when suuuuper drunk. Can’t help but laugh about it though, what’s life if you can’t take the piss out of yourself.

Don’t beat yourself up about it, happens to the best/worst of us :)",https://www.reddit.com/r/AskMen/comments/7my444/men_of_reddit_how_many_of_you_have_never_had_a//drxuhhl/,-0.25,0.3666224,0.023076924,0.36452284,0.031980325,0.20434737,0.015947454,1514606171.0,17,0,0,TheDooganGoblin,0.0,0.0,41.0,5318.0,5359.0
7my444,drya66s,"> Of course that does happen, but that’s not exclusive to males. 

Sex is mostly women's market. I mean demand on it from guy's side is huge (horniness), but supply from yours...not so much. I'm not saying women who enjoy ONS or sex without strings attached don't exist, but are more rare breed.",https://www.reddit.com/r/AskMen/comments/7my444/men_of_reddit_how_many_of_you_have_never_had_a//drya66s/,0.146,0.3974717,0.020902663,0.24438259,0.18158256,0.08459369,0.00967031,1514640392.0,5,0,1,HNTI,283.0,8.0,52679.0,15407.0,68377.0
7my444,dryj4dh,"This is my boat. I like the believe I could pick up someone the same evening I met them though admittedly those knives are not particularly sharp...

I just much prefer to have sex with people who are already my friends.",https://www.reddit.com/r/AskMen/comments/7my444/men_of_reddit_how_many_of_you_have_never_had_a//dryj4dh/,-0.021,0.509388,0.024772761,0.40185395,0.035331827,0.07872037,0.07476458,1514653899.0,3,0,0,wtmh,737.0,0.0,,,737.0
7my444,drym1tf,"Never had it, never wanted it.  To me, love and sex go together.",https://www.reddit.com/r/AskMen/comments/7my444/men_of_reddit_how_many_of_you_have_never_had_a//drym1tf/,-0.021,0.39021665,0.015092585,0.29209393,0.010063417,0.026315894,0.009411395,1514657426.0,1,0,0,gvs77,0.0,0.0,581.0,6745.0,7326.0
7my444,dryo220,"Had one once, but it kind of sucked. I’d like more chances, but it’s definitely an lack of ability, not a conscious choice.",https://www.reddit.com/r/AskMen/comments/7my444/men_of_reddit_how_many_of_you_have_never_had_a//dryo220/,0.152,0.5532103,0.023692908,0.541926,0.009915425,0.34237885,0.008246276,1514659818.0,1,0,0,68696c6c,196.0,147.0,1804.0,59956.0,62103.0
7my444,dryp24r,No. I wouldn’t like to. I’m not gonna pretend that sex has to be overly intimate but I certainly need to know them and like them as a person. Closest I continually come is having a one time fling with a female friend.,https://www.reddit.com/r/AskMen/comments/7my444/men_of_reddit_how_many_of_you_have_never_had_a//dryp24r/,0.104,0.33836752,0.013736901,0.26555094,0.035847444,0.031697463,0.009773877,1514661007.0,1,0,0,SirNedKingOfGila,1483.0,2603.0,1042.0,205512.0,210640.0
7my444,drypaoh,A little of both for me. Deep down inside I don't really think I want to though. My standards are too high and any girl who would be down for a one night stand with me would make me paranoid about the likelihood of her having some kind of STD. I'd much rather get to know someone before having sex with them. ,https://www.reddit.com/r/AskMen/comments/7my444/men_of_reddit_how_many_of_you_have_never_had_a//drypaoh/,0.062,0.4014846,0.023076924,0.357228,0.06613251,0.076185785,0.029415153,1514661289.0,1,0,0,[deleted],,,,,
7my444,drypsc4,Inability. Not even close to getting any sex. ,https://www.reddit.com/r/AskMen/comments/7my444/men_of_reddit_how_many_of_you_have_never_had_a//drypsc4/,0.25,0.45090583,0.01735206,0.2337357,0.010507392,0.082866095,0.010964886,1514661879.0,2,0,0,SnackeyG1,236.0,632.0,14743.0,94008.0,109619.0
7my444,dryqvbv,Well there are obvious reasons women aren't as open to ONS as men. There are just so many risk factors and not even rewards that make it worth it. ,https://www.reddit.com/r/AskMen/comments/7my444/men_of_reddit_how_many_of_you_have_never_had_a//dryqvbv/,-0.167,0.1269396,0.002746582,0.014395831,0.11976352,0.030375287,0.006388559,1514663151.0,3,0,0,[deleted],,,,,
7my444,drz0i0l,"Never, inability.  I've given up on having any sort of romantic or sexual connection with women.",https://www.reddit.com/r/AskMen/comments/7my444/men_of_reddit_how_many_of_you_have_never_had_a//drz0i0l/,0.104,0.33587718,0.010299683,0.15283443,0.08500996,0.054376744,0.009981008,1514675258.0,3,0,0,mojobytes,221.0,665.0,3472.0,91719.0,96077.0
