post_id,comment_id,txt,url,offensiveness_score,Toxicity,Severe Toxicity,Profanity,Identity Attack,Insult,Threat,created,score,total_awards_received,controversiality,user,user_awardee_karma,user_awarder_karma,user_link_karma,user_comment_karma,user_total_karma
9qy7f9,e8cmnnt,Basically every A Day To Remember song if I’m remembering correctly. You could do ‘something you’re the hammer...’ which is pretty fun if you’re into that kinda music,https://www.reddit.com/r/Guitar/comments/9qy7f9/question_im_looking_for_some_new_drop_c_songs_to//e8cmnnt/,-0.532,0.071337044,0.003128052,0.030389199,0.005586676,0.018967867,0.010369381,1540375580.0,8,0,0,willpluscookie,0.0,0.0,5196.0,226.0,5422.0
9qy7f9,e8cmwhz,you could just transpose drop D songs.,https://www.reddit.com/r/Guitar/comments/9qy7f9/question_im_looking_for_some_new_drop_c_songs_to//e8cmwhz/,-0.458,0.09438288,0.004386902,0.043165036,0.006955597,0.016936934,0.010964886,1540376065.0,11,0,0,[deleted],,,,,
9qy7f9,e8cmyvl,Quite a few songs off gojiras album the way of all flesh. Toxic garbage island is fun,https://www.reddit.com/r/Guitar/comments/9qy7f9/question_im_looking_for_some_new_drop_c_songs_to//e8cmyvl/,-0.25,0.36867723,0.018836858,0.14402086,0.036878675,0.21368977,0.010731863,1540376195.0,84,0,0,IVlorphine,0.0,0.0,,,0.0
9qy7f9,e8cn6dp,"Just checked them out and i quite like their music, will be looking into them thanks!",https://www.reddit.com/r/Guitar/comments/9qy7f9/question_im_looking_for_some_new_drop_c_songs_to//e8cn6dp/,-0.562,0.03357032,0.003166199,0.026454043,0.009545447,0.011540901,0.013217449,1540376590.0,17,0,0,FloppyPuncake,63.0,389.0,172.0,433.0,1057.0
9qy7f9,e8cnw34,[deleted],https://www.reddit.com/r/Guitar/comments/9qy7f9/question_im_looking_for_some_new_drop_c_songs_to//e8cnw34/,-0.167,,,,,,,1540377873.0,11,0,0,[deleted],,,,,
9qy7f9,e8co1iv,So I listened to both songs and Momento sounds pretty awesome and I'd love to learn it! If you're learning it form tabs could you please send me the link or if not I'll try find it thanks!,https://www.reddit.com/r/Guitar/comments/9qy7f9/question_im_looking_for_some_new_drop_c_songs_to//e8co1iv/,-0.326,0.022728346,0.002117157,0.02167175,0.006585619,0.009317887,0.010757755,1540378123.0,4,0,0,FloppyPuncake,63.0,389.0,172.0,433.0,1057.0
9qy7f9,e8co6va,"August burns red is pretty challenging and has an unlimited chest of riffs. Killswitch engage would be better for the melodic stuff. For anything else, just palm mute that bish and stick out your lower jaw ",https://www.reddit.com/r/Guitar/comments/9qy7f9/question_im_looking_for_some_new_drop_c_songs_to//e8co6va/,-0.125,0.3389984,0.023076924,0.1696208,0.036105253,0.097093195,0.30463433,1540378378.0,99,0,0,[deleted],,,,,
9qy7f9,e8coyq4,"I really enjoy august burns red and dont know why I've never thought of them, but thank you! and I should also take a menacing stance with that then and I can pull it off ",https://www.reddit.com/r/Guitar/comments/9qy7f9/question_im_looking_for_some_new_drop_c_songs_to//e8coyq4/,-0.125,0.30136615,0.02116089,0.1308005,0.039456755,0.056719027,0.2836219,1540379639.0,11,0,0,FloppyPuncake,63.0,389.0,172.0,433.0,1057.0
9qy7f9,e8cq9gy,"Toxic Garbage Island is loads of fun to play. Check out Oblivion by Mastodon as well. Leica by the Faceless is one of my favorite drop C songs to play. I think some System of a Down tracks are in drop C as well, I wanna say BYOB is? A lot of Periphery tracks are as well, I was working on Omega by them and it was cool, but got my strat recently after starting so it kinda fell off the radar. ",https://www.reddit.com/r/Guitar/comments/9qy7f9/question_im_looking_for_some_new_drop_c_songs_to//e8cq9gy/,-0.34,0.15766735,0.007972717,0.10363861,0.012842959,0.054376744,0.010990778,1540381541.0,15,0,0,Cptkrush,75.0,0.0,259.0,16599.0,16933.0
9qy7f9,e8ctu97,"I Heard It's The Softest Thing Ever and Start The Shooting by adtr are some of my favourites.  
You could also go a full step down (tuning the 6th string only up to D from drop C) and play some All That remains from the This Darkened Heart album, that's fun to play around with.",https://www.reddit.com/r/Guitar/comments/9qy7f9/question_im_looking_for_some_new_drop_c_songs_to//e8ctu97/,-0.354,0.08874765,0.00579834,0.04867618,0.007695554,0.018516673,0.036149003,1540385758.0,2,0,0,danksweater,50.0,0.0,3036.0,9932.0,13018.0
9qy7f9,e8cvtat,Quite a few of their newer songs are in Drop B if you want to mess around in that tuning as well.,https://www.reddit.com/r/Guitar/comments/9qy7f9/question_im_looking_for_some_new_drop_c_songs_to//e8cvtat/,-0.292,0.05304765,0.002117157,0.027273865,0.007066591,0.01625293,0.008893564,1540387753.0,4,0,0,PM_me_your__guitars,138.0,0.0,2943.0,232747.0,235828.0
9qy7f9,e8cwzzy,You Should Of Killed Me is easy and fun to play as well. ,https://www.reddit.com/r/Guitar/comments/9qy7f9/question_im_looking_for_some_new_drop_c_songs_to//e8cwzzy/,0.229,0.3127066,0.01935331,0.1110661,0.010951365,0.03885912,0.34804323,1540388878.0,5,0,0,WastelandSurvival,148.0,535.0,7468.0,5617.0,13768.0
9qy7f9,e8d12h0,All New Materials and Buttersnips too - man that first album had some great songs. ,https://www.reddit.com/r/Guitar/comments/9qy7f9/question_im_looking_for_some_new_drop_c_songs_to//e8d12h0/,-0.667,0.026617315,0.001316071,0.015898837,0.003311308,0.010742896,0.006925808,1540392426.0,6,0,0,[deleted],,,,,
9qy7f9,e8d7o4d,"I'm listening to mata hari right now lol, nice pick. Mata hari requires a 7 string, as it's the sole reason I bought one haha ",https://www.reddit.com/r/Guitar/comments/9qy7f9/question_im_looking_for_some_new_drop_c_songs_to//e8d7o4d/,-0.292,0.063423134,0.004024506,0.039657943,0.012441003,0.017936565,0.010058682,1540398291.0,2,0,0,Beardy_Will,534.0,54.0,2466.0,58418.0,61472.0
9qy7f9,e8dat0u,Bonus points for mentioning Converge!,https://www.reddit.com/r/Guitar/comments/9qy7f9/question_im_looking_for_some_new_drop_c_songs_to//e8dat0u/,-0.479,0.012817383,0.000681877,0.010911589,0.00189614,0.008234881,0.006304411,1540400741.0,6,0,0,stylechanger,36.0,71.0,3737.0,8220.0,12064.0
9qy7f9,e8dhrpc,Icarus lives was the reason I wanted and got a 7 string,https://www.reddit.com/r/Guitar/comments/9qy7f9/question_im_looking_for_some_new_drop_c_songs_to//e8dhrpc/,-0.375,0.10522962,0.006523132,0.03715288,0.012340514,0.016784932,0.030623792,1540405986.0,2,0,0,MoxofBatches,78.0,14.0,1734.0,141333.0,143159.0
9qy7f9,e8dvpv3,Cancer bats. Hail destroyer. Im in the middle of learning this and the intro is really fun. Plus the band is sick as fuccccck,https://www.reddit.com/r/Guitar/comments/9qy7f9/question_im_looking_for_some_new_drop_c_songs_to//e8dvpv3/,0.458,0.90451443,0.45895407,0.7246992,0.24462871,0.6306599,0.055270568,1540413681.0,2,0,0,dayvurrd,371.0,0.0,11684.0,12979.0,25034.0
9qy7f9,e8dxdlb,"I think there was a thread like this two days ago, Vomit in the Ball Pit by Red Vox is good and has a simple but fun solo",https://www.reddit.com/r/Guitar/comments/9qy7f9/question_im_looking_for_some_new_drop_c_songs_to//e8dxdlb/,-0.396,0.17891699,0.008468628,0.11230402,0.011247349,0.033239998,0.023199292,1540414980.0,1,0,0,[deleted],,,,,
9qy7f9,e8dzfyr,Queens of The Stone Age. ,https://www.reddit.com/r/Guitar/comments/9qy7f9/question_im_looking_for_some_new_drop_c_songs_to//e8dzfyr/,-0.688,0.035691574,0.001420975,0.015249812,0.006955597,0.01632893,0.007029374,1540416655.0,1,0,0,Fenderbender420,0.0,0.0,3462.0,5659.0,9121.0
9qy7f9,e8e2jab,"I think a lot of Dethklok songs use drop C, would defo recommend",https://www.reddit.com/r/Guitar/comments/9qy7f9/question_im_looking_for_some_new_drop_c_songs_to//e8e2jab/,-0.521,0.11150667,0.006294251,0.047173142,0.014953227,0.018581128,0.029587816,1540419267.0,1,0,0,charles938,175.0,289.0,449.0,640.0,1553.0
9qy7f9,e8e41cg,I think Bullet For My Valentine might provide enough of a challenge if you're looking for one. Mostly the albums The Poison and Scream Aim Fire.,https://www.reddit.com/r/Guitar/comments/9qy7f9/question_im_looking_for_some_new_drop_c_songs_to//e8e41cg/,-0.375,0.07608539,0.003089905,0.030138692,0.004051265,0.015492925,0.013702838,1540420608.0,1,0,0,[deleted],,,,,
9qy7f9,e8e7guc,"Seems like you have an abundance of selections, but in the spirit of beating dead horses, my favorite drop C songs to play:

1) Killswitch Engage - Fixation on the Darkness

2) As I Lay Dying - Through Struggle

3) Darkest Hour - Convalescense

4) Shadows Fall - The Power of I and I

5) The Agony Scene - We Bury Our Dead at Dawn

These are all relatively easy and extremely fun to play.

&#x200B;

Cheers!",https://www.reddit.com/r/Guitar/comments/9qy7f9/question_im_looking_for_some_new_drop_c_songs_to//e8e7guc/,-0.312,0.11202335,0.006408691,0.0569429,0.011247349,0.026315894,0.047835086,1540423839.0,3,0,0,MegaMorsels,0.0,0.0,13.0,42.0,55.0
9qy7f9,e8effb5,"A lot of metal core is in Drop C. 

August Burns Red’s songs are pretty tricky, but tons of fun to play.

A lot of Periphery’s 6 string songs are in Drop C as well.

Veil of Maya have a lot of songs in Drop B, if you can go lower.",https://www.reddit.com/r/Guitar/comments/9qy7f9/question_im_looking_for_some_new_drop_c_songs_to//e8effb5/,-0.312,0.020842785,0.001168251,0.014395831,0.003237312,0.009469888,0.007857903,1540431405.0,1,0,0,proudbastionmain,103.0,0.0,2477.0,8109.0,10689.0
9qy7f9,e8eo960,"A lot of awesome suggestions in this thread. If your top strings can handle it, tuning to C standard will allow you play most of The Sword’s albums. Their Age of Winters album is loads of fun to play and not too bad to pick up by ear! ",https://www.reddit.com/r/Guitar/comments/9qy7f9/question_im_looking_for_some_new_drop_c_songs_to//e8eo960/,-0.292,0.036870047,0.002670288,0.025087673,0.005438685,0.011160898,0.01052473,1540440006.0,1,0,0,[deleted],,,,,
9qy7f9,e8f8bfh,I think every 6 string song on all of periphery’s discography is in drop c and they are all challenging,https://www.reddit.com/r/Guitar/comments/9qy7f9/question_im_looking_for_some_new_drop_c_songs_to//e8f8bfh/,-0.255,0.11129999,0.004558563,0.03464781,0.011987305,0.02173949,0.010887212,1540472454.0,1,0,0,IToAsTI,0.0,0.0,32.0,108.0,140.0
9qy7f9,e8fk7k6,"Probably not what you're looking for but Nick Drake played a few of his songs in CGCFCE. 

It's all acoustic fingerstyle, but if you're looking for stuff that's electric it could open the door to letting some creativity flow and putting your own mark on it.",https://www.reddit.com/r/Guitar/comments/9qy7f9/question_im_looking_for_some_new_drop_c_songs_to//e8fk7k6/,-0.25,0.08320791,0.003585815,0.037403382,0.006881601,0.026702631,0.011482717,1540482928.0,1,0,0,screech_owl_kachina,1540.0,106.0,1332.0,302459.0,305437.0
9qy7f9,ehv55fw,The Crimson Armada made some really fun stuff in Drop C on their Guardians album. Good tremolo picking practice and some scales. ,https://www.reddit.com/r/Guitar/comments/9qy7f9/question_im_looking_for_some_new_drop_c_songs_to//ehv55fw/,-0.438,0.027560094,0.001497269,0.015113175,0.004088263,0.010438894,0.009592636,1551816902.0,1,0,0,Fuzation,0.0,0.0,1.0,3.0,4.0
