post_id,comment_id,txt,url,offensiveness_score,Toxicity,Severe Toxicity,Profanity,Identity Attack,Insult,Threat,created,score,total_awards_received,controversiality,user,user_awardee_karma,user_awarder_karma,user_link_karma,user_comment_karma,user_total_karma
8ga8nm,dya88r2,I seriously hope the US doesn't get roped into this.,https://www.nbcnews.com/news/mideast/israel-seems-be-preparing-war-iran-say-u-s-officials-n870051/dya88r2/,-0.5,0.08320791,0.002975464,0.024541125,0.011099357,0.01648093,0.03649433,1525202887.0,152,0,0,badassmthrfkr,270.0,0.0,3996.0,400328.0,404594.0
8ga8nm,dya9gnc,"I don't believe why there's still US politicians that want a war with Iran. I mean for fuck sake, it's not a small country with a small military. 

Attacking Iran directly the same way the US did with Iraq would be absolutely horrible for them. 


It's Iraq and Afghanistan on steroids.",https://www.nbcnews.com/news/mideast/israel-seems-be-preparing-war-iran-say-u-s-officials-n870051/dya9gnc/,0.625,0.55739564,0.16960317,0.5724795,0.37222284,0.40975618,0.13815513,1525203956.0,84,0,0,Pklnt,499.0,134.0,83.0,498254.0,498970.0
8ga8nm,dyacr7r,"Israel and the West sure as fuck do have airplanes..

And surface to air missiles can also be used as surface-to-surface missiles",https://www.nbcnews.com/news/mideast/israel-seems-be-preparing-war-iran-say-u-s-officials-n870051/dyacr7r/,0.542,0.7308154,0.3525603,0.7181329,0.4887047,0.40243408,0.26455072,1525206867.0,13,0,0,[deleted],,,,,
8ga8nm,dyaiv6k,"Israel has never aided the rebels lol. It is completely neutral in this war.

What Mattis said is that he can't think of any other purpose other than to **use them against Israel**. Stop twisting the argument or what he was saying.

Surface-to-air missiles are being sent into Syria. Who are they going to be used against. Israel. In what context? Who's to say. But the fact is that there is no other reason to use them other than against Israel.",https://www.nbcnews.com/news/mideast/israel-seems-be-preparing-war-iran-say-u-s-officials-n870051/dyaiv6k/,0.064,0.295883,0.014769804,0.14842765,0.23922618,0.1669316,0.039256934,1525212648.0,0,0,1,frosthowler,1567.0,0.0,14012.0,153441.0,169020.0
8ga8nm,dybhzp4,OK. So let's completely cut off all military aid and investment in Israel. Assure them that they'll never have help from the US or Europe again. And then see how comfortable they are with going to war. ,https://www.nbcnews.com/news/mideast/israel-seems-be-preparing-war-iran-say-u-s-officials-n870051/dybhzp4/,0.104,0.14950264,0.005302429,0.01893901,0.10221587,0.021352753,0.05203775,1525261871.0,3,0,0,Asgard_Thunder,15.0,0.0,,,15.0
8ga8nm,dybkevn,What have I missed between Iran and Israel?  I haven't really seen those 2 in the news together much,https://www.nbcnews.com/news/mideast/israel-seems-be-preparing-war-iran-say-u-s-officials-n870051/dybkevn/,-0.167,0.08479069,0.00333786,0.023311393,0.057492398,0.01617693,0.010239923,1525265220.0,1,0,0,IceColdKool,0.0,0.0,,,0.0
8ga8nm,dybs5o1,Fine with me. Let them fight their own battle. They can do whatever the fuck they want. They just shouldn't be getting US tax money anymore. ,https://www.nbcnews.com/news/mideast/israel-seems-be-preparing-war-iran-say-u-s-officials-n870051/dybs5o1/,0.688,0.6827122,0.16960317,0.7673477,0.035074018,0.36798462,0.05397744,1525273204.0,2,0,0,Asgard_Thunder,15.0,0.0,,,15.0
8ga8nm,dybsni4,"The US tax money they get isn't charity. They are getting it in exchange for Israel's innovation and intelligence. Also, it's such a miniscule amount that it isn't even felt",https://www.nbcnews.com/news/mideast/israel-seems-be-preparing-war-iran-say-u-s-officials-n870051/dybsni4/,-0.104,0.104795754,0.002574921,0.020920247,0.06613251,0.02373764,0.0069517,1525273654.0,0,0,0,BambaSamba,0.0,0.0,327.0,3685.0,4012.0
8ga8nm,dybwtzx,Would you like Russia to interfere without any inhibitons? Or would you like countries like Iran to get nuclear weapons?,https://www.nbcnews.com/news/mideast/israel-seems-be-preparing-war-iran-say-u-s-officials-n870051/dybwtzx/,0.062,0.1182615,0.004787445,0.015864678,0.04023018,0.017549826,0.08396416,1525277326.0,1,0,0,BambaSamba,0.0,0.0,327.0,3685.0,4012.0
8ga8nm,dyc29wj,"You would care. Iran has openly called for the desturction of both Israel and America. Them ONLY issuing threats is nothing but a dangerous conjecture on your part. They may very likely take action beyond threats if given the chance. 

Tell me, if WW3 happened, would you still not care?",https://www.nbcnews.com/news/mideast/israel-seems-be-preparing-war-iran-say-u-s-officials-n870051/dyc29wj/,0.125,0.27047762,0.012639442,0.073529124,0.14661247,0.08558089,0.1319513,1525282054.0,1,0,0,BambaSamba,0.0,0.0,327.0,3685.0,4012.0
8ga8nm,dyc33wb,Why won't it have that abillity? All it needs is a press of a button after it has constructed them. And do you think Israel getting erased off the face of the earth is where it will end? Have you heard of the MAD doctirine?,https://www.nbcnews.com/news/mideast/israel-seems-be-preparing-war-iran-say-u-s-officials-n870051/dyc33wb/,0.104,0.29405528,0.015931819,0.07320584,0.2795294,0.10294484,0.10389658,1525282775.0,1,0,0,BambaSamba,0.0,0.0,327.0,3685.0,4012.0
8ga8nm,dyc7nwm,"Was largely just a grammar joke.  The comma usage was particularly bad, so was trying to poke fun at that.",https://www.nbcnews.com/news/mideast/israel-seems-be-preparing-war-iran-say-u-s-officials-n870051/dyc7nwm/,-0.208,0.123468354,0.002555847,0.03389629,0.005031709,0.045593183,0.007288289,1525286689.0,1,0,0,cover-me-porkins,101.0,81.0,774.0,17798.0,18754.0
