post_id,comment_id,txt,url,offensiveness_score,Toxicity,Severe Toxicity,Profanity,Identity Attack,Insult,Threat,created,score,total_awards_received,controversiality,user,user_awardee_karma,user_awarder_karma,user_link_karma,user_comment_karma,user_total_karma
9vk6p7,e9cvb50,"* Marshmallows are disgusting.
* Whipped cream is consistent with the base of the hot chocolate so it does not change the core of the drink when added.  (Hot chocolate is made with milk as is whipped cream).
* Marshmallows add a texture that is not necessary for the enjoyment of hot chocolate whereas whipped cream more seamlessly blends in.
* Marshmallows are really disgusting.

edit: ""not""",https://www.reddit.com/r/changemyview/comments/9vk6p7/cmv_marshmallows_are_a_superior_hot_chocolate//e9cvb50/,-0.271,0.3389984,0.017481172,0.22622968,0.028418748,0.26957804,0.008090926,1541770732.0,257,0,0,Mr-Ice-Guy,0.0,0.0,194.0,3097.0,3291.0
9vk6p7,e9cy8jo,Marshmallows being disgusting is entirely a point of taste.  I happen to love them.,https://www.reddit.com/r/changemyview/comments/9vk6p7/cmv_marshmallows_are_a_superior_hot_chocolate//e9cy8jo/,-0.438,0.26104406,0.007362366,0.11477985,0.011543332,0.15236975,0.007288289,1541773541.0,160,0,0,atrueamateur,65.0,0.0,11358.0,168592.0,180015.0
9vk6p7,e9cydtx,Marshmallow superiority is highly dependent on taste too so the entire premise is a wash?,https://www.reddit.com/r/changemyview/comments/9vk6p7/cmv_marshmallows_are_a_superior_hot_chocolate//e9cydtx/,-0.479,0.09611836,0.002164841,0.022969801,0.014149316,0.027476108,0.006731622,1541773669.0,57,0,0,Mr-Ice-Guy,0.0,0.0,194.0,3097.0,3291.0
9vk6p7,e9cygat,"You'll notice none of my reasons related to taste.  I also love whipped cream, but the practical aspects of using marshmallows over whipped cream make them superior.",https://www.reddit.com/r/changemyview/comments/9vk6p7/cmv_marshmallows_are_a_superior_hot_chocolate//e9cygat/,-0.167,0.030270588,0.001344681,0.015318131,0.003422302,0.012528907,0.007534259,1541773731.0,69,0,0,atrueamateur,65.0,0.0,11358.0,168592.0,180015.0
9vk6p7,e9czanz,"The same practical aspects could apply to something like tomato paste but that clearly does not taste good in a hot chocolate so clearly the taste is important.  

I could create a non-spoiling, perfectly measurable, soluble supper additive that has no taste and we would not be arguing about its superiority.",https://www.reddit.com/r/changemyview/comments/9vk6p7/cmv_marshmallows_are_a_superior_hot_chocolate//e9czanz/,-0.196,0.045378547,0.001716614,0.020442016,0.004291751,0.019354604,0.007482476,1541774483.0,21,0,0,Mr-Ice-Guy,0.0,0.0,194.0,3097.0,3291.0
9vk6p7,e9d1yo3,"The practical aspects of using water over marshmallows makes water far superior.

- Water is more available. Many times people are preparing hot chocolate somewhere with water, whereas marshmallow availability may be limited.

- Water immediately mixes into the hot chocolate. Marshmallows will sit on top until they melt, which takes far longer, at which point your hot chocolate is, at best, warm chocolate.

- It's easier to measure the amount of water used rather than the amount of marshmallow.",https://www.reddit.com/r/changemyview/comments/9vk6p7/cmv_marshmallows_are_a_superior_hot_chocolate//e9d1yo3/,-0.271,0.022139108,0.001106262,0.013883443,0.002330865,0.011958904,0.006841661,1541776825.0,56,0,0,chooxy,380.0,0.0,2351.0,266643.0,269374.0
9vk6p7,e9d3uqy,Note: hot chocolate is not universally made with milk and the contention of a consistent base is therefore flawed.,https://www.reddit.com/r/changemyview/comments/9vk6p7/cmv_marshmallows_are_a_superior_hot_chocolate//e9d3uqy/,-0.333,0.03781283,0.001196861,0.015659723,0.0034593,0.015112923,0.006835188,1541778407.0,2,0,0,whatwatwhutwut,0.0,0.0,1946.0,45850.0,47796.0
9vk6p7,e9d5bod,"As OP has stated, they like the taste of both whipped cream and marshmallows so taste of additive is not relevant for this CMV.  Stop changing the basis of the argument, this is simply whipped cream vs. marshmallows for practical addition to hot chocolate. ",https://www.reddit.com/r/changemyview/comments/9vk6p7/cmv_marshmallows_are_a_superior_hot_chocolate//e9d5bod/,-0.438,0.05131592,0.001440048,0.014634945,0.002460358,0.025413504,0.006686311,1541779606.0,-1,0,0,LivingintheEdge,0.0,0.0,181.0,1289.0,1470.0
9vk6p7,e9d68kr,"Water is irrelevant to the discussion. The products to be compared are marshmallows and whipped cream, not marshmallows and water or whipped cream and water. ",https://www.reddit.com/r/changemyview/comments/9vk6p7/cmv_marshmallows_are_a_superior_hot_chocolate//e9d68kr/,-0.354,0.025792383,0.000967979,0.013405213,0.003496297,0.011806903,0.00661511,1541780345.0,1,0,0,Criminal_of_Thought,184.0,1046.0,774.0,67723.0,69727.0
9vk6p7,e9d7o3o,"I would agree with you except for one thing.  The argument seems to be that marshmallows and whipped cream are similarly delicious hot chocolate toppings and so the availability of marshmallows makes gives them the edge.  However, water and marshmallows are not similarly delicious hot chocolate toppings.",https://www.reddit.com/r/changemyview/comments/9vk6p7/cmv_marshmallows_are_a_superior_hot_chocolate//e9d7o3o/,-0.292,0.025910228,0.001163483,0.015830519,0.002959829,0.014504919,0.006815769,1541781467.0,3,0,0,androgynyjoe,160.0,0.0,2248.0,56741.0,59149.0
9vk6p7,e9d9ssv,"No, no, no, because his viewpoint comes from a position of loving the flavor of both, so assuming neither is superior in flavor, he posits that marshmallows are superior overall. 


Therefore, to refute his specific view, you must argue under the assumption that both are equal in flavor. You attempt to undermine the premise of his argument, which nullifies the whole discussion, and does not in the end, change his view.


^(also P.S. marshmallows are clearly superior)",https://www.reddit.com/r/changemyview/comments/9vk6p7/cmv_marshmallows_are_a_superior_hot_chocolate//e9d9ssv/,-0.167,0.20195828,0.005722046,0.053435806,0.030691283,0.0820023,0.00915248,1541783171.0,13,0,0,MattJonMar,88.0,93.0,1099.0,3598.0,4878.0
9vk6p7,e9daxtc,"Marshmallows get more disgusting when you start thinking about what's in them...boiled animal cartilage isn't exactly appetizing.

Also, presenting the false dichotomy between marshmallows and whipped cream completely disregards the best thing to add to hot chocolate...peppermint schnapps!",https://www.reddit.com/r/changemyview/comments/9vk6p7/cmv_marshmallows_are_a_superior_hot_chocolate//e9daxtc/,-0.292,0.22712809,0.004692078,0.059447967,0.006363631,0.16337912,0.007210615,1541784065.0,8,0,0,tablair,551.0,0.0,4.0,58720.0,59275.0
9vk6p7,e9de8ak,"But you are still cooling your ""hot"" chocolate with whipped cream. Milk doesn't retain it's heat very well, so you end up with luke warm chocolate milk",https://www.reddit.com/r/changemyview/comments/9vk6p7/cmv_marshmallows_are_a_superior_hot_chocolate//e9de8ak/,-0.5,0.03969839,0.001945496,0.019758832,0.003181816,0.014200917,0.007184723,1541786612.0,3,0,0,oldmanjoe,33.0,0.0,,,33.0
9vk6p7,e9dgsjx,True but the best hot chocolate is so for consistency let's discuss marshmallow versus whipped cream with milk hot chocolate.,https://www.reddit.com/r/changemyview/comments/9vk6p7/cmv_marshmallows_are_a_superior_hot_chocolate//e9dgsjx/,-0.625,0.017718147,0.001020432,0.013985921,0.001748149,0.00812088,0.006848133,1541788652.0,1,0,0,Mr-Ice-Guy,0.0,0.0,194.0,3097.0,3291.0
9vk6p7,e9dhyn3,"I definitely do not agree with your assessment but I do grasp that it is the popularly held sentiment.

I stopped drinking dairy and everything with milk now nauseates me, so I know that isn't the norm. Haha",https://www.reddit.com/r/changemyview/comments/9vk6p7/cmv_marshmallows_are_a_superior_hot_chocolate//e9dhyn3/,-0.25,0.11479026,0.002746582,0.054437835,0.004846719,0.036104713,0.007171778,1541789584.0,3,0,0,whatwatwhutwut,0.0,0.0,1946.0,45850.0,47796.0
9vk6p7,e9di8p3,If the argument was that for the particular characteristics listed Marshmallows are superior then sure but I argue that it is a meaningless argument.  What makes practicality the bar for superiority particularly when food is concerned.  ,https://www.reddit.com/r/changemyview/comments/9vk6p7/cmv_marshmallows_are_a_superior_hot_chocolate//e9di8p3/,-0.083,0.049089402,0.001096726,0.013131939,0.00673361,0.02283525,0.00636914,1541789808.0,0,0,0,Mr-Ice-Guy,0.0,0.0,194.0,3097.0,3291.0
9vk6p7,e9dip86,"I think you're missing the point of this CMV. Look back at the title of the post. This is for discussion of whipped cream vs. marshmallows, nothing else. ",https://www.reddit.com/r/changemyview/comments/9vk6p7/cmv_marshmallows_are_a_superior_hot_chocolate//e9dip86/,-0.447,0.03781283,0.001044273,0.01309778,0.00294133,0.016784932,0.006789878,1541790167.0,3,0,0,LivingintheEdge,0.0,0.0,181.0,1289.0,1470.0
9vk6p7,e9dja2q,"What if the premise is ultimately flawed though?  I can say which is better apples or oranges then say the measurement of ""betterness"" is based on redness but that is not a useful premise. ",https://www.reddit.com/r/changemyview/comments/9vk6p7/cmv_marshmallows_are_a_superior_hot_chocolate//e9dja2q/,-0.333,0.051810697,0.001487732,0.015010698,0.01756594,0.02012808,0.007094103,1541790629.0,2,0,0,Mr-Ice-Guy,0.0,0.0,194.0,3097.0,3291.0
9vk6p7,e9djunj,"I do not see how I am answering anything but that?

These factors are all entirely subjective and to claim superiority seems impossible.  You can only do so by constraining the valuation to a set of characteristics at which point I think the whole argument is meaningless.",https://www.reddit.com/r/changemyview/comments/9vk6p7/cmv_marshmallows_are_a_superior_hot_chocolate//e9djunj/,0.0,0.08874765,0.00202179,0.022901481,0.011987305,0.03070583,0.007417747,1541791060.0,0,0,0,Mr-Ice-Guy,0.0,0.0,194.0,3097.0,3291.0
9vk6p7,e9dkymp,"If you think the argument is meaningless then why engage in it? Especially when your opinion is obviously biased by the fact that you don't like marshmallows.

People who enjoy both can have an objective discussion about the merits and pitfalls of each. When you chime in and immediately say marshmallows are disgusting then you are obviously making only a subjective argument and thus YOUR argument is meaningless, not the argument on whole. ",https://www.reddit.com/r/changemyview/comments/9vk6p7/cmv_marshmallows_are_a_superior_hot_chocolate//e9dkymp/,0.146,0.22043827,0.003013611,0.03990845,0.007510565,0.16751462,0.006899917,1541791909.0,2,0,0,LivingintheEdge,0.0,0.0,181.0,1289.0,1470.0
9vk6p7,e9dxnao,">Milk doesn't retain it's heat very well

What? Milk is like 99% water and it retains heat excellently.",https://www.reddit.com/r/changemyview/comments/9vk6p7/cmv_marshmallows_are_a_superior_hot_chocolate//e9dxnao/,-0.326,0.04240986,0.00246048,0.016103793,0.005327691,0.011806903,0.006634528,1541801903.0,1,0,0,luckyj,123.0,0.0,1813.0,16133.0,18069.0
9vk6p7,e9dz82k,"You know that Milk gets a skin if you heat it too much, right? 
I mean I purchased a machine that heats milk for hot chocolate and other heated milk drinks. I have that as high as it goes. While that is heating I boil water in the microwave, and pre-heat my contigo mug so it's as hot as possible. It still cools down fast. ",https://www.reddit.com/r/changemyview/comments/9vk6p7/cmv_marshmallows_are_a_superior_hot_chocolate//e9dz82k/,-0.298,0.07845957,0.003604889,0.030389199,0.004846719,0.024511116,0.009359611,1541803230.0,2,0,0,oldmanjoe,33.0,0.0,,,33.0
9vk6p7,e9e5qmk,"Well, skimming the skin off a jar of nipple discharge isn’t much better.

Oh god. Peppermint schnapps in chocolate milk / hot chocolate. How could I have forgotten.

If you haven’t yet, try some mulled red wine this winter. ",https://www.reddit.com/r/changemyview/comments/9vk6p7/cmv_marshmallows_are_a_superior_hot_chocolate//e9e5qmk/,-0.208,0.39231625,0.023076924,0.33453682,0.02037963,0.07935401,0.021127338,1541809489.0,4,0,0,mule_roany_mare,3025.0,354.0,7970.0,244241.0,255590.0
9vk6p7,e9e7mog,In what world does marshmallows melt faster then cream? I work in a cafe and we only serve whipped cream on cold things,https://www.reddit.com/r/changemyview/comments/9vk6p7/cmv_marshmallows_are_a_superior_hot_chocolate//e9e7mog/,-0.396,0.08241652,0.003261566,0.041160982,0.00776955,0.015492925,0.008608758,1541811428.0,1,0,0,FlashFox24,132.0,93.0,3125.0,11963.0,15313.0
9vk6p7,e9e83z7,Whipped cream is suitable for vegetarians but marshmallows tend not to be. ,https://www.reddit.com/r/changemyview/comments/9vk6p7/cmv_marshmallows_are_a_superior_hot_chocolate//e9e83z7/,-0.562,0.022610499,0.000920296,0.012277958,0.006992595,0.010704896,0.006401504,1541811940.0,1,0,0,emilybally,35.0,0.0,52.0,8.0,95.0
9vk6p7,e9e92l0,"I'll add one point to this; when I get hot chocolate to go, the marshmallows my local café uses are too big to fit through the drinking hole in the lid. I'm walking so I don't want to open the lid and risk burning myself by spilling it, so if I got marshmallows I'd be stuck with no way of eating them unless they melted. In that scenario, whipped cream is a better topping.",https://www.reddit.com/r/changemyview/comments/9vk6p7/cmv_marshmallows_are_a_superior_hot_chocolate//e9e92l0/,-0.37,0.036870047,0.002012253,0.025087673,0.00275634,0.013972916,0.009307829,1541812951.0,1,0,0,Shirdel,20.0,0.0,1254.0,2220.0,3494.0
9vk6p7,e9eaggr,Depends on whether you like eating hooves or not. ,https://www.reddit.com/r/changemyview/comments/9vk6p7/cmv_marshmallows_are_a_superior_hot_chocolate//e9eaggr/,-0.146,0.07212844,0.002365112,0.024677763,0.003718285,0.019032324,0.00951496,1541814419.0,1,0,0,[deleted],,,,,
9vk6p7,e9eaych,"Whip cream fills cup, hot chocolate poured in top. Bam.",https://www.reddit.com/r/changemyview/comments/9vk6p7/cmv_marshmallows_are_a_superior_hot_chocolate//e9eaych/,-0.5,0.10913446,0.00617981,0.06395709,0.004347248,0.018581128,0.008893564,1541814943.0,1,0,0,Sindelian,20.0,0.0,2137.0,32142.0,34299.0
9vk6p7,e9ecgvp,Logistics aside whipped cream simply has a better taste and is more appealing to the senses,https://www.reddit.com/r/changemyview/comments/9vk6p7/cmv_marshmallows_are_a_superior_hot_chocolate//e9ecgvp/,-0.625,0.0438942,0.002365112,0.022969801,0.005586676,0.013820915,0.008103873,1541816540.0,1,0,0,xtheboard,74.0,0.0,397.0,12405.0,12876.0
9vk6p7,e9ee41p,"> You'll notice none of my reasons related to taste.

In that case, salt is a superior topping to both whipped cream and marshmallows:

* Salt is shelf stable and effectively never expires. In fact, it is anti-microbial.
* Salt is dense and uses space efficiently.
* Salt is cheap and widely available.
* Salt can be used for many other things such as making icy roads safer to drive on, food preservation, etc.",https://www.reddit.com/r/changemyview/comments/9vk6p7/cmv_marshmallows_are_a_superior_hot_chocolate//e9ee41p/,-0.292,0.042657252,0.001945496,0.017299367,0.002867334,0.019419061,0.007210615,1541818206.0,0,0,0,munificent,6318.0,4021.0,27818.0,379194.0,417351.0
9vk6p7,e9eg1pr,Best of both worlds use fluff,https://www.reddit.com/r/changemyview/comments/9vk6p7/cmv_marshmallows_are_a_superior_hot_chocolate//e9eg1pr/,-0.458,0.102626406,0.003490448,0.04141149,0.011321344,0.024768941,0.008608758,1541820243.0,1,0,0,Mastermachetier,20.0,0.0,3920.0,22604.0,26544.0
9vk6p7,e9egljb,People put whipped cream on hot chocolate? That sounds disgusting. ,https://www.reddit.com/r/changemyview/comments/9vk6p7/cmv_marshmallows_are_a_superior_hot_chocolate//e9egljb/,-0.021,0.3974717,0.010375977,0.15019037,0.013144426,0.40243408,0.00866054,1541820827.0,1,0,0,SilenceOfAutumn,299.0,0.0,12233.0,12414.0,24946.0
9vk6p7,e9egusy,Whipped cream is cooler since it’s in the fridge. It also blends with the chocolate a lot more since it’s a really light foam to begin with. It’s taste goes along with hot chocolate better IMO.,https://www.reddit.com/r/changemyview/comments/9vk6p7/cmv_marshmallows_are_a_superior_hot_chocolate//e9egusy/,-0.489,0.015519086,0.00128746,0.016957775,0.003015325,0.007569877,0.007495422,1541821103.0,1,0,0,[deleted],,,,,
9vk6p7,e9ehmbu,I would only argue that whip cream makes for a better presentation.,https://www.reddit.com/r/changemyview/comments/9vk6p7/cmv_marshmallows_are_a_superior_hot_chocolate//e9ehmbu/,-0.521,0.051810697,0.002403259,0.023789622,0.005216698,0.016556932,0.008945347,1541821957.0,1,0,0,AimsForNothing,0.0,0.0,4454.0,6423.0,10877.0
9vk6p7,e9eikqi,"While whipped cream may take longer to dissolve, it provides significant benefits even before it dissolved by bringing the temperature of the beverage down from “will burn your tongue” to “hot but drinkable”.  As evidence I present Starbucks hot lattes.  With whip, I can begin drinking immediately with minimal risk of burning, however without whip I will inevitably burn my tongue due to a lack of patience.  This instant drinkability allows you to consume the hot cocoa while it is still hot without burning yourself, therefore it is clearly superior.  In addition, using whipped cream from a can gives you the added opportunity to take a shot of straight whipped cream which is significantly more enjoyable than a couple of extra marshmallows, seeing as the marshmallows that one would use for hot cocoa are generally lower quality ",https://www.reddit.com/r/changemyview/comments/9vk6p7/cmv_marshmallows_are_a_superior_hot_chocolate//e9eikqi/,-0.375,0.06381883,0.0025177,0.022969801,0.002404861,0.019161236,0.017328756,1541823083.0,1,0,0,wholock1729,0.0,0.0,1873.0,6371.0,8244.0
9vk6p7,e9eimbo,"Whipped cream is so much more versatile when it comes to flavoring.  If you make it yourself you can add: coffee syrup, bourbon, maple syrup, orange zest, vanilla, dark rum, smore shnops, or whatever flavors you want to add.  With marshmallows you get marshmallow flavor and that's it.  

Regardless, of the arguments presented here, including mine, I'm going to challenge your premise that there is a best hot chocolate topper that works for everyone.  That's a bullshit premise.  It's your hot chocolate, put whatever the hell you want into it, and let other people have their hot chocolate however they want it. To each their own, but don't be afraid to try out someone else's way just in case they're on to something.",https://www.reddit.com/r/changemyview/comments/9vk6p7/cmv_marshmallows_are_a_superior_hot_chocolate//e9eimbo/,-0.062,0.40060925,0.023076924,0.46460027,0.011987305,0.2817503,0.009903334,1541823136.0,1,0,0,Kalkaline,1742.0,754.0,16571.0,367138.0,386205.0
9vk6p7,e9ej94n,Wtf is wrong with people? Hot chocolate doesn't need a topping. Jfc. ,https://www.reddit.com/r/changemyview/comments/9vk6p7/cmv_marshmallows_are_a_superior_hot_chocolate//e9ej94n/,0.149,0.5140397,0.026936848,0.5711371,0.016762028,0.1935001,0.008971239,1541823913.0,1,0,0,[deleted],,,,,
9vk6p7,e9emggh,"IMHO, it depends on the chocolate used. If the chocolate is not sweet, marshmallow might be better.

But if the chocolate is sweet, whipped cream is obviously better, to mellow it down.

&#x200B;

Putting marshmellow into a sweet hot chocolate si the same as salting a cured bacon when baking.

&#x200B;

That is at least the case here in europe, where whipped cream is not that sweet.",https://www.reddit.com/r/changemyview/comments/9vk6p7/cmv_marshmallows_are_a_superior_hot_chocolate//e9emggh/,-0.458,0.044636376,0.00243187,0.029888187,0.016862517,0.016860934,0.009825659,1541828091.0,1,0,0,Sheshirdzhija,148.0,0.0,3955.0,17089.0,21192.0
9vk6p7,e9esb2k,Whipped cream melts into the drink faster than marshmallows; also soggy marshmallows have a weird mouthfeel that some people can't deal with,https://www.reddit.com/r/changemyview/comments/9vk6p7/cmv_marshmallows_are_a_superior_hot_chocolate//e9esb2k/,-0.37,0.09394901,0.004119873,0.04592061,0.008842488,0.02122384,0.008945347,1541837918.0,1,0,0,hungry-hungry-stoner,75.0,0.0,6431.0,28961.0,35467.0
9vk6p7,e9etpb8,"Wrong.

 I always get hot chocolate from Starbucks, and from there you have two options:

> Mix the whipped cream with the hot chocolate to cool it down

>or drink all of the hot chocolate and enjoy cold whipped cream at the bottom.

 marshmallows suck because cold, sweet whipped cream taste so much better than marshmallows
And you can't drink marshmallows with a straw

",https://www.reddit.com/r/changemyview/comments/9vk6p7/cmv_marshmallows_are_a_superior_hot_chocolate//e9etpb8/,-0.304,0.2763787,0.015867263,0.2659008,0.008546505,0.07016616,0.008867673,1541840925.0,1,0,0,KingLogic22,0.0,51.0,4292.0,149.0,4492.0
9vk6p7,e9euxp9,"if you get distracted for some reason (urgent phone call, sudden house fire, etc.) you end up either with a soggy disgusting marshmallow, or creamy warm chocolate, which is still quite nice",https://www.reddit.com/r/changemyview/comments/9vk6p7/cmv_marshmallows_are_a_superior_hot_chocolate//e9euxp9/,-0.5,0.2786282,0.012833111,0.16869035,0.015154205,0.100019015,0.046541955,1541843692.0,1,0,0,ulpisen,382.0,1224.0,3785.0,112955.0,118346.0
9vk6p7,e9evndq,"False.
Marshmallows are disgusting, and you can't down a cocoa without those tiny snowman dicks going to town on your esophagus.


Whipped cream is smooth, adds better flavor, and you can add tons",https://www.reddit.com/r/changemyview/comments/9vk6p7/cmv_marshmallows_are_a_superior_hot_chocolate//e9evndq/,0.362,0.6744087,0.25053838,0.57488567,0.099899694,0.37392882,0.028206514,1541845196.0,1,0,0,toxiickid,46.0,153.0,,,199.0
9vk6p7,e9ewll3,"I think the key word you used was eventually.  Eventually the marshmallow will melt. I will be long done with my hot chocolate by the time it even gets softened. Maybe as an after drink treat but then you missed out on the cream and chocolate mix. Plus whipped cream has basically 3 ingredients if you make it at home, cream, powdered sugar and a bit of vanilla. Whereas marshmallow has about half a dozen or more. some, once you learn where it comes from, you might not want in your drink. ",https://www.reddit.com/r/changemyview/comments/9vk6p7/cmv_marshmallows_are_a_superior_hot_chocolate//e9ewll3/,-0.146,0.027442247,0.001325607,0.01764096,0.002145876,0.014808921,0.007573096,1541847221.0,1,0,0,LocalJim,559.0,536.0,8819.0,52465.0,62379.0
9vk6p7,e9ezm27,"If you drink it quickly, and the whipped cream is the real thick good stuff. Then it can be amazing. But it does melt quick which sucks. So get it down you. It's the difference.",https://www.reddit.com/r/changemyview/comments/9vk6p7/cmv_marshmallows_are_a_superior_hot_chocolate//e9ezm27/,-0.208,0.45703048,0.023458159,0.47435758,0.010951365,0.24928534,0.016120117,1541853086.0,1,0,0,[deleted],,,,,
9vk6p7,e9fytno,I feel like this kind of post should start a new sub just called imright. I didnt even know there could be a debate on this. ,https://www.reddit.com/r/changemyview/comments/9vk6p7/cmv_marshmallows_are_a_superior_hot_chocolate//e9fytno/,-0.271,0.04315203,0.002155304,0.024814399,0.008250522,0.014086916,0.009437286,1541884806.0,1,0,0,tripptx,53.0,0.0,119.0,273.0,445.0
9vk6p7,e9ojonp,"All these arguments, and my fat ass over here just asking; Why not both?",https://www.reddit.com/r/changemyview/comments/9vk6p7/cmv_marshmallows_are_a_superior_hot_chocolate//e9ojonp/,0.583,0.8540474,0.3492342,0.7673477,0.10221587,0.40243408,0.013528148,1542206088.0,1,0,0,DittoBuns,162.0,27.0,1665.0,3427.0,5281.0
