post_id,comment_id,txt,url,offensiveness_score,Toxicity,Severe Toxicity,Profanity,Identity Attack,Insult,Threat,created,score,total_awards_received,controversiality,user,user_awardee_karma,user_awarder_karma,user_link_karma,user_comment_karma,user_total_karma
c0hsjt,er4rhcm,"I got chicken pox at 19-20? Because my mom didn’t vaccinate me. 
I wouldn’t wish this on anyone

My mom’s reaction 
“I didn’t know you can end up in the hospital for chicken pox” 

Fuck You mom

Edit : thanks for silver 💕",https://i.redd.it/1z91qmldca431.jpg/er4rhcm/,0.596,0.85333383,0.5145575,0.8089582,0.13591312,0.5935568,0.16699752,1560506496.0,1586,1,0,theofficemom,0.0,0.0,1.0,3451.0,3452.0
c0hsjt,er5b3dx,"In my country we don't vaccinate for chicken pox, so virtually everybody has had it before 10 yo, I didn't know that it can be dangerous (at least they didn't vaccinate when I was younger)",https://i.redd.it/1z91qmldca431.jpg/er5b3dx/,-0.083,0.033334624,0.00166893,0.018187506,0.00899048,0.010856897,0.008608758,1560522221.0,4,0,0,bugdc,199.0,1984.0,9222.0,21237.0,32642.0
c0hsjt,er5cii7,"When I was a kid growing up in the 80s, mine and other kids were purposely given chicken pox by our parents.",https://i.redd.it/1z91qmldca431.jpg/er5cii7/,-0.188,0.04686289,0.001735687,0.020851927,0.004347248,0.017356457,0.007029374,1560523132.0,12,0,0,CatBoyTrip,635.0,640.0,10084.0,56448.0,67807.0
c0hsjt,er5fsfp,"Every Karen:

You are a child of hell, see! Those vaccines cause even more severe diseases!If you werent vaccinated like your brother you would've been totally fine!",https://i.redd.it/1z91qmldca431.jpg/er5fsfp/,0.34,0.6308517,0.2322463,0.39409557,0.10221587,0.5678696,0.04167421,1560525130.0,1,0,0,MarioDzh,0.0,0.0,1.0,67.0,68.0
c0hsjt,er5gwqn,I had chicken pox when I was 4 and I only had a few bumps. I don't think I was vaccinated even though I was born years after 1995.,https://i.redd.it/1z91qmldca431.jpg/er5gwqn/,-0.5,0.034277402,0.001821518,0.022354934,0.0051797,0.011540901,0.008026198,1560525797.0,2,0,0,[deleted],,,,,
c0hsjt,er5mne3,Nervous laughter from a country that doesn’t vaccinate against chicken pox.,https://i.redd.it/1z91qmldca431.jpg/er5mne3/,-0.064,0.15103401,0.003452301,0.014976538,0.05976611,0.058475737,0.007081157,1560529162.0,1,0,0,Sheepsheepsheepdog,0.0,267.0,4562.0,37896.0,42725.0
c0hsjt,er5ufet,"Jesus, I'm grateful I can't remember getting chicken pox as a baby. Apparently my whole body was covered. This was the 90s and I had been born right after the chicken pox vaccine became available. I never got the chance when I caught it.",https://i.redd.it/1z91qmldca431.jpg/er5ufet/,-0.229,0.06025757,0.003166199,0.028913507,0.010951365,0.016556932,0.007404801,1560533715.0,1,0,0,Carmalyn,1576.0,229.0,,,1805.0
c0hsjt,er5wgax,"You just rub a chicken on the spots. That’s why it’s called “chicken pox”, the clue is chicken. Chicken cures chicken pox.",https://i.redd.it/1z91qmldca431.jpg/er5wgax/,0.0,0.11036996,0.00459671,0.030639706,0.004643231,0.026444806,0.010136358,1560534904.0,0,0,0,starwarslegoguy,0.0,0.0,261.0,44.0,305.0
c0hsjt,er5zp4k,I believe sometimes if the virus is not detected and disposed of it'll give you the pox early but you will probably have a weaker form so your body will get rid of it,https://i.redd.it/1z91qmldca431.jpg/er5zp4k/,-0.255,0.07450261,0.003356934,0.032894265,0.00828752,0.015188923,0.017156094,1560536844.0,3,0,0,painlesskillerboy,18.0,0.0,299.0,7070.0,7387.0
c0hsjt,er5zq69,"Had chicken pox as kid in 1950s... still have scars, at 70.  I’ll never forget the burning, itching blisters.   Pox doesn’t care where it erupts on your body.",https://i.redd.it/1z91qmldca431.jpg/er5zq69/,-0.229,0.07371122,0.002803803,0.020032106,0.003292809,0.019547975,0.010990778,1560536861.0,1,0,0,ax2usn,13.0,0.0,1251.0,35753.0,37017.0
c0hsjt,er63o0f," I’ve never had chicken pox, and now I gotta get the vaccine again in August oof",https://i.redd.it/1z91qmldca431.jpg/er63o0f/,-0.479,0.08479069,0.003795624,0.029050145,0.007917541,0.017163089,0.00933372,1560539251.0,2,0,0,SnowiiYT,15.0,67.0,9599.0,15202.0,24883.0
c0hsjt,er649uj,"25-year-old now. My parents were anti-vax, I always thought I was mostly safe because I made it out of childhood.
I had a little lump in my throat reading this... I've never had chicken pox... Am I gonna die? lol",https://i.redd.it/1z91qmldca431.jpg/er649uj/,0.128,0.24763705,0.011138916,0.096805766,0.015757138,0.06529768,0.07093142,1560539623.0,2,0,0,3dJoel,60.0,18.0,1816.0,2919.0,4813.0
c0hsjt,er6bn5g,All us kids got chicken pox from a adult.,https://i.redd.it/1z91qmldca431.jpg/er6bn5g/,-0.125,0.16245349,0.006904602,0.07514556,0.013345404,0.045593183,0.008336896,1560544130.0,1,0,0,DarkDayzInHell,1240.0,859.0,9511.0,44287.0,55897.0
c0hsjt,er6dgkn,In Belgium we don't vaccinate for chicken pox... But if my kids don't get it naturally by the time they're 5-6 I will go vaccinate them.,https://i.redd.it/1z91qmldca431.jpg/er6dgkn/,-0.104,0.05799546,0.00284195,0.023516348,0.028886627,0.01617693,0.009592636,1560545261.0,1,0,0,WhammyShimmyShammy,342.0,0.0,3084.0,20716.0,24142.0
c0hsjt,er6nx2i,It was super painful to eat or swallow. Pretty sure I only drank water and ate popsicles for a week lol.,https://i.redd.it/1z91qmldca431.jpg/er6nx2i/,-0.542,0.11739369,0.004997253,0.06195303,0.004217756,0.023479814,0.01052473,1560552211.0,2,0,0,CrashRiot,6276.0,44.0,246271.0,303517.0,556108.0
c0hsjt,er6o9ll,This is one hell of an Uno Reverse.,https://i.redd.it/1z91qmldca431.jpg/er6o9ll/,-0.271,0.3250515,0.014188796,0.2847897,0.01139534,0.08508729,0.009696201,1560552500.0,1,0,0,LilMuffi,0.0,0.0,4924.0,8411.0,13335.0
c0hsjt,er6qi38,"They may not have been exposed to it enough to catch when they were younger. It's not a built in time bomb, it's a disease you have to be exposed to.

And some people don't develope full immunities from vaccines. Or the immunity wears off sooner than ideal. Which is why you caught chicken pox after being vaccinated and why I have to take the MMR vaccine. Immunities aren't binary, it's not that you are immune or you're not. Immunities are a spectrum.",https://i.redd.it/1z91qmldca431.jpg/er6qi38/,-0.042,0.044883765,0.00202179,0.019143965,0.005364689,0.019934712,0.009230154,1560554376.0,2,0,0,morningsdaughter,357.0,0.0,1983.0,174326.0,176666.0
c0hsjt,er6sd68,Yeah thatd explain it. I was in 1994. I always wondered why I never got it.,https://i.redd.it/1z91qmldca431.jpg/er6sd68/,-0.417,0.019728716,0.00108242,0.015044857,0.003829278,0.008823884,0.006990537,1560555977.0,1,0,0,AnasFlowers,143.0,175.0,1011.0,4230.0,5559.0
c0hsjt,er79z2d,Shingles. Adult chicken pox is shingles.,https://i.redd.it/1z91qmldca431.jpg/er79z2d/,-0.128,0.17805049,0.006408691,0.06596114,0.010729378,0.071750276,0.007430693,1560572024.0,1,0,0,[deleted],,,,,
