post_id,comment_id,txt,url,offensiveness_score,Toxicity,Severe Toxicity,Profanity,Identity Attack,Insult,Threat,created,score,total_awards_received,controversiality,user,user_awardee_karma,user_awarder_karma,user_link_karma,user_comment_karma,user_total_karma
ascx8p,egtg44b,"When I think of a place I want to proliferate nuclear technology, its the middle east. Literally cannot go tits up.

Edit: Thanks for the gold! Where can I exchange this for enriched uranium?",https://oversight.house.gov/news/press-releases/multiple-whistleblowers-raise-grave-concerns-with-white-house-efforts-to/egtg44b/,0.333,0.47886392,0.08859174,0.44431314,0.06431354,0.16883044,0.053330876,1550600036.0,9657,1,0,mehman11,110.0,1973.0,3416.0,22309.0,27808.0
ascx8p,egttgho,"I, for one, look forward to invading Saudi Arabia in 40 years because of the nuclear program they've developed.

The cycle continues!",https://oversight.house.gov/news/press-releases/multiple-whistleblowers-raise-grave-concerns-with-white-house-efforts-to/egttgho/,0.042,0.3317266,0.023076924,0.049678206,0.2869935,0.06442356,0.34804323,1550608961.0,651,0,0,NuclearInitiate,0.0,0.0,191.0,57996.0,58187.0
ascx8p,egtuczn,Yeah God forbid if we actually pulled out of where we've been fighting for years !,https://oversight.house.gov/news/press-releases/multiple-whistleblowers-raise-grave-concerns-with-white-house-efforts-to/egtuczn/,-0.125,0.05131592,0.00202179,0.018529098,0.008250522,0.014960921,0.007702554,1550609535.0,0,0,0,WillHMuney,0.0,0.0,940.0,2351.0,3291.0
ascx8p,egtvwz7,"It's just starting to impact them and numbers are growing. 

Even a single snow flake is dangerous in an avalanche",https://oversight.house.gov/news/press-releases/multiple-whistleblowers-raise-grave-concerns-with-white-house-efforts-to/egtvwz7/,-0.146,0.026028076,0.001068115,0.011458136,0.002164375,0.010970897,0.007832011,1550610550.0,6,0,0,julbull73,3875.0,424.0,898.0,528686.0,533883.0
ascx8p,egtw77z,"Actually we can make water.  Pretty easily. 

Ignoring the extremely simple desalinzation plants many places use,  because that's just easy. 

We can just combine hydrogen and oxygen to produce power and water.  There are even places that do this combined with solar panels for power all day and night. 

Now I personally would go with the easy approach,  but hey we could go the crazy way. ",https://oversight.house.gov/news/press-releases/multiple-whistleblowers-raise-grave-concerns-with-white-house-efforts-to/egtw77z/,-0.333,0.102626406,0.002155304,0.029050145,0.002478856,0.043250903,0.007611934,1550610737.0,9,0,0,julbull73,3875.0,424.0,898.0,528686.0,533883.0
ascx8p,eguggj4,That last picture is scary.,https://oversight.house.gov/news/press-releases/multiple-whistleblowers-raise-grave-concerns-with-white-house-efforts-to/eguggj4/,-0.5,0.08795626,0.002145767,0.01620627,0.002719343,0.023093075,0.009437286,1550625513.0,1,0,0,Scientolojesus,1015.0,0.0,8081.0,525985.0,535081.0
ascx8p,eguw83l,"This. You kid, but they can easily use the book of Revelation to kill most of us and the right will happily go along because ""the bible said this would happen during the end times before Jesus' return!""",https://oversight.house.gov/news/press-releases/multiple-whistleblowers-raise-grave-concerns-with-white-house-efforts-to/eguw83l/,0.229,0.36095104,0.023076924,0.078378424,0.17925262,0.0654725,0.44942492,1550638276.0,3,0,0,equalsmcsq,34.0,0.0,15.0,9557.0,9606.0
ascx8p,egvf1pl,"You guys don't see the grand plan!

Secretly give them Weapons of Mass Destruction

""Oh No! A Terrorist attack happened in America I bet it was them Desert Folk!""

US Invades

""Look! See We told you they had WOMD! Now we can use ours!""

????

Profit!

**/s**
",https://oversight.house.gov/news/press-releases/multiple-whistleblowers-raise-grave-concerns-with-white-house-efforts-to/egvf1pl/,0.5,0.40336934,0.051147457,0.20592089,0.24150419,0.25007802,0.40348873,1550665110.0,2,0,0,metalflygon08,7752.0,17.0,32340.0,883905.0,924014.0
ascx8p,egvgpjb,"Honestly if the Saudis wanted nuclear weapons they could just buy/ lease them from the Pakistanis. Why put in the effort needed to transform a civilian nuclear program to a weapons program when you can just buy your way to the end product. Although admittedly the Saudis may be looking for a long term solution to their deterrence needs and taking the opportunity that Trump presents.

 I'm more concerned about the Trump administration going around US law (and the influence campaign that got us there) to transfer nuclear technology to the KSA.",https://oversight.house.gov/news/press-releases/multiple-whistleblowers-raise-grave-concerns-with-white-house-efforts-to/egvgpjb/,-0.021,0.1269396,0.004882813,0.02023706,0.07508347,0.036325075,0.03373172,1550667061.0,1,0,0,ManhattanThenBerlin,99.0,15.0,1767.0,24773.0,26654.0
ascx8p,egvhsjh,Wait whoa whoa whoa what the fuck what the fuck ,https://oversight.house.gov/news/press-releases/multiple-whistleblowers-raise-grave-concerns-with-white-house-efforts-to/egvhsjh/,0.739,0.88599813,0.38274905,0.90862066,0.029660052,0.35849577,0.011508608,1550668218.0,1,0,0,kabooozie,171.0,0.0,3413.0,37685.0,41269.0
ascx8p,egvsynv,"Don’t forget, Hillary sold 20% of our Uranium to Russia. This is all very scary. ",https://oversight.house.gov/news/press-releases/multiple-whistleblowers-raise-grave-concerns-with-white-house-efforts-to/egvsynv/,0.104,0.07371122,0.001459122,0.010689554,0.009693438,0.026444806,0.00679635,1550677489.0,-4,0,0,soundthealarm16,0.0,0.0,91.0,5149.0,5240.0
ascx8p,egw9te8,They want to nuke everyone and take over with their bull shit oppressive religion.  ,https://oversight.house.gov/news/press-releases/multiple-whistleblowers-raise-grave-concerns-with-white-house-efforts-to/egw9te8/,0.417,0.88599813,0.44787344,0.80158395,0.6007182,0.65231085,0.41878307,1550688801.0,1,0,0,[deleted],,,,,
ascx8p,egwzq8i,"WTF. How much more does he have to sell you out before you do *something*, America?",https://oversight.house.gov/news/press-releases/multiple-whistleblowers-raise-grave-concerns-with-white-house-efforts-to/egwzq8i/,0.229,0.53579444,0.030523606,0.57236236,0.04203484,0.24561718,0.011120236,1550706344.0,1,0,0,KudagFirefist,344.0,0.0,1442.0,74197.0,75983.0
ascx8p,eh23bhr,"So trump want iran and saudis to have nukes ?
Well that s gonna be a bang ^^",https://oversight.house.gov/news/press-releases/multiple-whistleblowers-raise-grave-concerns-with-white-house-efforts-to/eh23bhr/,0.229,0.34328604,0.023076924,0.12158839,0.12735364,0.076819435,0.29834318,1550870041.0,1,0,0,[deleted],,,,,
