post_id,comment_id,txt,url,offensiveness_score,Toxicity,Severe Toxicity,Profanity,Identity Attack,Insult,Threat,created,score,total_awards_received,controversiality,user,user_awardee_karma,user_awarder_karma,user_link_karma,user_comment_karma,user_total_karma
8k8c45,dz5miw2,what? what the fuck did i just read,https://www.reddit.com/r/AskReddit/comments/8k8c45/do_you_think_strange_women_lying_in_ponds//dz5miw2/,0.667,0.8778702,0.3529199,0.902047,0.019475231,0.3388922,0.009592636,1526596041.0,621,0,0,dankamine,0.0,0.0,976.0,3107.0,4083.0
8k8c45,dz5sa25,"found the millennial

so weird how people under a certain age have never watched any monty python
",https://www.reddit.com/r/AskReddit/comments/8k8c45/do_you_think_strange_women_lying_in_ponds//dz5sa25/,-0.167,0.104361884,0.003128052,0.026180768,0.024600167,0.02425329,0.0084793,1526602389.0,-26,0,0,normalperson12345,0.0,0.0,1.0,6398.0,6399.0
8k8c45,dz5t8ud,"Must be a late millennial, at 29 I’ve seen Holy Grail many a time buddy.",https://www.reddit.com/r/AskReddit/comments/8k8c45/do_you_think_strange_women_lying_in_ponds//dz5t8ud/,-0.167,0.055521555,0.002098084,0.016479544,0.012061302,0.019419061,0.007119995,1526603480.0,22,0,0,Fbhwnashfan,0.0,0.0,18.0,578.0,596.0
8k8c45,dz5wl2i,"Come see the violence inherent in the system!!

Come see the violence inherent in the system!!",https://www.reddit.com/r/AskReddit/comments/8k8c45/do_you_think_strange_women_lying_in_ponds//dz5wl2i/,0.083,0.28312725,0.012054443,0.04266402,0.021987455,0.034011267,0.2836219,1526607167.0,6,0,0,thorax509,519.0,0.0,1177.0,34799.0,36495.0
8k8c45,dz5xm1x,I've only ever watched a few MP sketches and clips. Which movie should I watch first?,https://www.reddit.com/r/AskReddit/comments/8k8c45/do_you_think_strange_women_lying_in_ponds//dz5xm1x/,-0.417,0.030859824,0.001955032,0.020373698,0.006696612,0.010020891,0.009773877,1526608322.0,1,0,0,PMmeagoodstory,53.0,143.0,986.0,1974.0,3156.0
8k8c45,dz5xwas,"Holy Grail is the most accessible, so start there. But all the movies are brilliant!",https://www.reddit.com/r/AskReddit/comments/8k8c45/do_you_think_strange_women_lying_in_ponds//dz5xwas/,-0.5,0.04067813,0.002479553,0.021330157,0.006400629,0.014276917,0.009023022,1526608637.0,1,0,0,MickeyArcher,0.0,0.0,15.0,742.0,757.0
8k8c45,dz62iqu,Monty Python. Watch all of it. The movies and the series. ,https://www.reddit.com/r/AskReddit/comments/8k8c45/do_you_think_strange_women_lying_in_ponds//dz62iqu/,-0.625,0.018095128,0.001344681,0.014839902,0.004384246,0.008291881,0.008867673,1526614087.0,-2,0,0,2sixzero,0.0,0.0,786.0,7867.0,8653.0
8k8c45,dz680f7,Monty Python and the Holy Grail broski,https://www.reddit.com/r/AskReddit/comments/8k8c45/do_you_think_strange_women_lying_in_ponds//dz680f7/,-0.521,0.044388983,0.002803803,0.022764845,0.007991537,0.01465692,0.008971239,1526622112.0,3,0,0,chasemeifyoucan,0.0,0.0,28.0,1162.0,1190.0
8k8c45,dz681g5,Is this in reference to some book TV show or movie?,https://www.reddit.com/r/AskReddit/comments/8k8c45/do_you_think_strange_women_lying_in_ponds//dz681g5/,-0.562,0.02048268,0.001001358,0.014669105,0.004624732,0.009241886,0.007301235,1526622163.0,1,0,0,svayam--bhagavan,55.0,0.0,,,55.0
8k8c45,dz684yj,ITT: A lot of people having a lot of fun quoting monty python.  And a few really confused people who never watched monty python.,https://www.reddit.com/r/AskReddit/comments/8k8c45/do_you_think_strange_women_lying_in_ponds//dz684yj/,-0.479,0.039226998,0.001077652,0.013371054,0.004624732,0.019032324,0.006647474,1526622332.0,3,0,0,Project2r,384.0,12.0,395.0,241122.0,241913.0
8k8c45,dz686zm,Am I the only one who has no idea what the fuck is going on in this thread?,https://www.reddit.com/r/AskReddit/comments/8k8c45/do_you_think_strange_women_lying_in_ponds//dz686zm/,0.625,0.78711975,0.19455661,0.87472564,0.016762028,0.24928534,0.009955117,1526622428.0,3,0,0,RedditingAtWork5,787.0,367.0,4111.0,41437.0,46702.0
8k8c45,dz68i43,"So everyone gets a sword?  Sounds like ""The Purge""",https://www.reddit.com/r/AskReddit/comments/8k8c45/do_you_think_strange_women_lying_in_ponds//dz68i43/,-0.062,0.17805049,0.007705689,0.027547138,0.006696612,0.024897853,0.13161413,1526622971.0,1,0,0,[deleted],,,,,
8k8c45,dz6hr5p,I'm kind of sad this got removed,https://www.reddit.com/r/AskReddit/comments/8k8c45/do_you_think_strange_women_lying_in_ponds//dz6hr5p/,-0.489,0.10956833,0.004196167,0.044668075,0.011247349,0.021610579,0.012233571,1526642313.0,2,0,0,nilslorand,4647.0,2477.0,119705.0,281183.0,408012.0
8k8c45,dz7vtfr,depends on the sword being distributed and the A name of the man receiving. Arnold was a mistake. ,https://www.reddit.com/r/AskReddit/comments/8k8c45/do_you_think_strange_women_lying_in_ponds//dz7vtfr/,-0.167,0.17285149,0.003414154,0.017367685,0.00466173,0.082866095,0.013269233,1526695195.0,1,0,0,[deleted],,,,,
