post_id,comment_id,txt,url,offensiveness_score,Toxicity,Severe Toxicity,Profanity,Identity Attack,Insult,Threat,created,score,total_awards_received,controversiality,user,user_awardee_karma,user_awarder_karma,user_link_karma,user_comment_karma,user_total_karma
cwzrrq,eyh647v,I never get why politicians resign and give up the ability to make changes from within.,https://www.thedailybeast.com/boris-johnson-hit-by-resignations-after-revealing-his-plan-to-suspend-parliament/eyh647v/,-0.229,0.028502874,0.000681877,0.010484599,0.004569235,0.014200917,0.00627852,1567082461.0,2251,0,0,AussieArlenBales,857.0,453.0,14839.0,39527.0,55676.0
cwzrrq,eyh6jzo,Some people don't want to go down with a sinking ship.,https://www.thedailybeast.com/boris-johnson-hit-by-resignations-after-revealing-his-plan-to-suspend-parliament/eyh6jzo/,-0.146,0.033334624,0.001554489,0.01265371,0.003181816,0.010514895,0.011249693,1567082653.0,2005,1,0,datazulu,2148.0,156.0,1.0,76780.0,79085.0
cwzrrq,eyhasgh,[deleted],https://www.thedailybeast.com/boris-johnson-hit-by-resignations-after-revealing-his-plan-to-suspend-parliament/eyhasgh/,-0.062,,,,,,,1567084471.0,28,0,0,[deleted],,,,,
cwzrrq,eyicob1,"Don't worry, our politicians go to America to lobby.",https://www.thedailybeast.com/boris-johnson-hit-by-resignations-after-revealing-his-plan-to-suspend-parliament/eyicob1/,-0.188,0.0438942,0.001139641,0.012346277,0.012441003,0.017012933,0.00713294,1567100568.0,11,0,0,The_Farting_Duck,25.0,0.0,1.0,69232.0,69258.0
cwzrrq,eyigknd,"...You are completely wrong.

They consult here, Places we have fucked up, Places we are going to fuck up. They consult with our enemies and allies alike. 

Nothing wrong with that.",https://www.thedailybeast.com/boris-johnson-hit-by-resignations-after-revealing-his-plan-to-suspend-parliament/eyigknd/,0.217,0.78207105,0.34981552,0.83974665,0.04332388,0.47384647,0.053007595,1567102181.0,5,0,0,Alexdoh,6096.0,2935.0,154710.0,372546.0,536287.0
cwzrrq,eyk1fmw,"Please, for all of us Boris, resign!",https://www.thedailybeast.com/boris-johnson-hit-by-resignations-after-revealing-his-plan-to-suspend-parliament/eyk1fmw/,-0.065,0.11088664,0.002861023,0.014566627,0.009693438,0.033570543,0.011275585,1567134047.0,3,0,0,Dfenz77,226.0,70.0,11470.0,1389.0,13155.0
cwzrrq,eyk925r,BJ issuing mass crash suits in UK!,https://www.thedailybeast.com/boris-johnson-hit-by-resignations-after-revealing-his-plan-to-suspend-parliament/eyk925r/,-0.208,0.15932569,0.006217957,0.026044132,0.020178653,0.047349896,0.03787563,1567141051.0,2,0,0,mintaphil,5847.0,117.0,222161.0,6152.0,234277.0
cwzrrq,eykd2cm,Aww... couldn't he have been hit by bricks instead?,https://www.thedailybeast.com/boris-johnson-hit-by-resignations-after-revealing-his-plan-to-suspend-parliament/eykd2cm/,0.333,0.2648175,0.015157142,0.03915693,0.005956655,0.028832749,0.34804323,1567145663.0,2,0,0,PloppyTheSpaceship,811.0,0.0,1336.0,90399.0,92546.0
cwzrrq,eykdw2n,650 sober politicians don't know what the fuck it means either. Don't worry.,https://www.thedailybeast.com/boris-johnson-hit-by-resignations-after-revealing-his-plan-to-suspend-parliament/eykdw2n/,0.646,0.78855824,0.23225316,0.8117245,0.12440576,0.5129801,0.011508608,1567146721.0,2,0,0,Resolvent_Mule,0.0,0.0,59.0,23044.0,23103.0
cwzrrq,eyke4rg,"The Monarch suspended parliament, Boris just asked her to do so",https://www.thedailybeast.com/boris-johnson-hit-by-resignations-after-revealing-his-plan-to-suspend-parliament/eyke4rg/,-0.271,0.045378547,0.001621246,0.017162729,0.006696612,0.014960921,0.008608758,1567147042.0,0,0,0,RandomiseUsr0,1104.0,148.0,3658.0,69236.0,74146.0
cwzrrq,eykgkx6,no deal brexit here we come! everyone is so flustered that they dont seem to realise that no deal is the default. now is not the time to protest. now is the time to band together and get a deal.,https://www.thedailybeast.com/boris-johnson-hit-by-resignations-after-revealing-his-plan-to-suspend-parliament/eykgkx6/,-0.167,0.112643376,0.002689362,0.023379711,0.012340514,0.046764325,0.007974415,1567150500.0,1,0,0,[deleted],,,,,
cwzrrq,eykwr80,Yup absolutely right - brexit here you come. Eh eu already stated there is no other deal so do not bother. There is a deal already - get behind it or leave without one. These are your only choices.,https://www.thedailybeast.com/boris-johnson-hit-by-resignations-after-revealing-his-plan-to-suspend-parliament/eykwr80/,-0.167,0.04067813,0.001239777,0.012517073,0.005512681,0.015948927,0.007844958,1567170328.0,2,0,0,goat4dinner,0.0,0.0,251.0,4697.0,4948.0
cwzrrq,eylm9ne,"Can someone ELI5 what in the biscuit loving fuck in going on in the UK?

Am Canadian and seems like nobody is at the wheel driving this flaming double Decker bus....",https://www.thedailybeast.com/boris-johnson-hit-by-resignations-after-revealing-his-plan-to-suspend-parliament/eylm9ne/,0.674,0.7105462,0.3492342,0.70864636,0.28034934,0.43296707,0.023544617,1567187742.0,1,0,0,derpado514,131.0,0.0,2173.0,263641.0,265945.0
