post_id,comment_id,txt,url,offensiveness_score,Toxicity,Severe Toxicity,Profanity,Identity Attack,Insult,Threat,created,score,total_awards_received,controversiality,user,user_awardee_karma,user_awarder_karma,user_link_karma,user_comment_karma,user_total_karma
73fs8e,dnq829i,"It's telling how the Trump lovers in this thread are choosing to attack Scarborough rather than defend Trump. I would say that it's because his behavior is indefensible, but these are Trump supporters we're talking about.",http://thehill.com/blogs/blog-briefing-room/353228-scarborough-to-trump-poor-leadership-is-golfing-while-americans-die/dnq829i/,0.083,0.10609736,0.002269745,0.013507691,0.01274247,0.034672357,0.012803185,1506801582.0,121,0,0,PlatypusWeekend,2322,43,37503.0,199764.0,239632
73fs8e,dnqd59r,If anyone ever plays golf they are playing golf while Americans die somewhere. Get a grip. ,http://thehill.com/blogs/blog-briefing-room/353228-scarborough-to-trump-poor-leadership-is-golfing-while-americans-die/dnqd59r/,0.208,0.30993456,0.01483436,0.03464781,0.18705739,0.10440776,0.24878941,1506808356.0,-24,0,0,Keith_Courage,232,229,9208.0,22827.0,32496
73fs8e,dnqi4a5,"You just prayed for someone to die, mr nazi. 

If you quack like a nazi you are a nazi, you nazi. ",http://thehill.com/blogs/blog-briefing-room/353228-scarborough-to-trump-poor-leadership-is-golfing-while-americans-die/dnqi4a5/,0.583,,,,,,,1506815352.0,11,0,0,VegaThePunisher,0,0,,,0
73fs8e,dnqnpvo,Nazis germany wasnt religious. Quit trying to rewrite history to fit your leftarded narrative you dumb fuck,http://thehill.com/blogs/blog-briefing-room/353228-scarborough-to-trump-poor-leadership-is-golfing-while-americans-die/dnqnpvo/,0.854,0.9391453,0.5381526,0.8855216,0.5913144,0.7967344,0.050744623,1506823448.0,-1,0,0,lawless68,35,0,14140.0,49416.0,63591
73fs8e,dnqoekd,So how many Puerto Ricans have died of starvation and/or dehydration?,http://thehill.com/blogs/blog-briefing-room/353228-scarborough-to-trump-poor-leadership-is-golfing-while-americans-die/dnqoekd/,-0.021,0.16098402,0.005187988,0.02023706,0.104676254,0.031146556,0.019573374,1506824456.0,4,0,0,BanMikePantsNow,0,0,24821.0,17527.0,42348
73fs8e,dnr3gub,"I appreciate what you've said, but like Steezymann explained, he did it during the Louisiana flood.

I'm not okay with any one doing this kind of thing, but I am not really on Reddit to change any one's mind. 

That doesn't happen here (especially on /r/worldpolitics). This sub, and most of Reddit, is an echo chamber.",http://thehill.com/blogs/blog-briefing-room/353228-scarborough-to-trump-poor-leadership-is-golfing-while-americans-die/dnr3gub/,0.021,0.07212844,0.002937317,0.049177196,0.01666154,0.026831545,0.009540852,1506857932.0,1,0,0,Porphyrogennetos,15,0,,,15
73fs8e,dnsi0p8,"oh my. you win this battle, what with your bad language and definitely accurate statistics. he sure didn't inherit most of it, that's for sure.

you didn't vote for any one? more fool you. you had the chance to contribute, but you would rather sit on your hands and do nothing. very clever, you should be proud.",http://thehill.com/blogs/blog-briefing-room/353228-scarborough-to-trump-poor-leadership-is-golfing-while-americans-die/dnsi0p8/,0.022,0.39021665,0.014447021,0.110447146,0.011839314,0.40243408,0.016810767,1506928107.0,0,0,0,thatowensbloke,0,0,1862.0,7852.0,9714
