post_id,comment_id,txt,url,offensiveness_score,Toxicity,Severe Toxicity,Profanity,Identity Attack,Insult,Threat,created,score,total_awards_received,controversiality,user,user_awardee_karma,user_awarder_karma,user_link_karma,user_comment_karma,user_total_karma
7g4za4,dqgii5l,"Cue the Trumpites screaming ""well that sounds like socialism to me!""

[edit] It's been hilarious watching the point count on this thing go up and down... it goes up slowly for a while and then all at once it'll drop a couple hundred points... :D ",http://www.thehindu.com/business/Industry/internet-an-important-platform-should-be-open-and-free-r-s-sharma/article21039915.ece?homepage=true/dqgii5l/,0.25,0.1798404,0.004234314,0.03840541,0.023193322,0.07903719,0.009307829,1511884301.0,365,0,0,shroomigator,372.0,0.0,26444.0,90191.0,117007.0
7g4za4,dqgit68,"Its weird, because one would think that this should be one issue were they would be on the same page as the rest of the country. Fucking, when porn sites have the moral high ground WRT net neutrality, one would assume the Trumpsters would introspect a bit.",http://www.thehindu.com/business/Industry/internet-an-important-platform-should-be-open-and-free-r-s-sharma/article21039915.ece?homepage=true/dqgit68/,0.625,0.6491204,0.23226346,0.66456485,0.18002926,0.4339631,0.01940071,1511884628.0,177,0,0,gro0vr,0.0,0.0,8862.0,18122.0,26984.0
7g4za4,dqglj9i,Trumpets follow trump. Trump follows money. Money came from ISP's. There's no moral/logical thought in any of their decision-making ,http://www.thehindu.com/business/Industry/internet-an-important-platform-should-be-open-and-free-r-s-sharma/article21039915.ece?homepage=true/dqglj9i/,0.417,0.19789438,0.002613068,0.017299367,0.018872296,0.12702756,0.006388559,1511887485.0,152,0,0,Enjoyer_of_Cake,334.0,0.0,3408.0,83404.0,87146.0
7g4za4,dqgnv65,"> they think they're being soooo edgy

Isn't there a meme about this? This is something that needs to be called out so bad.",http://www.thehindu.com/business/Industry/internet-an-important-platform-should-be-open-and-free-r-s-sharma/article21039915.ece?homepage=true/dqgnv65/,0.0,0.20102765,0.005531311,0.058445938,0.014048826,0.070482984,0.012130005,1511889831.0,27,0,0,abolish_karma,191.0,14.0,4691.0,87130.0,92026.0
7g4za4,dqh9cww,[deleted],http://www.thehindu.com/business/Industry/internet-an-important-platform-should-be-open-and-free-r-s-sharma/article21039915.ece?homepage=true/dqh9cww/,0.362,,,,,,,1511910623.0,1,0,0,[deleted],,,,,
7g4za4,dqik4pu,My question is how can we hit the pockets of these companies in case net neutrality is defeated. We need to try our best to hit them where it'll hurt.,http://www.thehindu.com/business/Industry/internet-an-important-platform-should-be-open-and-free-r-s-sharma/article21039915.ece?homepage=true/dqik4pu/,-0.167,0.25727063,0.013478675,0.054938845,0.015857628,0.026444806,0.35782173,1511977188.0,2,0,0,arunnair87,31.0,0.0,6489.0,54532.0,61052.0
7g4za4,dqoepw6,I was not referring to that article at all!I was frustrated not being able to get on and go to where I wanted to go!As far as site’s!It was like try again in 10 minutes?When I want something I want it now!And that happened all the time!That and over and over again asking for my password???I ran out of passwords!And my email I gave 10 times I bet!As I said I lost my temper and I guess I don’t know what I am doing!!I apologize!,http://www.thehindu.com/business/Industry/internet-an-important-platform-should-be-open-and-free-r-s-sharma/article21039915.ece?homepage=true/dqoepw6/,0.021,0.30427247,0.016254602,0.15459715,0.02037963,0.09124154,0.012233571,1512258062.0,0,0,0,court_tower1B,0.0,0.0,1.0,-5.0,-4.0
7g4za4,dqop8z7,"A bit late to the party, aren't we? ",http://www.thehindu.com/business/Industry/internet-an-important-platform-should-be-open-and-free-r-s-sharma/article21039915.ece?homepage=true/dqop8z7/,-0.396,0.021196328,0.000963211,0.012585391,0.002460358,0.010058892,0.007624879,1512270950.0,1,0,0,gro0vr,0.0,0.0,8862.0,18122.0,26984.0
