post_id,comment_id,txt,url,offensiveness_score,Toxicity,Severe Toxicity,Profanity,Identity Attack,Insult,Threat,created,score,total_awards_received,controversiality,user,user_awardee_karma,user_awarder_karma,user_link_karma,user_comment_karma,user_total_karma
5aj5z7,d9gukpm,I agree with you there. And the margin by which Washington destroyed them makes that a very impressive win.,https://www.reddit.com/r/CFB/comments/5aj5z7/cfp_predictions_what_do_you_expect_to_be_tonights//d9gukpm/,-0.312,0.11088664,0.003547669,0.015147334,0.00984143,0.023866551,0.046541955,1478011650.0,3,0,0,ExternalTangents,1643.0,2307.0,24430.0,618548.0,646928.0
5aj5z7,d9gywd6,"They'll make it close, trust me :[",https://www.reddit.com/r/CFB/comments/5aj5z7/cfp_predictions_what_do_you_expect_to_be_tonights//d9gywd6/,-0.708,0.06184035,0.003395081,0.029460056,0.007399572,0.013250912,0.021127338,1478016799.0,30,0,0,pitchesandthrows,36.0,0.0,88382.0,223144.0,311562.0
5aj5z7,d9gz3ru,Yeah just I hope fans don't freak out too much if we're 5th or 6th. It really doesn't matter. Just need to keep winning and the rankings will take care of themselves. ,https://www.reddit.com/r/CFB/comments/5aj5z7/cfp_predictions_what_do_you_expect_to_be_tonights//d9gz3ru/,-0.104,0.11336674,0.00284195,0.08840031,0.005105704,0.03885912,0.007586042,1478017038.0,15,0,0,aliensvsdinosaurs,456.0,0.0,2598.0,54469.0,57523.0
5aj5z7,d9gz47s,"Look I know we suck and all, but every loss has been really close and that game was before we lost Rosen and others. TBH beating us in OT is a lot more respectable than getting taken to OT by Arizona even if you were on the road. I still think you're number four over A&M but not for that reason.",https://www.reddit.com/r/CFB/comments/5aj5z7/cfp_predictions_what_do_you_expect_to_be_tonights//d9gz47s/,-0.042,0.52811706,0.052940834,0.42019588,0.042292643,0.47630358,0.010265815,1478017052.0,2,0,0,Med_Tosby,170.0,316.0,1093.0,39874.0,41453.0
5aj5z7,d9gz9rn,"Arizona wasn't bad then, they've just been completely decimated by injuries since. Arizona freshman RB JJ Taylor was an absolute beast before he was lost for the season. Not to mention that they lost so many QBs to injury (Solomon, Dawkins, Tate, and Werlinger sucks) that they ended up playing a TE at QB for part of a game (Matt Morin). Then they lost pretty much everyone who has ever lined up at RB, to the point they started WR Samajie Grant at RB. You're probably safer playing with your toaster in the shower than behind the line for Arizona.

Anyway, point being, I think if Arizona was at full-strength, they wouldn't be the Pac-12 cellar-dweller they are now. JJ Taylor was scary.",https://www.reddit.com/r/CFB/comments/5aj5z7/cfp_predictions_what_do_you_expect_to_be_tonights//d9gz9rn/,0.021,0.32971194,0.01302678,0.26607355,0.011839314,0.3388922,0.008349842,1478017232.0,3,0,0,chris_hans,219.0,245.0,1290.0,43162.0,44916.0
5aj5z7,d9h5isl,"Big surprises: 

Washington below a lot of one loss teams (TAMU, OSU, Louisville) at #7


Two 2 loss teams in the top ten (Wisconsin* and Auburn at 8 and 9, great losses though, Wisconsin* only OSU and Michigan and Auburn only Clemson and TAMU).",https://www.reddit.com/r/CFB/comments/5aj5z7/cfp_predictions_what_do_you_expect_to_be_tonights//d9h5isl/,-0.104,0.0201057,0.000958443,0.010911589,0.004809721,0.010134893,0.00713294,1478024433.0,1,0,0,rainbowhotpocket,188.0,0.0,12778.0,93850.0,106816.0
5aj5z7,d9h6an6,"Despite only having one loss, Baylor will NOT be in the Top 25",https://www.reddit.com/r/CFB/comments/5aj5z7/cfp_predictions_what_do_you_expect_to_be_tonights//d9h6an6/,-0.188,0.024849601,0.000767708,0.010365041,0.002608349,0.011236899,0.006518017,1478025322.0,1,0,0,Liveinhermit,0.0,0.0,4082.0,12628.0,16710.0
5aj5z7,d9h7tdq,"Michigan, Clemson, or Washington will be outside the top 4 for either Louisville, Ohio State, or Texas A&M",https://www.reddit.com/r/CFB/comments/5aj5z7/cfp_predictions_what_do_you_expect_to_be_tonights//d9h7tdq/,-0.468,0.017466826,0.000863075,0.011782649,0.004920715,0.008823884,0.007223561,1478027075.0,4,0,0,[deleted],,,,,
5aj5z7,d9h8gt4,"Even if Utah loses more games, they'd lose to other PAC teams and it wouldn't affect our SOS. We might end up seeded below a one loss champion but the committee isn't going to endure the absolute shitstorm that would happen if they left an undefeated P5 conference champion out.

Edit: Plus, if Utah implodes we would play either Colorado or USC in the title game.",https://www.reddit.com/r/CFB/comments/5aj5z7/cfp_predictions_what_do_you_expect_to_be_tonights//d9h8gt4/,-0.312,0.295883,0.01251033,0.2963245,0.018068384,0.16817254,0.011741633,1478027838.0,3,0,0,gohuskies,110.0,0.0,2176.0,18521.0,20807.0
5aj5z7,d9hb8ja,"It'll be interesting to see where 5-7 are ranked. I feel like the top 4 are pretty set, but Louisville, A&M and tOSU are also right there. Think it will end up as UofL, A&M, then OSU, but I could see the argument for all 3. Also interested to see where they put Nebraska whose best win is a loss to Wisconsin. ",https://www.reddit.com/r/CFB/comments/5aj5z7/cfp_predictions_what_do_you_expect_to_be_tonights//d9hb8ja/,-0.125,0.02107848,0.001130104,0.013507691,0.003755282,0.011616902,0.007793174,1478031009.0,1,0,0,benhackPL,0.0,0.0,165.0,9624.0,9789.0
5aj5z7,d9hbrdc,"> In that scenario, it would be incredibly clear you wouldn't deserve to be there.

Incredibly clear? Highly doubtful there'd be 4 teams that are ""clearly"" ahead of an undefeated Pac-12 champion. No way the committee puts both Michigan and Ohio State in.",https://www.reddit.com/r/CFB/comments/5aj5z7/cfp_predictions_what_do_you_expect_to_be_tonights//d9hbrdc/,-0.417,0.09308127,0.002145767,0.016957775,0.004384246,0.036104713,0.007741391,1478031604.0,3,0,0,[deleted],,,,,
5aj5z7,d9hck0f,"Washington is ranked 9th.

1A. Wisconsin gets the fourth spot.",https://www.reddit.com/r/CFB/comments/5aj5z7/cfp_predictions_what_do_you_expect_to_be_tonights//d9hck0f/,-0.438,0.010869644,0.000686646,0.010467518,0.003311308,0.007645877,0.006401504,1478032500.0,1,0,0,SituationSoap,766.0,0.0,2642.0,131937.0,135345.0
5aj5z7,d9hd9lc,Biggest surprise will be THE ohio state university will be either 4th ahead of Washington or fifth ready to walk right into the play offs if they beat Michigan.,https://www.reddit.com/r/CFB/comments/5aj5z7/cfp_predictions_what_do_you_expect_to_be_tonights//d9hd9lc/,-0.298,0.015016444,0.000739098,0.010040528,0.003588792,0.007816878,0.008220384,1478033330.0,1,0,0,bama_fan1,0.0,0.0,8.0,8.0,16.0
5aj5z7,d9hdbon,"Perhaps clearly is too strong, but I think the one loss Michigan scenario with Utah imploding would likely go against Washington 

I think your biggest worry is Auburn and A&M both winning out with Auburn beating Bama at the Iron Bowl.  Then you have the SEC champ as Bama and a one loss A&M that can claim to have beaten that Auburn team, or you have a 1 loss A&M as the SEC champ and a 1 loss Bama with a win over the SEC champ.  That scenario is your worst case scenario ",https://www.reddit.com/r/CFB/comments/5aj5z7/cfp_predictions_what_do_you_expect_to_be_tonights//d9hdbon/,-0.354,0.07291982,0.00202179,0.017572641,0.006844604,0.031697463,0.009023022,1478033399.0,1,0,0,TheManWhoWasNotShort,2067.0,130.0,178539.0,462750.0,643486.0
5aj5z7,d9hdo4z,You think Alabama will lose one or two of it's remaining games?,https://www.reddit.com/r/CFB/comments/5aj5z7/cfp_predictions_what_do_you_expect_to_be_tonights//d9hdo4z/,-0.417,0.017718147,0.000724793,0.010279642,0.002441859,0.008785884,0.007456584,1478033805.0,1,0,0,HolyRhllor,0.0,0.0,1522.0,2538.0,4060.0
5aj5z7,d9hdowc,"Not to mention Michigan, Clemson, Louisville, A&M or OSU",https://www.reddit.com/r/CFB/comments/5aj5z7/cfp_predictions_what_do_you_expect_to_be_tonights//d9hdowc/,-0.511,0.012943043,0.000786781,0.010638315,0.004088263,0.007797878,0.0065698,1478033831.0,1,0,0,HolyRhllor,0.0,0.0,1522.0,2538.0,4060.0
5aj5z7,d9heapr,I think we may be ranked lower than some expect due to the Georgia loss but this does not bother me so much as I realize that we still have three games left to play and any number of things can still go wrong.,https://www.reddit.com/r/CFB/comments/5aj5z7/cfp_predictions_what_do_you_expect_to_be_tonights//d9heapr/,-0.298,0.02920996,0.001316071,0.015659723,0.00725158,0.011160898,0.008414571,1478034568.0,1,0,0,[deleted],,,,,
5aj5z7,d9hg470,"Louisville doesn't get much love because of SOS. Could potentially see them as low as 6 maybe even lower depending on how cruel they are.

First time Bama in the top 4 is a no-brainer. It'd be a shame if... the committee decided to... stir up some controversy (probably not happening, but one can hope).

Wahington *potentially* gets punished for SOS. Probably won't matter if they win the PAC-12 while undefeated or with one loss. I don't think they'll be left out of the top 4, though.

Strong emphasis on SOS could put Clemson as high as 1. Emphasis on the eye test could put as low as 4, but I doubt we'll be lower than 3.",https://www.reddit.com/r/CFB/comments/5aj5z7/cfp_predictions_what_do_you_expect_to_be_tonights//d9hg470/,-0.042,0.17371799,0.003623962,0.04065997,0.014149316,0.10148193,0.00967031,1478036749.0,1,0,0,OGraffe,539.0,1016.0,1280.0,300923.0,303758.0
5aj5z7,d9hibkn,Louisville at 8 because they haven't beaten anybody.,https://www.reddit.com/r/CFB/comments/5aj5z7/cfp_predictions_what_do_you_expect_to_be_tonights//d9hibkn/,-0.25,0.041915078,0.001764298,0.014225035,0.003496297,0.010970897,0.022335978,1478039590.0,1,0,0,Ummyeaaaa,25.0,253.0,830.0,10325.0,11433.0
5aj5z7,d9hiuec,i mean you guys did play like trash that whole year.,https://www.reddit.com/r/CFB/comments/5aj5z7/cfp_predictions_what_do_you_expect_to_be_tonights//d9hiuec/,-0.021,0.687436,0.02420936,0.33453682,0.07094744,0.6675394,0.008246276,1478040277.0,1,0,0,Ghost_in_TheMachine,21.0,0.0,2572.0,13102.0,15695.0
5aj5z7,d9hkvu6,I hope you are enjoying the Washington melt as much as me.,https://www.reddit.com/r/CFB/comments/5aj5z7/cfp_predictions_what_do_you_expect_to_be_tonights//d9hkvu6/,-0.438,0.16043124,0.007820129,0.058946952,0.016259583,0.030816011,0.030278467,1478042942.0,2,0,0,AU_Boof,0.0,0.0,14024.0,42339.0,56363.0
