post_id,comment_id,txt,url,offensiveness_score,Toxicity,Severe Toxicity,Profanity,Identity Attack,Insult,Threat,created,score,total_awards_received,controversiality,user,user_awardee_karma,user_awarder_karma,user_link_karma,user_comment_karma,user_total_karma
8379ef,dvfppes,The pharmacy should at least have to cover the expenses the consumer has to pay if they were to actually become pregnant and carry that child.,http://www.dailymail.co.uk/health/article-5477927/1-10-teens-wrongly-denied-emergency-contraception.html/dvfppes/,0.021,0.025556687,0.00105381,0.01133858,0.002811837,0.008538882,0.008492245,1520611783.0,1444,0,0,leah_onomatopoeia,0.0,0.0,6758.0,16593.0,23351.0
8379ef,dvft17a,Aren't they licenced to practice by their governing body? I would imagine that disciplinary action would stem from there.,http://www.dailymail.co.uk/health/article-5477927/1-10-teens-wrongly-denied-emergency-contraception.html/dvft17a/,-0.25,0.017089844,0.000767708,0.010689554,0.002959829,0.008310881,0.007456584,1520614823.0,243,0,0,[deleted],,,,,
8379ef,dvftech,At risk of sounding like an ass.. fuck those specific pharmacists in particular!,http://www.dailymail.co.uk/health/article-5477927/1-10-teens-wrongly-denied-emergency-contraception.html/dvftech/,0.729,0.944597,0.45895407,0.90862066,0.21075934,0.69164425,0.09316374,1520615158.0,826,0,0,cowsniffer,71.0,157.0,2417.0,24912.0,27557.0
8379ef,dvftx75,"what the fuck. horrible people, wish you had looked up her license and reported her",http://www.dailymail.co.uk/health/article-5477927/1-10-teens-wrongly-denied-emergency-contraception.html/dvftx75/,0.87,0.95048624,0.50703704,0.8855216,0.10221587,0.6370372,0.13532294,1520615643.0,996,0,0,bricksforbones,0.0,0.0,4057.0,17885.0,21942.0
8379ef,dvftz77,"Absolutely not. My brother works at a pharmacy that only deals with diabetes medications. They don't even stock anything else. If you come in with a prescription for anything else, their response is simply ""sorry, we don't keep that in stock"". 

The only restriction is that a pharmacist may not keep / destroy your prescription. ",http://www.dailymail.co.uk/health/article-5477927/1-10-teens-wrongly-denied-emergency-contraception.html/dvftz77/,-0.146,0.075294,0.0025177,0.024882717,0.007103588,0.0279513,0.008246276,1520615693.0,85,0,0,AnActualRacist,0.0,0.0,,,0.0
8379ef,dvfufoy,I missed the word “emergency” when reading this the first time and was super confused.,http://www.dailymail.co.uk/health/article-5477927/1-10-teens-wrongly-denied-emergency-contraception.html/dvfufoy/,-0.261,0.027442247,0.001177788,0.014088398,0.00242336,0.0114269,0.007404801,1520616118.0,39,0,0,sugarandmermaids,91.0,1083.0,20361.0,73765.0,95300.0
8379ef,dvfuku8,"I wouldn't be surprised if an over-zealous manager has purposefully ""misplaced"" them somewhere in the stockroom... Or the dumpster.",http://www.dailymail.co.uk/health/article-5477927/1-10-teens-wrongly-denied-emergency-contraception.html/dvfuku8/,-0.191,0.22043827,0.003452301,0.025907494,0.003903274,0.1669316,0.008815889,1520616245.0,190,0,0,kami_highlander,208.0,0.0,418.0,24618.0,25244.0
8379ef,dvfuvmz,A lighter? May I ask why?,http://www.dailymail.co.uk/health/article-5477927/1-10-teens-wrongly-denied-emergency-contraception.html/dvfuvmz/,-0.417,0.021667719,0.001211166,0.012585391,0.002460358,0.008614883,0.008039144,1520616513.0,196,0,0,not_your_mate,0.0,0.0,1.0,4935.0,4936.0
8379ef,dvfv2av,Cometimes it's purely because lighters have connotation to smoking. Other times it's because of the lighter fluid inside that they find dangerous. I really don't know. What's weird is that matches and grill lighters are usually not age restricted.,http://www.dailymail.co.uk/health/article-5477927/1-10-teens-wrongly-denied-emergency-contraception.html/dvfv2av/,-0.208,0.022728346,0.001163483,0.015113175,0.00258985,0.009241886,0.007728445,1520616681.0,264,0,0,[deleted],,,,,
8379ef,dvfvywz,A lighter is a bit different than a medication though ya know? I get what you're saying though,http://www.dailymail.co.uk/health/article-5477927/1-10-teens-wrongly-denied-emergency-contraception.html/dvfvywz/,-0.319,0.04290464,0.001716614,0.019075647,0.004883717,0.013630914,0.008194493,1520617509.0,78,0,0,Garbanian,318.0,179.0,8491.0,20173.0,29161.0
8379ef,dvfw64l,"Well, I am not familiar with the relevant laws, but I don't *think* there is one which says they ""have to"" sell stuff. They are just allowed to sell BC without a prescription. ""Allowed to"" and ""have to"" are very different.

If there is such a law, feel free to correct that. I can definitely see how that could help prevent issues, but requiring businesses to sell something can get a bit dicey when it comes to the details.",http://www.dailymail.co.uk/health/article-5477927/1-10-teens-wrongly-denied-emergency-contraception.html/dvfw64l/,-0.167,0.030977672,0.001335144,0.023584666,0.00362579,0.015720926,0.006802823,1520617692.0,31,0,0,heeerrresjonny,114.0,0.0,256.0,93636.0,94006.0
8379ef,dvfwepd,"No, it doesn't. Contraceptives should be available with no limitations to anyone capable of having sex. If pharmacies are only denying these services to people of a certain age (teenagers) then that would be discrimination based on age. There are laws barring minors from buying tobacco and alcohol, and for good reason. This is not the case for contraceptives. These are completely unrelated. Obviously age discrimination usually happens to older people, but to say it cannot happen to younger individuals is ignorant. ",http://www.dailymail.co.uk/health/article-5477927/1-10-teens-wrongly-denied-emergency-contraception.html/dvfwepd/,-0.062,0.16245349,0.004520416,0.06044999,0.015154205,0.028502205,0.009023022,1520617906.0,82,0,0,EatABuffetOfDicks,96.0,25.0,865.0,49772.0,50758.0
