post_id,comment_id,txt,url,offensiveness_score,Toxicity,Severe Toxicity,Profanity,Identity Attack,Insult,Threat,created,score,total_awards_received,controversiality,user,user_awardee_karma,user_awarder_karma,user_link_karma,user_comment_karma,user_total_karma
5bvh8n,d9rn031,Oh look at mr big shot!,https://www.reddit.com/r/AskMen/comments/5bvh8n/mod_post_we_dont_care_who_you_voted_for_no//d9rn031/,-0.146,,,,,,,1478639145.0,2,0,0,Fernis_,825.0,710.0,9129.0,96141.0,106805.0
5bvh8n,d9rpxfy,That's a thing? I thought it was just No-shave November.,https://www.reddit.com/r/AskMen/comments/5bvh8n/mod_post_we_dont_care_who_you_voted_for_no//d9rpxfy/,-0.25,0.04067813,0.001344681,0.017162729,0.004735726,0.015872927,0.006757513,1478642515.0,12,0,0,LifeWulf,61.0,38.0,7343.0,67376.0,74818.0
5bvh8n,d9rv6ad,Viziscasci isn't the beast he used to be ,https://www.reddit.com/r/AskMen/comments/5bvh8n/mod_post_we_dont_care_who_you_voted_for_no//d9rv6ad/,-0.283,0.30464804,0.00919342,0.16869035,0.018168874,0.21368977,0.008815889,1478649223.0,7,0,0,Fudge_is_1337,0.0,0.0,61.0,47858.0,47919.0
5bvh8n,d9sd0ei,"Seriously, drawing attention to this is probably not the smartest move.",https://www.reddit.com/r/AskMen/comments/5bvh8n/mod_post_we_dont_care_who_you_voted_for_no//d9sd0ei/,0.042,0.09611836,0.001373291,0.019758832,0.002034882,0.026831545,0.007767282,1478670847.0,3,0,0,bjornkeizers,0.0,0.0,2312.0,13417.0,15729.0
5bvh8n,d9sdeob,They should make this a rule for all of reddit,https://www.reddit.com/r/AskMen/comments/5bvh8n/mod_post_we_dont_care_who_you_voted_for_no//d9sdeob/,-0.622,0.020607091,0.001130104,0.017162729,0.005475683,0.008709883,0.007624879,1478671332.0,1,0,0,whoamiamwho,12.0,0.0,7068.0,22693.0,29773.0
5bvh8n,d9sfbmx,**Check your seat for blood.**,https://www.reddit.com/r/AskMen/comments/5bvh8n/mod_post_we_dont_care_who_you_voted_for_no//d9sfbmx/,0.021,0.20009702,0.01121521,0.060951006,0.011617327,0.028502205,0.13313138,1478673861.0,1,0,0,[deleted],,,,,
5bvh8n,d9skv2b,"'Straya's in early, with #SunburnSeptember.

By November we're up to actual burning.",https://www.reddit.com/r/AskMen/comments/5bvh8n/mod_post_we_dont_care_who_you_voted_for_no//d9skv2b/,-0.271,0.25462922,0.013414118,0.06395709,0.013345404,0.029934563,0.2836219,1478681900.0,1,0,0,Maldevinine,1522.0,1334.0,3223.0,204552.0,210631.0
5bvh8n,d9sukdg,Thank god! Though it's sad this has to be said. ,https://www.reddit.com/r/AskMen/comments/5bvh8n/mod_post_we_dont_care_who_you_voted_for_no//d9sukdg/,-0.396,0.022139108,0.001163483,0.01490822,0.005105704,0.009355888,0.007210615,1478702187.0,1,0,0,[deleted],,,,,
