post_id,comment_id,txt,url,offensiveness_score,Toxicity,Severe Toxicity,Profanity,Identity Attack,Insult,Threat,created,score,total_awards_received,controversiality,user,user_awardee_karma,user_awarder_karma,user_link_karma,user_comment_karma,user_total_karma
5xgpp4,dei4vqo,"Let's say ""China and EU are less openly hostile and have more common ground than China and the US under Trump.""",https://www.theguardian.com/world/2017/mar/04/chinese-official-slams-internet-censorship/dei4vqo/,-0.167,0.08716487,0.001726151,0.011458136,0.026408968,0.028171662,0.00838868,1488645790.0,9,0,0,19djafoij02,20.0,0.0,,,20.0
5xgpp4,dei72qi,"Wow, it is seriously starting to look like China, for the next decade at least, Might be the global economic leader replacing the USA. At least if current trends contiune in both US and China.

By that I mean increasing conservatism and xenophobic hysteria in the US. And decreasing government control and decreasing isolationism in China.",https://www.theguardian.com/world/2017/mar/04/chinese-official-slams-internet-censorship/dei72qi/,-0.021,0.19986437,0.005226135,0.027273865,0.1035157,0.0816321,0.00951496,1488648964.0,14,0,0,yorec9,0.0,0.0,256.0,12692.0,12948.0
5xgpp4,dei86j1,"This is most certainly true. But my reasoning is China might jump at this chance with whatever it can. But it is still only a might.

If the USA can turn itself around and get voters out there to actually vote, and start some major economic reforms in the next election. Then certainly it will keep it's status. 

But as it stands now the ball is in Chinas court, and it is taking advantage while it can. So for now it's definitely a wait and see, and the next presidential election will be critical",https://www.theguardian.com/world/2017/mar/04/chinese-official-slams-internet-censorship/dei86j1/,-0.208,0.045131154,0.001602173,0.017982552,0.014953227,0.021159383,0.008492245,1488650509.0,4,0,0,yorec9,0.0,0.0,256.0,12692.0,12948.0
5xgpp4,dei88b6,"> If the USA can turn itself around 

It's going to be a loooooooooooooooong two years.  :/",https://www.theguardian.com/world/2017/mar/04/chinese-official-slams-internet-censorship/dei88b6/,-0.271,0.09394901,0.002880096,0.021808386,0.017063495,0.024897853,0.007974415,1488650582.0,6,0,0,NosVemos,13.0,0.0,,,13.0
5xgpp4,dei9bpx,Breaking news: Chinese official calling for easing of internet censorship disappears!,https://www.theguardian.com/world/2017/mar/04/chinese-official-slams-internet-censorship/dei9bpx/,-0.042,0.10783285,0.003471375,0.021125201,0.056582913,0.01961243,0.01254427,1488652115.0,0,0,1,CalurinStend,40.0,12.0,39.0,4220.0,4311.0
5xgpp4,deih8tv,You know the world is a strange place when the West is calling for more censorship and surveillance and China is calling for less of it.,https://www.theguardian.com/world/2017/mar/04/chinese-official-slams-internet-censorship/deih8tv/,-0.271,0.049831573,0.001239777,0.01220964,0.02128403,0.018710041,0.006964645,1488663644.0,14,0,0,[deleted],,,,,
5xgpp4,deiha92,"> China’s sprawling internet censorship regime is harming the country’s economic...progress, a senior official has said

Deng Xiaoping likes that.",https://www.theguardian.com/world/2017/mar/04/chinese-official-slams-internet-censorship/deiha92/,-0.042,0.10002319,0.002689362,0.014156717,0.051580742,0.023479814,0.007029374,1488663704.0,3,0,0,-Lithium-,299.0,43.0,2704.0,89991.0,93037.0
5xgpp4,deijgyz,"If you're going to rule, rule. I've never understood why the CCP has been so pathetically insecure over what people say about it. It reeks of insecurity and weakness. Stalin was a complete monster; but at least he didn't try to pretend otherwise (from what I know).",https://www.theguardian.com/world/2017/mar/04/chinese-official-slams-internet-censorship/deijgyz/,0.25,0.4269174,0.022839356,0.22552395,0.08087392,0.47273466,0.018019408,1488667102.0,6,0,0,ToxinFoxen,412.0,106.0,2531.0,84019.0,87068.0
5xgpp4,deinahd,"It would be flooded with Simplified Chinese script actually! Mandarin specifically refers to the standard spoken language. There's no such thing as written Mandarin.

Also careful what you wish for, it would also flood the Internet with Chinese memes and trolls. Let us pray we are ready for such a day! Hahahahahaha!",https://www.theguardian.com/world/2017/mar/04/chinese-official-slams-internet-censorship/deinahd/,-0.021,0.30136615,0.017610285,0.14754629,0.21668483,0.10148193,0.032695748,1488673065.0,2,0,0,Colandore,546.0,227.0,910.0,30769.0,32452.0
5xgpp4,deiwayp,China had to be firm on censorship because it's propaganda was weak compared to the west.,https://www.theguardian.com/world/2017/mar/04/chinese-official-slams-internet-censorship/deiwayp/,-0.128,0.13908891,0.002651215,0.017777596,0.08004672,0.056133457,0.007430693,1488686817.0,1,0,0,YuwenTaiji,0.0,0.0,5391.0,15132.0,20523.0
