post_id,comment_id,txt,url,offensiveness_score,Toxicity,Severe Toxicity,Profanity,Identity Attack,Insult,Threat,created,score,total_awards_received,controversiality,user,user_awardee_karma,user_awarder_karma,user_link_karma,user_comment_karma,user_total_karma
c7ym48,esi9njz,"There was some controversy around that vaccine for a while several years ago.  I know because my parents waited to get me vaccinated for that until I was about 16 or 18, I can't remember which.  I would assume (in the hopes of positive reasons) that's why your family might've been against that vaccine.",https://i.redd.it/yjrwjoobsq731.jpg/esi9njz/,-0.167,0.031684756,0.001478195,0.017982552,0.0051797,0.013706914,0.008065036,1562009469.0,10,0,0,Kilikina34512,15.0,0.0,506.0,696.0,1217.0
c7ym48,esicurf,"The only controversy is the same as the controversy regarding the HepB vaccine:  ""My child isn't having sex!""",https://i.redd.it/yjrwjoobsq731.jpg/esicurf/,-0.022,0.3047732,0.007743835,0.16450337,0.009138471,0.028722567,0.008323951,1562011245.0,11,0,0,[deleted],,,,,
c7ym48,esiz1fp,"If my parents told me that bs I would go get the shot, tell them and start dressing like a hoochie momma for a day. Just to fuck with them lol",https://i.redd.it/yjrwjoobsq731.jpg/esiz1fp/,0.681,0.85333383,0.45895407,0.8089582,0.20680901,0.49389273,0.5251682,1562022934.0,24,0,0,[deleted],,,,,
c7ym48,esj2tqw,I got that when I was younger and nothing happened to me! Cheers mate!,https://i.redd.it/yjrwjoobsq731.jpg/esj2tqw/,-0.542,0.03828422,0.002269745,0.019895468,0.005845661,0.011540901,0.008815889,1562024953.0,1,0,0,Ic_Wing,556.0,1221.0,26713.0,19280.0,47770.0
c7ym48,esj7mlv,"First off I'm %100 vaccinate your kids. But when this came out it was marketed as a vaccine for cancer, not as a vaccine for an STD. 

I do understand that some people think that teens don't have sex so they don't need it.  

I also get it that if they had of said ""Hey Dumbass your kids are going to boink like bunnies protect their crotches"" they wouldn't have sold as many.",https://i.redd.it/yjrwjoobsq731.jpg/esj7mlv/,0.396,0.4402136,0.051147457,0.40878695,0.09824528,0.40243408,0.033386398,1562027596.0,2,0,0,Ostabby,111.0,301.0,4482.0,8162.0,13056.0
c7ym48,esjonaw,"Same here. My mom's logic is only promiscuous people need protection against HPV, so don't be promiscuous and you don't have to worry about it!",https://i.redd.it/yjrwjoobsq731.jpg/esjonaw/,0.083,0.15545623,0.004253388,0.031140719,0.023997234,0.047349896,0.009100696,1562037956.0,3,0,0,farsified,0.0,0.0,4357.0,18417.0,22774.0
c7ym48,esk0ygz,"Well not completely imo, my parents had legitimate concerns on what was a relatively still new-ish drug.  They were trying to be responsible parents by waiting until they were sure that the drug was safe.  I was just trying to cast a positive light on the reason based on my own experience.  None of us really know the parents reasoning except the OP's parents and possibly OP.",https://i.redd.it/yjrwjoobsq731.jpg/esk0ygz/,-0.188,0.07212844,0.002260208,0.028913507,0.006104646,0.027218282,0.007819066,1562047747.0,3,0,0,Kilikina34512,15.0,0.0,506.0,696.0,1217.0
c7ym48,esl8bc4,A close family member contracted throat cancer from the HP virus and almost died. We were very lucky we didn't lose him. His partner had per-cancerous lesions on her cervix which require painful excision.  The cancer appeared years after the initial exposure to the virus. Parents who object to this vaccine are living in denial that their child will ever have sex. Human beings have sex. You did the right thing for yourself. Cervical cancer is a horrible disease and it's monstrous to treat. Had the vaccine been available when my children were young I would have insisted upon it.,https://i.redd.it/yjrwjoobsq731.jpg/esl8bc4/,-0.021,0.25462922,0.009346008,0.13697,0.018671319,0.06302499,0.012854968,1562081054.0,2,0,0,maybesaydie,33401.0,9430.0,1161228.0,1040042.0,2244101.0
c7ym48,esmy11e,Because I'm obviously going to have a bunch of sex after I get it because I won't get HPV 🙄,https://i.redd.it/yjrwjoobsq731.jpg/esmy11e/,0.333,0.5779532,0.09912638,0.42019588,0.032753747,0.08533409,0.059796512,1562117794.0,2,0,0,eggabeth,31.0,252.0,5050.0,38736.0,44069.0
c7ym48,eszg1hp,"You're 21 years old.  It is absolutely not their business!

Good for you!  Take care of yourself.

  
P.S.:  They probably think it will make you promiscuous, or something.",https://i.redd.it/yjrwjoobsq731.jpg/eszg1hp/,-0.312,0.16043124,0.004348755,0.04742365,0.006622616,0.039737478,0.01101667,1562361304.0,2,0,0,FlinkeMeisje,306.0,0.0,2955.0,42966.0,46227.0
