post_id,comment_id,txt,url,offensiveness_score,Toxicity,Severe Toxicity,Profanity,Identity Attack,Insult,Threat,created,score,total_awards_received,controversiality,user,user_awardee_karma,user_awarder_karma,user_link_karma,user_comment_karma,user_total_karma
ad73v5,edf2htd,Since when are memes politics a political cartoon sure but this come on,https://i.redd.it/pyu2ek8ocn821.jpg/edf2htd/,-0.271,0.115658075,0.003299713,0.03615085,0.010581387,0.034562174,0.008686432,1546810555.0,2,0,0,Fornaughtythings123,26,0,39,17675,17740
ad73v5,edfas57,I mean... you took credit for the economic goals he achieved which you yourself said were impossible to achieve. So why not...,https://i.redd.it/pyu2ek8ocn821.jpg/edfas57/,-0.167,0.021667719,0.000629425,0.011031146,0.001507663,0.011160898,0.005938693,1546815145.0,-1,0,0,sungawd,60,0,519,10185,10764
ad73v5,edffk3s,"While Obama was a monster in his own way, this meme is still a perfect representation of the finger pointing that our Mango Mussolini is so well known for.
 
It's baffling as to how easily manipulated the people of this once improving, but never great, nation are. The indoctrinations are strong in this one.",https://i.redd.it/pyu2ek8ocn821.jpg/edffk3s/,0.354,0.4394682,0.016319158,0.1554785,0.068465814,0.48675314,0.009385503,1546818050.0,1,0,0,Boogerpicker247364,0,0,231,3884,4115
ad73v5,edfgak9,"Oh, now it’s not his stock market. He was lying between those two ears last month. If you like my stock market you can keep it!",https://i.redd.it/pyu2ek8ocn821.jpg/edfgak9/,-0.188,0.23090743,0.00415802,0.027547138,0.003070822,0.15343215,0.008116818,1546818542.0,0,0,0,kooodeal,0,0,1,5054,5055
ad73v5,edfjhsk,President Trump is slowly but surely repairing our Nation from the Obama disaster.,https://i.redd.it/pyu2ek8ocn821.jpg/edfjhsk/,-0.021,0.12867521,0.0025177,0.015079016,0.01374736,0.06739554,0.008026198,1546820723.0,-1,0,0,DonnieS1,0,0,3366,-100,3266
ad73v5,edfqeyp,It's coming. We all know it. Have any of you ever seen a grown man who blames other people the way this clown does? Hire a clown expect a circus! ,https://i.redd.it/pyu2ek8ocn821.jpg/edfqeyp/,0.0,0.6020386,0.017610285,0.13168186,0.008176526,0.66500133,0.015947454,1546825021.0,1,0,0,Hiouchi4me,18,14,57,16630,16719
ad73v5,edfzp1c,The 14 year old that writes like a fucking news reporter. Sure ,https://i.redd.it/pyu2ek8ocn821.jpg/edfzp1c/,0.729,0.85850734,0.35368225,0.86331284,0.09576365,0.5678696,0.012596053,1546831871.0,2,0,0,AnonDidNothingWrong,0,59,87744,26272,114075
