post_id,comment_id,txt,url,offensiveness_score,Toxicity,Severe Toxicity,Profanity,Identity Attack,Insult,Threat,created,score,total_awards_received,controversiality,user,user_awardee_karma,user_awarder_karma,user_link_karma,user_comment_karma,user_total_karma
azxg1s,eib5ncs,"Fuck the Russian government, equal parts mafia and authoritarian. ",https://www.bbc.com/news/world-europe-47488267?fbclid=IwAR2g4KVdYyFw9eJy8BfHEjcgi6c8O6tUWPYBFVKCeMhqDgOrwXrgrv05dT8/eib5ncs/,0.667,0.9563754,0.53082085,0.90862066,0.6487889,0.71027446,0.15118481,1552342408.0,50,0,0,[deleted],,,,,
azxg1s,eibaphu,"Makes me sad. They have an awesome culture aside from their political garbage. Same with the United States, too tbh. ",https://www.bbc.com/news/world-europe-47488267?fbclid=IwAR2g4KVdYyFw9eJy8BfHEjcgi6c8O6tUWPYBFVKCeMhqDgOrwXrgrv05dT8/eibaphu/,-0.104,0.53579444,0.022322904,0.27342406,0.22707681,0.5678696,0.007844958,1552346162.0,4,0,0,[deleted],,,,,
azxg1s,eibb9li,"Mafia implies they control the gov. They don't, and the state doesn't control the organized crime within its borders either. It's more like a partnership.",https://www.bbc.com/news/world-europe-47488267?fbclid=IwAR2g4KVdYyFw9eJy8BfHEjcgi6c8O6tUWPYBFVKCeMhqDgOrwXrgrv05dT8/eibb9li/,0.083,0.04785245,0.001196861,0.014122557,0.006548621,0.019483518,0.007094103,1552346587.0,3,0,0,[deleted],,,,,
azxg1s,eidonzs,"Don’t worry Russians , the USA will free you! /s",https://www.bbc.com/news/world-europe-47488267?fbclid=IwAR2g4KVdYyFw9eJy8BfHEjcgi6c8O6tUWPYBFVKCeMhqDgOrwXrgrv05dT8/eidonzs/,0.085,0.17805049,0.006217957,0.038154904,0.12208464,0.031697463,0.014393489,1552423537.0,1,0,0,jonboy333,641.0,0.0,11612.0,35378.0,47631.0
