post_id,comment_id,txt,url,offensiveness_score,Toxicity,Severe Toxicity,Profanity,Identity Attack,Insult,Threat,created,score,total_awards_received,controversiality,user,user_awardee_karma,user_awarder_karma,user_link_karma,user_comment_karma,user_total_karma
4283f1,cz8cid1,"Nah my choice in women is pretty generic. Pretty face, curvy, skinny waist, nice tna",https://www.reddit.com/r/AskMen/comments/4283f1/do_you_feel_like_you_have_different_taste_in//cz8cid1/,0.0,0.31132057,0.018191293,0.16450337,0.2331515,0.08533409,0.012233571,1453503709.0,6,0,0,[deleted],,,,,
4283f1,cz8msxj,"Fuck yea dude

I'm down with the fucking swirl.",https://www.reddit.com/r/AskMen/comments/4283f1/do_you_feel_like_you_have_different_taste_in//cz8msxj/,0.646,0.9288007,0.36435235,0.9540331,0.045901958,0.47384647,0.012803185,1453523018.0,10,0,0,SulRoss69,55.0,0.0,5.0,17863.0,17923.0
4283f1,cz8vjqy,"Intellect is the most important thing to me.  
Don't get me wrong, I like dem titties and dat ass, but they mean nothing if there is a void between her ears.  
Only problem I have is, most girls smart enough to be attractive to me are smart enough to avoid weird losers like me.",https://www.reddit.com/r/AskMen/comments/4283f1/do_you_feel_like_you_have_different_taste_in//cz8vjqy/,0.255,0.6588125,0.19455661,0.62717754,0.11512129,0.3388922,0.025271246,1453553332.0,1,0,0,WarKiel,1235.0,0.0,884.0,143824.0,145943.0
4283f1,cz8wj4i,"I want an intelligent woman who stands up for herself. I am large, loud and confident and, as a result, sometimes unintentionally steamroller a conversation. I need a partner who can hold her own in this kind of situation and steamroller right back.

I want an independent woman. I have discovered that if I have the feeling my girlfriend needs me, I can never truly relax and feel like I always need to be strong for her. In the presence of somebody who is strong herself, I can allow myself to relax and not be strong when I need a break. And that makes everything so much better.

Physically, tallness is a plus. I am 6'9"", anything below 5'8"" is really inconvenient (though possible, and I did have shorter girlfriends in the past).

Luckily, I have found that woman. I'm gonna go now and tell her that.",https://www.reddit.com/r/AskMen/comments/4283f1/do_you_feel_like_you_have_different_taste_in//cz8wj4i/,-0.067,0.0926474,0.003662109,0.07191269,0.018168874,0.021997316,0.009074804,1453556699.0,2,0,0,[deleted],,,,,
4283f1,cz9n1yg,"It's a little difficult to explain but I'm not often into the stereotypical ""hot"" girls. I'm more attracted to cuteness than hotness.",https://www.reddit.com/r/AskMen/comments/4283f1/do_you_feel_like_you_have_different_taste_in//cz9n1yg/,-0.188,0.32712606,0.012962224,0.25275812,0.030175667,0.046178754,0.008168601,1453605301.0,1,0,0,[deleted],,,,,
