post_id,comment_id,txt,url,offensiveness_score,Toxicity,Severe Toxicity,Profanity,Identity Attack,Insult,Threat,created,score,total_awards_received,controversiality,user,user_awardee_karma,user_awarder_karma,user_link_karma,user_comment_karma,user_total_karma
br76yy,eoary0u,"Not American, but I find these posts weird...

I feel that the priority issue now is D. Trump.

Biden can potentially draw out Trump supporters and Democrats will vote for him either way, because who else? Trump?

If Biden wins, USA will have a more left-leaning candidate than Trump and IMO it will be a lot easier to push a green new deal or other left-wing politics.",https://i.redd.it/adzdny6bjiz21.jpg/eoary0u/,0.208,0.09872158,0.002117157,0.019280603,0.012061302,0.03827355,0.008155655,1558426176.0,100,0,0,KarlWhale,53.0,115.0,84.0,31575.0,31827.0
br76yy,eoauzkl,The fact is that it's too little too late. Centrist democrats tend to give small incremental change making things slightly better overtime. (better in my worldview) this could be said about a centrist candidate on either side.,https://i.redd.it/adzdny6bjiz21.jpg/eoauzkl/,-0.354,0.019477395,0.000786781,0.011868048,0.005401687,0.011084898,0.006550381,1558428567.0,23,0,0,[deleted],,,,,
br76yy,eobf9er,"I see that same type of posts/comments being made against Sanders.

It’s almost like there is an organized campaign to sow discord amongst the left... Again.",https://i.redd.it/adzdny6bjiz21.jpg/eobf9er/,-0.146,0.036162965,0.000925064,0.011031146,0.008583503,0.01625293,0.007145886,1558441176.0,17,0,0,foulpudding,1248.0,1534.0,5560.0,121745.0,130087.0
br76yy,eobknc1,"Lol common sense? Yeah fuck universal healthcare, and let's help bloody dictatorships around the world. 
Hillary was a joke and there is a reason she lost.",https://i.redd.it/adzdny6bjiz21.jpg/eobknc1/,0.596,0.8460273,0.41034412,0.7888968,0.22261032,0.65129566,0.10696311,1558443956.0,8,0,0,Cheechster4,271.0,266.0,10210.0,15816.0,26563.0
br76yy,eodkh02,Quoting a Russian diplomat on American politics. Hmmm!,https://i.redd.it/adzdny6bjiz21.jpg/eodkh02/,-0.065,0.055521555,0.001573563,0.012482914,0.023193322,0.018645585,0.007547205,1558475059.0,-2,0,1,Ayellowbeard,988.0,85.0,12103.0,15059.0,28235.0
br76yy,eoe4s3c,"Or, or, we could go with NUCLEAR POWER",https://i.redd.it/adzdny6bjiz21.jpg/eoe4s3c/,-0.042,0.23090743,0.017481172,0.046171114,0.021585498,0.018258847,0.25272974,1558488130.0,1,0,0,destroyer629,0.0,14.0,1537.0,1336.0,2887.0
br76yy,eoe5m8j,"Can’t wait to see what happens if Biden gets the nom, will Dems vote for him because he’s not trump, vote Trump because Bernie didn’t get it, or will they not vote/vote 3rd party, throwing their vote away so neither gets it",https://i.redd.it/adzdny6bjiz21.jpg/eoe5m8j/,0.0,0.03639866,0.00123024,0.012448754,0.005475683,0.013782915,0.008220384,1558488663.0,1,0,0,icyartillery,539.0,137.0,,,676.0
br76yy,eoe6poh,"Centrist does not mean ""neutral"", it just means between left and right. 

I consider myself a political pragmatist, and is therefor almost by default a centrist. There is certain politics on the left and on the right that I agree with, and I agree with them because they work. 

**I certainly see climate change as the biggest challenge of our generation. Why am I as centrist singled out as not part of the sollution?**",https://i.redd.it/adzdny6bjiz21.jpg/eoe6poh/,-0.267,0.05304765,0.002002716,0.027000591,0.01756594,0.02283525,0.007948523,1558489359.0,1,0,0,[deleted],,,,,
br76yy,eoebuo1,When are people going to learn this climate change shit is bullshit and just a tax grab. Fuck the climate our economy matter more than a few trees and birds,https://i.redd.it/adzdny6bjiz21.jpg/eoebuo1/,0.792,0.9029226,0.38274905,0.90150756,0.078392304,0.4794537,0.015602129,1558492684.0,0,0,0,fittle_saggot,0.0,0.0,,,0.0
br76yy,eos6rgf,Since when did world politics become American politics?,https://i.redd.it/adzdny6bjiz21.jpg/eos6rgf/,-0.375,0.038991302,0.001111031,0.013029462,0.012240025,0.013516913,0.006718676,1558818516.0,1,0,0,Ancient_Aliens_Guy,81.0,6.0,2710.0,18503.0,21300.0
br76yy,etw4i9e,You’re an idiot. None of what you said is factual. Shut the fuck up you ignorant degenerate!,https://i.redd.it/adzdny6bjiz21.jpg/etw4i9e/,0.771,0.968226,0.62879944,0.91513264,0.26155844,0.9343686,0.13802026,1563253681.0,1,0,0,donkijote97,71.0,16.0,60813.0,1435.0,62335.0
