post_id,comment_id,txt,url,offensiveness_score,Toxicity,Severe Toxicity,Profanity,Identity Attack,Insult,Threat,created,score,total_awards_received,controversiality,user,user_awardee_karma,user_awarder_karma,user_link_karma,user_comment_karma,user_total_karma
aeu81p,edsnhr1,"Holy shit the title is hilarious


Edit1: so my most upvoted comment is about how fucked up some presidents are",https://www.dailymail.co.uk/news/article-6580715/Rodrigo-Duterte-calls-Catholic-Church-allow-useless-priests-boyfriends.html/edsnhr1/,0.625,0.9029226,0.4195425,0.8949436,0.13591312,0.5678696,0.013528148,1547204804.0,18995,0,0,NokiumThe1st,1075.0,15.0,6500.0,108545.0,116135.0
aeu81p,edsx4av,You believe most priests are gay?,https://www.dailymail.co.uk/news/article-6580715/Rodrigo-Duterte-calls-Catholic-Church-allow-useless-priests-boyfriends.html/edsx4av/,0.468,0.50789946,0.023076924,0.2813443,0.55044734,0.40420914,0.007417747,1547212558.0,40,0,0,[deleted],,,,,
aeu81p,edt029s,...to preach that being gay is a sin? ,https://www.dailymail.co.uk/news/article-6580715/Rodrigo-Duterte-calls-Catholic-Church-allow-useless-priests-boyfriends.html/edt029s/,0.208,0.46982017,0.023076924,0.15019037,0.55044734,0.3388922,0.009592636,1547214829.0,1,0,0,FourDoorFordWhore,221.0,0.0,2083.0,28498.0,30802.0
aeu81p,edt1w22,"It's not a sin to be gay in Catholicism. It's a sin to have sex out of wedlock and a sin to have sex when it's not for the purpose of procreation. You can be gay in Catholicism, so long as you don't have sex or to have sexual thoughts; the latter applies to straight people also. 

This is more reasonable than 'being gay is a sin' but still pretty lame.",https://www.dailymail.co.uk/news/article-6580715/Rodrigo-Duterte-calls-Catholic-Church-allow-useless-priests-boyfriends.html/edt1w22/,0.229,0.47900817,0.024960563,0.2813443,0.48915586,0.35161978,0.025098583,1547215956.0,3,0,0,[deleted],,,,,
aeu81p,edt5frr,"Not where I live, and they sure as hell don’t get the same treatment. Where’s their prison sentence? They go to some pedo monastery..,shows the power of this shitty organization. If the Catholic Church was ever good it’s been taken over by the devil 


Mark 9:42 

“Whoever causes one of these little ones who believe in me to sin, it would be better for him if a great millstone were hung around his neck and he were thrown into the sea.”",https://www.dailymail.co.uk/news/article-6580715/Rodrigo-Duterte-calls-Catholic-Church-allow-useless-priests-boyfriends.html/edt5frr/,0.354,0.6426206,0.35368225,0.5381406,0.50588524,0.5130944,0.41368496,1547217961.0,0,0,1,[deleted],,,,,
aeu81p,edt6dr2,">Not where I live, and they sure as hell don’t get the same treatment.

Are you sure of that, or has your view just been distorted due to its over representation in the media?

>Where’s their prison sentence? They go to some pedo monastery..,shows the power of this shitty organization.

Yes, the church had flaws with how it responded to this in the past. But that is being resolved now ",https://www.dailymail.co.uk/news/article-6580715/Rodrigo-Duterte-calls-Catholic-Church-allow-useless-priests-boyfriends.html/edt6dr2/,0.196,0.8115627,0.50703704,0.5365423,0.6007182,0.5739874,0.13815513,1547218489.0,1,0,0,[deleted],,,,,
aeu81p,edt9r9e,"They would be on his list of reckoning, absolutely. They will pay the price. Catholic Church’s theology and dogma doesn’t change based on the whims of those abusing power though. It’s the Church itself that keeps in line, even if the people in charge don’t. ",https://www.dailymail.co.uk/news/article-6580715/Rodrigo-Duterte-calls-Catholic-Church-allow-useless-priests-boyfriends.html/edt9r9e/,-0.085,0.17458448,0.004177094,0.023243073,0.13377325,0.06634661,0.009126588,1547220545.0,2,0,0,neekryan,63.0,13.0,425.0,4191.0,4692.0
aeu81p,edtu3w8,Ahaha awesome guy this is a great one ,https://www.dailymail.co.uk/news/article-6580715/Rodrigo-Duterte-calls-Catholic-Church-allow-useless-priests-boyfriends.html/edtu3w8/,-0.75,0.08083374,0.005264282,0.047674157,0.012842959,0.018323302,0.011068452,1547232495.0,9,1,0,cris8905,0.0,0.0,1.0,-23.0,-22.0
aeu81p,edtxi4y,He’s far from awesome by any measure.,https://www.dailymail.co.uk/news/article-6580715/Rodrigo-Duterte-calls-Catholic-Church-allow-useless-priests-boyfriends.html/edtxi4y/,-0.234,0.08004235,0.002040863,0.024131214,0.005142702,0.029604018,0.006679839,1547234350.0,1,0,1,techguy69,1127.0,0.0,85287.0,58829.0,145243.0
aeu81p,edvgvwi,"The Pope should excommunicate him just as a """" fuck you too dude"". ",https://www.dailymail.co.uk/news/article-6580715/Rodrigo-Duterte-calls-Catholic-Church-allow-useless-priests-boyfriends.html/edvgvwi/,0.848,0.8988238,0.4561839,0.8855216,0.36702603,0.6308392,0.06626215,1547275420.0,2,0,0,MetalIzanagi,0.0,0.0,,,0.0
aeu81p,edvh673,So can anyone fill me in on why Duterte dresses like he's either an asylum orderly or about to go play 18 holes at the country club? ,https://www.dailymail.co.uk/news/article-6580715/Rodrigo-Duterte-calls-Catholic-Church-allow-useless-priests-boyfriends.html/edvh673/,0.25,0.3057765,0.011291504,0.12991914,0.02821777,0.24928534,0.011638066,1547275786.0,1,0,0,MetalIzanagi,0.0,0.0,,,0.0
aeu81p,edvq0ro,Finally batshit crazy actually makes senses....,https://www.dailymail.co.uk/news/article-6580715/Rodrigo-Duterte-calls-Catholic-Church-allow-useless-priests-boyfriends.html/edvq0ro/,0.479,0.52007306,0.13073033,0.5013569,0.034042787,0.40243408,0.011922873,1547284935.0,1,0,0,Knobjockeyjoe,0.0,0.0,24.0,2179.0,2203.0
aeu81p,edxogy3,"“Dey got ze big gey lmao”

-Filipino president, probably.",https://www.dailymail.co.uk/news/article-6580715/Rodrigo-Duterte-calls-Catholic-Church-allow-useless-priests-boyfriends.html/edxogy3/,0.125,,,,,,,1547338234.0,1,0,0,[deleted],,,,,
aeu81p,ee1u1to,"Oh look, the daily mail....fuck off. ",https://www.dailymail.co.uk/news/article-6580715/Rodrigo-Duterte-calls-Catholic-Church-allow-useless-priests-boyfriends.html/ee1u1to/,0.583,0.9248995,0.45895407,0.902047,0.06613251,0.6675394,0.042985857,1547478925.0,1,0,0,illtakethatpainfromu,0.0,0.0,,,0.0
