post_id,comment_id,txt,url,offensiveness_score,Toxicity,Severe Toxicity,Profanity,Identity Attack,Insult,Threat,created,score,total_awards_received,controversiality,user,user_awardee_karma,user_awarder_karma,user_link_karma,user_comment_karma,user_total_karma
64dqwo,dg1d915,If a Berniecrat Dem could win in Kansas?  THAT would be impressive.,http://www.huffingtonpost.com/entry/kansas-special-election_us_58e90124e4b058f0a02f9e25/dg1d915/,-0.25,0.045873325,0.001277924,0.01261955,0.009027477,0.02173949,0.006492125,1491755905.0,654,0,0,raziphel,941.0,27.0,21732.0,536757.0,559457.0
64dqwo,dg1pktv,"Not unexpected.  His values are shared by nearly everyone who bothers to listen to them.  His policy is sensible and doesn't rely on wedge issue politics.  

The only reason it's surprising is that a guy the party leadership hates may win.",http://www.huffingtonpost.com/entry/kansas-special-election_us_58e90124e4b058f0a02f9e25/dg1pktv/,-0.083,0.06421452,0.001239777,0.012790347,0.006474625,0.02618698,0.007003482,1491772656.0,293,0,0,gunch,751.0,19.0,,,770.0
64dqwo,dg1qi04,"Haven't most of the candidates Bernie endorsed lost?

Edit: Did any actually win?

Edit: So most of them didn't lose? Funny a few out of like 40 doesn't exactly seems like a wave of progressivism crashing over the country. Personally I'm for Franken 2020.",http://www.huffingtonpost.com/entry/kansas-special-election_us_58e90124e4b058f0a02f9e25/dg1qi04/,-0.191,0.11036996,0.002727509,0.023311393,0.008731495,0.04442204,0.008220384,1491773899.0,-15,0,0,banjist,48.0,0.0,3030.0,111597.0,114675.0
64dqwo,dg1qrci,It's an extremely conservative district that despite the great grassroots support he will still likely lose. Great to see but I don't think anyone should get their hopes up.,http://www.huffingtonpost.com/entry/kansas-special-election_us_58e90124e4b058f0a02f9e25/dg1qrci/,-0.292,0.02873857,0.00099659,0.012448754,0.005549679,0.012984909,0.007417747,1491774261.0,75,0,0,freudianGrip,25.0,0.0,3676.0,30916.0,34617.0
64dqwo,dg1rsbt,I don't think I'll ever get my hopes up again at this point. ,http://www.huffingtonpost.com/entry/kansas-special-election_us_58e90124e4b058f0a02f9e25/dg1rsbt/,-0.292,0.03192045,0.001096726,0.013815125,0.00327431,0.010704896,0.007935578,1491775622.0,95,0,0,[deleted],,,,,
64dqwo,dg1sg4o,"""He's a borderline rapist and that's just what we know about.  He can't possibly win -- did you hear what he said about grabbing pussy?  ZERO percent chance.  He's a fucking trainwreck.""

Me.  Before losing all faith in humanity.",http://www.huffingtonpost.com/entry/kansas-special-election_us_58e90124e4b058f0a02f9e25/dg1sg4o/,0.938,0.83334327,0.35368225,0.7809412,0.20088354,0.62169385,0.14485972,1491776519.0,138,0,0,gunch,751.0,19.0,,,770.0
64dqwo,dg1ssxd,"Same.
""You have to take out their families.(of terrorists)""
""We shouldve taken the oil (in Iraq)""

I need a drink, care for one?",http://www.huffingtonpost.com/entry/kansas-special-election_us_58e90124e4b058f0a02f9e25/dg1ssxd/,0.13,0.28857216,0.011138916,0.022628209,0.13163337,0.13064787,0.09929679,1491776980.0,59,0,0,newlackofbravery,0.0,0.0,346.0,7799.0,8145.0
64dqwo,dg1sta2,I just made a donation.  Hope its not too late to help,http://www.huffingtonpost.com/entry/kansas-special-election_us_58e90124e4b058f0a02f9e25/dg1sta2/,-0.729,0.017466826,0.001211166,0.014156717,0.003903274,0.008576883,0.008077981,1491776993.0,8,0,0,Reddituser45005,3357.0,79.0,925.0,179884.0,184245.0
64dqwo,dg1uab2,"Kansas is the great Brownback conservative failure. They can't stand Brownback, Republicans are failing miserably in Kansas. Can you imagine if progressive Democrats start winning in states like Kansas?

Get fucked GOP, that's what.",http://www.huffingtonpost.com/entry/kansas-special-election_us_58e90124e4b058f0a02f9e25/dg1uab2/,0.583,0.7761081,0.35076234,0.71218073,0.3908055,0.61794597,0.060119797,1491779005.0,50,0,0,SilverIdaten,1434.0,0.0,13269.0,238327.0,253030.0
64dqwo,dg1xwhr,"Screw hope anyways, it's a fickle thing. Duty and purpose should be our drivers.",http://www.huffingtonpost.com/entry/kansas-special-election_us_58e90124e4b058f0a02f9e25/dg1xwhr/,0.104,0.13388206,0.004119873,0.09292633,0.00431025,0.047935467,0.008349842,1491784009.0,5,0,0,DragodaDragon,588.0,508.0,16703.0,81647.0,99446.0
64dqwo,dg1ya1e,"Its mainly because they lost their primaries. There are some. An example is that the Democratic Party in California had elections for some party positions like delegates or something and basically it gave Berniecrats a lot of control over CA's party. Edit: We won majority of the party seats there: 618 of the 1120 seats.

Khalid Kamau is running for Atlanta City Council and is heading for the final round. Hes the favorite to win right now.

Jim Thompson could win but then again hes in Kansas.

A Berniecrat won mayor of San Luis Obispo by a few votes.

Theres several incumbent Berniecrats in several positions.

There have been other elections Im not thinking of that Berniecrats won, but not many.",http://www.huffingtonpost.com/entry/kansas-special-election_us_58e90124e4b058f0a02f9e25/dg1ya1e/,-0.021,0.044141594,0.001449585,0.018392462,0.007880543,0.0233509,0.007443639,1491784540.0,9,0,0,Dblcut3,1521.0,0.0,50776.0,176046.0,228343.0
64dqwo,dg1zp37,"that line low-key broke my faith that Americans had any semblance of shame. For God's sake he is advocating collective punishment and the wholesale slaughter of women and children whose only crime is they're RELATED TO BAD GUYS. The Yemen raid made me want to cry, we killed an eight year old girl. ",http://www.huffingtonpost.com/entry/kansas-special-election_us_58e90124e4b058f0a02f9e25/dg1zp37/,0.271,0.41445592,0.023411209,0.13961408,0.36803186,0.36709076,0.34804323,1491786577.0,35,0,0,sadderdrunkermexican,0.0,0.0,710.0,34710.0,35420.0
64dqwo,dg228dn,"Not really. California came at a point when it was clear Bernie had lost, so it's not surprising that Clinton won.",http://www.huffingtonpost.com/entry/kansas-special-election_us_58e90124e4b058f0a02f9e25/dg228dn/,-0.312,0.034748793,0.000929832,0.011611853,0.004347248,0.017614283,0.00641445,1491790292.0,3,0,0,[deleted],,,,,
64dqwo,dg2365p,"Your fellow BernieCrats from Nebraska are cheering for you, Kansas. Make history and start this revolution!",http://www.huffingtonpost.com/entry/kansas-special-election_us_58e90124e4b058f0a02f9e25/dg2365p/,-0.104,0.08874765,0.002593994,0.016035475,0.019475231,0.030926194,0.008116818,1491791701.0,6,0,0,SpaceYeti,178.0,0.0,14135.0,29271.0,43584.0
64dqwo,dg242ks,"Well I guess we'll see, there's no polling really that I've seen. All I've seen is that this is an ultra-conservative district that is showing more dem turnout than they're used to.

I suppose it's what came first the chicken or the egg? But when Kansas votes in people like Brownback it's tough to see it as a state dems should really go after. There seems to be this sentiment after dems losing everything to go too far in the other direction and try to contest everything but that makes little sense. I think we middle ground. Maybe Kansas fits into that, I'm not sure.",http://www.huffingtonpost.com/entry/kansas-special-election_us_58e90124e4b058f0a02f9e25/dg242ks/,-0.149,0.10609736,0.002298355,0.027820412,0.010951365,0.054962315,0.007288289,1491793043.0,3,0,0,freudianGrip,25.0,0.0,3676.0,30916.0,34617.0
64dqwo,dg24x6p,"The republican candidate is just so bad though. He's laughingly bad. Check out his commercial where he's standing in the swamp. James Thompsons' commercial, however, is genuine and intelligent - and he's a veteran. People might not get so easily duped by the Republicans this time just because the contrast between the candidates.",http://www.huffingtonpost.com/entry/kansas-special-election_us_58e90124e4b058f0a02f9e25/dg24x6p/,0.208,0.37694603,0.009994507,0.080318145,0.06294931,0.40243408,0.009256045,1491794345.0,14,0,0,Bear_jams,0.0,0.0,1070.0,29881.0,30951.0
64dqwo,dg256kg,"Estes = Brownback to most people here in Wichita, which is not a good thing.  And Yes - that swamp commercial was incredible - wtf?",http://www.huffingtonpost.com/entry/kansas-special-election_us_58e90124e4b058f0a02f9e25/dg256kg/,0.25,0.4574824,0.023076924,0.47191826,0.015355183,0.2838064,0.008440462,1491794748.0,8,0,0,4anewparadigm,0.0,0.0,252.0,7876.0,8128.0
64dqwo,dg26r3c,"It's always amusing when everything remotely liberal is considered far left. The US is, overall, a very right leaning country.",http://www.huffingtonpost.com/entry/kansas-special-election_us_58e90124e4b058f0a02f9e25/dg26r3c/,-0.062,0.04315203,0.001125336,0.013336895,0.014450782,0.019096779,0.006375613,1491797278.0,9,0,0,icerL,0.0,0.0,54.0,6523.0,6577.0
64dqwo,dg274n3,Also would be really handy to see the % history for that seat in previous years.,http://www.huffingtonpost.com/entry/kansas-special-election_us_58e90124e4b058f0a02f9e25/dg274n3/,-0.479,0.017341165,0.001139641,0.016889455,0.004421244,0.008690883,0.007637825,1491797916.0,1,0,0,paradise_circus157,185.0,54.0,14433.0,31710.0,46382.0
64dqwo,dg28rvf,The AP called CA for Clinton the day before primary voting... It was very disheartening.,http://www.huffingtonpost.com/entry/kansas-special-election_us_58e90124e4b058f0a02f9e25/dg28rvf/,-0.062,0.10566349,0.001649857,0.015967157,0.004994711,0.04852104,0.00704232,1491800983.0,3,0,0,skymats,0.0,0.0,3.0,183.0,186.0
64dqwo,dg2a6u6,No it's okay to give up ... for a while but there is an ultimate reality beyond this one and it is better.  This is just the reality that we have to deal with for now. It's normal to feel depressed about it. Be good to yourself. Get your rest and take care.,http://www.huffingtonpost.com/entry/kansas-special-election_us_58e90124e4b058f0a02f9e25/dg2a6u6/,-0.312,0.050078966,0.001802445,0.022833163,0.003070822,0.021288296,0.008090926,1491804041.0,1,0,0,4now5now6now,3377.0,148.0,397811.0,177071.0,578407.0
64dqwo,dg2aahl,oh sadder drunker mexican! Lo siento! It is so evil. I believe that people who fight for humanity and the environment are going to better world beyond this. I know that atheists who fight for what is good are going to the best place of all in heaven because they never expected any reward. ,http://www.huffingtonpost.com/entry/kansas-special-election_us_58e90124e4b058f0a02f9e25/dg2aahl/,0.37,0.50503236,0.16960317,0.2666764,0.5135796,0.4339631,0.030623792,1491804280.0,4,0,0,4now5now6now,3377.0,148.0,397811.0,177071.0,578407.0
64dqwo,dg2af3i,Thompson got a bunch of money to start and then a ton in the last few days! So our guy has plenty of money to spend. He needs phone banking!,http://www.huffingtonpost.com/entry/kansas-special-election_us_58e90124e4b058f0a02f9e25/dg2af3i/,-0.208,0.021196328,0.000758171,0.012141321,0.001461415,0.011806903,0.006297939,1491804583.0,3,0,0,4now5now6now,3377.0,148.0,397811.0,177071.0,578407.0
64dqwo,dg2bc7a,"Okay, I live in KS and I am trying to look up where I can vote on this. The 3 kansas websites I've pulled up have either been outdated or provide no information. Could a fellow Kansan help out?",http://www.huffingtonpost.com/entry/kansas-special-election_us_58e90124e4b058f0a02f9e25/dg2bc7a/,-0.354,0.024967449,0.000905991,0.011868048,0.007880543,0.012338906,0.00675104,1491806872.0,3,0,0,Dawtoned,0.0,0.0,1923.0,2949.0,4872.0
64dqwo,dg2fypl,"How the US is overall is completely irrelevant. People on Reddit act like they're morally superior for being far left or just further to the left than everyone else, which is truly amusing.",http://www.huffingtonpost.com/entry/kansas-special-election_us_58e90124e4b058f0a02f9e25/dg2fypl/,0.0,0.0969861,0.002593994,0.028503597,0.039972372,0.030265106,0.006938754,1491820807.0,1,0,0,[deleted],,,,,
64dqwo,dg2i9y3,"> People might not get so easily duped by the Republicans this time just because the contrast between the candidates.

Trump's win disproves everything",http://www.huffingtonpost.com/entry/kansas-special-election_us_58e90124e4b058f0a02f9e25/dg2i9y3/,-0.087,0.15711457,0.002384186,0.01887069,0.013646871,0.0777699,0.007586042,1491826280.0,2,0,0,[deleted],,,,,
64dqwo,dg2jxmw,"That's the thing though. The corporate candidates (the ones we're used to) are laughably bad, generic and fake when compared to someone who genuinely wants to turn things around for the country. The problem is that usually we have to choose between 2 corporate/establishment  approved candidates so the contrast isn't obvious.",http://www.huffingtonpost.com/entry/kansas-special-election_us_58e90124e4b058f0a02f9e25/dg2jxmw/,-0.042,0.28547668,0.005836487,0.075468846,0.023595277,0.26957804,0.007857903,1491829201.0,3,0,0,Grizzly_Madams,451.0,0.0,40792.0,76793.0,118036.0
64dqwo,dg2ksma,"> I know that atheists who fight for what is good go to the best place of all in heaven because they never expected any reward.

This is why I am not concerned about my beliefs and only want to treat people well.",http://www.huffingtonpost.com/entry/kansas-special-election_us_58e90124e4b058f0a02f9e25/dg2ksma/,-0.229,0.10002319,0.002231598,0.01764096,0.09741807,0.020385906,0.006026078,1491830523.0,6,0,0,Species7,0.0,0.0,84.0,12064.0,12148.0
64dqwo,dg2m8tg,"The race isn't close at all. Don't downvote because you don't want it to be true, we just need to be real about candidates that have a chance so our support can bring about change, not flocking to things we wish were true. This is one of the reddest districts in the nation and, although it's closer than other years, there are far closer races we have a far greater chance at succeeding at. We will fail to change the system if we flock to thee easy story and the hard fight, instead of the easier fighter with a less exciting story.",http://www.huffingtonpost.com/entry/kansas-special-election_us_58e90124e4b058f0a02f9e25/dg2m8tg/,0.042,0.069754265,0.002040863,0.019690514,0.031980325,0.02283525,0.007586042,1491832517.0,-1,0,0,[deleted],,,,,
64dqwo,dg30nxg,"I'm pretty confident of it. This dimension  has a lot of good and evil. There are places where kindness and goodness are the norms and not the exceptions.
This earth is not sane but it has a lot of good people in it.
Hang in there and take good care of yourself.  Get your rest. Drink clean water and eat as health as you can. Take a break from the news for a few days if you have to. Be in nature if you can. I wish you the deepest peace.",http://www.huffingtonpost.com/entry/kansas-special-election_us_58e90124e4b058f0a02f9e25/dg30nxg/,-0.292,0.062236045,0.003757477,0.031641733,0.009989422,0.020063626,0.0130621,1491848541.0,2,0,0,4now5now6now,3377.0,148.0,397811.0,177071.0,578407.0
64dqwo,dg35fw4,"I'm not assuming anything when I say they have less solvable problems. We have more gun deaths, more medical bankruptcies, more infrastructure problems, etc. It's quantifiable and we could have definitely solved these problems considering the resources we have. There are always problems, but if they are solvable, it's a serious problem if conservatism prevents the solutions from being used.",http://www.huffingtonpost.com/entry/kansas-special-election_us_58e90124e4b058f0a02f9e25/dg35fw4/,0.0,0.11347008,0.004749298,0.02836696,0.016460562,0.033680726,0.053654157,1491853520.0,3,0,0,icerL,0.0,0.0,54.0,6523.0,6577.0
64dqwo,dg35i5w,"I'm no fan of conservatism, but ""let's blindly move the country's entire political scene to the left without considering nuance or American voters"" is a terrible idea.",http://www.huffingtonpost.com/entry/kansas-special-election_us_58e90124e4b058f0a02f9e25/dg35i5w/,0.125,0.11078331,0.001630783,0.017982552,0.016360072,0.035443626,0.00814271,1491853588.0,1,0,0,[deleted],,,,,
64dqwo,dg36ko5,It's not blind if we are following other countries' examples.,http://www.huffingtonpost.com/entry/kansas-special-election_us_58e90124e4b058f0a02f9e25/dg36ko5/,-0.167,0.025320992,0.000720024,0.011406898,0.006400629,0.01290891,0.006407978,1491854688.0,3,0,0,icerL,0.0,0.0,54.0,6523.0,6577.0
64dqwo,dg38ffz,"They never finished counting the primary votes, and misled voters away from the democratic primary ballots., so it was never really ""clear"". There was a huge groundswell of support of Bernie in California that was actively stifled by our own Democrats.",http://www.huffingtonpost.com/entry/kansas-special-election_us_58e90124e4b058f0a02f9e25/dg38ffz/,-0.043,0.08320791,0.00166893,0.017845914,0.009989422,0.035333443,0.007288289,1491856633.0,2,0,0,betomorrow,0.0,0.0,1.0,5192.0,5193.0
