post_id,comment_id,txt,url,offensiveness_score,Toxicity,Severe Toxicity,Profanity,Identity Attack,Insult,Threat,created,score,total_awards_received,controversiality,user,user_awardee_karma,user_awarder_karma,user_link_karma,user_comment_karma,user_total_karma
5qxxb0,dd48irs,"I'm fine with it as well. Actually where I'm from in Siberia, I get the feeling there's a mix of Asian and Western culture. Because when I was growing up slurping was OK, but chewing with your mouth open was not. Then I lived in the States and Europe, and there slurping was definitely frowned upon as well. I say if the soup or coffee/tea is hot, slurping is better than burning your tongue, so fuck what people think. Chewing with your mouth open and smacking your lips is just unnecessary.",https://www.reddit.com/r/AskReddit/comments/5qxxb0/what_do_you_have_absolutely_no_tolerance_for//dd48irs/,0.271,0.45090583,0.05832097,0.541926,0.21075934,0.25998658,0.12996206,1485814884.0,1,0,0,[deleted],,,,,
5qxxb0,dd4cj71,My line manager does this on emails and it comes across so passive aggressive. ,https://www.reddit.com/r/AskReddit/comments/5qxxb0/what_do_you_have_absolutely_no_tolerance_for//dd4cj71/,-0.292,0.08795626,0.001983643,0.017094411,0.003773782,0.026058068,0.011379151,1485819650.0,0,0,0,re_Claire,603.0,2532.0,22144.0,112545.0,137824.0
5qxxb0,dd4dvrf,"People who take part in shenanigans and get caught and don't own up to it. They play the victim role and everything is everyone else's fault. No, you fucked up, and now you have to pay the price for it. Grow a fucking pair, face the music, learn from your mistakes, and move on with your life. ",https://www.reddit.com/r/AskReddit/comments/5qxxb0/what_do_you_have_absolutely_no_tolerance_for//dd4dvrf/,0.562,0.743089,0.3735507,0.7466957,0.18235919,0.5145894,0.056563694,1485821309.0,1,0,0,RomansSalamander,0.0,10.0,217.0,5292.0,5519.0
5qxxb0,dd4furw,People who hold up the line at the grocery store with bags of change and mounds of coupons.,https://www.reddit.com/r/AskReddit/comments/5qxxb0/what_do_you_have_absolutely_no_tolerance_for//dd4furw/,-0.213,0.020607091,0.000638962,0.011031146,0.001868392,0.010932897,0.006116698,1485823788.0,2,0,0,olivecrayon87,292.0,0.0,6431.0,43576.0,50299.0
5qxxb0,dd4fvts,The 'I am always right' customers,https://www.reddit.com/r/AskReddit/comments/5qxxb0/what_do_you_have_absolutely_no_tolerance_for//dd4fvts/,-0.298,0.02543884,0.001306534,0.015864678,0.006067649,0.011198899,0.007184723,1485823824.0,2,0,0,bluepiphanyy,0.0,0.0,1.0,100.0,101.0
5qxxb0,dd4fwsq,"When people are racist, homophobic, xenophobic etc. I hate any form of discrimination. 


I hate what separates us, but I love what makes us different.",https://www.reddit.com/r/AskReddit/comments/5qxxb0/what_do_you_have_absolutely_no_tolerance_for//dd4fwsq/,-0.021,0.32397532,0.015802706,0.13608865,0.23770751,0.1505596,0.012854968,1485823858.0,1,0,0,dipsta,283.0,300.0,12561.0,38239.0,51383.0
5qxxb0,dd4gp0w,Feminists who say they care about men's rights and then laugh at/shut down any dialogue about it.,https://www.reddit.com/r/AskReddit/comments/5qxxb0/what_do_you_have_absolutely_no_tolerance_for//dd4gp0w/,0.188,0.31825066,0.009727478,0.07385241,0.37012735,0.15485314,0.008634649,1485824862.0,1,0,0,jeff_the_nurse,5332.0,0.0,,,5332.0
