post_id,comment_id,txt,url,offensiveness_score,Toxicity,Severe Toxicity,Profanity,Identity Attack,Insult,Threat,created,score,total_awards_received,controversiality,user,user_awardee_karma,user_awarder_karma,user_link_karma,user_comment_karma,user_total_karma
6sa8ga,dlb99v2,"He has a PHD from Harvard in Biology, so he's well qualified to discuss why biology might play a role in why women choose not to work in tech. But even trying to discuss such a thing was enough to send the Internet and his coworkers into a frenzy demanding that he be fired as retribution. Why discuss the issue when you can just silence the opposition? Isn't that the basis of authoritarianism? I hope he sues them for wrongful termination and wins. ",https://www.bloomberg.com/news/articles/2017-08-08/google-fires-employee-behind-controversial-diversity-memo?cmpid=socialflow-twitter-business&utm_content=business&utm_campaign=socialflow-organic&utm_source=twitter&utm_medium=social/dlb99v2/,-0.25,0.09525062,0.00246048,0.02023706,0.019977676,0.03412145,0.011327368,1502158406.0,18,0,1,[deleted],,,,,
6sa8ga,dlbbn6u,Did his memo state that he's a rightist? That wasn't clear from the portions I skimmed.,https://www.bloomberg.com/news/articles/2017-08-08/google-fires-employee-behind-controversial-diversity-memo?cmpid=socialflow-twitter-business&utm_content=business&utm_campaign=socialflow-organic&utm_source=twitter&utm_medium=social/dlbbn6u/,-0.146,0.04240986,0.001072884,0.013131939,0.00880549,0.017227544,0.006770459,1502161498.0,8,0,0,kinghajj,0.0,0.0,1223.0,23636.0,24859.0
6sa8ga,dlbd519,"He's welcome to discuss whatever he wants, but private companies are also allowed to not associate with him if he does. Ideology is not a protected class for purposes of employment discrimination.",https://www.bloomberg.com/news/articles/2017-08-08/google-fires-employee-behind-controversial-diversity-memo?cmpid=socialflow-twitter-business&utm_content=business&utm_campaign=socialflow-organic&utm_source=twitter&utm_medium=social/dlbd519/,-0.125,0.026145924,0.000734329,0.010604155,0.007843546,0.011198899,0.006763986,1502163622.0,53,0,0,regul,1463.0,0.0,7354.0,208467.0,217284.0
6sa8ga,dlbeal5,"Great memo by Sundar. The engineer does makes points which are well worth debating. However, he crosses the line numerous times when he uses biology to explain why women are inferior as engineers and leadership positions.

Also, did anyone read that part about conservatives being more fit for 'mature companies'? Whatever that means. Sigh.",https://www.bloomberg.com/news/articles/2017-08-08/google-fires-employee-behind-controversial-diversity-memo?cmpid=socialflow-twitter-business&utm_content=business&utm_campaign=socialflow-organic&utm_source=twitter&utm_medium=social/dlbeal5/,0.292,0.19409354,0.005645752,0.032894265,0.14233272,0.09416737,0.008789998,1502165357.0,49,0,0,tubedownhill,0.0,0.0,,,0.0
6sa8ga,dlbefhs,"He already is successful, he's got a doctorate from a AAA university. Google themselves decided they needed him, this isn't a ""skills"" issue as it is a ""company culture"" issue. Also a lot of people would argue that behavior is determined by genetics (which was once held as standard within the academic community), but I digress.  

",https://www.bloomberg.com/news/articles/2017-08-08/google-fires-employee-behind-controversial-diversity-memo?cmpid=socialflow-twitter-business&utm_content=business&utm_campaign=socialflow-organic&utm_source=twitter&utm_medium=social/dlbefhs/,-0.106,0.0665887,0.002374649,0.02433617,0.011543332,0.026444806,0.007909686,1502165564.0,-9,0,0,bitfriend,0.0,0.0,1481.0,23317.0,24798.0
6sa8ga,dlbep54,"> He already is successful, he's got a doctorate from a AAA university.

So does Ted Kaczynski but society doesn't deem him valuable.

> Google themselves decided they needed him, this isn't a ""skills"" issue as it is a ""company culture"" issue. 

Hiring decisions aren't 100% perfect and did you know there is a shortage of software engineers?

> Also a lot of people would argue that behavior is determined by genetics (which was once held as standard within the academic community), but I digress.

Nature vs Nurture has never reached a consensus to either extreme.",https://www.bloomberg.com/news/articles/2017-08-08/google-fires-employee-behind-controversial-diversity-memo?cmpid=socialflow-twitter-business&utm_content=business&utm_campaign=socialflow-organic&utm_source=twitter&utm_medium=social/dlbep54/,0.021,0.069754265,0.00166893,0.017299367,0.00621564,0.0314771,0.0065698,1502165979.0,16,0,0,bruhoho,0.0,0.0,4405.0,8868.0,13273.0
6sa8ga,dlbezt6,"What if some idiot biologist from Harvard discusses company wide why white males are inferior to asians in intelligence, and inferior to blacks in physical capabilities and endurance. And therefor a case can be made to reduce hiring white people because they have a lower ceiling than any other race?

I would immediately fire that guy, and take his racist thoughts elsewhere. You? ",https://www.bloomberg.com/news/articles/2017-08-08/google-fires-employee-behind-controversial-diversity-memo?cmpid=socialflow-twitter-business&utm_content=business&utm_campaign=socialflow-organic&utm_source=twitter&utm_medium=social/dlbezt6/,0.354,0.72028047,0.18538254,0.39409557,0.6220118,0.71120167,0.108496375,1502166460.0,20,0,0,tubedownhill,0.0,0.0,,,0.0
6sa8ga,dlbf23n,[deleted],https://www.bloomberg.com/news/articles/2017-08-08/google-fires-employee-behind-controversial-diversity-memo?cmpid=socialflow-twitter-business&utm_content=business&utm_campaign=socialflow-organic&utm_source=twitter&utm_medium=social/dlbf23n/,0.0,,,,,,,1502166562.0,44,0,0,[deleted],,,,,
6sa8ga,dlbf5of,"> So does Ted Kaczynski but society doesn't deem him valuable.

Not YET, but once our computer overlords take over we'll wish we had! 

Sorry, I was reading about him recently and his beliefs on how technology would ultimately destroy humanity. ",https://www.bloomberg.com/news/articles/2017-08-08/google-fires-employee-behind-controversial-diversity-memo?cmpid=socialflow-twitter-business&utm_content=business&utm_campaign=socialflow-organic&utm_source=twitter&utm_medium=social/dlbf5of/,0.196,0.11378009,0.002765656,0.014976538,0.004106762,0.03665562,0.013010317,1502166724.0,3,0,0,[deleted],,,,,
6sa8ga,dlbf7rs,"> A straw man is a common form of argument and is an informal fallacy based on giving the impression of refuting an opponent's argument, while refuting an argument that was not presented by that opponent. One who engages in this fallacy is said to be ""attacking a straw man"".",https://www.bloomberg.com/news/articles/2017-08-08/google-fires-employee-behind-controversial-diversity-memo?cmpid=socialflow-twitter-business&utm_content=business&utm_campaign=socialflow-organic&utm_source=twitter&utm_medium=social/dlbf7rs/,0.085,0.1693855,0.004272461,0.02836696,0.011987305,0.082372494,0.011379151,1502166823.0,1,0,1,[deleted],,,,,
6sa8ga,dlbfdv5,"I presented a hypothetical question to you. I did not even claim that you made that argument. Unfortunately that is not a straw man.

So, care to answer that question again?",https://www.bloomberg.com/news/articles/2017-08-08/google-fires-employee-behind-controversial-diversity-memo?cmpid=socialflow-twitter-business&utm_content=business&utm_campaign=socialflow-organic&utm_source=twitter&utm_medium=social/dlbfdv5/,0.083,0.18649188,0.002670288,0.03189224,0.004809721,0.0813853,0.006886971,1502167106.0,6,0,0,tubedownhill,0.0,0.0,,,0.0
6sa8ga,dlbffuh,"Kaczynski was valuable enough to put into jail at taxpayer's expense. That doesn't mean he's right, which is my point about whoever was fired in the first place.",https://www.bloomberg.com/news/articles/2017-08-08/google-fires-employee-behind-controversial-diversity-memo?cmpid=socialflow-twitter-business&utm_content=business&utm_campaign=socialflow-organic&utm_source=twitter&utm_medium=social/dlbffuh/,0.085,0.042657252,0.001411438,0.012004685,0.002885833,0.017420914,0.011767523,1502167198.0,0,0,0,bitfriend,0.0,0.0,1481.0,23317.0,24798.0
6sa8ga,dlbfpeo,"Do you seriously think that once a company accepts open investment, it assumes an obligation not to interfere with political speech?",https://www.bloomberg.com/news/articles/2017-08-08/google-fires-employee-behind-controversial-diversity-memo?cmpid=socialflow-twitter-business&utm_content=business&utm_campaign=socialflow-organic&utm_source=twitter&utm_medium=social/dlbfpeo/,-0.417,0.022610499,0.000715256,0.012414595,0.0017204,0.0113509,0.006207318,1502167650.0,5,0,0,manuscelerdei,185.0,450.0,1434.0,85282.0,87351.0
6sa8ga,dlbfyn1,"> uses biology to explain why women are inferior as engineers and leadership positions.

I read the thing, or at least I'd like to think I did. Could you point me to the part where he specifically says that women are inferior?

Also,

> did anyone read that part about conservatives being more fit for 'mature companies'? Whatever that means.

This part?

> Alienating conservatives is both non-inclusive and generally bad business
because conservatives tend to be higher in conscientiousness [he links to an article here], which is required
for much of the drudgery and maintenance work characteristic of a mature
company.

Not sure what you're confused about. The 'mature company' part? Pretty self evident no? ",https://www.bloomberg.com/news/articles/2017-08-08/google-fires-employee-behind-controversial-diversity-memo?cmpid=socialflow-twitter-business&utm_content=business&utm_campaign=socialflow-organic&utm_source=twitter&utm_medium=social/dlbfyn1/,0.208,0.37694603,0.02167734,0.10797132,0.40447855,0.2817503,0.010550622,1502168089.0,36,0,0,vsssk,0.0,0.0,1.0,720.0,721.0
6sa8ga,dlbgiem,"> I read the thing, or at least I'd like to think I did. Could you point me to the part where he specifically says that women are inferior?

""Women, on average, have more neuroticism""

""Women on average are more prone to anxiety.""

Tell me in what cases neuroticism and anxiety would be considered a good trait.

""Women on average look for more work-life balance""

Code for ""women don't want to work as hard""

Among others.


Yet he spends very little time on effects of sexism and gender bias and criticizes solutions to them.
",https://www.bloomberg.com/news/articles/2017-08-08/google-fires-employee-behind-controversial-diversity-memo?cmpid=socialflow-twitter-business&utm_content=business&utm_campaign=socialflow-organic&utm_source=twitter&utm_medium=social/dlbgiem/,0.271,0.27525392,0.006637573,0.03189224,0.28034934,0.16480011,0.007495422,1502169062.0,37,0,0,bruhoho,0.0,0.0,4405.0,8868.0,13273.0
6sa8ga,dlbguic,"No, I never said anything like that. The guy I replied to said Google is private when they are actually public. That's all.",https://www.bloomberg.com/news/articles/2017-08-08/google-fires-employee-behind-controversial-diversity-memo?cmpid=socialflow-twitter-business&utm_content=business&utm_campaign=socialflow-organic&utm_source=twitter&utm_medium=social/dlbguic/,-0.277,0.024849601,0.001044273,0.016001316,0.003699786,0.010324894,0.007158832,1502169703.0,-2,0,0,super_ultra,18.0,0.0,4082.0,9875.0,13975.0
6sa8ga,dlbh9m8,[deleted],https://www.bloomberg.com/news/articles/2017-08-08/google-fires-employee-behind-controversial-diversity-memo?cmpid=socialflow-twitter-business&utm_content=business&utm_campaign=socialflow-organic&utm_source=twitter&utm_medium=social/dlbh9m8/,0.208,,,,,,,1502170502.0,-16,0,0,[deleted],,,,,
6sa8ga,dlbkcam,He emailed breitbart saying he was fired,https://www.bloomberg.com/news/articles/2017-08-08/google-fires-employee-behind-controversial-diversity-memo?cmpid=socialflow-twitter-business&utm_content=business&utm_campaign=socialflow-organic&utm_source=twitter&utm_medium=social/dlbkcam/,-0.362,0.058490243,0.001850128,0.019280603,0.004883717,0.016936934,0.011715741,1502177125.0,7,0,0,tubedownhill,0.0,0.0,,,0.0
6sa8ga,dlbkj5w,"> However, he crosses the line numerous times when he uses biology to explain why women are inferior as engineers and leadership positions.

Please cite the points in which the author claims women are inferior due to male/female biological differences.",https://www.bloomberg.com/news/articles/2017-08-08/google-fires-employee-behind-controversial-diversity-memo?cmpid=socialflow-twitter-business&utm_content=business&utm_campaign=socialflow-organic&utm_source=twitter&utm_medium=social/dlbkj5w/,0.125,0.2854835,0.009346008,0.03915693,0.35624164,0.16195811,0.00756015,1502177577.0,8,0,0,[deleted],,,,,
6sa8ga,dlbkqq9,"Can you tell me how this guys ISNT saying women are inferior in the following attributes/ways: Leadership, drive, ideas, more prone to anxiety and neurotics, spend more money. And on and on

Some of his quotes among many more

>This leads to women generally having a harder time negotiating salary, asking for raises, speaking up, and **leading**.

> Openness directed towards feelings and aesthetics rather than **ideas**. Women generally also have a stronger interest in people rather than things, relative to men

> Women on average look for more work-life balance while **men have a higher drive for status** on average

>  Women on average are more prone to anxiety.

>  Considering women spend more money than men

> [women have higher] Neuroticism (higher anxiety, lower stress tolerance).

",https://www.bloomberg.com/news/articles/2017-08-08/google-fires-employee-behind-controversial-diversity-memo?cmpid=socialflow-twitter-business&utm_content=business&utm_campaign=socialflow-organic&utm_source=twitter&utm_medium=social/dlbkqq9/,0.191,0.34328604,0.023076924,0.21997347,0.32476485,0.1662211,0.018710058,1502178104.0,27,0,0,tubedownhill,0.0,0.0,,,0.0
6sa8ga,dlbl6uc,"As far as I can tell he feels alienated because no one wants to listen to his sexist bullshit. Maybe he should right another memo about other conservative viewpoints like trade, economic or foreign policy; until then, I'm going to assume people didn't like him because he was an asshole, not because he was a conservative.",https://www.bloomberg.com/news/articles/2017-08-08/google-fires-employee-behind-controversial-diversity-memo?cmpid=socialflow-twitter-business&utm_content=business&utm_campaign=socialflow-organic&utm_source=twitter&utm_medium=social/dlbl6uc/,0.604,0.68408644,0.23224287,0.6242122,0.2816105,0.6261769,0.030969119,1502179242.0,5,0,1,VROF,3667.0,529.0,29610.0,1215335.0,1249141.0
6sa8ga,dlbldgg,Why does this conversation have to happen at Google? They don't want to have the conversation. They do t think it is beneficial to debate about whether or not women are equal to men. This guy can have that conversation on his own time but it sounds like no one wants to hear it and that makes him feel marginalized because his sexist views aren't being given fair time. ,https://www.bloomberg.com/news/articles/2017-08-08/google-fires-employee-behind-controversial-diversity-memo?cmpid=socialflow-twitter-business&utm_content=business&utm_campaign=socialflow-organic&utm_source=twitter&utm_medium=social/dlbldgg/,0.021,0.24282593,0.007591248,0.0913099,0.11280017,0.08558089,0.009747985,1502179714.0,4,0,0,VROF,3667.0,529.0,29610.0,1215335.0,1249141.0
6sa8ga,dlbnilw,"Good Sir Sundar rides back from distant lands to protect the ladies' honor by slaying the wicked Baron Damore, whose coarse language offended their delicate sensibilities.

Yeah, we're striking a blow against gender stereotypes here. ",https://www.bloomberg.com/news/articles/2017-08-08/google-fires-employee-behind-controversial-diversity-memo?cmpid=socialflow-twitter-business&utm_content=business&utm_campaign=socialflow-organic&utm_source=twitter&utm_medium=social/dlbnilw/,-0.021,0.30427247,0.009918213,0.051431753,0.120924085,0.24928534,0.029587816,1502185498.0,-1,0,1,[deleted],,,,,
6sa8ga,dlbt9wt,"He wants companies to improve ""ideological diversity"" with conservative political beliefs as an example. ",https://www.bloomberg.com/news/articles/2017-08-08/google-fires-employee-behind-controversial-diversity-memo?cmpid=socialflow-twitter-business&utm_content=business&utm_campaign=socialflow-organic&utm_source=twitter&utm_medium=social/dlbt9wt/,-0.104,0.018723432,0.000514984,0.009647697,0.003533295,0.011122898,0.00599695,1502197318.0,3,0,0,Carcharodon_literati,125.0,0.0,27286.0,183376.0,210787.0
6sa8ga,dlby5zf,In other words you added nothing to the conversation. ,https://www.bloomberg.com/news/articles/2017-08-08/google-fires-employee-behind-controversial-diversity-memo?cmpid=socialflow-twitter-business&utm_content=business&utm_campaign=socialflow-organic&utm_source=twitter&utm_medium=social/dlby5zf/,0.042,0.083999306,0.001220703,0.015113175,0.002478856,0.027841117,0.006433869,1502203488.0,2,0,0,manuscelerdei,185.0,450.0,1434.0,85282.0,87351.0
6sa8ga,dlc2l2c,"You folks are getting scary.

The thing is, I used to believe certain things, and I would have gotten very fierce in defending what I believed.  Now, believing different things years later, I have a better understanding of why we should tolerate different points of view.  But we are going in the other direction.",https://www.bloomberg.com/news/articles/2017-08-08/google-fires-employee-behind-controversial-diversity-memo?cmpid=socialflow-twitter-business&utm_content=business&utm_campaign=socialflow-organic&utm_source=twitter&utm_medium=social/dlc2l2c/,0.167,0.13388206,0.003051758,0.029050145,0.014450782,0.06564732,0.008077981,1502208181.0,16,0,0,OldManHadTooMuchWine,0.0,0.0,,,0.0
6sa8ga,dlc4nrf,"> Google literally supports hate groups such as La Raza 

lol. Do you even know what they do?",https://www.bloomberg.com/news/articles/2017-08-08/google-fires-employee-behind-controversial-diversity-memo?cmpid=socialflow-twitter-business&utm_content=business&utm_campaign=socialflow-organic&utm_source=twitter&utm_medium=social/dlc4nrf/,0.146,0.3389984,0.015286255,0.094219476,0.1508922,0.16831873,0.009722093,1502210319.0,2,0,0,[deleted],,,,,
6sa8ga,dlc5z2q,"We have endless conversations on this.  Ad nauseum.  Do you really believed that this isn't something that's argued over on every public message board, every comment chain, every Reddit thread on the internet today?  Including this one.",https://www.bloomberg.com/news/articles/2017-08-08/google-fires-employee-behind-controversial-diversity-memo?cmpid=socialflow-twitter-business&utm_content=business&utm_campaign=socialflow-organic&utm_source=twitter&utm_medium=social/dlc5z2q/,-0.062,0.09655223,0.002012253,0.028230323,0.003977269,0.02708937,0.007184723,1502211641.0,2,0,0,inlatitude,0.0,0.0,62.0,10290.0,10352.0
6sa8ga,dlc86cn,Google invited this discussion by setting up an internal forum for discussing their diversity policies. ,https://www.bloomberg.com/news/articles/2017-08-08/google-fires-employee-behind-controversial-diversity-memo?cmpid=socialflow-twitter-business&utm_content=business&utm_campaign=socialflow-organic&utm_source=twitter&utm_medium=social/dlc86cn/,-0.146,0.023199737,0.000934601,0.014293353,0.007732552,0.010248893,0.007016428,1502214047.0,6,0,0,OMGROTFLMAO,20.0,0.0,,,20.0
6sa8ga,dlcnnuj,"> ""Women, on average, have more neuroticism""

They do.

> ""Women on average are more prone to anxiety.""

They do.

> ""Women on average look for more work-life balance""

They are more likely to do so.

The only argument you give is ""it's offensive"".


",https://www.bloomberg.com/news/articles/2017-08-08/google-fires-employee-behind-controversial-diversity-memo?cmpid=socialflow-twitter-business&utm_content=business&utm_campaign=socialflow-organic&utm_source=twitter&utm_medium=social/dlcnnuj/,0.271,0.27750343,0.008392334,0.050680235,0.27991617,0.15769513,0.008077981,1502230257.0,-1,0,0,Darddeac,0.0,0.0,,,0.0
