post_id,comment_id,txt,url,offensiveness_score,Toxicity,Severe Toxicity,Profanity,Identity Attack,Insult,Threat,created,score,total_awards_received,controversiality,user,user_awardee_karma,user_awarder_karma,user_link_karma,user_comment_karma,user_total_karma
bxhus9,eq6u2pw,"What kind of jerk just watches that woman carrying her child 30 miles?

""This kid is getting a little heavy. Think you could give me a lift?""

""Nah, you got this.""


Edit:

I think this is the first time I've had to do this, but people don't seem to realize I'm joking... I'm poking fun at the phrasing. I'm pretty sure he meant he saw a woman who had carried her child... I don't really think he is a jerk...",https://i.redd.it/wthd9sfs5r231.jpg/eq6u2pw/,0.5,0.71760553,0.16960317,0.5013569,0.104676254,0.6991143,0.045572113,1559835430.0,90,0,0,TheGrimVeeper,15,0,1604,2828,4447
bxhus9,eq6ve9l,At least part of it if I was walking the same 30 miles for some reason. The bigger issue is he was obviously there as part of some humanitarian aid and so likely had transportation. So to watch her carry the kid he either drove next to her or was going on a random 30 mile stroll.,https://i.redd.it/wthd9sfs5r231.jpg/eq6ve9l/,-0.34,0.0466155,0.001916885,0.021535112,0.005327691,0.020901557,0.007935578,1559836060.0,-44,0,0,TheGrimVeeper,15,0,1604,2828,4447
bxhus9,eq6yjuu,"It's not like I was joking or anything... I mean, who would take a serious subject and make light of it because of awkward wording?",https://i.redd.it/wthd9sfs5r231.jpg/eq6yjuu/,-0.146,0.09828771,0.001897812,0.027410502,0.004180758,0.027347196,0.007223561,1559837588.0,-20,0,0,TheGrimVeeper,15,0,1604,2828,4447
bxhus9,eq6z8bi,Ah ok fuck the government for that I suppose,https://i.redd.it/wthd9sfs5r231.jpg/eq6z8bi/,0.667,0.9391453,0.45895407,0.90258646,0.18158256,0.5130944,0.10236332,1559837910.0,86,0,0,Nightstalker117,151,0,11920,69870,81941
bxhus9,eq75xn2,"Well, fuck corporations and big agribusiness for doing it, and fuck the government for not looking out for its citizens and keeping an eye on amoral corporations.",https://i.redd.it/wthd9sfs5r231.jpg/eq75xn2/,0.848,0.911035,0.457266,0.90150756,0.23998553,0.54525656,0.13279422,1559841081.0,99,0,0,carriegood,1302,474,3084,408649,413509
bxhus9,eq8yrpa,"I remember when I was 10 years old, we were poor,no vehicle,no phone.I was delirious with high fever.My Mum carried me on her back to the nearest clinic which was a 1 hour walk while it was a 30 C hot day. I vomitted all over her shoulder.


Now our life is good. I look back and compare. Man,first world countries take this everyday convenience for granted..",https://i.redd.it/wthd9sfs5r231.jpg/eq8yrpa/,-0.208,0.15324512,0.006599426,0.09098661,0.015857628,0.060927123,0.010214032,1559879597.0,3,0,0,RedlineN7,0,0,62,15034,15096
bxhus9,eq9hp7e,So im confused about the name of the sub and this post. Is it making fun of antivaxxers or making fun of pro vacinators?,https://i.redd.it/wthd9sfs5r231.jpg/eq9hp7e/,0.042,0.09915545,0.003318787,0.025770858,0.01666154,0.023093075,0.018364733,1559907114.0,1,0,0,dafood48,149,23,1835,78919,80926
bxhus9,eq9ieid,Natural selection might still be happening in 1st world after all?,https://i.redd.it/wthd9sfs5r231.jpg/eq9ieid/,0.021,0.032863233,0.001554489,0.013917602,0.010803374,0.00979289,0.007223561,1559907894.0,1,0,0,999baz,621,0,10846,6344,17811
bxhus9,es9pjfw,At first I thought it said Kanye and I was very confused,https://i.redd.it/wthd9sfs5r231.jpg/es9pjfw/,-0.255,0.048842013,0.001630783,0.019895468,0.006141644,0.018838953,0.007275343,1561741580.0,1,0,0,t_e_e_k_s,1501,758,21193,123107,146559
