post_id,comment_id,txt,url,offensiveness_score,Toxicity,Severe Toxicity,Profanity,Identity Attack,Insult,Threat,created,score,total_awards_received,controversiality,user,user_awardee_karma,user_awarder_karma,user_link_karma,user_comment_karma,user_total_karma
41ez1l,cz1sqxx,Getting someone pregnant who wouldn't want an abortion. ,https://www.reddit.com/r/AskMen/comments/41ez1l/what_is_something_that_as_a_man_terrifies_you//cz1sqxx/,0.042,0.113263406,0.004673004,0.027410502,0.008842488,0.018258847,0.02613456,1453059218.0,213,0,0,Whatsthedealwithair-,40.0,0.0,7002.0,106691.0,113733.0
41ez1l,cz1sx7r,[deleted],https://www.reddit.com/r/AskMen/comments/41ez1l/what_is_something_that_as_a_man_terrifies_you//cz1sx7r/,0.521,,,,,,,1453059481.0,10,0,0,[deleted],,,,,
41ez1l,cz1sxng,[deleted],https://www.reddit.com/r/AskMen/comments/41ez1l/what_is_something_that_as_a_man_terrifies_you//cz1sxng/,0.17,,,,,,,1453059498.0,489,0,0,[deleted],,,,,
41ez1l,cz1t26k,"Funny thing about the crab thing, I was sitting on the beach (Daytona I think) and felt a small pinching. I get up, it is the tiniest crab I've ever seen. Completely pale, not a white, but peachy-ish? Just a little guy.",https://www.reddit.com/r/AskMen/comments/41ez1l/what_is_something_that_as_a_man_terrifies_you//cz1t26k/,-0.354,0.10826672,0.005264282,0.041661996,0.038683333,0.029383656,0.010188141,1453059691.0,100,0,0,Indysteeler,46.0,9649.0,7105.0,52853.0,69653.0
41ez1l,cz22z0c,"That's why you get to know them first and say ""No"" when you feel like it is not the right one. You don't get jump into one, you know.",https://www.reddit.com/r/AskMen/comments/41ez1l/what_is_something_that_as_a_man_terrifies_you//cz22z0c/,-0.271,0.02543884,0.000967979,0.014122557,0.002293867,0.010210892,0.008686432,1453074749.0,1,0,0,Maestrotx,49.0,0.0,10581.0,60341.0,70971.0
41ez1l,cz2ic1f,It's only the murder of your unborn child!,https://www.reddit.com/r/AskMen/comments/41ez1l/what_is_something_that_as_a_man_terrifies_you//cz2ic1f/,0.396,0.6491204,0.3536391,0.22602804,0.08170113,0.26957804,0.5940531,1453103225.0,1,0,0,hampa9,0.0,0.0,867.0,101968.0,102835.0
41ez1l,cz2ohm8,Child support/alimony. Everything is by default against you. Either of the two (or both) can completely shut down the rest of your life.,https://www.reddit.com/r/AskMen/comments/41ez1l/what_is_something_that_as_a_man_terrifies_you//cz2ohm8/,-0.125,0.11140333,0.003490448,0.01846078,0.004421244,0.02051482,0.04098356,1453125369.0,1,0,0,Miroudias,0.0,0.0,20146.0,100479.0,120625.0
41ez1l,cz2puf3,Failing at the career I have dreamed about and strived for until now.  I have the job but am terrified at not being good enough at it.,https://www.reddit.com/r/AskMen/comments/41ez1l/what_is_something_that_as_a_man_terrifies_you//cz2puf3/,-0.104,0.040925518,0.00125885,0.017914234,0.003570293,0.01465692,0.007145886,1453128413.0,1,0,0,sully45,0.0,0.0,828.0,1706.0,2534.0
41ez1l,cz2qt3v,"Whether it's a disability, loss of job, or poor spending habits, I'm terrified of not being able to provide for my wife and future family.",https://www.reddit.com/r/AskMen/comments/41ez1l/what_is_something_that_as_a_man_terrifies_you//cz2qt3v/,-0.521,0.039935954,0.001363754,0.014395831,0.011173353,0.014238917,0.006543908,1453130303.0,1,0,0,BigBadJohn13,18.0,0.0,3655.0,7031.0,10704.0
