post_id,comment_id,txt,url,offensiveness_score,Toxicity,Severe Toxicity,Profanity,Identity Attack,Insult,Threat,created,score,total_awards_received,controversiality,user,user_awardee_karma,user_awarder_karma,user_link_karma,user_comment_karma,user_total_karma
50k1qc,d74u6dz,"Hmmm. Maybe. Weren't we all reading recently about how millennials have the least amount of sex, despite Tindr, etc? I think that's the real interest. Depression is widespread. People aren't thinking about bringing kids into this world. I don't have children and I don't want them. I know a lot of others that feel the same way. The birth control just helps us avoid what we don't want. I guess it depends on what you see as more responsible--the contraceptive, or the will that drives its usage?",http://www.vox.com/2016/8/30/12709638/teen-pregnancy-birth-control/d74u6dz/,-0.083,0.22043827,0.006370544,0.10363861,0.022590388,0.03827355,0.008919456,1472693526.0,142,0,0,Mayor_Wang,0.0,0.0,1.0,3068.0,3069.0
50k1qc,d74vamo,Maybe decades of our parents and grandparents figuring out just how far they can kick the can down the road and absolutely fuck the future generations over without quite causing a revolution are finally backfiring......and also hurray safe sex and proper sex education!,http://www.vox.com/2016/8/30/12709638/teen-pregnancy-birth-control/d74vamo/,0.542,0.6342749,0.34993178,0.6242122,0.109318495,0.40975618,0.34804323,1472695241.0,72,0,0,Echo017,563.0,51.0,4497.0,67507.0,72618.0
50k1qc,d74w6l9,"I think the dropoff might have happened around August 31, 2003. I don't know any teenagers who were born after then.",http://www.vox.com/2016/8/30/12709638/teen-pregnancy-birth-control/d74w6l9/,-0.271,0.021903414,0.001106262,0.013746806,0.004384246,0.008614883,0.008311004,1472696637.0,74,0,0,Hominid77777,68.0,0.0,4911.0,38486.0,43465.0
50k1qc,d750fgr,[removed],http://www.vox.com/2016/8/30/12709638/teen-pregnancy-birth-control/d750fgr/,0.146,,,,,,,1472703924.0,-20,0,0,[deleted],,,,,
50k1qc,d753j9d,"The big war that might be the catalyst of what you're talking about might not even involve the US fighting in it directly. Look at the Chinese and Indian population numbers and demographics, they are unsustainable. More and more young men (which both countries have a massive over abundance of) without the prospect of finding a woman, employment, or much of a highly sought after traditional life. its a major problem for the governments as well, how do you fix that kind of population imbalance and how do you do it without taking the blame and they can blame the Other county.",http://www.vox.com/2016/8/30/12709638/teen-pregnancy-birth-control/d753j9d/,0.167,0.067380086,0.001935959,0.01579636,0.031206898,0.024768941,0.009540852,1472711410.0,3,0,0,MisterMetal,322.0,0.0,36.0,292046.0,292404.0
50k1qc,d75abqy,"The trick is kegals exercise. When you feel the baby trying to get out, just clinch those muscles and they'll stay in for another 10 years or so of gestation.",http://www.vox.com/2016/8/30/12709638/teen-pregnancy-birth-control/d75abqy/,-0.062,0.083999306,0.003929138,0.029460056,0.004643231,0.012794908,0.021990653,1472732845.0,6,0,0,TheEllimist,0.0,0.0,4878.0,218119.0,222997.0
50k1qc,d75cwgw,people with Hutchinson-Gilford Progeria might beg to differ,http://www.vox.com/2016/8/30/12709638/teen-pregnancy-birth-control/d75cwgw/,-0.208,0.11479026,0.004405975,0.026863953,0.07673789,0.032799274,0.007935578,1472737407.0,0,0,0,MiltownKBs,1152.0,0.0,3573.0,168154.0,172879.0
50k1qc,d75losi,"So let me get this straight: The use of birth control, which is designed to prevent someone from getting pregnant, can reduce the rate of births? It's a good thing we have studies to bring those facts to light, otherwise we would have no idea. ",http://www.vox.com/2016/8/30/12709638/teen-pregnancy-birth-control/d75losi/,-0.042,0.029445656,0.001196861,0.013780965,0.004236255,0.010096892,0.008311004,1472749203.0,3,0,0,highwayman0,0.0,0.0,7792.0,2401.0,10193.0
50k1qc,d75lspb,"TIL contraception lowers teen pregnancy rates

truly fascinating dicoveries hope to learn more it's even more interesting that learning that dihydrogen monoxide is water!!!",http://www.vox.com/2016/8/30/12709638/teen-pregnancy-birth-control/d75lspb/,-0.208,0.058737632,0.00284195,0.016172111,0.004328749,0.012946909,0.007780228,1472749343.0,2,0,0,unaesthetikz,33.0,0.0,5588.0,11308.0,16929.0
50k1qc,d75m2ll,I was born 2 weeks late.  Another 622 weeks and they say I would have been born a teen.,http://www.vox.com/2016/8/30/12709638/teen-pregnancy-birth-control/d75m2ll/,-0.354,0.021432023,0.001115799,0.012858666,0.004680229,0.008899884,0.007430693,1472749702.0,1,0,0,Insignificant_Turtle,0.0,30.0,551.0,54036.0,54617.0
50k1qc,d75n986,How do they get the statistics of how many teenage girls are having sex?,http://www.vox.com/2016/8/30/12709638/teen-pregnancy-birth-control/d75n986/,0.104,0.40060925,0.021290002,0.27747265,0.051808115,0.054962315,0.012337137,1472751201.0,1,0,0,GoatyCheese,0.0,0.0,1088.0,8189.0,9277.0
50k1qc,d75nbri,Except if you had read the article it talks about how teens haven't reduced their rate of having sex.,http://www.vox.com/2016/8/30/12709638/teen-pregnancy-birth-control/d75nbri/,0.0,0.28674445,0.006446838,0.11725569,0.010729378,0.025929155,0.00789674,1472751290.0,2,0,0,Bemith,32.0,33.0,9395.0,56886.0,66346.0
50k1qc,d75phn6,"I wonder how this correlates with women, in general, waiting much later for childrearing?",http://www.vox.com/2016/8/30/12709638/teen-pregnancy-birth-control/d75phn6/,-0.104,0.09785384,0.003185272,0.021603432,0.053854458,0.017549826,0.008971239,1472754071.0,1,0,0,MichaelSussman,0.0,0.0,2.0,53.0,55.0
50k1qc,d75r6un,Tell my Facebook news feed that.,http://www.vox.com/2016/8/30/12709638/teen-pregnancy-birth-control/d75r6un/,-0.479,0.02543884,0.001382828,0.01579636,0.003144818,0.00979289,0.008556974,1472756275.0,2,0,0,morning98,0.0,0.0,1.0,4.0,5.0
50k1qc,d75rbbz,"The Youth Risk Survey provided by the CDC. Not every high school across the country does it -- it is a long survey and takes a day out of instruction, but provides great data for lots of community-based intervention and prevention programs.

As a sampling tho, it gets pretty good representative data
",http://www.vox.com/2016/8/30/12709638/teen-pregnancy-birth-control/d75rbbz/,-0.396,0.020231359,0.0010252,0.012482914,0.004458242,0.010704896,0.006899917,1472756432.0,2,0,0,DivaJanelle,90.0,0.0,415.0,14913.0,15418.0
50k1qc,d75t4bd,I wonder if this caused millenials having fewer kids. Any studies on the birth rate of adults who were raised as teens to use birth control?,http://www.vox.com/2016/8/30/12709638/teen-pregnancy-birth-control/d75t4bd/,-0.312,0.031684756,0.001134872,0.012687869,0.009693438,0.010438894,0.007314181,1472758760.0,1,0,0,ZeeDoge,0.0,0.0,365.0,3261.0,3626.0
50k1qc,d75vsol,Would the easy access to porn on the internet increase or decrease sexual activity throughout people?,http://www.vox.com/2016/8/30/12709638/teen-pregnancy-birth-control/d75vsol/,0.109,0.3389984,0.012435913,0.22889622,0.0103594,0.02283525,0.009100696,1472762267.0,1,0,0,WoodyTwigs,0.0,0.0,2433.0,7056.0,9489.0
50k1qc,d75vyrd,"And here I thought people just stopped having sex.

/s",http://www.vox.com/2016/8/30/12709638/teen-pregnancy-birth-control/d75vyrd/,0.167,0.4013387,0.016254602,0.29209393,0.011839314,0.03412145,0.009747985,1472762486.0,1,0,0,MrMuahHaHa,0.0,0.0,497.0,7202.0,7699.0
