post_id,comment_id,txt,url,offensiveness_score,Toxicity,Severe Toxicity,Profanity,Identity Attack,Insult,Threat,created,score,total_awards_received,controversiality,user,user_awardee_karma,user_awarder_karma,user_link_karma,user_comment_karma,user_total_karma
5uf0n6,ddtmiol,"Seconding this. Trying to cope with this on your own can cause problems. It's okay to feel overwhelmed and deeply saddened, but getting professional help should be the next step.",https://www.reddit.com/r/AskMen/comments/5uf0n6/my_loved_girlfriend_of_10_years_died_suddenly_i//ddtmiol/,-0.375,0.016021729,0.00067234,0.011253181,0.001775897,0.008424882,0.007456584,1487260710.0,237,0,0,Bossman1086,816.0,266.0,246521.0,504722.0,752325.0
5uf0n6,ddtxssr,Don't crawl into a bottle of whiskey for 3 months. I did. It wasn't a great decision. ,https://www.reddit.com/r/AskMen/comments/5uf0n6/my_loved_girlfriend_of_10_years_died_suddenly_i//ddtxssr/,-0.146,0.034513097,0.001006126,0.012892825,0.00155391,0.013820915,0.007301235,1487272961.0,81,0,0,TulipsNHoes,0.0,0.0,,,0.0
5uf0n6,dduj3mk,"I don't know, you did just give them the advice they needed to hear, and you are from reddit. Going to a therapist is the best advice they could be given.",https://www.reddit.com/r/AskMen/comments/5uf0n6/my_loved_girlfriend_of_10_years_died_suddenly_i//dduj3mk/,-0.104,0.020842785,0.000910759,0.01535229,0.004069764,0.010096892,0.006822242,1487299089.0,1,0,0,7412147896327412,0.0,0.0,755.0,5753.0,6508.0
5uf0n6,ddumnkv,Sorry to hear man. How did it happen? Did she hit her head? ,https://www.reddit.com/r/AskMen/comments/5uf0n6/my_loved_girlfriend_of_10_years_died_suddenly_i//ddumnkv/,-0.542,0.2786282,0.012130737,0.043916557,0.006696612,0.030154925,0.34804323,1487304293.0,-1,0,0,spideypewpew,55.0,0.0,68.0,69302.0,69425.0
5uf0n6,dduooyc,did she have any high blood pressure or any health signs at all? Did she get regular normal checkups?,https://www.reddit.com/r/AskMen/comments/5uf0n6/my_loved_girlfriend_of_10_years_died_suddenly_i//dduooyc/,-0.479,0.026735162,0.001268387,0.012585391,0.003607291,0.00975489,0.007534259,1487307647.0,0,0,0,caseyrobinson2,49.0,1261.0,4245.0,2338.0,7893.0
5uf0n6,ddus8kw,"My dad is currently in the room next to me on hospice, morphine, oxygen, and very close to passing at this very moment. I don't know what I am going to do. I just wanted to let you know that you're not alone in this. And I believe it's completely normal to feel utterly lost like I also do, right now.",https://www.reddit.com/r/AskMen/comments/5uf0n6/my_loved_girlfriend_of_10_years_died_suddenly_i//ddus8kw/,-0.109,0.09611836,0.006103516,0.0715894,0.010507392,0.022255141,0.01940071,1487314920.0,1,0,0,Cracked_Pepper,0.0,0.0,448.0,3193.0,3641.0
5uf0n6,dduse9c,I cannot begin to fathom your pain. You have a long road ahead of you and I wish you the best in this darkest of times. I am truly sorry for your loss. ,https://www.reddit.com/r/AskMen/comments/5uf0n6/my_loved_girlfriend_of_10_years_died_suddenly_i//dduse9c/,-0.5,0.012691722,0.000910759,0.012073003,0.002145876,0.006885872,0.007987361,1487315298.0,2,0,0,[deleted],,,,,
