post_id,comment_id,txt,url,offensiveness_score,Toxicity,Severe Toxicity,Profanity,Identity Attack,Insult,Threat,created,score,total_awards_received,controversiality,user,user_awardee_karma,user_awarder_karma,user_link_karma,user_comment_karma,user_total_karma
438gfu,czgbt58,"> A fat chick wearing a shirt that says ""real women have curves"" is still a fat chick.

Importantly, there will be plenty of people of both genders telling that fat chick that her curves are beautiful and don't ever change etc. She will have far more success with the opposite gender than a similarly unattractive man. The fat chick will identify as a fat chick and be proud of it.

The marketing campaigns appeal to those people. The women who get sick of seeing skinny models, they see the ""real women have curves"" stuff and go ""fuck yeah, that's what I'm about"". They have positive feelings towards that brand and potentially boycott other brands.",https://www.reddit.com/r/AskMen/comments/438gfu/why_do_we_have_cultural_trends_to_combat_male//czgbt58/,0.521,0.44573322,0.023552058,0.22693542,0.40447855,0.46923602,0.009100696,1454073329.0,141,0,0,SAIUN666,864.0,122.0,23585.0,188398.0,212969.0
438gfu,czgc1es,"> She will have far more success with the opposite gender than a similarly unattractive man. 

but far, far, far, far less than a man who is aware of what women want physically and becomes that.

remember--for women, sex alone is rarely sufficient to feel ""successful"" with the opposite gender.",https://www.reddit.com/r/AskMen/comments/438gfu/why_do_we_have_cultural_trends_to_combat_male//czgc1es/,0.146,0.3250515,0.010604858,0.08613731,0.2028587,0.1669316,0.008531082,1454073884.0,85,0,0,[deleted],,,,,
438gfu,czgc8nt,"most women want someone taller than they are

average female height in the US is ~5'4"" with a two inch standard deviation

average male height in the US is 5'10"" with a two inch standard deviation

there is not a lot of crossover.  there is a small subset of women who want men significantly taller than they are.  if they are able to get it, it's because they bring something extra to the table themselves (out of your league).  if they can't, they'll eventually have to settle.

while there is some extra challenge generated by the fact that many tall men date short women, that's not a one-way problem.  tall chicks are lonely too, even if their desire for a taller partner makes it their own fault.",https://www.reddit.com/r/AskMen/comments/438gfu/why_do_we_have_cultural_trends_to_combat_male//czgc8nt/,-0.021,0.13388206,0.003967285,0.044417568,0.09741807,0.035333443,0.007780228,1454074363.0,64,0,0,[deleted],,,,,
438gfu,czgp5e2,"Who said anything about a little dick?  And yes she was crazy as fuck, but that sex is better that way, just have an exit strategy.",https://www.reddit.com/r/AskMen/comments/438gfu/why_do_we_have_cultural_trends_to_combat_male//czgp5e2/,0.75,0.8540474,0.35368225,0.844891,0.058856625,0.47384647,0.030278467,1454094094.0,1,0,0,wiking85,61.0,0.0,223.0,92098.0,92382.0
438gfu,czgpkif,"I threw that in figuring with all of your other ""faults"" it was another possibility. Lol. 

Seriously dude. It's not ""just because you're taller"". The fact that she is/was crazy =crazy good sex, but doesn't last forever. Fun, yeah, but they'll fuck shit up down the road. ",https://www.reddit.com/r/AskMen/comments/438gfu/why_do_we_have_cultural_trends_to_combat_male//czgpkif/,0.542,0.6989911,0.34997055,0.70384485,0.11163961,0.42881694,0.04201601,1454094675.0,0,0,0,Belowme78,0.0,0.0,175.0,4132.0,4307.0
438gfu,czgqbn8,These are not real cultural trends.  They are marketing campaigns to sell something to these insecure women.,https://www.reddit.com/r/AskMen/comments/438gfu/why_do_we_have_cultural_trends_to_combat_male//czgqbn8/,0.062,0.2854903,0.006866455,0.029460056,0.28034934,0.1711343,0.007857903,1454095709.0,3,0,0,s0v3r1gn,323.0,129.0,1126.0,152469.0,154047.0
438gfu,czgqby1,"That's more then pretty fucked up... wow, what a shallow, psychosomatic woman. ",https://www.reddit.com/r/AskMen/comments/438gfu/why_do_we_have_cultural_trends_to_combat_male//czgqby1/,0.638,0.9248995,0.50703704,0.8907955,0.46028158,0.7782364,0.020954676,1454095720.0,1,0,0,adamsmith93,174.0,784.0,14558.0,72100.0,87616.0
438gfu,czgsz1j,Because I can say hell no to man-buns and not waste my time with tall-man-philiac women (although the latter does sting) without taking it too personally. For some reason women don't seem to have that same kind of self-reassurance(?) and take it personally. I'm aware that's a broad generalization but I'm just referring to the group of people the thread's talking about.,https://www.reddit.com/r/AskMen/comments/438gfu/why_do_we_have_cultural_trends_to_combat_male//czgsz1j/,0.062,0.44393396,0.0912254,0.4131548,0.37953663,0.36798462,0.035458352,1454099400.0,1,0,0,chillyblizz,0.0,0.0,1.0,1220.0,1221.0
438gfu,czgu4le,My point wasn't that woman only get criticized for being fat. It was just that woman don't care about dick size as much as men seem to think. ,https://www.reddit.com/r/AskMen/comments/438gfu/why_do_we_have_cultural_trends_to_combat_male//czgu4le/,0.604,0.6426206,0.07542343,0.57236236,0.28622448,0.336253,0.009903334,1454101008.0,2,0,0,BT4life,0.0,0.0,2984.0,9894.0,12878.0
438gfu,czgyczx,"> A big dick and a nice set of muscles are factually good

Well....that's not what I hear all the ladies saying, quite the opposite actually, and frequently too not just in isolated circumstances.

I'm not sure what sort of ""male activities"" we supposedly have that are male exclusive and require big muscles (today).  And I'm also not sure what a big dick would functionally help to accomplish in any activity in any time period (ever).  Take a 20 foot long piss like in the movie Iceman with Donnie Yen?  ",https://www.reddit.com/r/AskMen/comments/438gfu/why_do_we_have_cultural_trends_to_combat_male//czgyczx/,0.792,0.6667219,0.21902075,0.57488567,0.11047905,0.34392178,0.013217449,1454107271.0,0,0,0,[deleted],,,,,
438gfu,czgzpms,"I heard plenty of women say bigger dick is better. More than Ive heard the opposite and in situations where I would believe them more than the ones that say it isnt that big of a deal. Ive heard women say things like they cant even feel it with some men that have a small penis. That kind of thing. 

Im sure it wouldnt take me very long to find instances of this around the web. But ive heard it in person and around the web, in the media. And no, Im not just talking about porn. 

im not saying that women prefer huge dick. Im saying that most women would prefer 6inches compared to 4inches because it feels better. Saying otherwise is being nice/dishonest.

Im honestly surprised you havent come across these sort of opinions, because my experience is a bit different.",https://www.reddit.com/r/AskMen/comments/438gfu/why_do_we_have_cultural_trends_to_combat_male//czgzpms/,0.688,0.62136006,0.13599765,0.5722072,0.18705739,0.16868424,0.011275585,1454109448.0,2,0,0,tallball,0.0,0.0,35.0,14824.0,14859.0
438gfu,czh82ne,"There is a shit tone of professional research on the issues surrounding masculinity and masculine ideals. There are a bunch of books available on the subject too. 

It is not mainstream because men have no movement equivalent to feminism and some feminist writers see being male as a solely positive experience. 

If you want to learn about that stuff a book to start with is Masculinities by R. W. Connell. They are considered the top authority on masculinity in the world. 

If you want me to share more info reply and I'll grab more book names and authors.",https://www.reddit.com/r/AskMen/comments/438gfu/why_do_we_have_cultural_trends_to_combat_male//czh82ne/,0.25,0.568186,0.072789766,0.6069483,0.36803186,0.42167732,0.010395273,1454125309.0,2,0,0,[deleted],,,,,
438gfu,czhsikj,"Sure, PM me if you're single. Why the heck not? It would be a pretty funny ""how we met"" story.",https://www.reddit.com/r/AskMen/comments/438gfu/why_do_we_have_cultural_trends_to_combat_male//czhsikj/,-0.312,0.3389984,0.019740647,0.3938786,0.013948337,0.06634661,0.010731863,1454180772.0,1,0,0,ThatGIANTcottoncandy,0.0,0.0,48.0,27192.0,27240.0
