post_id,comment_id,txt,url,offensiveness_score,Toxicity,Severe Toxicity,Profanity,Identity Attack,Insult,Threat,created,score,total_awards_received,controversiality,user,user_awardee_karma,user_awarder_karma,user_link_karma,user_comment_karma,user_total_karma
btiggu,eoyo24k,"Yes, hes extremely right-wing, i think he tried to make trump attractive before.",https://i.redd.it/da3fvkc83p031.png/eoyo24k/,0.125,0.10002319,0.002117157,0.02249157,0.013043936,0.031807642,0.007275343,1558943549.0,111,0,0,[deleted],,,,,
btiggu,eoz4rng,I remember a post complaining about him having a wife and asking who would fuck his carrot dick,https://i.redd.it/da3fvkc83p031.png/eoz4rng/,0.854,0.85333383,0.44969136,0.8089582,0.11047905,0.41767508,0.037530303,1558955028.0,22,0,0,orangejueceboi,168.0,191.0,20233.0,5449.0,26041.0
btiggu,eoz7th2,"There’s a whole sub dedicated to people who mimic Ben’s art style and political views. It’s pretty funny, but now I can’t trust anything as genuine.

Despite that, this one looks like an original. Truly the work of a master.",https://i.redd.it/da3fvkc83p031.png/eoz7th2/,-0.354,0.03545588,0.00164032,0.022969801,0.006437627,0.014808921,0.007158832,1558957046.0,97,0,0,Jugaimo,819.0,265.0,366.0,264535.0,265985.0
btiggu,eozashp,"Every time he shows trump in a cartoon, he’s the most youthful buff man in the image",https://i.redd.it/da3fvkc83p031.png/eozashp/,-0.312,0.36456755,0.011367798,0.097129054,0.024600167,0.37506318,0.009773877,1558958327.0,20,0,0,JezzaJ101,128.0,25.0,2577.0,100934.0,103664.0
btiggu,eozu37v,Holy shit dude lmao! “Stinky sack of rotten garbage”. Epic!,https://i.redd.it/da3fvkc83p031.png/eozu37v/,0.739,0.90451443,0.45293763,0.8690192,0.08749158,0.6099415,0.012492486,1558966645.0,1,0,0,zg33,70.0,0.0,2811.0,13851.0,16732.0
btiggu,eozy1tx,God this is so cursed. Thank you for the laugh.,https://i.redd.it/da3fvkc83p031.png/eozy1tx/,-0.229,0.47173777,0.02406851,0.44431314,0.020580608,0.25205973,0.011741633,1558968086.0,13,0,0,Throwawayfacon,454.0,0.0,26920.0,390.0,27764.0
btiggu,ep1q2g9,Not talking about vaccines I’m talking about all the things regarding organ harvesting and drug problems,https://i.redd.it/da3fvkc83p031.png/ep1q2g9/,-0.125,0.10566349,0.003852844,0.03915693,0.008213525,0.018710041,0.009463178,1558993462.0,0,0,0,StjngrayJ,33.0,0.0,17957.0,3528.0,21518.0
btiggu,ep28ctf,"Holy fuck I didn't realize Benny here could go THIS low, I thought he was just a racist shitbag, not a complete and utter moron.",https://i.redd.it/da3fvkc83p031.png/ep28ctf/,0.848,0.9391453,0.51028454,0.8949436,0.39461556,0.7922567,0.03407705,1559003947.0,3,0,0,The_darter,1427.0,680.0,5901.0,371547.0,379555.0
btiggu,ep30pst,Stop killing lobbyists to make vaccines,https://i.redd.it/da3fvkc83p031.png/ep30pst/,0.128,0.40336934,0.023458159,0.13168186,0.06658725,0.086852804,0.5195707,1559015292.0,2,0,0,Quanathon,67.0,170.0,1143.0,8596.0,9976.0
btiggu,epdspfx,"The only good Ben Garrision comic I've seen is an edited one where the grim reaper is labeled ""sans undertale"" and the guy is like ""no thanks, I'm gonna fuck the skeleton""",https://i.redd.it/da3fvkc83p031.png/epdspfx/,0.604,0.76523775,0.34962174,0.78491896,0.06749674,0.33964422,0.13633445,1559173044.0,3,0,0,GrandSeraphimSariel,299.0,109.0,10616.0,21726.0,32750.0
