post_id,comment_id,txt,url,offensiveness_score,Toxicity,Severe Toxicity,Profanity,Identity Attack,Insult,Threat,created,score,total_awards_received,controversiality,user,user_awardee_karma,user_awarder_karma,user_link_karma,user_comment_karma,user_total_karma
826qe4,dv7rzct,"The word ""duty"" in these laws doesn't mean just any perceived moral or social obligation--it means a *legal* duty. 

Where is the legal duty to vaccinate? ",https://www.reddit.com/r/changemyview/comments/826qe4/cmv_if_a_kid_dies_because_of_a_lack_of//dv7rzct/,-0.213,0.015581916,0.000767708,0.011680172,0.002774839,0.008595883,0.006330303,1520264375.0,20,0,0,mysundayscheming,0.0,0.0,747.0,31483.0,32230.0
826qe4,dv7sdvb,"Im not OP but Op talks about what should be, not what is. If right now there is no legal duty to vaccinate, maybe a law should be passed so that changes.",https://www.reddit.com/r/changemyview/comments/826qe4/cmv_if_a_kid_dies_because_of_a_lack_of//dv7sdvb/,-0.146,0.016210219,0.000987053,0.013849284,0.003052323,0.008044879,0.007171778,1520264793.0,1,0,0,ElysiX,81.0,0.0,137.0,28358.0,28576.0
826qe4,dv7sk52,Why in this case should freedom of religion be superseded? Should parents of healthy kids who chose not to vaccinate also be held responsible for their kids getting kids who cannot vaccinate sick?,https://www.reddit.com/r/changemyview/comments/826qe4/cmv_if_a_kid_dies_because_of_a_lack_of//dv7sk52/,-0.062,0.07054565,0.001649857,0.012448754,0.04177703,0.01890341,0.007016428,1520264977.0,67,0,0,irishman13,0.0,0.0,3270.0,20807.0,24077.0
826qe4,dv7t292,"No, states impose those vaccination requirements for children enrolled in public school (and often private and occasionally parochial). In the majority of states, homeschooled children do not fall under that umbrella. Parents don't have an actual duty to vaccinate their children, even setting the religious exemption aside. 

As for the religious exemption, it is exceedingly rare for us to impose an affirmative duty to violate your religion, even where other people's lives/wellbeing are at stake. See, e.g., religious exemptions for the draft and religious nonprofits getting waivers to not provide birth control under the ACA. Why do you think vaccines should be the place where we trample religious freedom?  ",https://www.reddit.com/r/changemyview/comments/826qe4/cmv_if_a_kid_dies_because_of_a_lack_of//dv7t292/,0.085,0.08637348,0.002126694,0.015249812,0.050443888,0.025155678,0.007508367,1520265501.0,41,0,0,mysundayscheming,0.0,0.0,747.0,31483.0,32230.0
826qe4,dv7t7vq,"Because in this case a persons beliefs can actually lead to harm to a child. Think of it like this, if a persons religious beliefs involved throwing a knife at someone, would this be allowed? It is there religious belief and the knife may or may not actually harm the person. But it still wouldn't be allowed. In this case not vaccinating the kid could potentially harm them, even kill them and therefore the duty to vaccinate should supersede religious beliefs.

I'm not sure what you're trying to say in the second part of your comment, please clarify that.",https://www.reddit.com/r/changemyview/comments/826qe4/cmv_if_a_kid_dies_because_of_a_lack_of//dv7t7vq/,0.146,0.25462922,0.012435913,0.046171114,0.18705739,0.06687108,0.33294448,1520265661.0,200,0,0,asdf1617,0.0,0.0,203119.0,5985.0,209104.0
826qe4,dv7tf9u,"Ok, it appears my understanding of the laws surrounding vaccines were flawed. This does not change my view though. I know believe it should be mandatory to vaccinate, at least for a few major diseases, and my original belief still holds.
",https://www.reddit.com/r/changemyview/comments/826qe4/cmv_if_a_kid_dies_because_of_a_lack_of//dv7tf9u/,-0.167,0.029092113,0.001239777,0.014942379,0.004569235,0.012946909,0.007586042,1520265872.0,5,0,0,asdf1617,0.0,0.0,203119.0,5985.0,209104.0
826qe4,dv7traw,"My second point was this. If my non-vaccinated child gets an at risk child (one that cannot medically vaccinate) sick, am I now liable for their death as well?",https://www.reddit.com/r/changemyview/comments/826qe4/cmv_if_a_kid_dies_because_of_a_lack_of//dv7traw/,-0.125,0.10653123,0.004310608,0.017914234,0.006659614,0.015036922,0.09623027,1520266216.0,15,0,0,irishman13,0.0,0.0,3270.0,20807.0,24077.0
826qe4,dv7u17p,"You should be, but it would be impossible to prove.",https://www.reddit.com/r/changemyview/comments/826qe4/cmv_if_a_kid_dies_because_of_a_lack_of//dv7u17p/,-0.271,0.015519086,0.00079155,0.011065305,0.00190539,0.008690883,0.007171778,1520266495.0,18,0,0,dropkickoz,1151.0,0.0,7745.0,118658.0,127554.0
826qe4,dv7vcil,"Would it be impossible to prove? Schools have on record which kids are and are not vaccinated and they know which kids are immune compromised. There was a story not long ago about a mother who's child had a compromised immune system from cancer. That child was never able to attend public school in their early years and when the child was in remission, but still could not get vaccinated, the parents wanted nothing more than to give their child a little bit of normality by attending public school. When the mother found out that one set of parents did not vaccinate their children, they had to decide if they would risk it or not for their own child. 

",https://www.reddit.com/r/changemyview/comments/826qe4/cmv_if_a_kid_dies_because_of_a_lack_of//dv7vcil/,0.042,0.04834723,0.001621246,0.015659723,0.005438685,0.024124376,0.007249452,1520267795.0,6,0,0,CapitalistCoitusClub,131.0,2295.0,1141.0,4978.0,8545.0
826qe4,dv7vcx3,"Yes. Morally, if not legally, you absolutely are responsible. ",https://www.reddit.com/r/changemyview/comments/826qe4/cmv_if_a_kid_dies_because_of_a_lack_of//dv7vcx3/,-0.292,0.03969839,0.001049042,0.01086035,0.004014268,0.016632931,0.007223561,1520267805.0,28,0,0,DelTac0perator,586.0,18.0,2774.0,43574.0,46952.0
826qe4,dv7vnr2,"You raise some interesting points, but I think they could raise doubts about the child getting infected elsewhere in public (grocery store, church, etc)",https://www.reddit.com/r/changemyview/comments/826qe4/cmv_if_a_kid_dies_because_of_a_lack_of//dv7vnr2/,-0.333,0.034984488,0.001382828,0.015488927,0.007991537,0.010438894,0.008155655,1520268097.0,3,0,0,dropkickoz,1151.0,0.0,7745.0,118658.0,127554.0
826qe4,dv7vo5q,"We do this for my daughter. She was just pulled out of Pre-K because the Teacher doesn't believe in vaccines. The flu could kill my daughter because she is immuno-compromised. She gets her vaccines, but they are spread out, and her egg-allgery keeps her form getting certain vaccines, including the flu.",https://www.reddit.com/r/changemyview/comments/826qe4/cmv_if_a_kid_dies_because_of_a_lack_of//dv7vo5q/,-0.042,0.17371799,0.011444092,0.096482486,0.025203101,0.033019636,0.12689553,1520268108.0,12,0,0,Spartain104,0.0,0.0,138.0,4928.0,5066.0
826qe4,dv7wn4i,"An egg allergy would prevent a flu vaccine? That's interesting, I never knew that.",https://www.reddit.com/r/changemyview/comments/826qe4/cmv_if_a_kid_dies_because_of_a_lack_of//dv7wn4i/,-0.362,0.031449065,0.001544952,0.015283971,0.003311308,0.010894896,0.007404801,1520269045.0,4,0,0,DavidVauhn,81.0,0.0,527.0,23814.0,24422.0
826qe4,dv7wu0m,"The flu vaccine uses small amounts of egg proteins, for adults this isn't a problem because there is an eggfree option approved for those over the age of 18. For children they simply cannot get that specific vaccine if they have a serious egg allergy. The MMR vaccine also uses eggs, but is ""generally"" safe because the eggs are used to ""produce"" the vaccine",https://www.reddit.com/r/changemyview/comments/826qe4/cmv_if_a_kid_dies_because_of_a_lack_of//dv7wu0m/,-0.188,0.048594624,0.002536774,0.022013342,0.005734668,0.017614283,0.008686432,1520269229.0,7,0,0,Spartain104,0.0,0.0,138.0,4928.0,5066.0
826qe4,dv80qhu,I think a better comparison would be refusing to put your kid in a car seat and instead putting them on the floorboard of the backseat. Like you’re refusing to participate in common safety. ,https://www.reddit.com/r/changemyview/comments/826qe4/cmv_if_a_kid_dies_because_of_a_lack_of//dv80qhu/,-0.021,0.030506283,0.001134872,0.01173141,0.002173624,0.011046898,0.007987361,1520272963.0,7,0,0,yogurtmeh,8.0,0.0,339.0,75695.0,76042.0
826qe4,dv813wg,"No, you’re just selfish. ",https://www.reddit.com/r/changemyview/comments/826qe4/cmv_if_a_kid_dies_because_of_a_lack_of//dv813wg/,0.213,0.50759226,0.015286255,0.11725569,0.020781586,0.54471385,0.00675104,1520273318.0,0,0,0,KelseyAnn94,198.0,183.0,,,381.0
826qe4,dv85rjx,[deleted],https://www.reddit.com/r/changemyview/comments/826qe4/cmv_if_a_kid_dies_because_of_a_lack_of//dv85rjx/,-0.125,,,,,,,1520277706.0,0,0,0,[deleted],,,,,
826qe4,dv875t1,Yes. I was raised as a Christian Scientist (not Scientology) by my mom and they explicitly forbid any form of medicine or drugs. I remember my mom saying she would never have vaccinated me if it hasn't been required by my school. Compelling her to vaccinate very well may have saved my life. ,https://www.reddit.com/r/changemyview/comments/826qe4/cmv_if_a_kid_dies_because_of_a_lack_of//dv875t1/,-0.021,0.11912931,0.004234314,0.035148825,0.089145996,0.035443626,0.008531082,1520279015.0,1,0,0,ubermica,0.0,0.0,34.0,1462.0,1496.0
826qe4,dv87twj,"No, because a requirement of negligent manslaughter is actual crime. The same way you might run a red light but only be culpable for manslaughter if you actually kill someone.",https://www.reddit.com/r/changemyview/comments/826qe4/cmv_if_a_kid_dies_because_of_a_lack_of//dv87twj/,-0.042,0.31963667,0.018836858,0.048425674,0.013847848,0.04149419,0.44942492,1520279633.0,1,0,0,truthswillsetyoufree,767.0,2500.0,4692.0,12460.0,20419.0
826qe4,dv8cl6n,"Parents have a general legal duty to provide for the care and well-being of their minor children. While there may be some explicit positive duties listed in a state's Constitution, statutes, or common law, there is no exhaustive list.",https://www.reddit.com/r/changemyview/comments/826qe4/cmv_if_a_kid_dies_because_of_a_lack_of//dv8cl6n/,-0.304,0.0051835,0.000405312,0.009365883,0.001711151,0.005973867,0.005899856,1520283947.0,1,0,0,ZTFS,20.0,281.0,6284.0,15804.0,22389.0
826qe4,dv8cy8b,"Weird the religious right is so worried about my right to marry my partner,  or should I say, making it so it isn't a right, but are super worried they can't murder their kids by letting them die to preventable disease. ",https://www.reddit.com/r/changemyview/comments/826qe4/cmv_if_a_kid_dies_because_of_a_lack_of//dv8cy8b/,0.062,0.3389984,0.021031776,0.07191269,0.34324843,0.08582769,0.34804323,1520284277.0,1,0,0,[deleted],,,,,
826qe4,dv8d60r,"Certain vaccines cause shedding and immunocompromised people should not be around recently vaccinated people for this reason. A vaccinated person can get another person sick, so it would be impossible to prove and discriminatory to children who are not vaccinated. ",https://www.reddit.com/r/changemyview/comments/826qe4/cmv_if_a_kid_dies_because_of_a_lack_of//dv8d60r/,-0.191,0.06421452,0.002632141,0.01764096,0.014249804,0.025284592,0.009773877,1520284469.0,2,0,0,JustScrollOnward,0.0,0.0,120.0,772.0,892.0
826qe4,dv8i1mo,"Just compare it to a kid dying of starvation. Basically, depriving a kid of vaccines that's been scientifically tested and proven to work through years of trials, is the same as potentially killing him.

Another option is only letting people above a certain intelligence level be allowed to reproduce. Then this wouldn't be much of an issue. Along with ALOT of other things... ",https://www.reddit.com/r/changemyview/comments/826qe4/cmv_if_a_kid_dies_because_of_a_lack_of//dv8i1mo/,0.255,0.17891699,0.007476807,0.037904397,0.011025362,0.037980765,0.13599728,1520288963.0,-1,0,0,PrinceLyov,0.0,0.0,6.0,611.0,617.0
826qe4,dv8il85,"This sounds good in theory but it would be too hard to prove, too hard to enforce and there would have to be so many exceptions it would be unmanageable.

The current system is doing just fine but there should be better and cheaper access to the immunizations. The percentage not vaccinated is minimal.",https://www.reddit.com/r/changemyview/comments/826qe4/cmv_if_a_kid_dies_because_of_a_lack_of//dv8il85/,-0.312,0.025792383,0.001344681,0.014634945,0.003699786,0.01313691,0.008207439,1520289498.0,2,0,0,wanpipe,0.0,0.0,10.0,54.0,64.0
826qe4,dv8in18,I think the point is the parent would not be legally responsible if the child was vaccinated even if they contracted the disease. Vaccinations are better for us as a species. Herd immunity is important for those too young and those unable to get them for health reasons.,https://www.reddit.com/r/changemyview/comments/826qe4/cmv_if_a_kid_dies_because_of_a_lack_of//dv8in18/,-0.277,0.034748793,0.001754761,0.016172111,0.005734668,0.014884921,0.008867673,1520289549.0,1,0,0,Me2B,0.0,0.0,1.0,518.0,519.0
826qe4,dv8io2y,"You’d have one hell of a time proving beyond a reasonable doubt that the lack of vaccination lead directly and causally to the death of the child, seeing as people get illnesses despite vaccination on a non-zero-chance basis. ",https://www.reddit.com/r/changemyview/comments/826qe4/cmv_if_a_kid_dies_because_of_a_lack_of//dv8io2y/,0.0,0.2853768,0.011901856,0.22723788,0.007991537,0.0838533,0.04363242,1520289579.0,1,0,0,[deleted],,,,,
826qe4,dv8j5v6,"Sadly, it's often other people's kids who die as they're more likely to be exposed to the virus through the unvaccinated kids",https://www.reddit.com/r/changemyview/comments/826qe4/cmv_if_a_kid_dies_because_of_a_lack_of//dv8j5v6/,0.042,0.09033044,0.003738403,0.02126184,0.010433395,0.015416925,0.024062606,1520290072.0,0,0,0,StayFree1649,98.0,27.0,367.0,17976.0,18468.0
826qe4,dv8l1u2,"Breastfeeding prevents illness in infants too young for inoculation due to antibodies in the mother’s milk. By your same argument, parents of formula-fed babies who die of common disease should be prosecuted, since donor milk is available, unless parents can prove that the baby can’t have breast milk for medical reasons. 

Of course this is ridiculous! And I’m not arguing it. But it’s in the same vein as your argument because breastfeeding does protect young babies and children. ",https://www.reddit.com/r/changemyview/comments/826qe4/cmv_if_a_kid_dies_because_of_a_lack_of//dv8l1u2/,-0.167,0.32236105,0.009651184,0.079025,0.019676208,0.2817503,0.010162249,1520291997.0,0,0,0,JustScrollOnward,0.0,0.0,120.0,772.0,892.0
826qe4,dv8m3if,Just had my post removed for speaking truth . Lmao 😄,https://www.reddit.com/r/changemyview/comments/826qe4/cmv_if_a_kid_dies_because_of_a_lack_of//dv8m3if/,-0.375,0.13388206,0.00492096,0.04742365,0.005401687,0.02982438,0.008375733,1520293092.0,1,0,0,Buttchuckle,176.0,17.0,619.0,15183.0,15995.0
826qe4,dv8m63i,Given how much money is in politics how long until some innovative thinker realizes they can lobby for their new vaccination to be required for all newborns driving their stock price through the roof? Do we have adequate protections in place to prevent this from happening?,https://www.reddit.com/r/changemyview/comments/826qe4/cmv_if_a_kid_dies_because_of_a_lack_of//dv8m63i/,-0.125,0.051068526,0.001468658,0.015728042,0.003940272,0.02425329,0.007275343,1520293167.0,1,0,0,[deleted],,,,,
826qe4,dv8m72g,This is probably a bad subject for CMV.  You're just inviting people to play devil's advocate - any anti-vax idiots reading this thread will feel more galvanized by what they see as mainstream vaccine skepticism.,https://www.reddit.com/r/changemyview/comments/826qe4/cmv_if_a_kid_dies_because_of_a_lack_of//dv8m72g/,0.208,0.6027529,0.023076924,0.37202835,0.10221587,0.6407567,0.013372798,1520293196.0,0,0,0,docmartens,268.0,110.0,3127.0,144229.0,147734.0
826qe4,dv8mcto,"Me : never had a flu vaccine , me: never had the flu . I don't believe in vaccines , the human race has survived thousands of years without them. And after reading countless stories about children getting vaccininated and dieing a few hours or a couple days later is heartbreaking. I expect this comment to be deleted like the last . 😀",https://www.reddit.com/r/changemyview/comments/826qe4/cmv_if_a_kid_dies_because_of_a_lack_of//dv8mcto/,0.106,0.24282593,0.012833111,0.06596114,0.034042787,0.07333439,0.058503386,1520293365.0,0,0,0,Buttchuckle,176.0,17.0,619.0,15183.0,15995.0
826qe4,dv8mfi5,"What if the immunization does not allow them the joys of ""heaven"", if you believe your destiny is predetermined than what is the point of immunizing preventable diseases?

It's hard to understand the minds of others, especially those devout religious types. I'm apatheistic, but it does seem that it is unfair on both sides. One way, your kid doesn't get to go to heaven, on the other you put people's lives at risk. It depends on your point of view.

I'd rather see people who are currently living alive, and worry about afterlife after death. It is tough.",https://www.reddit.com/r/changemyview/comments/826qe4/cmv_if_a_kid_dies_because_of_a_lack_of//dv8mfi5/,-0.043,0.15600902,0.003967285,0.030138692,0.06522302,0.06669625,0.009747985,1520293445.0,0,0,0,porter7o,0.0,0.0,2024.0,1525.0,3549.0
826qe4,dv8mfk3,"Imagine being Amish and being forced to go to a city and entering a place you believe to be absolutely evil. Then you watch someone you despise stab your child with a needle and inject pure evil inside of them. 

 And if you don't do that and your kids get sick, they will come with guns and arrest you and put you in a cage potentially for the rest of your life. Anyone who resists will be killed. ",https://www.reddit.com/r/changemyview/comments/826qe4/cmv_if_a_kid_dies_because_of_a_lack_of//dv8mfk3/,0.277,0.3827457,0.023411209,0.17380778,0.23239216,0.24287975,0.5003284,1520293447.0,0,0,0,YouHaveSeenMe,0.0,0.0,37.0,26180.0,26217.0
826qe4,dv8n4c0,"So if you let your child play on a main road and it gets run over you probably get charged with criminally negligent manslaughter.   
If you let your kid play on the road and a car comes along and hurts your kid(severely) you still get charged with criminally negligience.   
If you let your kid play on the road and a car comes along and brakes in time, but still calls authorities you probably still get charged with criminally negligience, because of what could have happened.

So with this in mind could you explain why you want to see parents punished if their kid dies, but not if it merely gets infected or merely is under risk of infection? Shouldnt you ask to simply make vaccines mandatory?
",https://www.reddit.com/r/changemyview/comments/826qe4/cmv_if_a_kid_dies_because_of_a_lack_of//dv8n4c0/,0.292,0.1641865,0.005874634,0.024541125,0.010137413,0.061276767,0.10389658,1520294174.0,1,0,0,darthbane83,821.0,0.0,413.0,119597.0,120831.0
826qe4,dv8o9vp,"What about parents who allow their kids to drive a car? Those are deadly. How about parents that allow their kid to drive a car that is a classic and doesnt have airbags? How about families that live in a house grandfathered into a previous fire code? What about parents that allow their kids to drink from a hose that contract meningitis? All those are examples of parents not taking preventative steps to protect their children.

You're effectively trying to legislate parenting strategies.

What if parents want to teach their kids to be communists? What if they want to teach their kids to hate Jews (not tell them to do anything, just teach them to be anti-semetic)?

At what point is the government allowed to force you to raise your kids the way they want you to?",https://www.reddit.com/r/changemyview/comments/826qe4/cmv_if_a_kid_dies_because_of_a_lack_of//dv8o9vp/,0.375,0.11098998,0.003662109,0.024267852,0.007732552,0.03885912,0.012130005,1520295422.0,1,0,0,SpellingIsAhful,2469.0,11.0,8974.0,188818.0,200272.0
826qe4,dv8odz4,I have no interest in changing your view because you are correct,https://www.reddit.com/r/changemyview/comments/826qe4/cmv_if_a_kid_dies_because_of_a_lack_of//dv8odz4/,-0.378,0.09872158,0.002355576,0.022628209,0.009619443,0.022512967,0.00737891,1520295544.0,1,0,0,JMCatron,810.0,322.0,14212.0,89010.0,104354.0
826qe4,dv8opvb,"I apologize for the lack of argument, but where do vaccines cost money?  They are not free in your country?",https://www.reddit.com/r/changemyview/comments/826qe4/cmv_if_a_kid_dies_because_of_a_lack_of//dv8opvb/,-0.271,0.045873325,0.001153946,0.010979908,0.009471451,0.017614283,0.006382086,1520295897.0,1,0,0,ShaoLimper,656.0,19.0,12900.0,104604.0,118179.0
826qe4,dv8p4xw,If an antivaxxer's kid dies at the age of five from polio that is entirely the parents fault. However there is a certain price in blood we have to pay to live in a free society. The more control we hand over to the government to prevent an insignificant percentage of people from dieing just moves us closer to a police state. I think these people are killing their kids but I do not think we should put legislation in place to force government controlled vaccines on people. Government regulations aren't the solution to everything. In some areas regulations are absolutely needed but in most cases it wouldn't be a problem if we had a more educated population. We shouldn't solve issues with unneeded growth of governmental power if it can be solved through better means.,https://www.reddit.com/r/changemyview/comments/826qe4/cmv_if_a_kid_dies_because_of_a_lack_of//dv8p4xw/,0.292,0.15822013,0.005607605,0.028640235,0.01756594,0.054962315,0.0824309,1520296344.0,2,0,0,Black6Blue,0.0,45.0,142.0,21647.0,21834.0
826qe4,dv8r420,So who goes to jail when the kid dies OF vaccines??  Kids have a greater chance of that than dying of an actual disease.  ,https://www.reddit.com/r/changemyview/comments/826qe4/cmv_if_a_kid_dies_because_of_a_lack_of//dv8r420/,0.125,0.10696511,0.003757477,0.016342908,0.0051797,0.01819439,0.050098058,1520298446.0,1,0,0,wanderingwhitley,0.0,0.0,1.0,0.0,1.0
826qe4,dv8rhtc,"When I was a kid - grade 5, I got zapped by some weird shit and I didn't like it. I never liked it. I still don't like it. I feel my body is my own and nobody has the right to zap me with some shit unless I approve. Not even my parents - cuz this is my fucking life.",https://www.reddit.com/r/changemyview/comments/826qe4/cmv_if_a_kid_dies_because_of_a_lack_of//dv8rhtc/,0.625,0.72028047,0.23225488,0.83974665,0.10221587,0.4339631,0.017674083,1520298845.0,2,0,0,gg_v33,0.0,0.0,,,0.0
826qe4,dv8rj71,"I don't know how I feel about this. Parents should be mandated to provide vaccines for most preventable conditions unless there is a medical reason not to. 

However-- a parent losing their child is already horrible punishment. Prison isn't going to change anything. ",https://www.reddit.com/r/changemyview/comments/826qe4/cmv_if_a_kid_dies_because_of_a_lack_of//dv8rj71/,-0.083,0.112436704,0.00377655,0.032643758,0.007843546,0.042665333,0.013424582,1520298885.0,0,0,0,boatsbeaton,0.0,0.0,413.0,9499.0,9912.0
826qe4,dv8rw6k,"Personally I would rather see vaccinations mandatory and also free. Nobody should be making money off of a way to provide health to others.

If found guilty of not vaccinating then a fine will be issued. If your unvaccinated child is the cause of death of another, then the parent is charged with manslaughter.

Their is no reason why people shouldn't be vaccinated, especially if it we're free.

As it stands today I 100% am behind jailing parents who are the cause of others children who die due to their unvaccinated kids. If your child dies because you decided to not vaccinate then that's on you and I don't think you should be charged with anything. The loss of a child should be an eye opener and should weigh heavy on you.",https://www.reddit.com/r/changemyview/comments/826qe4/cmv_if_a_kid_dies_because_of_a_lack_of//dv8rw6k/,0.156,0.10956833,0.003871918,0.020646973,0.009471451,0.029163294,0.05397744,1520299266.0,0,0,0,[deleted],,,,,
826qe4,dv8st3k,What if they vaccinate but on a slightly delayed schedule? Are they guilty of manslaughter if it happens? What if they briefly couldn’t afford it and delayed for that reason? How much of the scheduling is itself actually based on empirical data?,https://www.reddit.com/r/changemyview/comments/826qe4/cmv_if_a_kid_dies_because_of_a_lack_of//dv8st3k/,0.167,0.04735767,0.002298355,0.01354185,0.003255812,0.011046898,0.021127338,1520300232.0,1,0,0,rmdean10,0.0,0.0,48.0,5099.0,5147.0
826qe4,dv8t8uq,"You cannot prove a negative.  That someone died because of a lack of vaccination, because no vaccine has ever proven to be 100% effective.

Also, it's very rare that someone dies because of whatever the vaccine is supposed to prevent.   People die because of the effects of an illness which have a myriad of causes and effects.  For example, AIDS doesn't kill people directly.  It's the effects AIDS has that causes other failures of the human system.
",https://www.reddit.com/r/changemyview/comments/826qe4/cmv_if_a_kid_dies_because_of_a_lack_of//dv8t8uq/,0.083,0.104795754,0.004043579,0.023516348,0.011321344,0.027605021,0.038220957,1520300688.0,1,0,0,Pilebsa,226.0,43.0,118128.0,84801.0,203198.0
826qe4,dv8uend,if a healthy kid gets autism after getting vaccinated then the manufacturer should be charged with child abuse and fined upkeep and therapy of the child  for as long as the child needs it. ,https://www.reddit.com/r/changemyview/comments/826qe4/cmv_if_a_kid_dies_because_of_a_lack_of//dv8uend/,0.045,0.104795754,0.004177094,0.016479544,0.03636306,0.025800243,0.021990653,1520301922.0,1,0,0,fluffykerfuffle1,3235.0,11340.0,,,14575.0
826qe4,dv8vp6f,"Prosecuting parents who refuse to vaccinate sounds reasonable but prosecuting people who spread disease through bad hygiene does not. Why would that be? A flu-bearing uncaught sneeze or unwashed hand is as dangerous to the immunocompromised as a poxed hippy child, and far more common, but the latter just seems worse.

Looking at it this way, a lot of this is about punishing people for holding the wrong opinion, the practical value is secondary. If it was about the practical value then real numbers would take centre stage in the argument rather than abstract musings about hypothetical children.",https://www.reddit.com/r/changemyview/comments/826qe4/cmv_if_a_kid_dies_because_of_a_lack_of//dv8vp6f/,0.104,0.16851899,0.00579834,0.04892669,0.037136484,0.07998765,0.020436687,1520303283.0,1,0,0,david-song,672.0,33.0,2526.0,28121.0,31352.0
826qe4,dv8xz94,"Probably not. This is why I refused hep B and vitamin K for my newborn, which are given shortly after birth. He’s not going to get an STD anytime soon and he wasn’t circumcised so there was no need for Vitamin K. ",https://www.reddit.com/r/changemyview/comments/826qe4/cmv_if_a_kid_dies_because_of_a_lack_of//dv8xz94/,0.0,0.02343543,0.001220703,0.014259194,0.003052323,0.00810188,0.007443639,1520305710.0,2,0,0,JustScrollOnward,0.0,0.0,120.0,772.0,892.0
