post_id,comment_id,txt,url,offensiveness_score,Toxicity,Severe Toxicity,Profanity,Identity Attack,Insult,Threat,created,score,total_awards_received,controversiality,user,user_awardee_karma,user_awarder_karma,user_link_karma,user_comment_karma,user_total_karma
9op9bu,e7vmevc,"What if the person self describes as ""Soy boy"" or ""cuck""? ",https://www.reddit.com/r/changemyview/comments/9op9bu/cmv_people_that_use_the_terms_soy_boy_or_cuck_are//e7vmevc/,0.681,0.45751464,0.023076924,0.41375932,0.019274252,0.34626248,0.007767282,1539707583.0,947,0,0,Rainbwned,1466.0,0.0,475.0,182311.0,184252.0
9op9bu,e7vmkn2,"Okay I should have mentioned that I'm talking about people that are using them unironically to make fun of others, but not about those that ironically describe themselves that way. ",https://www.reddit.com/r/changemyview/comments/9op9bu/cmv_people_that_use_the_terms_soy_boy_or_cuck_are//e7vmkn2/,-0.208,0.09828771,0.002288818,0.026180768,0.005993653,0.026444806,0.012233571,1539707708.0,713,0,0,DuploJamaal,1717.0,557.0,31238.0,117447.0,150959.0
9op9bu,e7vmzmu,Why is it just those terms then? Do you hold the same view for everyone who makes fun of someone else regardless of what they are saying?,https://www.reddit.com/r/changemyview/comments/9op9bu/cmv_people_that_use_the_terms_soy_boy_or_cuck_are//e7vmzmu/,-0.333,0.055521555,0.001468658,0.017231047,0.002922831,0.019032324,0.009074804,1539708034.0,141,0,0,Rainbwned,1466.0,0.0,475.0,182311.0,184252.0
9op9bu,e7vnjjz,">Why is it just those terms then?

Because they are very specific insults that are usually used by a very specific subset of people (incels, red pillers and such) 

>Do you hold the same view for everyone who makes fun of someone else regardless of what they are saying?

I just don't understand why you would make fun of someone just because they aren't trying their best to be as masculine as possible.

Like if I were to see an unmasculine or effeminate guy I wouldn't get any reaction. But something triggers them to shout ""cuck"" over and over and the only explanation that comes to my mind is that it's because they get reminded of their own insecurities. ",https://www.reddit.com/r/changemyview/comments/9op9bu/cmv_people_that_use_the_terms_soy_boy_or_cuck_are//e7vnjjz/,0.083,0.47119883,0.16960317,0.27139977,0.47178617,0.28791866,0.04233929,1539708467.0,354,0,0,DuploJamaal,1717.0,557.0,31238.0,117447.0,150959.0
9op9bu,e7vnyhd,"I guess what view do you want changed then? You admit that people can use the term and not be considered insecure in their masculinity.  
  
You have pointed out that instead, insecure people who use those terms and in fact insecure.  
  
Shouldn't it be the case where anyone who uses the term is insecure? Because you are not a psychic and you do not know their true motivations. ",https://www.reddit.com/r/changemyview/comments/9op9bu/cmv_people_that_use_the_terms_soy_boy_or_cuck_are//e7vnyhd/,0.083,0.20102765,0.004501343,0.03389629,0.037909906,0.11616662,0.007598988,1539708785.0,101,0,0,Rainbwned,1466.0,0.0,475.0,182311.0,184252.0
9op9bu,e7vo4dv,"> Because you are not a psychic and you do not know their true motivations.

You can probabbly work out the context 99 times out of a hundred though can't you.",https://www.reddit.com/r/changemyview/comments/9op9bu/cmv_people_that_use_the_terms_soy_boy_or_cuck_are//e7vo4dv/,-0.021,0.17631748,0.002384186,0.016957775,0.00588266,0.089778624,0.005922511,1539708911.0,4,0,0,[deleted],,,,,
9op9bu,e7voini,">Because you are not a psychic and you do not know their true motivations. 

I can't imagine another motivation. That's the point of this thread. 

What would motivate confident people to make fun of unmasculine men?",https://www.reddit.com/r/changemyview/comments/9op9bu/cmv_people_that_use_the_terms_soy_boy_or_cuck_are//e7voini/,0.104,0.5024724,0.16960317,0.22713706,0.42615733,0.36365277,0.05430072,1539709219.0,152,0,0,DuploJamaal,1717.0,557.0,31238.0,117447.0,150959.0
9op9bu,e7vprjt,"> I can't imagine another motivation.

Maybe the insult doesnt have a deeper meaning other than its just an insult? i could choose from a bunch of words but i randomly picked soy boy for this instance. thats as deep as it goes when I call someone it.",https://www.reddit.com/r/changemyview/comments/9op9bu/cmv_people_that_use_the_terms_soy_boy_or_cuck_are//e7vprjt/,0.298,0.14256015,0.003185272,0.024609445,0.009989422,0.0654725,0.00838868,1539710185.0,11,0,1,PudgeHasACuteButt,316.0,46.0,,,362.0
9op9bu,e7vqc1a,"Let's say you didn't like Predator-era Arnold Schwarzenegger. Would you call him a soy boy? Probably not because it wouldn't make sense. I agree with you in the statement that insults don't have to have deeper meaning, but I think you're incorrect in the claim that insults such as soy boy are randomly chosen. ",https://www.reddit.com/r/changemyview/comments/9op9bu/cmv_people_that_use_the_terms_soy_boy_or_cuck_are//e7vqc1a/,0.125,0.18744208,0.005569458,0.059447967,0.022791367,0.083112895,0.010731863,1539710631.0,15,0,0,TheLoneJuanderer,0.0,0.0,56.0,6928.0,6984.0
9op9bu,e7vqlle,Confident people make of others all the time.  Part of it that expecting that the person will fire back and they are confident enough in themselves to poke fun of their own flaws or idiosyncrasies ,https://www.reddit.com/r/changemyview/comments/9op9bu/cmv_people_that_use_the_terms_soy_boy_or_cuck_are//e7vqlle/,-0.146,0.039462693,0.00166893,0.017162729,0.005845661,0.014504919,0.011612174,1539710838.0,4,0,1,DeputyDomeshot,628.0,1378.0,1566.0,128689.0,132261.0
9op9bu,e7vrwd5,"Sure I could.

Predator-era Arnold is a soyboy cuck.

Done.

I could throw in any other insult there and it would have equal weight to me.",https://www.reddit.com/r/changemyview/comments/9op9bu/cmv_people_that_use_the_terms_soy_boy_or_cuck_are//e7vrwd5/,0.25,0.57271194,0.104393706,0.39409557,0.053854458,0.5739874,0.03304107,1539711855.0,-5,0,0,[deleted],,,,,
9op9bu,e7vu9dq,"The insult is directed at someone else, so it doesn't matter what weight it has on the one delivering the insult. It matters much more on how the receiver weighs the insult. After all, if the reciever and the audience do not give much weight to the insult, then what was the point?

An alternative counterpoint: you say that the insult you use is irrelevant to you, so then why not use a less politically controversial insult (asshole, douchebag, motherfucker, etc.)? You would get the same self satisfaction, while avoiding unnecessary confrontation from people who interpret your insult as political. Why burden yourself with such situations? ",https://www.reddit.com/r/changemyview/comments/9op9bu/cmv_people_that_use_the_terms_soy_boy_or_cuck_are//e7vu9dq/,0.277,0.45751464,0.05832097,0.5249258,0.05612817,0.40243408,0.026652548,1539713708.0,7,0,0,TheLoneJuanderer,0.0,0.0,56.0,6928.0,6984.0
9op9bu,e7vuqiy,"Do they? 

I think people with false confidence do. I can't see any reason people with genuine confidence would bother.",https://www.reddit.com/r/changemyview/comments/9op9bu/cmv_people_that_use_the_terms_soy_boy_or_cuck_are//e7vuqiy/,-0.333,0.05354243,0.001058579,0.014634945,0.003866276,0.022899706,0.006310884,1539714080.0,4,0,1,DootDeeDootDeeDoo,150.0,29.0,10465.0,36617.0,47261.0
9op9bu,e7vv4e0,"I just gave you a reason and you said ""do they?""",https://www.reddit.com/r/changemyview/comments/9op9bu/cmv_people_that_use_the_terms_soy_boy_or_cuck_are//e7vv4e0/,-0.25,0.01608456,0.000715256,0.012482914,0.001775897,0.008006879,0.006653947,1539714375.0,1,0,1,DeputyDomeshot,628.0,1378.0,1566.0,128689.0,132261.0
9op9bu,e7vvlcd,">i could choose from a bunch of words but i randomly picked soy boy for this instance. thats as deep as it goes when I call someone it.

But does it happen randomly? That's what I don't believe. 

If I use an insult it's because I assume that it hurts the other or that I think it's something bad.

When I hear ""soy boy"" I don't feel hurt, all I feel is that this person must think that an attack on someone's masculinity hurts others as much as it would hurt them. ",https://www.reddit.com/r/changemyview/comments/9op9bu/cmv_people_that_use_the_terms_soy_boy_or_cuck_are//e7vvlcd/,0.111,0.2412222,0.009613037,0.108590275,0.10221587,0.11797678,0.021300001,1539714744.0,49,0,0,DuploJamaal,1717.0,557.0,31238.0,117447.0,150959.0
9op9bu,e7w0uno,"All you're saying here is that you don't know why you're choosing that word, which somewhat supports the OP's point that people using those words don't understand their own motivations or what they're saying about themselves.",https://www.reddit.com/r/changemyview/comments/9op9bu/cmv_people_that_use_the_terms_soy_boy_or_cuck_are//e7w0uno/,-0.104,0.026028076,0.000810623,0.012722028,0.003052323,0.013174911,0.006317357,1539718810.0,2,0,0,taosaur,1569.0,577.0,11934.0,45677.0,59757.0
9op9bu,e7w1j6o,"Isn't the question regarding the character delivering the insults and not how it is received? I feel like your point just strengthens mine further that it's possible to insult and have it mean nothing.

The OP asked specifically about soyboy and cuck not other words. Im addressing his argument and not another one but I'll explain

If the insult someone hypothetically uses means nothing why would they bother to use discretion in selecting a specific insult? Like what?",https://www.reddit.com/r/changemyview/comments/9op9bu/cmv_people_that_use_the_terms_soy_boy_or_cuck_are//e7w1j6o/,0.312,0.27047762,0.011444092,0.22653213,0.022992345,0.14331897,0.010084574,1539719338.0,1,0,0,[deleted],,,,,
9op9bu,e7w5buy,"Well, I do actually agree with your point, I just disagreed with how it was reasoned. I didn't think the example was logical in a practical sense, and I ended up accidently shifting the argument in this thread without being clear about it. I apologize for the confusion, it's completely on me. ",https://www.reddit.com/r/changemyview/comments/9op9bu/cmv_people_that_use_the_terms_soy_boy_or_cuck_are//e7w5buy/,-0.167,0.05799546,0.002126694,0.028913507,0.00847251,0.024640027,0.008712323,1539722265.0,4,0,0,TheLoneJuanderer,0.0,0.0,56.0,6928.0,6984.0
9op9bu,e7wa5tp,Yeah I could have done better,https://www.reddit.com/r/changemyview/comments/9op9bu/cmv_people_that_use_the_terms_soy_boy_or_cuck_are//e7wa5tp/,-0.521,0.034041706,0.002250671,0.02119352,0.005364689,0.0114649,0.008246276,1539726184.0,2,0,0,Dessiato,851.0,0.0,5663.0,45779.0,52293.0
9op9bu,e7wlu24,"No  you actually can not. People think they are good at doing this, but they're not. This has a lot of reasons, but the bottom line is that you're not a telepath so you'll never even know the context because part of the context is made in someone elses head.",https://www.reddit.com/r/changemyview/comments/9op9bu/cmv_people_that_use_the_terms_soy_boy_or_cuck_are//e7wlu24/,-0.128,0.20056234,0.007362366,0.09324962,0.022791367,0.0811385,0.01086132,1539736687.0,3,0,0,Daansn3,0.0,0.0,1.0,1283.0,1284.0
9op9bu,e7wmx7f,Both arnt Insults. Just words Alt right regurgitate because they think It means something.,https://www.reddit.com/r/changemyview/comments/9op9bu/cmv_people_that_use_the_terms_soy_boy_or_cuck_are//e7wmx7f/,-0.208,0.112953395,0.002746582,0.023721304,0.01666154,0.034782536,0.008971239,1539737645.0,1,0,0,[deleted],,,,,
9op9bu,e7wn0k9,I just use Cuck like it's another shitty 4chan gag like normie and kek,https://www.reddit.com/r/changemyview/comments/9op9bu/cmv_people_that_use_the_terms_soy_boy_or_cuck_are//e7wn0k9/,0.208,0.78207105,0.35220072,0.764141,0.12735364,0.5130944,0.018364733,1539737727.0,1,0,0,[deleted],,,,,
9op9bu,e7wnwjm,"Cuck is a term used to describe a person who has a fetish where their spouse/SO has sexual interactions with another person. 
How does using this term with the definition mentioned represent insecurity?",https://www.reddit.com/r/changemyview/comments/9op9bu/cmv_people_that_use_the_terms_soy_boy_or_cuck_are//e7wnwjm/,0.312,0.36867723,0.013478675,0.26189584,0.016862517,0.07903719,0.007857903,1539738513.0,1,0,0,Jam6554,36.0,12.0,,,48.0
9op9bu,e7wo3qr,"I think cuck is one of the funniest words ever. We have used it so frequently as the go to insult in our friend group (to each other not randoms) that it has lost all meaning. None of us are married but we constantly talk about doinking each others wives. 

It's very immature but if you dont regularly insult your best friends then what is even the point of having them... 

To the point where someone called me a cuck on facebook and I was howling with laughter for about 20 minutes. 


I totally agree however 👍
",https://www.reddit.com/r/changemyview/comments/9op9bu/cmv_people_that_use_the_terms_soy_boy_or_cuck_are//e7wo3qr/,0.396,0.37073207,0.023076924,0.37993968,0.06704199,0.20434737,0.011146127,1539738689.0,1,0,0,Initiatedspoon,94.0,8.0,44.0,11515.0,11661.0
9op9bu,e7wo94x,"Correlation between being insecure and making fun of others has always seemed weak at best. It's an age old adage, but tbh I'm not sure it has any basis in fact or statics. ",https://www.reddit.com/r/changemyview/comments/9op9bu/cmv_people_that_use_the_terms_soy_boy_or_cuck_are//e7wo94x/,-0.104,0.059479803,0.001859665,0.020578653,0.004809721,0.02051482,0.009929225,1539738819.0,1,0,0,GimmeShockTreatment,325.0,33.0,3467.0,80775.0,84600.0
9op9bu,e7woga7,"I just say it because it sounds funny and it runs off the tounge lmao
Ironically, mind you
But I have to agree.",https://www.reddit.com/r/changemyview/comments/9op9bu/cmv_people_that_use_the_terms_soy_boy_or_cuck_are//e7woga7/,-0.438,0.18174082,0.008583069,0.10735235,0.011321344,0.037395194,0.012699619,1539738986.0,1,0,0,anxietyinabox,0.0,0.0,14.0,1396.0,1410.0
9op9bu,e7wotb2,"Are people who call ""fascist"" ""nazi"" at the slightest provocation insecure about their own totalitarian racist?",https://www.reddit.com/r/changemyview/comments/9op9bu/cmv_people_that_use_the_terms_soy_boy_or_cuck_are//e7wotb2/,0.542,0.4269174,0.020644438,0.0864606,0.36702603,0.41530323,0.009903334,1539739280.0,1,0,0,DaphneDK42,839.0,57.0,,,896.0
9op9bu,e7wp1an,What's wrong with soy? ,https://www.reddit.com/r/changemyview/comments/9op9bu/cmv_people_that_use_the_terms_soy_boy_or_cuck_are//e7wp1an/,-0.625,0.045873325,0.002088547,0.020168742,0.005586676,0.014086916,0.007624879,1539739453.0,0,0,0,DabIMON,381.0,0.0,551.0,75435.0,76367.0
9op9bu,e7wpelo,"""I can't stop myself from imagining that person as a ...""    
    
I mean, the easiest hole in that argument is you are saying ""because I can't stop myself from...."" that you assume what you can't help must be true?    
    
That isn't much of an argument.    
    
I can't stop myself from imagining that person as a ... tomato.",https://www.reddit.com/r/changemyview/comments/9op9bu/cmv_people_that_use_the_terms_soy_boy_or_cuck_are//e7wpelo/,0.042,0.11378009,0.003051758,0.03715288,0.006067649,0.060752302,0.007780228,1539739737.0,3,0,0,JMile69,0.0,0.0,9603.0,34278.0,43881.0
9op9bu,e7wpovm,Or they are really secure but hang around insecure guys. The vernacular sticks with them and they use those terms without really thinking about. When I was a kid I'd call other kids faggots without really thinking about. So hypothetically a confident dude could call someone a cuck because he's used to hearing it and that's how his peers communicate. ,https://www.reddit.com/r/changemyview/comments/9op9bu/cmv_people_that_use_the_terms_soy_boy_or_cuck_are//e7wpovm/,0.354,0.46716887,0.16496792,0.4989438,0.44690517,0.4339631,0.09316374,1539739955.0,1,0,0,Needyouradvice93,852.0,157.0,,,1009.0
9op9bu,e7wpriq,I use them to my close friends bc I think they’re funny.,https://www.reddit.com/r/changemyview/comments/9op9bu/cmv_people_that_use_the_terms_soy_boy_or_cuck_are//e7wpriq/,-0.438,0.07450261,0.004405975,0.04867618,0.007880543,0.015644927,0.017846745,1539740008.0,1,0,0,DecasRump,0.0,0.0,5320.0,1491.0,6811.0
9op9bu,e7wqmur,"Tangential question:

Would you prefer they just called people 'effeminate' to their face?",https://www.reddit.com/r/changemyview/comments/9op9bu/cmv_people_that_use_the_terms_soy_boy_or_cuck_are//e7wqmur/,0.064,0.29953843,0.011520386,0.09992486,0.2854555,0.12159709,0.008893564,1539740660.0,1,0,0,fgejoiwnfgewijkobnew,7.0,0.0,7497.0,35813.0,43317.0
9op9bu,e7wqua4,"When someone attacks you verbally by using a name to put you into a group, they are doing it to make you feel bad, and to make them feel good.

You have no control over them feeling good. If it makes them happy to call you names, then so be it. You could realise that they have a sad little life where they judge how happy they are by how unhappy they make you feel. And then you could feel sorry for them.

Or you could decide to be offended by what they think. But you already don't care what they think.

So then we are left with: is what they say true? If it is true, then you can care or not care. That is all that is under your control.",https://www.reddit.com/r/changemyview/comments/9op9bu/cmv_people_that_use_the_terms_soy_boy_or_cuck_are//e7wqua4/,0.0,0.13561769,0.003795624,0.057944927,0.012061302,0.061451588,0.016120117,1539740814.0,1,0,0,fizdup,0.0,0.0,5208.0,91682.0,96890.0
9op9bu,e7wr7eu,"Just a word man, your looking to much into it. Just a name we made up of to make fun of liberals",https://www.reddit.com/r/changemyview/comments/9op9bu/cmv_people_that_use_the_terms_soy_boy_or_cuck_are//e7wr7eu/,0.25,0.28312725,0.007400513,0.06646215,0.10221587,0.11797678,0.059796512,1539741082.0,1,0,0,Supringsinglyawesome,15.0,0.0,14483.0,8907.0,23405.0
9op9bu,e7wrwmd,"It is a insult. If someone drops a dumbell on your foot you call them a fucking idiot. Does that mean you are insecure? no.

&#x200B;

Also, When you call someone a racial slur, you are not insecure, of course you're not. The same with 'cuck.'",https://www.reddit.com/r/changemyview/comments/9op9bu/cmv_people_that_use_the_terms_soy_boy_or_cuck_are//e7wrwmd/,0.826,0.68408644,0.35040274,0.7181329,0.2877625,0.5130944,0.04363242,1539741582.0,2,0,0,Meatyjoe131,0.0,0.0,186.0,-46.0,140.0
9op9bu,e7ws1rx,"I could care less if someone wants to be or act feminine, dress how you want, act how you want. It's your life, be happy. But if I hear you whining in a falsetto voice about how your venti almond milk macchiato was too bitter after 4 sugars; you gettin' called a soy-boy.

I wouldn't call a cross-dresser a cuck or soy-boy, it's less about femininity to me and more about the ""bitchiness"", if that makes sense. I'm having trouble thinking up the right word to describe what I mean at 2am.",https://www.reddit.com/r/changemyview/comments/9op9bu/cmv_people_that_use_the_terms_soy_boy_or_cuck_are//e7ws1rx/,0.458,0.5024724,0.13863131,0.48510036,0.31892163,0.4596616,0.011974656,1539741686.0,3,0,0,[deleted],,,,,
9op9bu,e7ws1vd,"I think it makes you fell better to imagine that anybody who calls you names is insecure. Some people might be insecure and take it out on others through insults sure, but there are also those who insult others because they do not like them. Or because they think its amusing. Or because they are parroting what they hear others say as a joke.

Your making a big assumption, suggesting that a majority of people who insult you are insecure. And you have nothing to back it up with. I can't prove you wrong, but I can tell you that your assumption is not substantive

People are complicated and do thing for a large variety of reasons. You won't always know why people say what they say. Sometimes they haven't even analyzed it themselves.",https://www.reddit.com/r/changemyview/comments/9op9bu/cmv_people_that_use_the_terms_soy_boy_or_cuck_are//e7ws1vd/,0.104,0.18269104,0.003433228,0.030138692,0.00984143,0.10294484,0.009023022,1539741688.0,1,0,0,wlrkfjf,0.0,0.0,1.0,-100.0,-99.0
9op9bu,e7wsn0a,What country are these terms used?,https://www.reddit.com/r/changemyview/comments/9op9bu/cmv_people_that_use_the_terms_soy_boy_or_cuck_are//e7wsn0a/,-0.625,0.015958898,0.000858307,0.013131939,0.005512681,0.007778878,0.006912862,1539742120.0,1,0,0,mmk_iseesu,0.0,0.0,128.0,13992.0,14120.0
9op9bu,e7wtum5,"It's just not that deep. Some people are insecure and immature. There is nothing mystical or mysterious at work here, it's kids yelling lame insults. ",https://www.reddit.com/r/changemyview/comments/9op9bu/cmv_people_that_use_the_terms_soy_boy_or_cuck_are//e7wtum5/,-0.062,0.37751234,0.009498596,0.087430455,0.029402243,0.40420914,0.00933372,1539743007.0,0,0,0,GrumpyWendigo,15.0,0.0,,,15.0
9op9bu,e7wu7er,Your entire post is essentially projection do to your own insecurities around masculine men. This whole post is a stream of insults at masculine men. If they are insecure because they call out weakness in men then you must be insecure about their strength by your own argument. ,https://www.reddit.com/r/changemyview/comments/9op9bu/cmv_people_that_use_the_terms_soy_boy_or_cuck_are//e7wu7er/,0.167,0.3048984,0.009536743,0.058946952,0.27875587,0.22770336,0.009722093,1539743261.0,0,0,0,youhavenoideatard,0.0,0.0,1.0,4515.0,4516.0
9op9bu,e7wudcv,"Honestly I think soy boy is kind of a funny insult, but yeah, what you say is true, and also I'd probably qualify as one.",https://www.reddit.com/r/changemyview/comments/9op9bu/cmv_people_that_use_the_terms_soy_boy_or_cuck_are//e7wudcv/,0.13,0.24924077,0.007400513,0.09260304,0.047190998,0.14874944,0.010214032,1539743388.0,1,0,0,Bobby-B-is-daddy,0.0,0.0,138.0,3207.0,3345.0
9op9bu,e7wuhai,Well for one it could be as entertainment to make fun of people deemed crazy or bieng so absurd that secondly people just make fun of them because maybe there life just sucks and there bullies. Also females use these terms too,https://www.reddit.com/r/changemyview/comments/9op9bu/cmv_people_that_use_the_terms_soy_boy_or_cuck_are//e7wuhai/,0.125,0.47323486,0.02491361,0.46460027,0.28034934,0.40243408,0.02492592,1539743472.0,1,0,0,[deleted],,,,,
9op9bu,e7wumsc,"I'm, like, a really manly guy. Everyone says so. They say ""look at that masculine guy over there. You see how normal his hands are? They're not small at all, and neither is his button. That's the kind of hands you want. His doctor said his hands are the healthiest hands in the world."" Remember, NO COLLUSION! ",https://www.reddit.com/r/changemyview/comments/9op9bu/cmv_people_that_use_the_terms_soy_boy_or_cuck_are//e7wumsc/,-0.021,0.23451406,0.011825562,0.13873272,0.10221587,0.07808672,0.011663958,1539743588.0,3,0,0,specialspartan_,432.0,8.0,123.0,69312.0,69875.0
9op9bu,e7wuqtu,"It's just a joke, man. Guys are always gonna dig at each other's manhood, it's normal and has existed in some form forever. Just lighten up, ya soyboy ",https://www.reddit.com/r/changemyview/comments/9op9bu/cmv_people_that_use_the_terms_soy_boy_or_cuck_are//e7wuqtu/,0.292,0.45396814,0.023880709,0.2980872,0.12208464,0.42367843,0.022853967,1539743671.0,1,0,0,[deleted],,,,,
