post_id,comment_id,txt,url,offensiveness_score,Toxicity,Severe Toxicity,Profanity,Identity Attack,Insult,Threat,created,score,total_awards_received,controversiality,user,user_awardee_karma,user_awarder_karma,user_link_karma,user_comment_karma,user_total_karma
c3j9vs,errdft7,It does if she credibly claims that he did. I’m sure every rapist in the world who has “met a lot of people” would be touched by your support.,https://i.redd.it/gruey52y5t531.jpg/errdft7/,0.104,0.32128486,0.012207031,0.1413768,0.027011903,0.089778624,0.064969026,1561167264.0,18,0,0,darkizzle,9956.0,39.0,721130.0,141101.0,872226.0
c3j9vs,errfvr0,"Right.  Cause Warren Buffett, Michael Bloomberg and other real billionaires are constantly accused of sexual assault.  This is pathetic apologism for a known philanderer, creep and liar.",https://i.redd.it/gruey52y5t531.jpg/errfvr0/,0.354,0.7105462,0.024772761,0.2258264,0.06249457,0.7497506,0.018710058,1561169300.0,17,0,0,[deleted],,,,,
c3j9vs,errzggw,"> like his fat, fake hair, pouting, wrinkly-ass is some kinda prize.


You're forgetting that he is very rich and also the current president. Women will throw themselves at him for either one of those reasons",https://i.redd.it/gruey52y5t531.jpg/errzggw/,0.562,0.74954444,0.24482845,0.50818664,0.2463217,0.6109131,0.085497424,1561191170.0,0,0,1,Merry_Sue,223.0,0.0,374.0,140191.0,140788.0
c3j9vs,erszutt,"I think you missed the point of my comment, which was to point out that insults get you nowhere.",https://i.redd.it/gruey52y5t531.jpg/erszutt/,-0.292,0.07608539,0.001268387,0.013405213,0.002830336,0.026702631,0.00737891,1561228598.0,1,0,0,[deleted],,,,,
c3j9vs,erti3o1,This is grandma on Facebook tier cringe,https://i.redd.it/gruey52y5t531.jpg/erti3o1/,-0.104,0.18459146,0.007209778,0.09389619,0.008879486,0.053205602,0.00756015,1561243038.0,2,0,0,Corporate-Ad,0.0,0.0,1.0,-9.0,-8.0
c3j9vs,ertndxn,"She never called for help, screamed, anything...in a dressing room in a big store.

She invited Donald into the dressing room (if even that).

This one is even more stupid than kids wrestling on a bed.",https://i.redd.it/gruey52y5t531.jpg/ertndxn/,0.417,0.68408644,0.023076924,0.27747265,0.02138452,0.71120167,0.01086132,1561247472.0,-1,0,0,SpecOpsAlpha,148.0,43.0,,,191.0
c3j9vs,eruodop,Has trump ever done anything you didn't agree with?,https://i.redd.it/gruey52y5t531.jpg/eruodop/,-0.188,0.023553278,0.00064373,0.010194245,0.002626848,0.011616902,0.006110225,1561290933.0,2,0,0,elksandturkeys,0.0,0.0,,,0.0
c3j9vs,eruoy4p,Certainly.  Hillary should be in prison right now..  illegal aliens should be removed.  Syria should have never had American military in there.,https://i.redd.it/gruey52y5t531.jpg/eruoy4p/,0.191,0.4269174,0.023458159,0.07255927,0.46028158,0.26957804,0.34804323,1561291671.0,1,0,0,SpecOpsAlpha,148.0,43.0,,,191.0
c3j9vs,eruvnzs,This is why some celebrities shy away from taking pictures with women or keep their hands visible when they do because they take so many pictures with women they don’t personally know or will never see again my use that picture to prove they did meet so the false accusation can seem possible.,https://i.redd.it/gruey52y5t531.jpg/eruvnzs/,-0.043,0.1641865,0.004520416,0.04366605,0.08583717,0.056719027,0.01052473,1561298842.0,1,0,0,[deleted],,,,,
c3j9vs,es05spt,"This aged well, didn't it? 

You actually believed the words of the woman who said,""Rape is sexy""

Round of applause for the gullible ones who destroy the dialogue, day after day.

This is why everyone hates r/WorldPolitics",https://i.redd.it/gruey52y5t531.jpg/es05spt/,0.34,0.39231625,0.023076924,0.29209393,0.11163961,0.21368977,0.079364374,1561466584.0,1,0,0,[deleted],,,,,
