post_id,comment_id,txt,url,offensiveness_score,Toxicity,Severe Toxicity,Profanity,Identity Attack,Insult,Threat,created,score,total_awards_received,controversiality,user,user_awardee_karma,user_awarder_karma,user_link_karma,user_comment_karma,user_total_karma
b66z7h,ejjpcxn,at the same time the transmission is very nerfed compared to real life. ,https://i.redd.it/ndvtrgg54po21.jpg/ejjpcxn/,-0.333,0.112643376,0.002593994,0.033144772,0.00776955,0.030154925,0.007754337,1553742216.0,3,0,0,anon2777,0.0,10.0,6157.0,23894.0,30061.0
b66z7h,ejjs55r,Poor Spain.  Wasn't even 'their' flu.  They were just one of the few nations reporting on it cause of wartime censorship of the WW1 participants.,https://i.redd.it/ndvtrgg54po21.jpg/ejjs55r/,0.021,0.11202335,0.002613068,0.016411226,0.062039822,0.034011267,0.007689608,1553744673.0,5,0,0,[deleted],,,,,
b66z7h,ejjxnyh,"Enough hiding, fire up the annihilator gene",https://i.redd.it/ndvtrgg54po21.jpg/ejjxnyh/,-0.042,0.37955463,0.023458159,0.17803068,0.0440973,0.10587067,0.4430943,1553750307.0,3,0,0,Balmung60,268.0,113.0,3665.0,84161.0,88207.0
b66z7h,ejjyc3t,We all know she'll try to *talk to the manager* while down in hell.,https://i.redd.it/ndvtrgg54po21.jpg/ejjyc3t/,0.239,0.42568782,0.023076924,0.39409557,0.025002124,0.15769513,0.053330876,1553751098.0,2,0,0,KineticPolarization,243.0,0.0,842.0,64314.0,65399.0
b66z7h,ejktxd2,"I mean in a way it's to protect children, but how do you know that the vaccine's don't cause cancer. Like Round Up Weed Killer. I used it a bunch now everyone is during them..",https://i.redd.it/ndvtrgg54po21.jpg/ejktxd2/,0.146,0.09915545,0.004253388,0.029186781,0.006807606,0.020385906,0.016638106,1553785273.0,1,0,0,dlove1411,0.0,0.0,316.0,275.0,591.0
b66z7h,ejkwdk7,"> 1918 Spanish Flu

>It infected 500 million people around the world, including people on remote Pacific islands and in the Arctic, resulted in the deaths of 50 to 100 million (three to five percent of the world's population), making it one of the deadliest natural disasters in human history.",https://i.redd.it/ndvtrgg54po21.jpg/ejkwdk7/,0.0,0.45243698,0.3493117,0.22321637,0.36702603,0.26957804,0.13815513,1553786793.0,1,0,0,funnynickname,117.0,335.0,6087.0,41153.0,47692.0
b66z7h,ejo0koq,"Ladies and gentlemen, THE WORLD IS FUCKED",https://i.redd.it/ndvtrgg54po21.jpg/ejo0koq/,0.5,0.94322485,0.95327103,0.992414,0.78,0.8516746,0.2123591,1553875850.0,1,0,0,Memesaretakingover,75.0,139.0,2743.0,16491.0,19448.0
b66z7h,ekdwnim,Hell yeah! THAT is what happens when you are pro-disease!!!,https://i.redd.it/ndvtrgg54po21.jpg/ekdwnim/,0.25,0.5559701,0.16960317,0.46460027,0.039972372,0.33998606,0.027688526,1554730424.0,1,0,0,1iz66o1u,0.0,0.0,1.0,0.0,1.0
b66z7h,el00x0o,This is the best news I've seen in a century,https://i.redd.it/ndvtrgg54po21.jpg/el00x0o/,-0.681,0.042657252,0.003166199,0.021876704,0.00588266,0.013668913,0.009696201,1555392515.0,1,0,0,kingfoxy12,0.0,206.0,1133.0,2579.0,3918.0
