post_id,comment_id,txt,url,offensiveness_score,Toxicity,Severe Toxicity,Profanity,Identity Attack,Insult,Threat,created,score,total_awards_received,controversiality,user,user_awardee_karma,user_awarder_karma,user_link_karma,user_comment_karma,user_total_karma
95ywp4,e3wo6nc,"Which one, the dunce cap or the klan cap?",https://www.esquire.com/news-politics/a22685107/laura-ingraham-white-nationalism-fox-news-tucker-carlson//e3wo6nc/,0.125,0.37073207,0.012768555,0.13168186,0.050443888,0.36798462,0.009437286,1533844657.0,13,0,0,Phoenix_J_Mask,155,381,12418.0,48479.0,61433
95ywp4,e3ws5zd,You should watch her rant.  It was a bit more than that.  ,https://www.esquire.com/news-politics/a22685107/laura-ingraham-white-nationalism-fox-news-tucker-carlson//e3ws5zd/,-0.104,0.05205809,0.001478195,0.0157622,0.002515854,0.021546122,0.007547205,1533847997.0,12,0,0,stinkbugsinfest,360,6,6433.0,117459.0,124258
95ywp4,e3x2h06,What about the ones that only speak English?,https://www.esquire.com/news-politics/a22685107/laura-ingraham-white-nationalism-fox-news-tucker-carlson//e3x2h06/,-0.2,0.029092113,0.001120567,0.013336895,0.016058605,0.010324894,0.006776932,1533857267.0,3,0,0,LeeSeneses,0,0,964.0,71335.0,72299
95ywp4,e3xjqar,"As much as I think it’s very possible that Ingraham is a racist, I wouldn’t go as far as to label these comments ‘white nationalism’. Personally I’d say it’s more likely that Ingraham is referring to the cultural changes in the US which are largely brought on through increases in immigration.",https://www.esquire.com/news-politics/a22685107/laura-ingraham-white-nationalism-fox-news-tucker-carlson//e3xjqar/,0.104,0.37073207,0.017674843,0.10549548,0.37953663,0.32211447,0.012647836,1533874145.0,-1,0,0,Cmiles53,0,0,78.0,4017.0,4095
95ywp4,e3xnscp,"Stating facts isn't white nationalism you fucking dolts.

",https://www.esquire.com/news-politics/a22685107/laura-ingraham-white-nationalism-fox-news-tucker-carlson//e3xnscp/,0.792,0.9288007,0.45895407,0.89909166,0.57150364,0.8390655,0.029933142,1533879479.0,2,0,1,Frontfart,490,0,,,490
95ywp4,e3xqcf8,"I voted for Trump, I think words like ""white nationalism"" and ""white supremacy"" and ""racist"" and ""nazi"" get trotted out way to much as a cheap rhetorical ploy.  I've seen the tapes and I don't think that Donald Trump has ever admitted on camera to hating muslims or latinos.  I saw this headline and assumed it was more liberal bullshit. 

But no, that's fucking white nationalism.  That's unabashed white nationalism, racism, white supremacy.  Laura Ingraham is a racist.  I can't believe that aired on television, I'm horrified.  ",https://www.esquire.com/news-politics/a22685107/laura-ingraham-white-nationalism-fox-news-tucker-carlson//e3xqcf8/,0.521,0.6588125,0.34950548,0.596623,0.5913144,0.5935568,0.045572113,1533883515.0,22,0,0,Bounds_On_Decay,0,0,61.0,10810.0,10871
95ywp4,e3xz09v,"REEEEE! White nationalists!



That must be you far leftists latest epithet. You've destroyed ""racist"". It doesn't mean anything anymore, and you people are the real racists anyway. You've misused ""fascist"", which you clearly don't understand. You've even fucked ""treason"" with your ignorance.

You're a fucking filthy racist. Wealth and class are not race specific you filthy racist.",https://www.esquire.com/news-politics/a22685107/laura-ingraham-white-nationalism-fox-news-tucker-carlson//e3xz09v/,0.875,0.85173553,0.5381526,0.6672561,0.69661283,0.7492263,0.22514746,1533899936.0,0,0,1,Frontfart,490,0,,,490
95ywp4,e3y03g9,"If you support trump kill yourself, painfully ",https://www.esquire.com/news-politics/a22685107/laura-ingraham-white-nationalism-fox-news-tucker-carlson//e3y03g9/,0.604,0.8115627,0.4561839,0.32658687,0.25647953,0.47357693,0.6948254,1533901590.0,-1,0,0,dyslexiaticus,0,0,824.0,3764.0,4588
95ywp4,e3y2379,This racist white nationalist woman who try’s to trick us by adopting 3 Guatemalan kids  sneaky racist lol,https://www.esquire.com/news-politics/a22685107/laura-ingraham-white-nationalism-fox-news-tucker-carlson//e3y2379/,0.5,0.76523775,0.35368225,0.33453682,0.6637263,0.6051471,0.05171447,1533904218.0,1,0,0,American-charrua,0,0,173.0,0.0,173
95ywp4,e4575js,And may you rot in hell my good sir for no one is good enough for heaven not even you delusional folks. ,https://www.esquire.com/news-politics/a22685107/laura-ingraham-white-nationalism-fox-news-tucker-carlson//e4575js/,0.458,0.7510937,0.44787344,0.43781817,0.15945168,0.5739874,0.52547425,1534204478.0,1,0,0,thebiggestuniverse,0,102,4.0,4187.0,4293
95ywp4,e45yho7,"Here's a thought:  While YOU'RE rotting in Hell, why don't you fuck yourself in the meantime?  Heaven knows, no one else would want to touch that useless piece of crap dangling between your legs!!",https://www.esquire.com/news-politics/a22685107/laura-ingraham-white-nationalism-fox-news-tucker-carlson//e45yho7/,0.83,0.9248995,0.61476606,0.85672,0.12440576,0.7344449,0.38897106,1534241821.0,1,0,0,joydbrower,0,0,1.0,0.0,1
95ywp4,e4607i6,"You're a good sport!  (I usually don't sound off like that...)  Actually, I'm an 80-year-old Jewish widow, and I don't go in for ""online dating!""  I'm also (probably the part you detected about me that turned you off in the first place!) a Goldwater Conservative and have only become more pronounced in that direction as the years rolled on.  I went to a commie Ivy college (actually, since it was before the era of co-education, a Sister college), but I didn't exit Stage Left like Mme Clinton did (thank God, I might add!!).  Anyway, now that we have my general ID cleared up, have a nice day!!  And, no matter how hard you try, you're NOT a POS!!",https://www.esquire.com/news-politics/a22685107/laura-ingraham-white-nationalism-fox-news-tucker-carlson//e4607i6/,-0.167,0.17458448,0.006484985,0.07676199,0.11396073,0.0670459,0.008815889,1534245074.0,1,0,0,joydbrower,0,0,1.0,0.0,1
95ywp4,e4oowzn,I see where our thinking is divided. I consider all people under the authority of a state to be treated equally under the law. Do the laws you refer to apply to those whose homes and farms are destroyed by Israel?,https://www.esquire.com/news-politics/a22685107/laura-ingraham-white-nationalism-fox-news-tucker-carlson//e4oowzn/,0.104,0.1460314,0.004806519,0.019485557,0.120924085,0.02618698,0.01508414,1535020471.0,1,0,0,OsakaWilson,1250,20,4424.0,104881.0,110575
