post_id,comment_id,txt,url,offensiveness_score,Toxicity,Severe Toxicity,Profanity,Identity Attack,Insult,Threat,created,score,total_awards_received,controversiality,user,user_awardee_karma,user_awarder_karma,user_link_karma,user_comment_karma,user_total_karma
9b90a7,e518spk,"Who is exactly meddling in whose affairs on whose behalf ? 
Edit: grammar",https://www.politico.eu/article/rudy-giuliani-trump-lawyer-paid-to-criticize-romanian-anti-corruption-drive-klaus-iohannis//e518spk/,-0.458,0.05378982,0.001745224,0.021056883,0.006141644,0.014884921,0.008129764,1535550005.0,8,0,0,lyuyarden,13.0,0.0,35.0,21383.0,21431.0
9b90a7,e51a7hu,">The former New York mayor’s letter criticized the “excesses” of Romania’s National Anticorruption Directorate (DNA), contrary to U.S. State Department policy which has been supportive of the agency’s efforts. Although the missive did not claim to be sent on Trump’s authority, Romanian politicians seeking to blunt the power of the DNA have already used it to sow doubt about the U.S. government’s position.

I guess corrupt officals looking to discredit the governmental agencies that are going to bring them down need to stick together. ",https://www.politico.eu/article/rudy-giuliani-trump-lawyer-paid-to-criticize-romanian-anti-corruption-drive-klaus-iohannis//e51a7hu/,0.062,0.21508642,0.004501343,0.026044132,0.047448806,0.1469393,0.007495422,1535551344.0,2312,0,0,VonFluffington,1745.0,228.0,9115.0,361386.0,372474.0
9b90a7,e51hqzg,"Wow, if only there was some place we could find such information....",https://www.politico.eu/article/rudy-giuliani-trump-lawyer-paid-to-criticize-romanian-anti-corruption-drive-klaus-iohannis//e51hqzg/,-0.292,0.017341165,0.000872612,0.01174849,0.002192123,0.008595883,0.006712203,1535557839.0,6,0,0,Faylom,276.0,75.0,1836.0,108741.0,110928.0
9b90a7,e524w4l,"Everytime I see this guy, I have to remind myself that I'm not watching The Sopranos.",https://www.politico.eu/article/rudy-giuliani-trump-lawyer-paid-to-criticize-romanian-anti-corruption-drive-klaus-iohannis//e524w4l/,-0.271,0.11367676,0.002861023,0.023379711,0.007584561,0.03566399,0.008349842,1535576837.0,4,0,0,FruityBat_OFFICIAL,0.0,0.0,713.0,23528.0,24241.0
9b90a7,e52gd1j,"Every second article on this sub is about Trump. /r/worldnews is just an outpost of /r/politics now.  

News about the rest of the world is forced to take a distant back seat. ",https://www.politico.eu/article/rudy-giuliani-trump-lawyer-paid-to-criticize-romanian-anti-corruption-drive-klaus-iohannis//e52gd1j/,0.0,0.022964042,0.000863075,0.013849284,0.004957713,0.010742896,0.006925808,1535587440.0,2,0,0,[deleted],,,,,
9b90a7,e52tb9g,"Man, that would be fucking hilarious if Mueller dragged Giuliani in for questioning and possible money laundering charges.

I wonder if Giuliani would claim attorney-client privileged.  I wouldn't put it past him to try and pull a ""Mooch"".",https://www.politico.eu/article/rudy-giuliani-trump-lawyer-paid-to-criticize-romanian-anti-corruption-drive-klaus-iohannis//e52tb9g/,0.646,0.5779532,0.12019568,0.6528205,0.034042787,0.36798462,0.026997874,1535600736.0,3,0,0,Donnie-Jon-Hates-You,0.0,0.0,96.0,13800.0,13896.0
9b90a7,e53aajj,How do you go from crushing the Mafia to being a key player in one?,https://www.politico.eu/article/rudy-giuliani-trump-lawyer-paid-to-criticize-romanian-anti-corruption-drive-klaus-iohannis//e53aajj/,-0.167,0.11378009,0.003318787,0.021945024,0.009619443,0.029163294,0.035803676,1535630324.0,1,0,0,Statler_And_Waldorf_,0.0,143.0,8686.0,1531.0,10360.0
9b90a7,e53b89f,"Wtf is this skeletal demon doing, doing anything for America?",https://www.politico.eu/article/rudy-giuliani-trump-lawyer-paid-to-criticize-romanian-anti-corruption-drive-klaus-iohannis//e53b89f/,0.375,0.6544696,0.16960317,0.541926,0.14019285,0.5130944,0.020436687,1535631544.0,1,0,0,jojokitti123,545.0,2190.0,9501.0,40889.0,53125.0
