post_id,comment_id,txt,url,offensiveness_score,Toxicity,Severe Toxicity,Profanity,Identity Attack,Insult,Threat,created,score,total_awards_received,controversiality,user,user_awardee_karma,user_awarder_karma,user_link_karma,user_comment_karma,user_total_karma
bok9th,enh82vb,"Maybe it has something to do with the fact that Black/Mexican children and gay parents aren't increasing the chance that other kids will be exposed to a preventable disease, Karen....  I'll take a hard pass on making my kids suffer because of someone else's choices.",https://i.redd.it/3b5fzkt227y21.jpg/enh82vb/,-0.021,0.3977292,0.023076924,0.14313951,0.4931391,0.24630153,0.10696311,1557847537.0,4191,0,0,pallidbat,856.0,45.0,31716.0,41364.0,73981.0
bok9th,enhxdv0,Or that you cant choose your sexuality and/or genes but vaccination is a choice (poor choice but choice).,https://i.redd.it/3b5fzkt227y21.jpg/enhxdv0/,0.208,0.12520397,0.002479553,0.02344803,0.022992345,0.02103047,0.007275343,1557858429.0,187,0,0,epicmemerfromfinland,0.0,814.0,2071.0,1079.0,3964.0
bok9th,enhy02j,"The gay will kill em faster than measles

/s",https://i.redd.it/3b5fzkt227y21.jpg/enhy02j/,0.562,0.7761081,0.35368225,0.4170448,0.71720207,0.41530323,0.5940531,1557858647.0,206,0,0,TurkishGooble,20.0,0.0,3155.0,8700.0,11875.0
bok9th,enia4g5,"It may not kill them physically, but it will kill their souls

/s",https://i.redd.it/3b5fzkt227y21.jpg/enia4g5/,0.146,0.51980776,0.16960317,0.2424468,0.10221587,0.07491849,0.5940531,1557863190.0,64,0,0,HarambeWasJustAMeme,20.0,32.0,135.0,352.0,539.0
bok9th,enin4x5,You said vaccination is a poor choice by accident.,https://i.redd.it/3b5fzkt227y21.jpg/enin4x5/,-0.062,0.042657252,0.001215935,0.013507691,0.002608349,0.017227544,0.007547205,1557867958.0,26,0,0,Explosive_Rift,0.0,0.0,3467.0,5578.0,9045.0
bok9th,enj9kjz,Rachel Dolezal chose to be black and it didn’t work out so well for her.,https://i.redd.it/3b5fzkt227y21.jpg/enj9kjz/,0.208,0.37751234,0.017029278,0.07934829,0.46028158,0.1798321,0.008634649,1557877190.0,7,0,0,little_beanpole,0.0,0.0,12144.0,69466.0,81610.0
bok9th,ennk54d,"But if you kid is vaccinated, then there is nothing for them to worry about being around unvaccinated kids right?  I don't get it.",https://i.redd.it/3b5fzkt227y21.jpg/ennk54d/,-0.062,0.022846194,0.001101494,0.010621235,0.004698728,0.010134893,0.006990537,1557947740.0,-2,0,0,vorgriff,60.0,6.0,10064.0,22769.0,32899.0
bok9th,eno3ah2,"You know it sucks when you cough, and the all of a sudden you got whooping gay",https://i.redd.it/3b5fzkt227y21.jpg/eno3ah2/,0.457,0.89241093,0.44787344,0.70864636,0.71678543,0.6051471,0.029415153,1557954329.0,5,0,0,marilynmcCracker,0.0,0.0,1.0,39.0,40.0
bok9th,enojmsm,Imagine being mad at someone for trying to not be a biohazard,https://i.redd.it/3b5fzkt227y21.jpg/enojmsm/,-0.104,0.17805049,0.006256104,0.07643871,0.014551271,0.042665333,0.020609349,1557960145.0,2,0,0,DiegotheEcuadorian,1112.0,0.0,18402.0,104325.0,123839.0
bok9th,enoskqf,"She is either assuming that unvaccinated kids are harmless or that poc and lgbt are dangerous.

&#x200B;

What's worse: Being an anti vaxxer or being racist?",https://i.redd.it/3b5fzkt227y21.jpg/enoskqf/,0.125,0.36095104,0.013349563,0.066963166,0.36273825,0.2735258,0.009126588,1557964457.0,2,0,0,[deleted],,,,,
bok9th,enpo9ee,Fuck I dont want to catch the black,https://i.redd.it/3b5fzkt227y21.jpg/enpo9ee/,0.894,0.9563754,0.50703704,0.90258646,0.6990888,0.5678696,0.067232,1557978582.0,2,0,0,LibraryScneef,110.0,430.0,7.0,11849.0,12396.0
