post_id,comment_id,txt,url,offensiveness_score,Toxicity,Severe Toxicity,Profanity,Identity Attack,Insult,Threat,created,score,total_awards_received,controversiality,user,user_awardee_karma,user_awarder_karma,user_link_karma,user_comment_karma,user_total_karma
3y6p2g,cyaz9xh,"A degree in women's studies means catching animated farts? A friend of mine has a 7 year old that I get to watch sometimes. No knock against him, but he also thinks that not flushing the toilet is the epitome of humor followed closely by repeatedly asking ""why"". That's what we expect from people that age.

Apparently redditors are pre-pubescent. And being funny means crude attempts at insulting people. It's like Tosh.0 reduced.",https://www.reddit.com/r/circlebroke/comments/3y6p2g/womens_studies_jerk_in_rimgoingtohellforthis//cyaz9xh/,0.146,0.41690505,0.03590374,0.39498812,0.21075934,0.33896056,0.013113883,1451056253.0,82,0,0,[deleted],,,,,
3y6p2g,cyazcy1,[deleted],https://www.reddit.com/r/circlebroke/comments/3y6p2g/womens_studies_jerk_in_rimgoingtohellforthis//cyazcy1/,0.489,,,,,,,1451056516.0,184,0,0,[deleted],,,,,
3y6p2g,cyb0g30,The butthurt in this thread will be golden,https://www.reddit.com/r/circlebroke/comments/3y6p2g/womens_studies_jerk_in_rimgoingtohellforthis//cyb0g30/,0.146,0.43230394,0.02416241,0.39409557,0.018369852,0.15982662,0.05430072,1451059628.0,-76,0,0,[deleted],,,,,
3y6p2g,cyb3qjg,"> It's barely even humor

All this ""LOL DAE TRIGGERED APACHE HELICOPTER SJW"" shit that Reddit has just been upvoting madly has to be one of the least funny jokes I have ever seen on this website, and that's without the smugness of it taken into account. Just looking at it objectively as humor it's tired, low-effort, and boring.",https://www.reddit.com/r/circlebroke/comments/3y6p2g/womens_studies_jerk_in_rimgoingtohellforthis//cyb3qjg/,0.583,0.6027529,0.34950548,0.5865656,0.13591312,0.4302003,0.049451493,1451067434.0,109,0,0,weecefwew,648.0,0.0,3025.0,258285.0,261958.0
3y6p2g,cyb3s89,"Women's studies is dumb though, stop defedning your degree?",https://www.reddit.com/r/circlebroke/comments/3y6p2g/womens_studies_jerk_in_rimgoingtohellforthis//cyb3s89/,0.438,0.6407703,0.023317307,0.2801717,0.46028158,0.6308392,0.007573096,1451067540.0,-83,0,0,moush,382.0,0.0,,,382.0
3y6p2g,cyb3vbw,"I have no plans to ever study it but what the fuck do you know about women's studies that isn't just MRA/TiA/KiA copypasta? 

See:

DAE feel empowered by their extreme ignorance on the topics they love to talk shit about?",https://www.reddit.com/r/circlebroke/comments/3y6p2g/womens_studies_jerk_in_rimgoingtohellforthis//cyb3vbw/,0.646,0.7701451,0.23226346,0.7673477,0.28883415,0.5393265,0.010654188,1451067725.0,99,0,0,Nottabird_Nottaplane,129.0,11.0,10650.0,98675.0,109465.0
3y6p2g,cyb4ct5,[deleted],https://www.reddit.com/r/circlebroke/comments/3y6p2g/womens_studies_jerk_in_rimgoingtohellforthis//cyb4ct5/,0.271,,,,,,,1451068782.0,-24,0,0,[deleted],,,,,
3y6p2g,cyb4e56,"If we're being honest, that sub is mainly a refuge and safespace for patrons of it to say and write disparaging things about diffrent marginalized groups and hide it behind a thin veil of ""it's a joke"" as if that negates the abhorrent content. Interestingly, I don't see a comparative number of jokes about white straight males with stem degrees being the subject of laughter and ridicule, that isn't coincidental. How come, we share one of our mods with that sub?",https://www.reddit.com/r/circlebroke/comments/3y6p2g/womens_studies_jerk_in_rimgoingtohellforthis//cyb4e56/,0.333,0.31547862,0.016125489,0.22713706,0.293411,0.24903896,0.013269233,1451068864.0,81,0,0,Anal-warrior,631.0,131.0,21600.0,111901.0,134263.0
3y6p2g,cyb5ij0,"I've never been able to figure out why anybody even cares what other people study. If they really believe in the superiority of their STEMness, wouldn't someone studying something else just mean less competition anyway?",https://www.reddit.com/r/circlebroke/comments/3y6p2g/womens_studies_jerk_in_rimgoingtohellforthis//cyb5ij0/,0.146,0.07371122,0.001955032,0.026727317,0.009545447,0.024897853,0.006647474,1451071383.0,61,0,0,phivealive,0.0,0.0,2491.0,14959.0,17450.0
3y6p2g,cyb8aks,"Most of them probably aren't in STEM professionally, they just like neat science facts and want to live in a technocracy. Like, have you seen that thing where NDT bemoans that so much of Congress consists of lawyers and businessmen instead of scientists and engineers (because lawyers argue and scientists are above that)? Reddit eats that shit up without a second thought. Because, you know, if you're smart enough to pursue higher education in astronomy or whatever you're probably less corruptible and more in tune with the population than those losers who have focused their adult lives on working with people. ",https://www.reddit.com/r/circlebroke/comments/3y6p2g/womens_studies_jerk_in_rimgoingtohellforthis//cyb8aks/,0.458,0.45396814,0.02411546,0.50818664,0.15303208,0.36939126,0.01238892,1451077573.0,44,0,0,[deleted],,,,,
3y6p2g,cybagab,"Damn, you shut him the fuck down with that witty comeback!",https://www.reddit.com/r/circlebroke/comments/3y6p2g/womens_studies_jerk_in_rimgoingtohellforthis//cybagab/,0.717,0.9248995,0.45895407,0.90258646,0.04641757,0.5588244,0.11002964,1451082234.0,49,0,0,AssassinAragorn,4461.0,348.0,33019.0,193300.0,231128.0
3y6p2g,cybainf,Wasn't trying to be witty though. ,https://www.reddit.com/r/circlebroke/comments/3y6p2g/womens_studies_jerk_in_rimgoingtohellforthis//cybainf/,-0.489,0.05131592,0.001139641,0.016411226,0.002626848,0.02373764,0.007029374,1451082376.0,-19,0,0,cloudxen,260.0,0.0,1617.0,13439.0,15316.0
3y6p2g,cybb1os,What were you trying to be then? How does telling him he's a fictional caricature that's been criticized accomplish anything?,https://www.reddit.com/r/circlebroke/comments/3y6p2g/womens_studies_jerk_in_rimgoingtohellforthis//cybb1os/,-0.188,0.10696511,0.001430512,0.015044857,0.003810779,0.045007613,0.00661511,1451083530.0,33,0,0,AssassinAragorn,4461.0,348.0,33019.0,193300.0,231128.0
3y6p2g,cybbvwk,"Why do you think it's dumb? Honestly, I'd like to know your reason. If you don't have one or don't feel like defending your claim, why did you make this comment besides to be cool and contrarian? ",https://www.reddit.com/r/circlebroke/comments/3y6p2g/womens_studies_jerk_in_rimgoingtohellforthis//cybbvwk/,0.271,0.39915034,0.007247925,0.20016506,0.007214582,0.4378843,0.006990537,1451085354.0,25,0,0,CecilBDeMillionaire,70.0,0.0,99.0,145236.0,145405.0
3y6p2g,cybcdo9,I suppose I'm just pointing out that they're also being part of a circle jerk by being so PC like it accomplishes anything besides tumblr and a few other sites thinking they're cool. ,https://www.reddit.com/r/circlebroke/comments/3y6p2g/womens_studies_jerk_in_rimgoingtohellforthis//cybcdo9/,0.25,0.39644176,0.023076924,0.39409557,0.03249594,0.3416952,0.008686432,1451086495.0,-25,0,0,cloudxen,260.0,0.0,1617.0,13439.0,15316.0
3y6p2g,cybcick,"I am not him, that said the reason why it is dumb is because it is postmodern. For example Anita's **""Everything is sexist""** statement, which leads us to its logical conclusion: it exists solely as an excuse to justify its value **""... and you have to point it out!""**. It sort of like a digital currency but the latter at the very least adheres to a certain axiom (less bitcoin < more bitcoin).",https://www.reddit.com/r/circlebroke/comments/3y6p2g/womens_studies_jerk_in_rimgoingtohellforthis//cybcick/,0.574,0.39644176,0.021419114,0.31402156,0.10815793,0.38406035,0.010369381,1451086799.0,-37,0,0,[deleted],,,,,
3y6p2g,cybcjsk,How is 'being PC' a circlejerk? It's just being polite and generally thoughtful of others. What he's suggesting is pointing out why they're being dicks at IGTHFT by making them the target of the offensive jokes. ,https://www.reddit.com/r/circlebroke/comments/3y6p2g/womens_studies_jerk_in_rimgoingtohellforthis//cybcjsk/,0.417,0.64447093,0.11492836,0.58072567,0.051353373,0.4810288,0.011405042,1451086890.0,31,0,0,AssassinAragorn,4461.0,348.0,33019.0,193300.0,231128.0
3y6p2g,cybd0qy,I'm not a women's studies major but I know enough about the field to know that that's not an accurate characterization of most programs or the field of study in general. Do you think that pointing out instances of sex-based difference in our society and in the way we formulate knowledge is not a worthwhile activity? ,https://www.reddit.com/r/circlebroke/comments/3y6p2g/womens_studies_jerk_in_rimgoingtohellforthis//cybd0qy/,0.104,0.09112182,0.002346039,0.025087673,0.031464707,0.023479814,0.007055265,1451087977.0,46,0,0,CecilBDeMillionaire,70.0,0.0,99.0,145236.0,145405.0
3y6p2g,cybda3f,"Wow, sounds like you haven't taken any philosophy classes as well as not taking any women's studies classes haha. What you've said is very untrue and you're misusing a lot of terms. ",https://www.reddit.com/r/circlebroke/comments/3y6p2g/womens_studies_jerk_in_rimgoingtohellforthis//cybda3f/,0.104,0.2855005,0.007553101,0.057944927,0.053399716,0.17610447,0.006925808,1451088580.0,38,0,0,CecilBDeMillionaire,70.0,0.0,99.0,145236.0,145405.0
3y6p2g,cybdhpn,Then point out the terms I am misusing. Otherwise it just sounds like empty bluster.,https://www.reddit.com/r/circlebroke/comments/3y6p2g/womens_studies_jerk_in_rimgoingtohellforthis//cybdhpn/,-0.022,0.17371799,0.003738403,0.040409464,0.005845661,0.06337463,0.008841781,1451089065.0,-27,0,0,[deleted],,,,,
3y6p2g,cybf1vr,This is hilarious and sad. As if I dont understand more about womens struggles and the history behind them from my GWS classes....,https://www.reddit.com/r/circlebroke/comments/3y6p2g/womens_studies_jerk_in_rimgoingtohellforthis//cybf1vr/,-0.104,0.112643376,0.003051758,0.017162729,0.047448806,0.027730936,0.007223561,1451092629.0,9,0,0,[deleted],,,,,
3y6p2g,cybfuyk,"I honestly don't see why I should bother; it's clear you've put in no effort on your part towards studying these things, so any comment I would make would fall on deaf ears. If this is actually a subject you're interested in learning, there are plenty of books and resources for you to start",https://www.reddit.com/r/circlebroke/comments/3y6p2g/womens_studies_jerk_in_rimgoingtohellforthis//cybfuyk/,0.021,0.20102765,0.005683899,0.06195303,0.007732552,0.08558089,0.010084574,1451094616.0,17,0,0,CecilBDeMillionaire,70.0,0.0,99.0,145236.0,145405.0
3y6p2g,cybgrqj,Woman's studies is a pretty ridiculous field.,https://www.reddit.com/r/circlebroke/comments/3y6p2g/womens_studies_jerk_in_rimgoingtohellforthis//cybgrqj/,0.146,0.62702215,0.024725812,0.28708664,0.56711763,0.5678696,0.00746953,1451096883.0,-16,0,0,bobbybouchier,152.0,0.0,289.0,13010.0,13451.0
3y6p2g,cybi7f6,You read like Foghat wearing that shit.,https://www.reddit.com/r/circlebroke/comments/3y6p2g/womens_studies_jerk_in_rimgoingtohellforthis//cybi7f6/,0.5,0.91625386,0.35040274,0.8907955,0.06704199,0.6306599,0.00899713,1451100456.0,1,0,0,sameshiteverydayhere,0.0,0.0,4.0,17100.0,17104.0
3y6p2g,cybkic6,Yeah but you can be courteous without having to outwardly state it all the time so people know you're a good person. That's what I'm getting at. ,https://www.reddit.com/r/circlebroke/comments/3y6p2g/womens_studies_jerk_in_rimgoingtohellforthis//cybkic6/,-0.104,0.022846194,0.001006126,0.014566627,0.003496297,0.010324894,0.006763986,1451106059.0,-9,0,0,cloudxen,260.0,0.0,1617.0,13439.0,15316.0
3y6p2g,cybkqb6,And you don't have to be a total dickbag to other people to be funny.,https://www.reddit.com/r/circlebroke/comments/3y6p2g/womens_studies_jerk_in_rimgoingtohellforthis//cybkqb6/,0.5,0.7510937,0.16960317,0.66456485,0.035074018,0.5935568,0.009799767,1451106621.0,9,0,0,theotherkevin23,175.0,47.0,675.0,280948.0,281845.0
3y6p2g,cybkyp0,"Yeah I get that, but that's what that subreddit is for. No one is ""going to hell"" for making fun of their mother's cooking. You're missing the point of the subreddit, and this isn't even the worst shit they've posted, it's just making fun of someone's degree choice, people do that all the time.",https://www.reddit.com/r/circlebroke/comments/3y6p2g/womens_studies_jerk_in_rimgoingtohellforthis//cybkyp0/,0.167,0.4014846,0.026936848,0.5711371,0.036878675,0.23237456,0.011353259,1451107220.0,-3,0,0,cloudxen,260.0,0.0,1617.0,13439.0,15316.0
3y6p2g,cybl1qx,The point is that the sub doesn't even try to be witty or clever. All the posts are just people reiterating stereotypes or quoting things people find offensive.,https://www.reddit.com/r/circlebroke/comments/3y6p2g/womens_studies_jerk_in_rimgoingtohellforthis//cybl1qx/,-0.106,0.11378009,0.002403259,0.03489832,0.009989422,0.045007613,0.007754337,1451107442.0,5,0,0,theotherkevin23,175.0,47.0,675.0,280948.0,281845.0
3y6p2g,cyblc8i,And how does that relate to the original comment?,https://www.reddit.com/r/circlebroke/comments/3y6p2g/womens_studies_jerk_in_rimgoingtohellforthis//cyblc8i/,-0.292,0.010304171,0.000598431,0.010774951,0.001609407,0.007018873,0.00636914,1451108217.0,3,0,0,AssassinAragorn,4461.0,348.0,33019.0,193300.0,231128.0
3y6p2g,cybtwab,Does it have anything to do with the fact that a lot of CBers say this used to be a right wing sub?,https://www.reddit.com/r/circlebroke/comments/3y6p2g/womens_studies_jerk_in_rimgoingtohellforthis//cybtwab/,-0.271,0.024260364,0.001087189,0.014464149,0.008139528,0.011122898,0.007068211,1451143557.0,2,0,0,[deleted],,,,,
3y6p2g,cybunta,"Nah, CB used to lean conservative, not reactionary racist,sexist, etc. ",https://www.reddit.com/r/circlebroke/comments/3y6p2g/womens_studies_jerk_in_rimgoingtohellforthis//cybunta/,0.085,0.42568782,0.017158391,0.08355101,0.26325142,0.42881694,0.007676662,1451145555.0,1,0,0,[deleted],,,,,
3y6p2g,cyc2ggf,"""You can tell I'm really into STEM because I follow I Fucking Love Science on Facebook. Wait, what's that? Somebody posted an article about a scientific paper on Reddit and somebody else pointed out the author didn't perfectly translate it for the non-professionals? OMFG stupid bullshit nonSTEM journalists and their popscience click bait!!!""",https://www.reddit.com/r/circlebroke/comments/3y6p2g/womens_studies_jerk_in_rimgoingtohellforthis//cyc2ggf/,0.667,0.78711975,0.52891463,0.7785769,0.32476485,0.5678696,0.056563694,1451162306.0,3,0,0,[deleted],,,,,
3y6p2g,cydjlq3,"Well, I can understand people who will read offensive, dark humor.

And that sub is nominally about that, and occasionally has that.

Problem is, that sub, these days at least, is just so much ""DAE hate feminists/black people"" with barely a joke added.",https://www.reddit.com/r/circlebroke/comments/3y6p2g/womens_studies_jerk_in_rimgoingtohellforthis//cydjlq3/,0.375,0.36095104,0.023076924,0.26593533,0.39966375,0.24561718,0.015947454,1451281478.0,1,0,0,GenericUsername16,0.0,0.0,98624.0,115412.0,214036.0
3y6p2g,cydjqog,"What the hell are you talking about?

(And you think gender studies degrees at university are all about Anita Sarkesian and Tumblr posts or something? You appear to get your knowledge of what gender studies consists of second hand from reddit.)",https://www.reddit.com/r/circlebroke/comments/3y6p2g/womens_studies_jerk_in_rimgoingtohellforthis//cydjqog/,0.396,0.5721988,0.16960317,0.541926,0.10221587,0.40243408,0.012647836,1451281815.0,3,0,0,GenericUsername16,0.0,0.0,98624.0,115412.0,214036.0
3y6p2g,cyfh6qp,"ah yes, renowned Women's Studies professor Anita Sarkeesian.",https://www.reddit.com/r/circlebroke/comments/3y6p2g/womens_studies_jerk_in_rimgoingtohellforthis//cyfh6qp/,-0.333,0.038519915,0.000944138,0.011663092,0.010951365,0.015644927,0.006071387,1451429518.0,2,0,0,[deleted],,,,,
