post_id,comment_id,txt,url,offensiveness_score,Toxicity,Severe Toxicity,Profanity,Identity Attack,Insult,Threat,created,score,total_awards_received,controversiality,user,user_awardee_karma,user_awarder_karma,user_link_karma,user_comment_karma,user_total_karma
c25g90,erik7iu,"My friend's mom is very antivaxx and so is her daughter (my friend). I told her I am vaccinated and she's like ""yeah but like don't you have ADHD or something"" totally unrelated and uncalled for. I actually don't have ADHD my therapist told me that  I end being so used of walking on eggshells and living under a lot stress that it made me fidgety and be a nervous wreck at all times.",https://i.redd.it/gmiyr9qal5531.jpg/erik7iu/,-0.021,0.165053,0.009841919,0.16217725,0.048737846,0.06512285,0.010291707,1560899787.0,188,0,0,CakiePamy,162.0,208.0,23890.0,55136.0,79396.0
c25g90,erikosg,"you really expect someone to take their time and research to post a scientifically sourced statement in the comment section of reddit? This isn’t an intellectual subreddit it is just to trash on antivaxxers. Everyone with common sense knows anti vax is stupid. If you want to have legitimate debates and talk to people who can back their claims, do yourself a favor and go somewhere else.

I’m afraid the intellectual well is dry",https://i.redd.it/gmiyr9qal5531.jpg/erikosg/,0.229,0.4014846,0.021290002,0.35346076,0.06522302,0.42167732,0.011974656,1560900155.0,13,0,0,SpicyFetus,15.0,0.0,29.0,39906.0,39950.0
c25g90,eriyacn,"I mean, I get all the vaccinations I can (I literally got two more yesterday) and I *do* have ADHD, but I'd rather have that than get a preventable disease that could fuckin *KILL ME* and harm the people I love.",https://i.redd.it/gmiyr9qal5531.jpg/eriyacn/,0.354,0.62702215,0.23223943,0.77181685,0.060220852,0.26957804,0.34804323,1560910500.0,10,0,0,amodernbird,125.0,10.0,8874.0,64421.0,73430.0
c25g90,erj11mz,i wish all anti vax kids were this lucky. i have a friend who's the daughter of anti vaxxers and she's terrified of having a vaccination from allergies.,https://i.redd.it/gmiyr9qal5531.jpg/erj11mz/,-0.146,0.05750068,0.001850128,0.016479544,0.013546381,0.020901557,0.007663717,1560912631.0,1,0,0,blazinbluecolor,2283.0,98.0,55128.0,79250.0,136759.0
c25g90,erj2wz0,"For 18 years, her sole objective was to survive",https://i.redd.it/gmiyr9qal5531.jpg/erj2wz0/,-0.417,0.038991302,0.002098084,0.016616182,0.005290694,0.012376905,0.00838868,1560914143.0,1,0,0,yoga-is-awesome,35.0,0.0,1630.0,6463.0,8128.0
c25g90,erjbg03,So you mean your unvaccinated brother has mental health issues? I thought those were caused by vaccinations! /s (no offense to your brother),https://i.redd.it/gmiyr9qal5531.jpg/erjbg03/,0.188,0.25462922,0.009765625,0.055940874,0.07012023,0.09855611,0.00967031,1560922255.0,1,0,0,nedivamom,114.0,0.0,12236.0,4215.0,16565.0
c25g90,erjbk76,So proud of her! Teens fighting the good fight and not putting up with their parents bullshit 👍,https://i.redd.it/gmiyr9qal5531.jpg/erjbk76/,-0.146,0.7510937,0.34935045,0.70864636,0.099899694,0.49389273,0.04132889,1560922385.0,1,0,0,Ranting-Fucktard,0.0,0.0,4066.0,1748.0,5814.0
c25g90,erjf9ss,"Honestly, I'm amazed she isn't crippled or dead after all that time. She's a survivor and a half, that one, and a damned inspiration.",https://i.redd.it/gmiyr9qal5531.jpg/erjf9ss/,0.021,0.51869136,0.027833538,0.596623,0.031722516,0.3388922,0.05688698,1560926793.0,1,0,0,Jesterchunk,544.0,249.0,4203.0,228131.0,233127.0
c25g90,erjipbw,"Wait, they make them in this size?",https://i.redd.it/gmiyr9qal5531.jpg/erjipbw/,-0.458,0.03875561,0.001630783,0.018802373,0.00327431,0.010742896,0.008013252,1560931620.0,1,0,0,Kwin01,0.0,165.0,130.0,76.0,371.0
c25g90,erlbgd2,The best way to handle a mid-life crisis.,https://i.redd.it/gmiyr9qal5531.jpg/erlbgd2/,-0.354,0.01822079,0.000920296,0.010962827,0.002682345,0.007854878,0.007624879,1560982877.0,1,0,0,[deleted],,,,,
c25g90,eto7zyc,I know. I have an aunt who is anti vaxx and she is calling me autistic even though her children have adhd and autism. Also if vaccines cause autism (Which they don't) autism is way more preferable to dying of a preventable disease.,https://i.redd.it/gmiyr9qal5531.jpg/eto7zyc/,0.229,0.14429577,0.007514954,0.03615085,0.094936445,0.03588435,0.027861187,1563018237.0,2,0,0,[deleted],,,,,
