post_id,comment_id,txt,url,offensiveness_score,Toxicity,Severe Toxicity,Profanity,Identity Attack,Insult,Threat,created,score,total_awards_received,controversiality,user,user_awardee_karma,user_awarder_karma,user_link_karma,user_comment_karma,user_total_karma
4mbp7r,d3u7046,"Power/hand tools. Something like a top of the line Makita cordless drill, or a really good set of Snap On hand tools will come in handy for many years to come. 

If you had your own place, my other advice would be a really good quality grill, like a Weber kettle. No one has friends over to microwave, after all.",https://www.reddit.com/r/AskMen/comments/4mbp7r/what_are_some_essential_items_worth_spending_a//d3u7046/,-0.188,0.029092113,0.001592636,0.017709278,0.002358613,0.013212911,0.008556974,1464937632.0,48,0,0,SerPuissance,1786.0,95.0,19759.0,472181.0,493821.0
4mbp7r,d3ub1m5,"Tools are amazing to have. I've been slowly acquiring good tools over the past two years, and mainly get them during the holidays. Mother things I'm so grown to want tools.  ;)",https://www.reddit.com/r/AskMen/comments/4mbp7r/what_are_some_essential_items_worth_spending_a//d3ub1m5/,-0.319,0.027088705,0.002012253,0.022149978,0.004365747,0.010058892,0.008181547,1464951333.0,2,0,0,[deleted],,,,,
4mbp7r,d3uf0xz,"I bought a pocket knife for camping and now I use it at home probably once a week.  Mostly for opening boxes and cutting up the cardbord for recycling.  Also for opening bottles, and as a quick handy screwdriver.",https://www.reddit.com/r/AskMen/comments/4mbp7r/what_are_some_essential_items_worth_spending_a//d3uf0xz/,-0.438,0.067380086,0.003509522,0.01764096,0.002571351,0.0113889,0.04718852,1464960334.0,1,0,0,[deleted],,,,,
4mbp7r,d3ukfha,"No one said mattress?  You'll spend 1/3 of your life on one get a good one, splurge for an awesome pillow top mattress.  If your quality of sleep is low your quality of life will follow whether you know it or not.",https://www.reddit.com/r/AskMen/comments/4mbp7r/what_are_some_essential_items_worth_spending_a//d3ukfha/,-0.489,0.049089402,0.001592636,0.014874061,0.001341172,0.016936934,0.008453408,1464968154.0,2,0,0,bald_and_nerdy,169.0,0.0,1363.0,84248.0,85780.0
4mbp7r,d3umaqb,A good set of kitchen knives - Japanese or German steel,https://www.reddit.com/r/AskMen/comments/4mbp7r/what_are_some_essential_items_worth_spending_a//d3umaqb/,-0.729,0.112746716,0.007324219,0.03840541,0.033011556,0.018323302,0.05042134,1464970599.0,2,0,0,roscoe7585,180.0,16.0,141.0,12171.0,12508.0
4mbp7r,d3umi4z,"Computer.  That $400 machine might be cheap, but unless you're planning to customize it or sell it after a year, it's not worth it.  Get something with decent components that'll last 4-5 years with minimal upgrades.",https://www.reddit.com/r/AskMen/comments/4mbp7r/what_are_some_essential_items_worth_spending_a//d3umi4z/,-0.289,0.013822667,0.000638962,0.011663092,0.001142309,0.007987879,0.006641001,1464970870.0,2,0,0,Kataphractoi,542.0,41.0,6757.0,136193.0,143533.0
4mbp7r,d3uptui,"Things that separate you from the ground: shoes, tires, mattresses.",https://www.reddit.com/r/AskMen/comments/4mbp7r/what_are_some_essential_items_worth_spending_a//d3uptui/,-0.604,0.04785245,0.001707077,0.015010698,0.002478856,0.013744914,0.008168601,1464975133.0,7,0,0,mthlmw,261.0,43.0,661.0,61747.0,62712.0
4mbp7r,d3utxp4,"I always tell people not to hesitate to buy a good chefs knife, a stone for sharpening and a decent wood cutting board. 

Also, spring for a good mattress and bedding. I recommend getting a Casper, very good quality for the price.",https://www.reddit.com/r/AskMen/comments/4mbp7r/what_are_some_essential_items_worth_spending_a//d3utxp4/,-0.604,0.035220183,0.00246048,0.014566627,0.002303117,0.009469888,0.013631714,1464980478.0,1,0,0,[deleted],,,,,
