post_id,comment_id,txt,url,offensiveness_score,Toxicity,Severe Toxicity,Profanity,Identity Attack,Insult,Threat,created,score,total_awards_received,controversiality,user,user_awardee_karma,user_awarder_karma,user_link_karma,user_comment_karma,user_total_karma
axdh75,ehsuryz,You can throw that on the pile of studies antivaxers will ignore. ,https://www.cnn.com/2019/03/04/health/mmr-vaccine-autism-study/index.html/ehsuryz/,0.104,0.077668175,0.001935959,0.014839902,0.010063417,0.022061773,0.014048163,1551740452.0,11440,1,0,mrthewhite,2017.0,0.0,277.0,953837.0,956131.0
axdh75,ehsy9ij,"Probably, the article states that over 95% of the participants received the mmr vaccine.  In order for them to test if the vaccine causes autism wouldn't they need to give 50% a placebo as a control group?",https://www.cnn.com/2019/03/04/health/mmr-vaccine-autism-study/index.html/ehsy9ij/,0.0,0.022964042,0.000987053,0.011441057,0.008361516,0.010172892,0.006576272,1551743122.0,13,0,0,Goliaths_mom,0.0,0.0,88.0,9882.0,9970.0
axdh75,eht1i7c,Thats what they WANT you to think.,https://www.cnn.com/2019/03/04/health/mmr-vaccine-autism-study/index.html/eht1i7c/,-0.532,0.033334624,0.001268387,0.014122557,0.003070822,0.012946909,0.006886971,1551745665.0,25,0,0,mattmentecky,597.0,0.0,4526.0,97181.0,102304.0
axdh75,eht5571,"A cohort study may not be as robust as a randomized double blind trial, but that doesn't mean its results can't  be valid.",https://www.cnn.com/2019/03/04/health/mmr-vaccine-autism-study/index.html/eht5571/,-0.25,0.015770407,0.000667572,0.011219022,0.002793338,0.008728883,0.006744567,1551748565.0,11,0,0,Vivianne_Vulve,0.0,0.0,225.0,34233.0,34458.0
axdh75,ehv201d,"Nah. I dont believed them. Still no proof. I smell the rate. They are liars. They wants vaccine in our bodies for their money. Not to protect us. I am not allowing vaccine in my body at all. Never. Not even for the kids. Dont trusted them at all. NO VACCINE AT ALL! No flu vaccine for 10 years. I can manage flu just fine with healthy green tea, honey, and many others. I become healthy and safe. No vaccine needed. Vaccine IS not safe. They demanded you to sign the paper before vaccine so they dont want to be sue for wrong death. It is proof that vaccine is not SAFE! NEVER WAS AND NEVER WILL! Say no to VACCINE!",https://www.cnn.com/2019/03/04/health/mmr-vaccine-autism-study/index.html/ehv201d/,0.188,0.42568782,0.013736901,0.110447146,0.039714564,0.4710501,0.010472948,1551814788.0,-2,0,0,[deleted],,,,,
axdh75,ehv2735,"Does anyone have any proof that vaccines do not cause autism that is, hear me out, sourced from Poland or Russia?

I need it for some ""goalposts were moved"" reasons...",https://www.cnn.com/2019/03/04/health/mmr-vaccine-autism-study/index.html/ehv2735/,0.062,0.05131592,0.001525879,0.013166099,0.026609946,0.017743196,0.006725149,1551814921.0,1,0,0,Zankman,160.0,0.0,3059.0,264857.0,268076.0
axdh75,ehv4crm,"As an anti-vaxxer I respect the right of pro-vaxxers to vaccinate their children. If you infringe upon my rights however you're gonna be staring down the barrel of my gun, locked and loaded.",https://www.cnn.com/2019/03/04/health/mmr-vaccine-autism-study/index.html/ehv4crm/,0.375,0.37073207,0.023076924,0.05393682,0.031464707,0.071750276,0.4615647,1551816364.0,-1,0,0,scata444,70.0,0.0,,,70.0
axdh75,ehv7ni7,"MY right now to have the government forcefully inject anything into me or my children. I'd go to war and kill to defend that right, perhaps dying in the fight.

There are many reports of hospital nurses injecting children and elderly with vaccines on unrelated visits when the parents and other family aren't looking because they signed a medical treatment consent form.",https://www.cnn.com/2019/03/04/health/mmr-vaccine-autism-study/index.html/ehv7ni7/,0.271,0.43720075,0.12282934,0.17008601,0.0775651,0.11797678,0.54744303,1551818518.0,1,0,0,scata444,70.0,0.0,,,70.0
axdh75,ehvdpx1,"This is a rehashed OLD study conducted by Poul Thorsen, who is wanted by the FBI for fraud and is facing 260 years in jail! Media propaganda bullshit.",https://www.cnn.com/2019/03/04/health/mmr-vaccine-autism-study/index.html/ehvdpx1/,0.271,0.78855824,0.27908814,0.7181329,0.07012023,0.5423875,0.01508414,1551822423.0,-2,0,0,asheraton,0.0,0.0,45886.0,4009.0,49895.0
axdh75,ehwp2u0,"“MMR vaccine does not cause autism, another study confirms” What they desperately need is a treatment that foreshortens memory retention in the masses. That way perhaps people won’t remember all those ‘scientific studies’ proving that tobacco, painkillers, fast food, Roundup, and the rest, were all perfectly safe. Until it transpired that they weren't.",https://www.cnn.com/2019/03/04/health/mmr-vaccine-autism-study/index.html/ehwp2u0/,0.064,0.07845957,0.002555847,0.01805087,0.010285405,0.029604018,0.008815889,1551867934.0,0,0,0,kindlyenlightenmoi,0.0,0.0,1.0,-100.0,-99.0
