post_id,comment_id,txt,url,offensiveness_score,Toxicity,Severe Toxicity,Profanity,Identity Attack,Insult,Threat,created,score,total_awards_received,controversiality,user,user_awardee_karma,user_awarder_karma,user_link_karma,user_comment_karma,user_total_karma
b7o24j,ejsyof9,"How is hitting a child ever an appropriate punishment? We don't even use corporeal punishment on prisoners, why should we use it on children? ",https://www.reddit.com/r/changemyview/comments/b7o24j/cmv_spanking_is_not_always_abusive//ejsyof9/,0.125,0.15545623,0.006446838,0.016411226,0.005475683,0.015264924,0.16383497,1554041277.0,4,0,0,tbdabbholm,510.0,0.0,1108.0,106997.0,108615.0
b7o24j,ejsyvmh,"And who can judge the act of spanking is correct or abuse in each case?

I mean, parents or teacher should not use spanking because of score on the test. neither on sports.
",https://www.reddit.com/r/changemyview/comments/b7o24j/cmv_spanking_is_not_always_abusive//ejsyvmh/,-0.087,0.069754265,0.002374649,0.019485557,0.002645347,0.015948927,0.013424582,1554041453.0,1,0,0,dozenspileofash,38.0,0.0,129.0,5128.0,5295.0
b7o24j,ejsz03b,I feel like my basic view was explained in the initial description? ,https://www.reddit.com/r/changemyview/comments/b7o24j/cmv_spanking_is_not_always_abusive//ejsz03b/,-0.292,0.017466826,0.00082016,0.013234417,0.003607291,0.008975885,0.007003482,1554041563.0,1,0,0,alziealziealzie,0.0,0.0,1040.0,589.0,1629.0
b7o24j,ejsz31d,"I'm not totally sure what your point is but I'll try to address it. Of course punishment shouldn't be used because of test scores or sports – but that applies to all punishments, not just spanking. What makes spanking any different?",https://www.reddit.com/r/changemyview/comments/b7o24j/cmv_spanking_is_not_always_abusive//ejsz31d/,-0.021,0.081625134,0.002555847,0.028776871,0.00275634,0.017743196,0.014393489,1554041635.0,3,0,0,alziealziealzie,0.0,0.0,1040.0,589.0,1629.0
b7o24j,ejszfiu,"Two unrelated points:

1.
Spanking has been studied at length and found to range from ineffective to actually harmful with regards to behavioral development. There's no reason to do it. I can source this if you'd like, but cursory research should make it clear.

2.
A child has no recourse to avoid violence from a physically stronger person they are entirely dependent on. The power imbalance is too great to ever justify violence, unless the parent is intellectally infallible and endlessly just.",https://www.reddit.com/r/changemyview/comments/b7o24j/cmv_spanking_is_not_always_abusive//ejszfiu/,-0.104,0.10870059,0.003528595,0.035399333,0.006363631,0.030375287,0.02440793,1554041946.0,6,0,0,Thecoldflame,28.0,0.0,5238.0,4321.0,9587.0
b7o24j,ejszofa,"1. This is what I was addressing – research has failed to separate reasonable discipline from abuse in these instances, and so there hasn't been much research in terms of actually reasonable punishment. 

2. Of course shouldn't be used in situations that are unclear or could have multiple interpretations. ",https://www.reddit.com/r/changemyview/comments/b7o24j/cmv_spanking_is_not_always_abusive//ejszofa/,-0.13,0.102192536,0.003318787,0.02795705,0.014551271,0.029383656,0.012337137,1554042166.0,0,0,0,alziealziealzie,0.0,0.0,1040.0,589.0,1629.0
b7o24j,ejszwc7,"Also many of parents forbidden to using phones or playing outside to encourage study more when kids have bad score on the test.

Forbidden these stuff is relate on studies, spanking isn't. 

And, I'd like to point out that If you teach something in violent way, they also learning violence too.

If he/she met problem with others (especially lower grade student), he supposedly deal that with violence.many people overlook this concern,I don't know why.
",https://www.reddit.com/r/changemyview/comments/b7o24j/cmv_spanking_is_not_always_abusive//ejszwc7/,0.17,0.07371122,0.002384186,0.022013342,0.005771666,0.023995465,0.012492486,1554042355.0,0,0,0,dozenspileofash,38.0,0.0,129.0,5128.0,5295.0
b7o24j,ejt03iv,"You were handwavey, ""just let parents choose"" except clearly that's not what you actually meant because I 100% guarantee there's punishments you wouldn't support. So why allow spanking? It's not abuse cause you say it's not abuse? ",https://www.reddit.com/r/changemyview/comments/b7o24j/cmv_spanking_is_not_always_abusive//ejt03iv/,0.0,0.1100022,0.003376007,0.021603432,0.002774839,0.026831545,0.021300001,1554042528.0,4,0,0,tbdabbholm,510.0,0.0,1108.0,106997.0,108615.0
b7o24j,ejt0a4h,"I'm having trouble understanding your writing, but I'm trying here. 

I don't think that punishment should ever be used because of bad test scores, as I said previously, so I'm not sure why you're still arguing that. ",https://www.reddit.com/r/changemyview/comments/b7o24j/cmv_spanking_is_not_always_abusive//ejt0a4h/,0.0,0.05725329,0.001554489,0.018324144,0.005105704,0.020385906,0.008712323,1554042688.0,0,0,0,alziealziealzie,0.0,0.0,1040.0,589.0,1629.0
b7o24j,ejt0gyf,"I think that spanking in an appropriate and reasonable way should be one option that parents have. The only punishments I wouldn't support are those that are abusive. Any form discipline can be taken to an abusive level, and spanking is the only punishment that has been categorically written off as abusive because of the small minority of people who take it to an abusive level. ",https://www.reddit.com/r/changemyview/comments/b7o24j/cmv_spanking_is_not_always_abusive//ejt0gyf/,0.167,0.15822013,0.006713867,0.048425674,0.006474625,0.03412145,0.10236332,1554042854.0,1,0,0,alziealziealzie,0.0,0.0,1040.0,589.0,1629.0
b7o24j,ejt0ujd,"sry, my point is, spanking is not relate on guilty in most case.
Child will never learn from that, they just try to avoid pain in future.
My example was very bad,I apologize for that.

Not only that, they resemble their parents behavior on other one.",https://www.reddit.com/r/changemyview/comments/b7o24j/cmv_spanking_is_not_always_abusive//ejt0ujd/,-0.104,0.13041082,0.004692078,0.043165036,0.006881601,0.03511308,0.021472665,1554043173.0,0,0,0,dozenspileofash,38.0,0.0,129.0,5128.0,5295.0
b7o24j,ejt0ybg,"I disagree that that's why it's been written off. I think it's been written off because it's literally hitting a child. Plus you have no evidence that more mild forms of spanking produce actually different results from more aggressive forms, you simply believe that is the case.",https://www.reddit.com/r/changemyview/comments/b7o24j/cmv_spanking_is_not_always_abusive//ejt0ybg/,0.25,0.17198499,0.007400513,0.06295506,0.008361516,0.04383647,0.063352615,1554043263.0,4,0,0,tbdabbholm,510.0,0.0,1108.0,106997.0,108615.0
b7o24j,ejt104r,"A swat over a clothed butt or a hard spank with a rod on a bare ass are BOTH designed to cause discomfort, and causing discomfort to teach the lesson that the behavior is not desired has been proven to be less effective than other means, counter-productive and even harmful in some cases. Using a known ineffective behavior out of a desire to simply cause discomfort to someone comes from a desire to mete out ""punishment"" rather than teach a lesson. If your desire is to simply punish your child rather than teach them the lesson of right and wrong or a more acceptable behavior, then that is abusive. The degree of abuse is irrelevant, it is still technically abuse.",https://www.reddit.com/r/changemyview/comments/b7o24j/cmv_spanking_is_not_always_abusive//ejt104r/,0.208,0.52139956,0.12019568,0.48510036,0.028016793,0.24287975,0.13815513,1554043305.0,2,0,0,elohesra,98.0,0.0,296.0,5643.0,6037.0
b7o24j,ejt13ay,The point of any discipline is that the child wants to avoid it in the future. That's why it's used. ,https://www.reddit.com/r/changemyview/comments/b7o24j/cmv_spanking_is_not_always_abusive//ejt13ay/,-0.042,0.01608456,0.000705719,0.01087743,0.00258985,0.007702877,0.006861079,1554043380.0,2,0,0,alziealziealzie,0.0,0.0,1040.0,589.0,1629.0
b7o24j,ejt164b,"I'm saying it hasn't been researched and yet that research has been used to categorically dismiss all spanking, even though the research doesn't say anything about reasonable spanking being bad. ",https://www.reddit.com/r/changemyview/comments/b7o24j/cmv_spanking_is_not_always_abusive//ejt164b/,0.042,0.057748068,0.002031326,0.025634222,0.003699786,0.01929015,0.008712323,1554043446.0,2,0,0,alziealziealzie,0.0,0.0,1040.0,589.0,1629.0
b7o24j,ejt18t0,All punishment causes discomfort in some way. That's the point of it – so the child changes the behavior. ,https://www.reddit.com/r/changemyview/comments/b7o24j/cmv_spanking_is_not_always_abusive//ejt18t0/,-0.021,0.059727192,0.001859665,0.01893901,0.005623675,0.016632931,0.011094344,1554043511.0,1,0,0,alziealziealzie,0.0,0.0,1040.0,589.0,1629.0
b7o24j,ejt1qna,"How do you define ""reasonable"" spanking without any research showing what that would look like? You're assuming there's a category of ""reasonable"" spanking but that's not necessarily true. ",https://www.reddit.com/r/changemyview/comments/b7o24j/cmv_spanking_is_not_always_abusive//ejt1qna/,0.191,0.07845957,0.002422333,0.024677763,0.00223837,0.020966014,0.009825659,1554043924.0,2,0,0,tbdabbholm,510.0,0.0,1108.0,106997.0,108615.0
b7o24j,ejt20mg,Spanking has been used for centuries in a reasonable way. ,https://www.reddit.com/r/changemyview/comments/b7o24j/cmv_spanking_is_not_always_abusive//ejt20mg/,-0.083,0.05131592,0.002040863,0.01846078,0.002321616,0.014124917,0.011508608,1554044142.0,2,0,0,alziealziealzie,0.0,0.0,1040.0,589.0,1629.0
b7o24j,ejt22km,"How would a parent know what works? Is the goal to stop the child doing what they are doing in the moment or to create a well adjusted adult? If both, what percentage would you place on those. 

How do you spank correctly? And how do you measure efficiency? 

I agree generally that spanking isn’t always abusive but I have a lot of doubts about how effective it is and how good parents would be at knowing what is effective. ",https://www.reddit.com/r/changemyview/comments/b7o24j/cmv_spanking_is_not_always_abusive//ejt22km/,-0.083,0.0665887,0.002412796,0.025497584,0.002737841,0.019741343,0.011094344,1554044185.0,5,0,0,jmomcc,215.0,110.0,8687.0,154090.0,163102.0
b7o24j,ejt2an7,Parenting is obviously complicated and a balance between those two things – I can't give you exact numbers on it. All I'm saying is that spanking can be part of a balanced and healthy parenting style. ,https://www.reddit.com/r/changemyview/comments/b7o24j/cmv_spanking_is_not_always_abusive//ejt2an7/,-0.188,0.04711028,0.001916885,0.022354934,0.002719343,0.013934915,0.007443639,1554044366.0,1,0,0,alziealziealzie,0.0,0.0,1040.0,589.0,1629.0
b7o24j,ejt2u8i,"I feel like you need to answer the questions in more detail to create a convincing argument. 

Right now, you are just repeating your point. Basically, explain HOW you know that to be so. ",https://www.reddit.com/r/changemyview/comments/b7o24j/cmv_spanking_is_not_always_abusive//ejt2u8i/,0.021,0.02826718,0.000734329,0.012141321,0.002007134,0.013820915,0.0065698,1554044782.0,2,0,0,jmomcc,215.0,110.0,8687.0,154090.0,163102.0
b7o24j,ejt31bt,"The goal is to stop the behavior in the moment to create a safe situation (if the child is doing something that puts them in imminent danger, the sole focus should be on stopping that behavior.) Beyond that, the focus should be on creating a well adjusted adult. 

Spanking correctly is spanking that is warranted (without a doubt), understood, and after other methods have been exhausted. ",https://www.reddit.com/r/changemyview/comments/b7o24j/cmv_spanking_is_not_always_abusive//ejt31bt/,-0.083,0.048842013,0.002012253,0.01982715,0.00223837,0.01648093,0.012854968,1554044932.0,2,0,0,alziealziealzie,0.0,0.0,1040.0,589.0,1629.0
b7o24j,ejt31eg,"OK I get your point, but the point of teaching is, child learns what kinds of actions are better or worse by others.
Discipline does not help this in the first place.

Well,Sometimes the child has been told repeatedly but did not follow the rules.
It seems violence is necessary,but as much as child gone wrong, parents should be strict themselves. they can call a police if that was a intolerable crime, and it should be.

Another problem is, its very difficult to identify necessity for spanking in each case. abuser will claim that it was a teaching in court.",https://www.reddit.com/r/changemyview/comments/b7o24j/cmv_spanking_is_not_always_abusive//ejt31eg/,0.208,0.071337044,0.002393723,0.019280603,0.004643231,0.02425329,0.020436687,1554044933.0,0,0,0,dozenspileofash,38.0,0.0,129.0,5128.0,5295.0
b7o24j,ejt366t,Are you arguing that discipline isn't necessary at all? Children should not be taken to court for misbehavior. That's the point of having parents. ,https://www.reddit.com/r/changemyview/comments/b7o24j/cmv_spanking_is_not_always_abusive//ejt366t/,-0.042,0.028620722,0.000777245,0.010535837,0.002534353,0.01302291,0.006783404,1554045035.0,2,0,0,alziealziealzie,0.0,0.0,1040.0,589.0,1629.0
b7o24j,ejt39iu,"What situation could occur where the child is in imminent danger but could not simply be held? I’m finding it hard to visualize that. 

Again, how would a parent know that other methods have been exhausted or that they are spanking ‘correctly’. This lacks a lot of detail. Likewise, how does the parent know that they are performing the other methods correctly? 

Edit: also give me an example for when it is warranted without a doubt. ",https://www.reddit.com/r/changemyview/comments/b7o24j/cmv_spanking_is_not_always_abusive//ejt39iu/,-0.062,0.055768944,0.002059937,0.020646973,0.002552852,0.019032324,0.011715741,1554045105.0,3,0,0,jmomcc,215.0,110.0,8687.0,154090.0,163102.0
b7o24j,ejt3g2w,My six year old gets to a state where he's absolutely beside himself and uncontrollable. I'm a small-ish woman and cannot physically move him very far when he's in that state. He was once throwing things at me and punching me while I dealt with boiling water. It wasn't safe for him or for his siblings. ,https://www.reddit.com/r/changemyview/comments/b7o24j/cmv_spanking_is_not_always_abusive//ejt3g2w/,-0.188,0.14950264,0.007820129,0.10178173,0.025605056,0.034782536,0.042985857,1554045235.0,2,0,0,alziealziealzie,0.0,0.0,1040.0,589.0,1629.0
b7o24j,ejt3gaa,"Using punishment to change behavior is a form of abuse. Positive reinforcement instead of negative reinforcement has been proven to be far more effective. You spank, you abuse. Period. ",https://www.reddit.com/r/changemyview/comments/b7o24j/cmv_spanking_is_not_always_abusive//ejt3gaa/,0.104,0.32764325,0.012207031,0.18786818,0.006104646,0.1935001,0.050098058,1554045239.0,1,0,0,elohesra,98.0,0.0,296.0,5643.0,6037.0
b7o24j,ejt3lg5,Tradition isn't evidence. We used to lots of things that would be considered abhorrent today.,https://www.reddit.com/r/changemyview/comments/b7o24j/cmv_spanking_is_not_always_abusive//ejt3lg5/,-0.417,0.10870059,0.001792908,0.028093686,0.00725158,0.03599453,0.007262398,1554045344.0,2,0,0,tbdabbholm,510.0,0.0,1108.0,106997.0,108615.0
b7o24j,ejt3lqs,Couldn’t you cover the boiling water and turn off the heat? ,https://www.reddit.com/r/changemyview/comments/b7o24j/cmv_spanking_is_not_always_abusive//ejt3lqs/,-0.447,0.019603057,0.001006126,0.010450439,0.001248678,0.009032886,0.007534259,1554045350.0,2,0,0,jmomcc,215.0,110.0,8687.0,154090.0,163102.0
b7o24j,ejt3vw4,"No, I was in the middle of making dinner for multiple children and there were hot pans everywhere. He was in the kitchen with me and I couldn't move everything hot away from him without putting everyone in further danger. ",https://www.reddit.com/r/changemyview/comments/b7o24j/cmv_spanking_is_not_always_abusive//ejt3vw4/,-0.167,0.034513097,0.001754761,0.017777596,0.002275368,0.00979289,0.010084574,1554045559.0,1,0,0,alziealziealzie,0.0,0.0,1040.0,589.0,1629.0
b7o24j,ejt47ii,"How could you physically pick him up and spank him, or restrain him and spank him without physically moving? ",https://www.reddit.com/r/changemyview/comments/b7o24j/cmv_spanking_is_not_always_abusive//ejt47ii/,0.146,0.39842087,0.023076924,0.14578357,0.008694496,0.06921569,0.5195707,1554045794.0,2,0,0,jmomcc,215.0,110.0,8687.0,154090.0,163102.0
b7o24j,ejt48v2,"If that discipline is directly encourages better behavior, its necessary. like,forbidden to use a phone while its overused.or, If child doesn't follow rules repeatedly, discipline is necessary.thats what I said in previous post. but If that was spanking, like I said it encourages child to use violence against others. 

Well, Its hard to imagine what kinds of crime is tolerable, but if that was apparently intolerable(like hurt someone for no reason), they should go to court.",https://www.reddit.com/r/changemyview/comments/b7o24j/cmv_spanking_is_not_always_abusive//ejt48v2/,0.021,0.10653123,0.00295639,0.025497584,0.006104646,0.031036375,0.025789235,1554045820.0,0,0,0,dozenspileofash,38.0,0.0,129.0,5128.0,5295.0
b7o24j,ejt4a1u,I could restrain him enough for a few seconds to spank him. I couldn't pick him up and physically move him from the situation. ,https://www.reddit.com/r/changemyview/comments/b7o24j/cmv_spanking_is_not_always_abusive//ejt4a1u/,0.188,0.37458646,0.023076924,0.18417911,0.009101473,0.060752302,0.49142194,1554045844.0,1,0,0,alziealziealzie,0.0,0.0,1040.0,589.0,1629.0
b7o24j,ejt4gdb,"If you could restrain him, why couldn’t you just hold him til he calmed down? ",https://www.reddit.com/r/changemyview/comments/b7o24j/cmv_spanking_is_not_always_abusive//ejt4gdb/,-0.354,0.10913446,0.004558563,0.015044857,0.00242336,0.013440913,0.13245705,1554045965.0,2,0,0,jmomcc,215.0,110.0,8687.0,154090.0,163102.0
b7o24j,ejt4hqq,I couldn't restrain him for more than a few seconds. ,https://www.reddit.com/r/changemyview/comments/b7o24j/cmv_spanking_is_not_always_abusive//ejt4hqq/,-0.042,0.10870059,0.004119873,0.019553876,0.003070822,0.016632931,0.08396416,1554045992.0,1,0,0,alziealziealzie,0.0,0.0,1040.0,589.0,1629.0
b7o24j,ejt4kfy,you're all over the place here. ,https://www.reddit.com/r/changemyview/comments/b7o24j/cmv_spanking_is_not_always_abusive//ejt4kfy/,-0.532,0.056758508,0.001859665,0.016001316,0.004920715,0.023093075,0.0069517,1554046044.0,2,0,0,alziealziealzie,0.0,0.0,1040.0,589.0,1629.0
b7o24j,ejt4x29,What do you mean?? I have only one account if that was your concern.,https://www.reddit.com/r/changemyview/comments/b7o24j/cmv_spanking_is_not_always_abusive//ejt4x29/,-0.468,0.046368107,0.00125885,0.016001316,0.002256869,0.017227544,0.00679635,1554046297.0,0,0,0,dozenspileofash,38.0,0.0,129.0,5128.0,5295.0
b7o24j,ejt54lm,Is english your first language? Not trying to be rude but trying to figure out what the disconnect is here. ,https://www.reddit.com/r/changemyview/comments/b7o24j/cmv_spanking_is_not_always_abusive//ejt54lm/,0.149,0.16591948,0.002593994,0.022833163,0.02238941,0.0670459,0.006731622,1554046450.0,1,0,0,alziealziealzie,0.0,0.0,1040.0,589.0,1629.0
b7o24j,ejt5j1b,"Tbh, no. I know some grammars are confusing you and I apologize for that.

but since I get your word, what point makes you think I'm so confusing?




",https://www.reddit.com/r/changemyview/comments/b7o24j/cmv_spanking_is_not_always_abusive//ejt5j1b/,-0.042,0.075294,0.002393723,0.028230323,0.007510565,0.022061773,0.008336896,1554046743.0,1,0,0,dozenspileofash,38.0,0.0,129.0,5128.0,5295.0
b7o24j,ejt6957,"> I'm saying it hasn't been researched and yet that research has been used to categorically dismiss all spanking,

If it hasn't been researched, and therefore you have no evidence that ""reasonable spanking"" is effective, why would you even attempt it, knowing that you are still physically harming your child?",https://www.reddit.com/r/changemyview/comments/b7o24j/cmv_spanking_is_not_always_abusive//ejt6957/,0.277,0.1140901,0.004405975,0.026044132,0.005512681,0.04032305,0.02181799,1554047270.0,2,0,0,SANcapITY,1657.0,123.0,13307.0,106983.0,122070.0
b7o24j,ejt9crq,"Spanking exists to cut corners on good parenting. Not saying that all parents who spank their kids are monsters or even necessarily ""bad"" parents, but spanking is only a lazy ""tool"" (for lack of a better word) to get around remedying a kid's behavior in the long run.
Spanking a kid doesn't tell a kid *why* not to engage in a behavior; it only teaches them to fear the consequences of the behavior, which might temporarily fix the problem, but if a parent takes the effort to make it clear to the kid why the behavior is wrong, model correct behavior, reward for good behavior, and discipline them properly only if it continues, then that will correct it in their head. Obviously this is an oversimplification because parenting is a very complicated process, but studies show that spanking is not beneficial and can actually cause harm.",https://www.reddit.com/r/changemyview/comments/b7o24j/cmv_spanking_is_not_always_abusive//ejt9crq/,0.128,0.24603334,0.009613037,0.15371579,0.012943448,0.15414265,0.05203775,1554049494.0,2,0,0,Ziruini,0.0,0.0,798.0,1752.0,2550.0
b7o24j,ejtc1nv,"Tradition is the worst argument, for centuries we own slaves, treated women like property and marginalized many groups to the detriment of all but a few. For years children were treated like little people who could work in mines and factories, appealing to 'we've always done it this way' is the worst argument.",https://www.reddit.com/r/changemyview/comments/b7o24j/cmv_spanking_is_not_always_abusive//ejtc1nv/,-0.021,0.23162876,0.007171631,0.056441884,0.11512129,0.097093195,0.012803185,1554051278.0,3,0,0,[deleted],,,,,
b7o24j,ejtf2q2,The only time striking someone is not assault or abuse is when they consent to it,https://www.reddit.com/r/changemyview/comments/b7o24j/cmv_spanking_is_not_always_abusive//ejtf2q2/,0.188,0.20265625,0.009689331,0.032142747,0.007880543,0.02012808,0.2836219,1554053297.0,2,0,0,egrith,1261.0,995.0,48741.0,323851.0,374848.0
b7o24j,ejtf6w8,"The scientific consensus, as you are aware, is that spanking is ineffective and will likely have negative unintended consequences. The onus would be 100% on you to prove that despite the scientific consensus, you are right and its fine or even good to hit children. 

Can you prove that it is ever appropriate, or even just ok, to hit children? If you can't do that, you probably shouldn't be experimenting with hitting your own kids. ",https://www.reddit.com/r/changemyview/comments/b7o24j/cmv_spanking_is_not_always_abusive//ejtf6w8/,0.167,0.20032968,0.008544922,0.049678206,0.008620501,0.04383647,0.13815513,1554053374.0,1,0,0,halfmpty,0.0,0.0,3145.0,6878.0,10023.0
b7o24j,ejtimr3,"Behavior analysts would have a hard time measuring appropriate spanking criteria, and they are trained to measure behavior in really specific ways. How could a parent possibly measure such criteria accurately?",https://www.reddit.com/r/changemyview/comments/b7o24j/cmv_spanking_is_not_always_abusive//ejtimr3/,0.0,0.027677942,0.001158714,0.014293353,0.002127377,0.010780896,0.007935578,1554055632.0,1,0,0,2plus24,88.0,0.0,892.0,2631.0,3611.0
b7o24j,ejtis38,"The potential negative side effects of ""correct"" spanking are not worth the risk when there are alternative methods of discipline that don't carry those same risks. And the other methods are more effective at actually training your child's executive function. Spanking may quickly modify behavior in the way you want, but that is not an effective long term strategy. ",https://www.reddit.com/r/changemyview/comments/b7o24j/cmv_spanking_is_not_always_abusive//ejtis38/,-0.062,0.049584184,0.002012253,0.018324144,0.002663846,0.01640493,0.011974656,1554055731.0,2,0,0,christianonce,0.0,0.0,5.0,4417.0,4422.0
b7o24j,ejtiudr,"Just so we are clear, if punishment is abuse then there should be no consequences for actions? ",https://www.reddit.com/r/changemyview/comments/b7o24j/cmv_spanking_is_not_always_abusive//ejtiudr/,-0.213,0.041172907,0.001506805,0.012380436,0.002682345,0.013782915,0.010990778,1554055774.0,1,0,0,xPlasma,23.0,0.0,246.0,21180.0,21449.0
b7o24j,ejtp6kk,"While it may be true in individual cases that ""refined"" use of spanking may produce positive behavior adjustment without lasting negative outcomes, could it not also be possible that condonement of spanking in any capacity will necessarily lead to a net increase of ""abusive"" outcomes in the aggregate, i.e. spanking is always abusive in the aggregate?",https://www.reddit.com/r/changemyview/comments/b7o24j/cmv_spanking_is_not_always_abusive//ejtp6kk/,0.085,0.079250954,0.002708435,0.025634222,0.003477799,0.021417208,0.010913103,1554060102.0,1,0,0,Berobero,120.0,0.0,457.0,10933.0,11510.0
b7o24j,ejtxei7,What do you define as abusive?,https://www.reddit.com/r/changemyview/comments/b7o24j/cmv_spanking_is_not_always_abusive//ejtxei7/,-0.213,0.102192536,0.002202988,0.020373698,0.003884775,0.029383656,0.008505191,1554066273.0,1,0,0,[deleted],,,,,
b7o24j,eju16gc,Children were considered property for centuries...doesn't make it right. ,https://www.reddit.com/r/changemyview/comments/b7o24j/cmv_spanking_is_not_always_abusive//eju16gc/,-0.125,0.014136819,0.000498295,0.009604998,0.001933138,0.00821588,0.006090806,1554069138.0,1,0,0,fireshadowlemon,0.0,0.0,23.0,330.0,353.0
