post_id,comment_id,txt,url,offensiveness_score,Toxicity,Severe Toxicity,Profanity,Identity Attack,Insult,Threat,created,score,total_awards_received,controversiality,user,user_awardee_karma,user_awarder_karma,user_link_karma,user_comment_karma,user_total_karma
41j6xk,cz318x3,FIRST WOMAN IN OFFICE! FIRST WOMAN IN OFFICE!!,http://thehill.com/homenews/campaign/266225-no-punches-pulled/cz318x3/,-0.271,,,,,,,1453146192.0,-9,0,0,CosmicSlopShop,35.0,0.0,,,35.0
41j6xk,cz31x9s,"He hasn't flip flopped,  he's just been challenged enough on it that he was forced to bring to the public his true beliefs on the issue......


And they are as ass backwards and make about as much, ""common sense"" as any other democrat.",http://thehill.com/homenews/campaign/266225-no-punches-pulled/cz31x9s/,0.438,0.51869136,0.023076924,0.43554106,0.07177465,0.4962726,0.008789998,1453147172.0,0,0,1,AFuddyDuddy,694.0,0.0,957.0,131667.0,133318.0
41j6xk,cz32o47,"> leaving people feeling sort of burned.

Feeling burned by Obama?  Feel the Bern with Bernie.",http://thehill.com/homenews/campaign/266225-no-punches-pulled/cz32o47/,0.042,0.3367073,0.015092585,0.06746418,0.021786476,0.18480228,0.18913531,1453148248.0,3,0,0,dehehn,1002.0,15.0,24188.0,389493.0,414698.0
41j6xk,cz34z4l,Is sematrix the local Neo-Nazi feeling the Bern for a Jewish liberal? The times they are a changing,http://thehill.com/homenews/campaign/266225-no-punches-pulled/cz34z4l/,0.312,0.36095104,0.023076924,0.14842765,0.3817989,0.16875735,0.020954676,1453151503.0,-8,0,0,[deleted],,,,,
41j6xk,cz3avfz,Until the midterms. This is a political revolution.,http://thehill.com/homenews/campaign/266225-no-punches-pulled/cz3avfz/,-0.396,0.01608456,0.000748634,0.011236101,0.002608349,0.007949878,0.00704232,1453160257.0,5,0,0,[deleted],,,,,
41j6xk,cz3dmkn,Sad truth is a lot of women will vote for her just because she is a woman...,http://thehill.com/homenews/campaign/266225-no-punches-pulled/cz3dmkn/,0.043,0.34328604,0.009994507,0.025497584,0.3958119,0.16989174,0.006647474,1453164921.0,12,0,0,mench45,0.0,0.0,977.0,2022.0,2999.0
41j6xk,cz3eimo,"It's like, just wait a few more years and when Elizabeth Warren runs, take the easy win",http://thehill.com/homenews/campaign/266225-no-punches-pulled/cz3eimo/,-0.312,0.048842013,0.002164841,0.017777596,0.005993653,0.015492925,0.011042561,1453166406.0,6,0,0,MeatAndBourbon,678.0,0.0,2589.0,102103.0,105370.0
41j6xk,cz46rlh,I bumped into Martin O'Malley once. At least I think I did.,http://thehill.com/homenews/campaign/266225-no-punches-pulled/cz46rlh/,-0.292,0.25462922,0.013414118,0.104876526,0.010655383,0.030926194,0.28031203,1453228344.0,1,0,0,ikeusa,0.0,0.0,88.0,1067.0,1155.0
41j6xk,cz47ztg,I like that guy. He's getting the short end of the stick I think.,http://thehill.com/homenews/campaign/266225-no-punches-pulled/cz47ztg/,-0.25,0.15103401,0.006446838,0.075792134,0.009545447,0.031146556,0.025443908,1453230052.0,1,0,0,softservepoobutt,223.0,0.0,697.0,12992.0,13912.0
