post_id,comment_id,txt,url,offensiveness_score,Toxicity,Severe Toxicity,Profanity,Identity Attack,Insult,Threat,created,score,total_awards_received,controversiality,user,user_awardee_karma,user_awarder_karma,user_link_karma,user_comment_karma,user_total_karma
ay11i9,ehxfmdx,"Heck yes you are! Ahhhh, I love solo dates. ",https://www.reddit.com/r/TwoXChromosomes/comments/ay11i9/taking_myself_on_a_date_tonight//ehxfmdx/,-0.5,0.44002727,0.024678862,0.45448917,0.023595277,0.16758773,0.012078222,1551892322.0,3,0,0,ScrambledNegs,142.0,0.0,33.0,63435.0,63610.0
ay11i9,ehxg78m,"Nice! I bussed to go see Spider-Man 3 when it first came out, enjoyed it very much!

If possible I would try to avoid sitting in the middle tho! It’s common theater etiquette to stay off to the sides as a single patron; allows for larger groups to fill in so they can all sit next to each other.

Happy watching! Slather that popcorn in butter and enjoy a You day!",https://www.reddit.com/r/TwoXChromosomes/comments/ay11i9/taking_myself_on_a_date_tonight//ehxg78m/,-0.417,0.049336795,0.002937317,0.027410502,0.005105704,0.018129934,0.009955117,1551892704.0,-7,0,0,[deleted],,,,,
ay11i9,ehxhsx8,"Fantastic. Have a great time!!

&#x200B;

&#x200B;",https://www.reddit.com/r/TwoXChromosomes/comments/ay11i9/taking_myself_on_a_date_tonight//ehxhsx8/,-0.889,0.03357032,0.00289917,0.023789622,0.006807606,0.012528907,0.010188141,1551893767.0,7,0,0,[deleted],,,,,
ay11i9,ehxqmvc,"Once I started going out and doing things on my own, I realized how really fun it was. I realized I was sort of ""waiting"" to do things until I had someone to do them with, but so many times, I would always do what the other person wanted to do.

So I started just doing the fun things on my own and it really changed how I viewed my self and how I valued my time!  ",https://www.reddit.com/r/TwoXChromosomes/comments/ay11i9/taking_myself_on_a_date_tonight//ehxqmvc/,-0.34,0.046368107,0.0025177,0.03389629,0.006659614,0.019096779,0.008608758,1551899612.0,189,0,0,[deleted],,,,,
ay11i9,ehy1g2l,This smells like marketing /r/hailcorporate ,https://www.reddit.com/r/TwoXChromosomes/comments/ay11i9/taking_myself_on_a_date_tonight//ehy1g2l/,-0.333,0.038048524,0.00164032,0.020510335,0.004402745,0.015568925,0.006155535,1551906572.0,-9,0,0,fritzmongroid,289.0,196.0,1164.0,5043.0,6692.0
ay11i9,ehy7kez,[removed],https://www.reddit.com/r/TwoXChromosomes/comments/ay11i9/taking_myself_on_a_date_tonight//ehy7kez/,-0.326,,,,,,,1551910420.0,34,0,0,[deleted],,,,,
ay11i9,ehzbsk0,"We're the same. People often tell me to try and enjoy things by myself, but I guess some people just enjoy experiencing things with others ",https://www.reddit.com/r/TwoXChromosomes/comments/ay11i9/taking_myself_on_a_date_tonight//ehzbsk0/,-0.234,0.034277402,0.001716614,0.022696527,0.009693438,0.012528907,0.008556974,1551945323.0,2,0,0,Zacky505,20.0,154.0,3434.0,10592.0,14200.0
ay11i9,ehzg7bt,"I’m literally doing the same tonight!

Have an awesome time :)
",https://www.reddit.com/r/TwoXChromosomes/comments/ay11i9/taking_myself_on_a_date_tonight//ehzg7bt/,-0.625,0.028031485,0.0020504,0.023311393,0.004680229,0.010020891,0.008841781,1551952562.0,2,0,0,NessySketch,0.0,0.0,20.0,361.0,381.0
ay11i9,ehzi3zp,"I *love* going to the movies myself. Was between jobs for a bit last year and I got the movie pass (before the restrictions started). I must have seen like 25+ movies within a few months. Two or three were with other people, the rest were all solo. And I'd normally go in the middle of the day on a weekday, so very few other people around me. Had a blast.",https://www.reddit.com/r/TwoXChromosomes/comments/ay11i9/taking_myself_on_a_date_tonight//ehzi3zp/,-0.521,0.09033044,0.005645752,0.099305905,0.019073274,0.022577424,0.010110466,1551955827.0,1,0,0,vkapadia,3982.0,393.0,22007.0,352218.0,378600.0
ay11i9,ehzsjuh,"I signed up for membership at a theater near by me. The membership is free (in exchange for promo emails haha) but knocks a few dollars off of movie tickets. And on weekends all movies before 12 noon are like $5 for members so some weekend mornings I treat myself to a movie to motivate myself to get out of bed. Going to the movies alone is sometimes more fun than going with friends! 

Ps r/CasualConversation is a good place to post random updates as well as r/BreakUps if you don’t want people to rain on your parade for doing small things to make yourself happy post-breakup. But as a fellow woman, I /get/ it and I approve of wherever you want to post this, OP",https://www.reddit.com/r/TwoXChromosomes/comments/ay11i9/taking_myself_on_a_date_tonight//ehzsjuh/,-0.333,0.04760506,0.00289917,0.072882555,0.007843546,0.016860934,0.008246276,1551967706.0,1,0,0,aonele,1218.0,709.0,45982.0,161627.0,209536.0
