post_id,comment_id,txt,url,offensiveness_score,Toxicity,Severe Toxicity,Profanity,Identity Attack,Insult,Threat,created,score,total_awards_received,controversiality,user,user_awardee_karma,user_awarder_karma,user_link_karma,user_comment_karma,user_total_karma
7lt6jc,drot1ug,"I've had camel. It's chewy but tasty.

Not kidding.",https://i.redd.it/za5rc04mxq501.jpg/drot1ug/,-0.146,0.11398677,0.004997253,0.058946952,0.005475683,0.025929155,0.009618527,1514089153.0,77,0,0,brother_p,9287.0,106.0,732350.0,323686.0,1065429.0
7lt6jc,drotmkd,"The biggest issue is having an oven that can accommodate an entire camel. Mine can only fit a moderate sized donkey, so I don’t get to enjoy this recipe as much as I’d like. ",https://i.redd.it/za5rc04mxq501.jpg/drotmkd/,0.021,0.08795626,0.00328064,0.036401358,0.00431025,0.022190686,0.009411395,1514090004.0,402,0,0,keith_weaver,63.0,0.0,8477.0,173289.0,181829.0
7lt6jc,drotqy8,"I mean, the recipe does specify *medium size,* clearly the author wanted to accommodate the people with smaller ovens. ",https://i.redd.it/za5rc04mxq501.jpg/drotqy8/,-0.533,0.034277402,0.001354218,0.015386449,0.005586676,0.01290891,0.007430693,1514090198.0,126,0,0,BinaryPeach,19550.0,620.0,859453.0,433861.0,1313484.0
7lt6jc,droua5f,[deleted],https://i.redd.it/za5rc04mxq501.jpg/droua5f/,0.354,,,,,,,1514091045.0,32,0,0,[deleted],,,,,
7lt6jc,drov3bt,I had it in a stew in egypt and it was awesome and not chewy at all.  Must be how its cooked.  ,https://i.redd.it/za5rc04mxq501.jpg/drov3bt/,-0.5,0.030270588,0.00166893,0.019075647,0.013546381,0.010666896,0.007288289,1514092403.0,22,0,0,ivanruskov,26.0,0.0,,,26.0
7lt6jc,drowzph,[deleted],https://i.redd.it/za5rc04mxq501.jpg/drowzph/,-0.277,,,,,,,1514095935.0,6,0,1,[deleted],,,,,
7lt6jc,drp1lfp,Mine was ground... I mean I didn't hate it but it was a little on the camely side. Camelesque. ,https://i.redd.it/za5rc04mxq501.jpg/drp1lfp/,-0.062,0.14256015,0.004253388,0.07805514,0.015958117,0.031036375,0.008298059,1514107539.0,4,0,0,chef_vader,15.0,0.0,1253.0,4952.0,6220.0
7lt6jc,drp1rwa,"I ate camel as well when I was camping in the Sahara, I had a bit of the neck and some of the leg. The neck was like really tender fillet steak, the leg was more like braising steak. Really tasty though, I roasted it over the camp fire on sticks.",https://i.redd.it/za5rc04mxq501.jpg/drp1rwa/,-0.083,0.13561769,0.010070801,0.09583591,0.0233943,0.023866551,0.04201601,1514108095.0,17,0,0,[deleted],,,,,
7lt6jc,drp22u1,"I've tasted camel toe before, but it just tastes like fish.",https://i.redd.it/za5rc04mxq501.jpg/drp22u1/,0.167,0.06579731,0.00295639,0.029186781,0.005734668,0.01819439,0.007819066,1514109040.0,95,0,0,CallMeDrLuv,2066.0,226.0,1008.0,66076.0,69376.0
7lt6jc,drp741t,"Folks if you're tasting pennies, step to your nearest mirror to check for red wings.",https://i.redd.it/za5rc04mxq501.jpg/drp741t/,-0.191,0.07054565,0.002202988,0.021535112,0.004014268,0.019676886,0.008841781,1514123355.0,22,0,0,jimothee,205.0,0.0,474.0,99937.0,100616.0
7lt6jc,drp75lr,"Oh man it took me entirely too many seconds to catch what you meant, but now that I did - consider a smile cracked.",https://i.redd.it/za5rc04mxq501.jpg/drp75lr/,-0.333,0.1104733,0.003242493,0.04141149,0.003977269,0.02657372,0.0100069,1514123444.0,6,0,0,Sirerdrick64,509.0,0.0,1745.0,131414.0,133668.0
7lt6jc,drp76q7,"Camel's primary use is as a work-animal. It's not really consumed for food, though do find it in many places in the Mid-east.

If a Camel is fit to slaughter, it's because it's no longer fit to work. So you tend to only get old/sick/gamy meat. Not good eating.  ",https://i.redd.it/za5rc04mxq501.jpg/drp76q7/,-0.125,0.10913446,0.004444122,0.02973333,0.01374736,0.03588435,0.0138755,1514123510.0,1,0,0,Trudzilllla,1858.0,149.0,,,2007.0
7lt6jc,drpcxdu,I would steer clear of those in the future if I were you,https://i.redd.it/za5rc04mxq501.jpg/drpcxdu/,-0.311,0.10175867,0.002803803,0.02071529,0.007991537,0.025284592,0.01119791,1514133038.0,1,0,0,Dr_Cunning_Linguist,171.0,27.0,12711.0,135949.0,148858.0
7lt6jc,drpqrwa,"Dry ingredients in metric units, water listed in gallons. The author of this recipe is a madman!",https://i.redd.it/za5rc04mxq501.jpg/drpqrwa/,-0.383,0.52811706,0.023076924,0.27005023,0.024198212,0.5678696,0.012026439,1514149669.0,3,0,0,StudlyMadHatter,0.0,0.0,609.0,15875.0,16484.0
7lt6jc,drpxofk,Maybe substitute poisson for the chickens and work with a baby camel and lamb.Ovbiously the serves 80-100  is going to be less but fun times ahead with only a modest industrial size oven.,https://i.redd.it/za5rc04mxq501.jpg/drpxofk/,-0.229,0.09828771,0.004215241,0.020783609,0.00431025,0.02425329,0.013269233,1514158482.0,5,0,0,[deleted],,,,,
7lt6jc,drq3ws8,Camel meat is actually pretty commonly eaten in the middle east.,https://i.redd.it/za5rc04mxq501.jpg/drq3ws8/,-0.333,0.039226998,0.00207901,0.02249157,0.01087737,0.012262905,0.007948523,1514167792.0,1,0,0,[deleted],,,,,
7lt6jc,drqelkm,Yeah lemme just go to Kroger and snag all those ingredients ,https://i.redd.it/za5rc04mxq501.jpg/drqelkm/,-0.708,0.28547668,0.01825585,0.12158839,0.021987455,0.028942931,0.2836219,1514187095.0,1,0,0,omnidub,110.0,44.0,11298.0,155785.0,167237.0
7lt6jc,drqjxz2,Arab eats camels and I tried it with my friend it is expensive but if there was a marriage they always put some camel meat with rice and believe me you will keep eating till your stomach explode   ,https://i.redd.it/za5rc04mxq501.jpg/drqjxz2/,0.062,0.40614098,0.059217658,0.25824076,0.44690517,0.24287975,0.12689553,1514203929.0,1,0,0,qwertysize,0.0,0.0,901.0,1385.0,2286.0
7lt6jc,drqojy5,2kg of pine nuts! Jesus you would have to be rich,https://i.redd.it/za5rc04mxq501.jpg/drqojy5/,-0.042,0.34328604,0.023076924,0.19770569,0.03636306,0.1662211,0.012803185,1514214927.0,1,0,0,snorkiebarbados,533.0,0.0,18605.0,74502.0,93640.0
7lt6jc,drqyjmn,So its a cam-she-ken?,https://i.redd.it/za5rc04mxq501.jpg/drqyjmn/,-0.188,0.1104733,0.005073547,0.07223598,0.006104646,0.02425329,0.008815889,1514230181.0,1,0,0,cbunni666,980.0,438.0,592.0,155323.0,157333.0
7lt6jc,drrnmb7,Sounds like a Mad Lib I made out of my Mom's cookbook as a kid,https://i.redd.it/za5rc04mxq501.jpg/drrnmb7/,-0.208,0.2312681,0.006217957,0.09775851,0.010951365,0.076819435,0.007275343,1514267771.0,1,0,0,Lylat_System,244.0,39.0,376.0,20717.0,21376.0
7lt6jc,drsmtjo,Seems like a bad attempt at humor.,https://i.redd.it/za5rc04mxq501.jpg/drsmtjo/,-0.438,0.05898502,0.001373291,0.017982552,0.00310782,0.020321451,0.007197669,1514329774.0,1,0,0,[deleted],,,,,
7lt6jc,dry93j4,This sounds like some sick version of a turducken.  The CaLambKen.  ,https://i.redd.it/za5rc04mxq501.jpg/dry93j4/,-0.292,0.39669925,0.015996376,0.12639372,0.083355546,0.40243408,0.007689608,1514637835.0,1,0,0,Ghyllie,400.0,5.0,,,405.0
7lt6jc,ds58dc4,This camel-lamb-ken has my family's tur-duck-ken Beat by a landslide ,https://i.redd.it/za5rc04mxq501.jpg/ds58dc4/,-0.25,0.4014846,0.048457388,0.2813443,0.05794714,0.32211447,0.13815513,1515012627.0,1,0,0,brittanycdx,55.0,135.0,1777.0,4595.0,6562.0
7lt6jc,dsmbhkz,I love how Ruth from Michigan entered that one.,https://i.redd.it/za5rc04mxq501.jpg/dsmbhkz/,-0.5,0.029563503,0.001659393,0.015249812,0.005253696,0.012186904,0.007676662,1515853525.0,1,0,0,cerberuskid,0.0,0.0,128.0,25511.0,25639.0
