post_id,comment_id,txt,url,offensiveness_score,Toxicity,Severe Toxicity,Profanity,Identity Attack,Insult,Threat,created,score,total_awards_received,controversiality,user,user_awardee_karma,user_awarder_karma,user_link_karma,user_comment_karma,user_total_karma
8lv1td,dzimb0s,"Most people opposed to the protest don't even know the cause, do they? So many people seem to think it's about protesting the flag, or the armed services, or something.

The problem they have is with *who* is protesting.",https://www.reddit.com/r/changemyview/comments/8lv1td/cmv_if_nfl_players_were_kneeling_for_veterans_it//dzimb0s/,0.021,0.031684756,0.00099659,0.013166099,0.004421244,0.014200917,0.007857903,1527187611.0,1022,0,0,[deleted],,,,,
8lv1td,dzimhuc,"They complain when black people riot, and tell them to find some other way to protest peacefully.  


They complain when black people block roads, and tell to find some other way to protest peacefully.  


When they find a way to protest peacefully, they still find a way to have a problem with it.  


it just leads me to believe that they want black people to just know their place and shut up, or protest in a way that isn't visible.",https://www.reddit.com/r/changemyview/comments/8lv1td/cmv_if_nfl_players_were_kneeling_for_veterans_it//dzimhuc/,0.191,0.4269174,0.023076924,0.196476,0.54151535,0.3388922,0.05430072,1527187779.0,62,0,0,[deleted],,,,,
8lv1td,dziwbmo,"I don't care about the color of the skin of the protester. If it's going to inconvenience me, I will be annoyed. If it breaks the law, the protester should be arrested.",https://www.reddit.com/r/changemyview/comments/8lv1td/cmv_if_nfl_players_were_kneeling_for_veterans_it//dziwbmo/,0.104,0.2854869,0.009727478,0.059447967,0.120924085,0.076502606,0.19229786,1527196919.0,-1,0,1,DianaWinters,83.0,10.0,625.0,32329.0,33047.0
8lv1td,dziwqjd,And the anthem protesters aren't breaking any laws. They are hurting certain peoples feelings. That's it.,https://www.reddit.com/r/changemyview/comments/8lv1td/cmv_if_nfl_players_were_kneeling_for_veterans_it//dziwqjd/,0.0,0.09611836,0.001850128,0.013951761,0.008324518,0.026960457,0.012026439,1527197326.0,28,0,0,[deleted],,,,,
8lv1td,dzizhgx,"I know, but that doesn't make them less annoying ",https://www.reddit.com/r/changemyview/comments/8lv1td/cmv_if_nfl_players_were_kneeling_for_veterans_it//dzizhgx/,-0.106,0.23415339,0.006103516,0.10116278,0.021987455,0.07935401,0.010964886,1527200124.0,-8,0,1,DianaWinters,83.0,10.0,625.0,32329.0,33047.0
8lv1td,dzj10v6,Thank you for the support. And that's fine we are allowed to have different opinions. Just figured I would throw in my two cents :),https://www.reddit.com/r/changemyview/comments/8lv1td/cmv_if_nfl_players_were_kneeling_for_veterans_it//dzj10v6/,-0.604,0.029563503,0.001659393,0.020032106,0.005216698,0.010856897,0.00967031,1527201746.0,13,0,0,[deleted],,,,,
8lv1td,dzj3fsj,What they are protesting is a little more than annoying. ,https://www.reddit.com/r/changemyview/comments/8lv1td/cmv_if_nfl_players_were_kneeling_for_veterans_it//dzj3fsj/,-0.25,0.2412222,0.002746582,0.026317406,0.006622616,0.16853803,0.006964645,1527204356.0,27,0,0,Thin-White-Duke,168.0,0.0,3857.0,114668.0,118693.0
8lv1td,dzj4w38,Pray you never become marginalized,https://www.reddit.com/r/changemyview/comments/8lv1td/cmv_if_nfl_players_were_kneeling_for_veterans_it//dzj4w38/,-0.229,0.1641865,0.005874634,0.062454045,0.026007013,0.04149419,0.01940071,1527205946.0,16,0,0,Maskirovka,281.0,0.0,358.0,57531.0,58170.0
8lv1td,dzjaz95,"And then declining to spend money at the NFL. Which hurts the NFL's feelings. So the NFL bans kneeling because they want the money.

Simple stuff.",https://www.reddit.com/r/changemyview/comments/8lv1td/cmv_if_nfl_players_were_kneeling_for_veterans_it//dzjaz95/,0.167,0.039462693,0.000905991,0.011970525,0.005771666,0.017872108,0.006699257,1527212704.0,9,0,0,pheylancavanaugh,423.0,0.0,8570.0,63118.0,72111.0
8lv1td,dzjfokz,..... Left handed discrimination. I've heard literally everything now. Holy fucking shit.,https://www.reddit.com/r/changemyview/comments/8lv1td/cmv_if_nfl_players_were_kneeling_for_veterans_it//dzjfokz/,0.667,0.911035,0.35368225,0.92389363,0.17614605,0.5130944,0.014566151,1527217957.0,11,0,0,Whagarble,148.0,0.0,1839.0,39272.0,41259.0
8lv1td,dzjgzt0,"mate, until you have been there, faced with right handed mouses and scissors and pens\*, you wont understand. Its, like, a totes tragedy.

\*to get in before someone makes a fool of themselves: ever had a pen you twist to expose the nib? yeah, left handers cant use them because, as you write, the pen twists back the other way and the nib disappears. Ever tried a fountain pen when your hand follows on behind the writing and smearing the ink. So, right handed pens are a thing.

oh, but the above is /s in the event that anyone is confused. ",https://www.reddit.com/r/changemyview/comments/8lv1td/cmv_if_nfl_players_were_kneeling_for_veterans_it//dzjgzt0/,0.0,0.33587718,0.019740647,0.2317999,0.04435511,0.2435641,0.04029291,1527219345.0,9,0,0,[deleted],,,,,
8lv1td,dzjlagn,"The discrimination comes more from the lesbianism if the /s wasn't obvious.

However I will add that people that are left-handed have a shorter average lifespan due to most things being designed for right handed people, leading to more accidents.

",https://www.reddit.com/r/changemyview/comments/8lv1td/cmv_if_nfl_players_were_kneeling_for_veterans_it//dzjlagn/,-0.021,0.30136615,0.010299683,0.096805766,0.37292135,0.08410009,0.011146127,1527224994.0,2,0,0,DianaWinters,83.0,10.0,625.0,32329.0,33047.0
8lv1td,dzjpjmm,Does it actually cost the NFL money though? I'm legitimately asking. I haven't seen any analytics that can attribute a loss of revenue to kneeling.,https://www.reddit.com/r/changemyview/comments/8lv1td/cmv_if_nfl_players_were_kneeling_for_veterans_it//dzjpjmm/,-0.375,0.016964182,0.000624657,0.010996987,0.003200315,0.009222887,0.006304411,1527232373.0,6,0,0,floppywanger,0.0,0.0,36.0,6984.0,7020.0
8lv1td,dzjpx1m,"While laws are rules, not all rules are laws. No one is breaking the law by kneeling. They may be breaking rules, but that is much less serious than breaking a law.",https://www.reddit.com/r/changemyview/comments/8lv1td/cmv_if_nfl_players_were_kneeling_for_veterans_it//dzjpx1m/,-0.125,0.02035702,0.000739098,0.011253181,0.002321616,0.009906891,0.007482476,1527233139.0,6,0,0,thatguy01001010,0.0,0.0,1752.0,15622.0,17374.0
8lv1td,dzjq3qt,[deleted],https://www.reddit.com/r/changemyview/comments/8lv1td/cmv_if_nfl_players_were_kneeling_for_veterans_it//dzjq3qt/,-0.062,,,,,,,1527233527.0,3,0,0,[deleted],,,,,
8lv1td,dzjujgk,"If the players were WHITE and kneeling for vets or any other social injustice, there would be no issue. ",https://www.reddit.com/r/changemyview/comments/8lv1td/cmv_if_nfl_players_were_kneeling_for_veterans_it//dzjujgk/,0.125,0.3266089,0.013285006,0.034397304,0.38215697,0.08533409,0.011068452,1527243621.0,1,0,0,DTigers24,0.0,0.0,66.0,11973.0,12039.0
8lv1td,dzjuz94,"Because when an NFL player is on the field, they are at work. And now a requirement of their employment is that if they are on the field, they must stand and sing the national anthem hand over heart. If they don't want to do that, they are free to stay in the locker room until the game starts (which is more than NBA players get).

When you're at work, or when I'm at work, we're expected to leave our politics at the door, and pursue them outside of company hours. And the reason why is a political display on the job is liable to cause unnessacary divisions amongst your colleagues and turn off customers and clients and potential customers and clients.",https://www.reddit.com/r/changemyview/comments/8lv1td/cmv_if_nfl_players_were_kneeling_for_veterans_it//dzjuz94/,-0.234,0.05378982,0.001554489,0.019485557,0.007399572,0.026444806,0.007275343,1527244541.0,3,0,0,Big_LC,0.0,0.0,2663.0,1021.0,3684.0
8lv1td,dzjvamf,"I actually think if the players were making an earnest pretest about a veterans issue that's anymore complicated than a bland ""Support the Troops"" you would get a similiar blowback. 

American is probably just as unwilling to confront it's status as a world police force that uses it's young, largely rural population; largely from historically military families - thereby concentrating the burden of service.

If the players were to protest to an end to all American interventionism. Or the closure of all foreign bases in countries we ended wars with 50+ years ago. Or for a total end to our drone assassination program. The point is both the fact that there's an unpalletable protest (black people are humans) and that it's occurring during America's Sport - a time for escapism from what's increasingly a state of total politicization across all aspects of life.",https://www.reddit.com/r/changemyview/comments/8lv1td/cmv_if_nfl_players_were_kneeling_for_veterans_it//dzjvamf/,0.104,0.058490243,0.001554489,0.016172111,0.012240025,0.027730936,0.007961469,1527245176.0,1,0,0,[deleted],,,,,
8lv1td,dzjvmw5, it has to do with intent if they were intending to honor the flag by kneeling nobody would care but they were intending to dishonor it. It's like when Rosie O'Donnell sung the National Anthem like shit and everybody was mad at her it was because she intended to do job she intended to be disrespectful. It's not the people find singing disrespectful it was the intent to use it in a besmirching way. ,https://www.reddit.com/r/changemyview/comments/8lv1td/cmv_if_nfl_players_were_kneeling_for_veterans_it//dzjvmw5/,0.375,0.4269174,0.023076924,0.44431314,0.10221587,0.37619758,0.01698343,1527245835.0,1,0,0,ubbergoat,344.0,0.0,2101.0,25239.0,27684.0
8lv1td,dzjwh7a,"It’s definitely partly the cause, but the cause affects how the kneeling is interpreted. Kneeling for veterans seems like an additional show of respect for our country and those who have served; kneeling for BLM-inspired protest of perceived injustice to African Americans at the hands of police feels to people like a statement that (1) lumps all police officers together as bad, (2) divides black vs white, (3) exaggerates a problem that is actually affecting all races, and (4) judges our country as a place not worthy of respect because it is seriously impeding the black race in 2018. Add to that that the controversial, predictably triggering action is being done at work before a game meant to entertain. 

For those who interpret it that way, including some black people, it seems like the wrong time and place, as well as too easily misinterpreted.

",https://www.reddit.com/r/changemyview/comments/8lv1td/cmv_if_nfl_players_were_kneeling_for_veterans_it//dzjwh7a/,0.229,0.165053,0.004520416,0.025497584,0.16159154,0.06250052,0.010705971,1527247349.0,2,0,0,palsh7,1154.0,223.0,38418.0,168795.0,208590.0
8lv1td,dzjxdo8,"I didn't say I disagreed, I said it was annoying. I can 100% agree with something someo mr e is doing and also think it can be annoying.",https://www.reddit.com/r/changemyview/comments/8lv1td/cmv_if_nfl_players_were_kneeling_for_veterans_it//dzjxdo8/,-0.021,0.14950264,0.002632141,0.047674157,0.006030651,0.06319981,0.008103873,1527248844.0,5,0,0,DianaWinters,83.0,10.0,625.0,32329.0,33047.0
8lv1td,dzjxktx,"It’s part the kneeling bc it’s directed at the american flag. It’s a consciousness decision not to salute. To some it looks likes a lesser kind of flag burning.

But you are right that the reaction isn’t just about the way the message is conveyed but the message itself. Colin kaerernick represents a movement that many see as very hostile to themselves ",https://www.reddit.com/r/changemyview/comments/8lv1td/cmv_if_nfl_players_were_kneeling_for_veterans_it//dzjxktx/,-0.021,0.06579731,0.002117157,0.017572641,0.014249804,0.02657372,0.009877442,1527249157.0,1,0,0,[deleted],,,,,
8lv1td,dzjz0sc,Wasnt it a veteran team member that suggested Collin kneel instead of sit out the anthem out of respect for vets?,https://www.reddit.com/r/changemyview/comments/8lv1td/cmv_if_nfl_players_were_kneeling_for_veterans_it//dzjz0sc/,-0.261,0.023553278,0.000872612,0.010125926,0.002811837,0.010856897,0.007288289,1527251216.0,1,0,0,waterloops,15.0,230.0,5993.0,7646.0,13884.0
8lv1td,dzk4beu,[deleted],https://www.reddit.com/r/changemyview/comments/8lv1td/cmv_if_nfl_players_were_kneeling_for_veterans_it//dzk4beu/,-0.458,,,,,,,1527257225.0,1,0,0,[deleted],,,,,
8lv1td,dzk4u4t,Kneeling for veterans wouldn't be perceived as imposing a negative connotation in the flag or anthem. Not the case with the protests.,https://www.reddit.com/r/changemyview/comments/8lv1td/cmv_if_nfl_players_were_kneeling_for_veterans_it//dzk4u4t/,0.146,0.017969469,0.000743866,0.010330882,0.004698728,0.008899884,0.006977591,1527257729.0,1,0,0,[deleted],,,,,
8lv1td,dzk50bz,"Its not the cause...its the color. The amount of white people who are ""Annoyed and aren't going to be quiet about it"" in regards to African Americans is only growing. This is also the reasons that so many of Obama's policies are being overturned/undone. Its not that they are all that bad, its just because the Black Guy did them.
",https://www.reddit.com/r/changemyview/comments/8lv1td/cmv_if_nfl_players_were_kneeling_for_veterans_it//dzk50bz/,0.396,0.36095104,0.017610285,0.13256322,0.41222036,0.21836096,0.0138755,1527257895.0,1,0,0,_Benny_Lava,83.0,0.0,2959.0,6539.0,9581.0
8lv1td,dzk6hiv,"I don’t take any issue with it but I can see people finding a difference between kneeling for veterans versus against racism. One is hommage, the other is protest. ",https://www.reddit.com/r/changemyview/comments/8lv1td/cmv_if_nfl_players_were_kneeling_for_veterans_it//dzk6hiv/,-0.354,0.058490243,0.001773834,0.012687869,0.034816213,0.018645585,0.007702554,1527259282.0,1,0,0,Sherlocksdumbcousin,123.0,248.0,20502.0,29303.0,50176.0
8lv1td,dzk6sio,"The way I see it is that, while kneeling isn't disrespectful, doing it during the anthen can be taken that way as opposed to standing with your hand over your heart. The NFL is a private company and they lost their sponsorship with Papa John's along with loss of views. At the end of the day it was costing them money. Keep politics out of sports. ",https://www.reddit.com/r/changemyview/comments/8lv1td/cmv_if_nfl_players_were_kneeling_for_veterans_it//dzk6sio/,0.25,0.08716487,0.002031326,0.020510335,0.007621558,0.03312982,0.008000307,1527259561.0,1,0,0,[deleted],,,,,
8lv1td,dzk8wje,"Reading through the comments I have seen a few that make the case for it is a who and a cause issue. I agree with those posts and this morning had an epiphany as to why the NFL's decision rubbed me the wrong way. I will state it it question form:

""If the people kneeling during the National Anthem were the white players and were protesting to maintain their 2nd amendment rights, would the response have been the same by the fans, politicians, and the NFL?""

I think that the answer is that very few would have spoken against it. ",https://www.reddit.com/r/changemyview/comments/8lv1td/cmv_if_nfl_players_were_kneeling_for_veterans_it//dzk8wje/,-0.062,0.14256015,0.003299713,0.022764845,0.10221587,0.04910661,0.00823333,1527261439.0,0,0,0,GreenGingeVT,0.0,0.0,275.0,4260.0,4535.0
8lv1td,dzk9c7j,"I disagree.completely. I think your assumption that it would be a non issue is just wrong. There are many people, older veterans particularly, who would say it IS the act of kneeling, NOT the cause. The believe in standing tall and proud for the flag. ",https://www.reddit.com/r/changemyview/comments/8lv1td/cmv_if_nfl_players_were_kneeling_for_veterans_it//dzk9c7j/,-0.125,0.05354243,0.00164032,0.015932998,0.007362573,0.025800243,0.007547205,1527261820.0,1,0,0,msk1974,28.0,139.0,769.0,30568.0,31504.0
8lv1td,dzk9ich,"When Tim Tebow was kneeling in prayer, not during the anthem, just during the game, every one is up and arms about ""don't put your religious stuff on me."" Now that the shoe is on the other foot, people are getting upset. How about we just return football to what it was, a game, and leave the religion and politics out of it ",https://www.reddit.com/r/changemyview/comments/8lv1td/cmv_if_nfl_players_were_kneeling_for_veterans_it//dzk9ich/,0.333,0.14082454,0.003681183,0.02344803,0.06613251,0.053205602,0.010291707,1527261969.0,1,0,0,Jdisgreat17,216.0,213.0,1286.0,23016.0,24731.0
8lv1td,dzkf2f7,"Its not that its offensive necessarily however the NFL is a buisness and when those numbers started dipping down from people protesting the kneeling by not showing up, the nfl got scared. Whether they agree with the cause or not is irrelevant they were losing money. And anything short of a mass player strike or a supreme court ruling deeming it unconstitutional, it will continue to be a policy. Otherwise it would be a publicicity nightmare.",https://www.reddit.com/r/changemyview/comments/8lv1td/cmv_if_nfl_players_were_kneeling_for_veterans_it//dzkf2f7/,-0.191,0.08874765,0.002193451,0.022218296,0.007399572,0.033570543,0.008686432,1527266898.0,1,0,0,AlanTSpoon,0.0,0.0,52.0,241.0,293.0
8lv1td,dzkhz1a,"It's fake oppression. They are protesting ""opression"" that isn't as huge of a problem as they think it is, racially speaking. ",https://www.reddit.com/r/changemyview/comments/8lv1td/cmv_if_nfl_players_were_kneeling_for_veterans_it//dzkhz1a/,0.062,0.18079062,0.004081726,0.020988565,0.10221587,0.056719027,0.008582866,1527269487.0,1,0,0,thegeckomaster,0.0,0.0,670.0,924.0,1594.0
8lv1td,dzkkf2s,"The protests might have been about police brutality when it was Kaepernick and one other guy doing it, but this really blew up after Trump said the NFL should fire players that take a knee during the anthem. After that, a whole bunch of players started doing it, so that tells me it was more of a ""fuck Trump"" thing. Then you have instances like LeSean McCoy doing calisthenics during the anthem, the Ravens kneeling for the US anthem and then standing for ""god save the queen"" in the UK, and Marshawn Lynch sitting for the US anthem in Mexico, but standing for their national anthem \(cause Mexican cops totally aren't corrupt or brutal\).   


So yes please point out where those who are against the protests are missing how ""respectful"" it is  
",https://www.reddit.com/r/changemyview/comments/8lv1td/cmv_if_nfl_players_were_kneeling_for_veterans_it//dzkkf2s/,0.438,0.47473195,0.024678862,0.49259362,0.10221587,0.4196762,0.059796512,1527271729.0,1,0,0,ahrimanic_trance,55.0,0.0,12472.0,7138.0,19665.0
8lv1td,dzkoa03,I don't think it's *just* the cause... it's also the color of the protestors and the fact that many of them are rich.,https://www.reddit.com/r/changemyview/comments/8lv1td/cmv_if_nfl_players_were_kneeling_for_veterans_it//dzkoa03/,0.0,0.055768944,0.002231598,0.01846078,0.04023018,0.017807651,0.007223561,1527275389.0,1,0,0,Calybos,18.0,0.0,82.0,14153.0,14253.0
8lv1td,dzlr79e,"I've never seen people kneel during services for veterans, such as military funerals.  They give the military salute.",https://www.reddit.com/r/changemyview/comments/8lv1td/cmv_if_nfl_players_were_kneeling_for_veterans_it//dzlr79e/,-0.479,0.013382856,0.000562668,0.00995513,0.00275634,0.007436876,0.00666042,1527329663.0,1,0,0,BaronBifford,35.0,0.0,,,35.0
8lv1td,dzlxktp,"This may be true. But not for the reason you think.

Peoples are upset because, for one, they feel as though it disrespects veterans. So kneeling to bring attention to their plight would be viewed differently for that reason.",https://www.reddit.com/r/changemyview/comments/8lv1td/cmv_if_nfl_players_were_kneeling_for_veterans_it//dzlxktp/,0.271,0.030388435,0.00087738,0.012414595,0.006881601,0.014390918,0.006634528,1527341787.0,1,0,0,testaccount656,0.0,0.0,1145.0,3567.0,4712.0
8lv1td,dzm2uif,Viewership is going up? When did this happen? ,https://www.reddit.com/r/changemyview/comments/8lv1td/cmv_if_nfl_players_were_kneeling_for_veterans_it//dzm2uif/,-0.625,0.0201057,0.001044273,0.011680172,0.002340114,0.008861885,0.007391856,1527348561.0,1,0,0,pheylancavanaugh,423.0,0.0,8570.0,63118.0,72111.0
8lv1td,dzm9std,Kaep had the top-selling jersey in '16 and '17.,https://www.reddit.com/r/changemyview/comments/8lv1td/cmv_if_nfl_players_were_kneeling_for_veterans_it//dzm9std/,-0.326,0.011246625,0.00054121,0.010330882,0.0017204,0.007873878,0.006168481,1527356460.0,1,0,0,DeusExMockinYa,149.0,0.0,11886.0,44852.0,56887.0
8lv1td,dzmedww,"Does this matter? If overall viewership is decreasing, ticket sales are decreasing, does it matter if he had the top selling jersey of an increasingly smaller pool of potential buyers? 

I'm sure the NFL is totally reassured while they hemorrhage viewers. You don't seem to understand the big picture.",https://www.reddit.com/r/changemyview/comments/8lv1td/cmv_if_nfl_players_were_kneeling_for_veterans_it//dzmedww/,-0.213,0.063027434,0.00161171,0.017367685,0.004199257,0.029053112,0.007081157,1527361636.0,1,0,0,pheylancavanaugh,423.0,0.0,8570.0,63118.0,72111.0
8lv1td,dzmg4hv,Kneeling has fuck-all to do with decreased viewership and anyone who believes otherwise is a moron. People are watching less football because 3 hours of ads to watch an hour of game isn't competitive in the modern media market.,https://www.reddit.com/r/changemyview/comments/8lv1td/cmv_if_nfl_players_were_kneeling_for_veterans_it//dzmg4hv/,0.667,0.8115627,0.35022295,0.7888968,0.09162762,0.6051471,0.023371955,1527363396.0,2,0,0,DeusExMockinYa,149.0,0.0,11886.0,44852.0,56887.0
8lv1td,dzmgmzp,"Mate, if you think kneeling has had zero effect on viewership, you're naive. The NFL **clearly** thinks kneeling is having an effect on viewership, **or they wouldn't be doing what they are doing.**",https://www.reddit.com/r/changemyview/comments/8lv1td/cmv_if_nfl_players_were_kneeling_for_veterans_it//dzmgmzp/,0.043,0.3047732,0.009155273,0.09868695,0.024801146,0.25205973,0.010032792,1527363907.0,1,0,0,pheylancavanaugh,423.0,0.0,8570.0,63118.0,72111.0
8lv1td,dzmkyhg,Viewership has been falling for the better part of a decade. Is Kaepernick a time traveler? Even managers in other sports leagues are remaking on how stupidly the NFL has been managing this.,https://www.reddit.com/r/changemyview/comments/8lv1td/cmv_if_nfl_players_were_kneeling_for_veterans_it//dzmkyhg/,0.043,0.5721988,0.016577384,0.2453505,0.030691283,0.61794597,0.00780612,1527368156.0,2,0,0,DeusExMockinYa,149.0,0.0,11886.0,44852.0,56887.0
8lv1td,dzmorc5,"The two main sentiments are #1 a lack of patriotism shown and #2 inappropriate time to protest. I would guess a majority of the people who believe it's an inappropriate time to protest would still think it would be inappropriate to protest if it was a different issue (ex. veterans). For cause #1, it would be a question of whether or not the person values the national anthem/flag more, or veterans. If we combine those two groups, I would safely assume that still a majority of people would be offended by it. It's not the cause for the most part, it's the act of kneeling during the national anthem.",https://www.reddit.com/r/changemyview/comments/8lv1td/cmv_if_nfl_players_were_kneeling_for_veterans_it//dzmorc5/,-0.021,0.058737632,0.001516342,0.016069634,0.0103594,0.028061481,0.007521313,1527372389.0,1,0,0,Champhall,148.0,0.0,12868.0,6255.0,19271.0
8lv1td,e10uh4t,"I really don't see what the big deal is. America is fucked up right now. You're right, if they were kneeling for veterans it wouldn't be seen as an issue. I see how people could find it disrespectful, but at the same time it's disrespectful to deny the fact that blacks are unrightfully targeted by the police sometimes. There is definitely an issue. The United States isn't united. I don't care if they kneel, because I know it's not coming from a place of disrespect, but more so shame, and pain. It concerns me when people are so nationalistic about their country. ",https://www.reddit.com/r/changemyview/comments/8lv1td/cmv_if_nfl_players_were_kneeling_for_veterans_it//e10uh4t/,0.458,0.5532103,0.16960317,0.5724795,0.45610145,0.42367843,0.032695748,1529542531.0,1,0,0,anonymouspianist,13.0,0.0,,,13.0
8lv1td,e83ynwk,You stand and salute for the veterans. That’s the whole god damn point. ,https://www.reddit.com/r/changemyview/comments/8lv1td/cmv_if_nfl_players_were_kneeling_for_veterans_it//e83ynwk/,0.174,0.6407703,0.059217658,0.70864636,0.052944973,0.40243408,0.008893564,1540023058.0,0,0,0,98977764321,0.0,0.0,1959.0,4984.0,6943.0
