post_id,comment_id,txt,url,offensiveness_score,Toxicity,Severe Toxicity,Profanity,Identity Attack,Insult,Threat,created,score,total_awards_received,controversiality,user,user_awardee_karma,user_awarder_karma,user_link_karma,user_comment_karma,user_total_karma
6buhis,dhpn28h,"I commute an hour each way to wear Kevlar and wool in 100 degree heat. Been runover twice in 6 months and my back hurts most days. 

I make a mean grilled cheese (I put grated Parmesan in the butter for a crispy crust). I enjoy my son immensely. Two enlistments means I'm decent at ironing and laundry(there was an incident involving expensive underwear and Velcro though). Military also made me good at making sure young people don't hurt themselves. 

All in all, I'd be thrilled. ",https://www.reddit.com/r/AskMen/comments/6buhis/how_would_you_feel_about_being_a_house_husband//dhpn28h/,-0.156,0.09112182,0.004005432,0.048425674,0.008176526,0.023995465,0.012699619,1495090058.0,22,0,0,[deleted],,,,,
6buhis,dhpnrh9,"I'm not sure I'm into the kid thing as a whole, so...",https://www.reddit.com/r/AskMen/comments/6buhis/how_would_you_feel_about_being_a_house_husband//dhpnrh9/,-0.277,0.044636376,0.00246048,0.026727317,0.006363631,0.011996903,0.007844958,1495091833.0,2,0,0,[deleted],,,,,
6buhis,dhpnx7z,"No. too restless, need to provide and contribute.",https://www.reddit.com/r/AskMen/comments/6buhis/how_would_you_feel_about_being_a_house_husband//dhpnx7z/,-0.312,0.051068526,0.001249313,0.011372739,0.002867334,0.024640027,0.006317357,1495092251.0,2,0,0,LAEuphoria,0.0,0.0,998.0,6905.0,7903.0
6buhis,dhq2fx3,You go man! I wish I could spend all day with my son.,https://www.reddit.com/r/AskMen/comments/6buhis/how_would_you_feel_about_being_a_house_husband//dhq2fx3/,-0.667,0.071337044,0.003852844,0.033144772,0.005771666,0.015340924,0.010110466,1495119927.0,4,0,0,pm_me_your_golbat,0.0,0.0,28.0,2250.0,2278.0
6buhis,dhqjl5s,"Midrange child care is $200 a week. So, yeah. I pay $40 a day for care in the sitter's home.

Thing is, I make 20/hr and my wife makes 30/hr, and my job has a great health/dental/vision/retirement plan, so it makes sense for both of us to pay the money. But we just have one kid. We're trying for a second, but our first is nearly in preschool and the hope is she'll be kindergarten age by the time our second would need to go into daycare. If I was at one of my earlier jobs where I made less money and we had benefits through my wife, there'd be absolutely no question about it, I'd be a house husband. ",https://www.reddit.com/r/AskMen/comments/6buhis/how_would_you_feel_about_being_a_house_husband//dhqjl5s/,-0.196,0.034041706,0.001440048,0.021125201,0.004476741,0.01632893,0.006485652,1495137918.0,3,0,0,[deleted],,,,,
6buhis,dhqjtxi,"Fuck no.  I want to do stuff.

I would be okay if I could use my time to work on personal projects or research, but I'd only be okay with it if I thought it would pay off in the end.  

Maintaining things doesn't seem fulfilling to me.",https://www.reddit.com/r/AskMen/comments/6buhis/how_would_you_feel_about_being_a_house_husband//dhqjtxi/,0.596,0.72028047,0.16960317,0.84995824,0.012240025,0.20901857,0.008945347,1495138172.0,1,0,0,_hephaestus,248.0,49.0,87.0,105014.0,105398.0
6buhis,dhqkaxp,"If my wife made a shit ton of money, sure. I can maintain and run the haunted house I've always wanted to own.",https://www.reddit.com/r/AskMen/comments/6buhis/how_would_you_feel_about_being_a_house_husband//dhqkaxp/,0.319,0.65996873,0.02604016,0.7796426,0.024198212,0.34548226,0.008686432,1495138654.0,1,0,0,[deleted],,,,,
6buhis,dhqksds,"I kinda am. It's the bomb. Currently sitting on the couch scratching​ my puppies belly. 

House is clean, suppers in the oven. 

LTD for the win.  ",https://www.reddit.com/r/AskMen/comments/6buhis/how_would_you_feel_about_being_a_house_husband//dhqksds/,-0.479,0.25462922,0.017610285,0.10549548,0.012240025,0.029273475,0.2172668,1495139145.0,1,0,0,rprpr,0.0,19.0,2851.0,48396.0,51266.0
6buhis,dhqmi9f,$1000/month wouldn't pay daycare in my city.,https://www.reddit.com/r/AskMen/comments/6buhis/how_would_you_feel_about_being_a_house_husband//dhqmi9f/,-0.229,0.018095128,0.000844002,0.010450439,0.003348306,0.007569877,0.006938754,1495140942.0,5,0,0,NYCheesecakes,90.0,0.0,3.0,12653.0,12746.0
