post_id,comment_id,txt,url,offensiveness_score,Toxicity,Severe Toxicity,Profanity,Identity Attack,Insult,Threat,created,score,total_awards_received,controversiality,user,user_awardee_karma,user_awarder_karma,user_link_karma,user_comment_karma,user_total_karma
c6rat1,esbl4mv,😂😂 its a bit too late for that isnt it?,https://youtu.be/lD6zZsJ055s/esbl4mv/,-0.417,0.10609736,0.004882813,0.043916557,0.006400629,0.019870255,0.010136358,1561798051.0,38,0,0,R011_5af3_yeah,543.0,66.0,93.0,63693.0,64395.0
c6rat1,esbpark,Really nice to hear this. Especially with that wonderful backing music.  Jusus christ.,https://youtu.be/lD6zZsJ055s/esbpark/,-0.021,0.028620722,0.002803803,0.021603432,0.009693438,0.009488888,0.009230154,1561804913.0,-3,0,0,[deleted],,,,,
c6rat1,esbqxuu,About 17 centuries too late,https://youtu.be/lD6zZsJ055s/esbqxuu/,-0.304,0.024260364,0.001316071,0.015113175,0.005327691,0.010020891,0.007365964,1561807360.0,5,0,0,Poisoncilla,273.0,20.0,14401.0,45483.0,60177.0
c6rat1,esbqyy3,"yeah, i have always defined myself as pro-choice but i have changed in the recent days and now define myself as pro-life (because don't we all value life?) and pro-choice. I think we need to take that term back from the pro-life folks because they are not pro-life. they are anti-abortion.  so I tell everyone i am pro-life (with a DUH look on my RBF :)) and pro-choice.",https://youtu.be/lD6zZsJ055s/esbqyy3/,-0.021,0.10870059,0.004196167,0.05168226,0.0233943,0.034451995,0.00866054,1561807400.0,6,0,0,qroosra,80.0,0.0,1536.0,13289.0,14905.0
c6rat1,esbr318,"I don’t think it matters if it’s more effective when she wears a hijab or not. It is her choice to wear one regardless of what you, or anyone else feels about it.",https://youtu.be/lD6zZsJ055s/esbr318/,-0.208,0.039226998,0.001449585,0.016752819,0.026207991,0.011198899,0.007094103,1561807557.0,7,0,0,eternityrow,0.0,79.0,65.0,6909.0,7053.0
c6rat1,esbsgp2,"“It is harder for a camel to pass through the eye of a needle than a rich man to enter heaven”

“Do unto others as you would have others do unto you”

Does that sound like most Christian fundamentalists you’ve seen in the US?",https://youtu.be/lD6zZsJ055s/esbsgp2/,-0.042,0.23523538,0.006561279,0.027820412,0.18158256,0.089778624,0.008582866,1561809364.0,8,0,0,notmytemp0,907.0,43.0,438.0,238914.0,240302.0
c6rat1,esbto7y,As a kid who's life and future were horribly damaged by an abusive and negligent Evangelical Christian High School...yeah.,https://youtu.be/lD6zZsJ055s/esbto7y/,0.125,0.50789946,0.023082556,0.11663672,0.5498214,0.4596616,0.049451493,1561810831.0,5,0,0,ACaffeinatedWandress,2019.0,0.0,673.0,496221.0,498913.0
c6rat1,esbxi98,"There is a different, Iran *is* a major theart to Israel and the entire region (subsidizing terrorism)",https://youtu.be/lD6zZsJ055s/esbxi98/,0.062,0.25462922,0.011749268,0.06546012,0.28034934,0.0817555,0.016810767,1561814884.0,-1,0,0,Thevoidawaits_u,156.0,397.0,4004.0,17947.0,22504.0
c6rat1,esc1ick,"Shame how the Trump administration trashed the disarmament agreement the Obama administration negotiated then, huh?

And weird how relations have deteriorated so badly since Trump took the helm. You’d almost think that randomly threatening Iran whenever domestic approval ratings get too low or the president hears a pundit on Fox is more destabilizing than careful diplomacy.",https://youtu.be/lD6zZsJ055s/esc1ick/,0.188,0.25462922,0.005073547,0.03615085,0.025605056,0.1935001,0.010705971,1561818428.0,4,0,0,AwesomePurplePants,1002.0,1058.0,934.0,120697.0,123691.0
c6rat1,escio6u,She can wear fucking fluorescent flashing nipple tassels if she wants. She can choose to wear whatever she likes. Her message still stands true.,https://youtu.be/lD6zZsJ055s/escio6u/,0.833,0.83334327,0.35112193,0.8326356,0.10221587,0.40243408,0.018192071,1561830395.0,6,0,0,Chooks2pooks,756.0,25.0,15275.0,23801.0,39857.0
c6rat1,esck44g,Many have said the US is subsidizing terrorism.,https://youtu.be/lD6zZsJ055s/esck44g/,0.087,0.12867521,0.003108978,0.014771583,0.058856625,0.03312982,0.011223801,1561831448.0,2,0,0,snertwith2ls,206.0,0.0,74.0,74785.0,75065.0
