post_id,comment_id,txt,url,offensiveness_score,Toxicity,Severe Toxicity,Profanity,Identity Attack,Insult,Threat,created,score,total_awards_received,controversiality,user,user_awardee_karma,user_awarder_karma,user_link_karma,user_comment_karma,user_total_karma
59tvmg,d9b9s24,too many clothes to choose from,https://www.reddit.com/r/AskReddit/comments/59tvmg/what_is_the_most_ridiculous_first_world_problem//d9b9s24/,-0.617,0.050573748,0.002040863,0.022423252,0.006252638,0.012756908,0.007909686,1477653742.0,7,0,0,[deleted],,,,,
59tvmg,d9b9smv,Not getting almond milk in their latte,https://www.reddit.com/r/AskReddit/comments/59tvmg/what_is_the_most_ridiculous_first_world_problem//d9b9smv/,-0.396,0.04711028,0.002136231,0.020646973,0.004643231,0.014580919,0.007119995,1477653789.0,5,0,0,[deleted],,,,,
59tvmg,d9b9wdu,"I recently broke up with my ex. 

3 people the day after are trying to fix me up with someone. It's annoying but at the same time, I really just need to shut up.",https://www.reddit.com/r/AskReddit/comments/59tvmg/what_is_the_most_ridiculous_first_world_problem//d9b9wdu/,0.0,0.37751234,0.015609037,0.29209393,0.01087737,0.21135417,0.05430072,1477654081.0,35,0,0,[deleted],,,,,
59tvmg,d9b9weq,"""I wanted a white Ipad not a silver one!!!!"" - my nephew screams at his parents at xmas. ",https://www.reddit.com/r/AskReddit/comments/59tvmg/what_is_the_most_ridiculous_first_world_problem//d9b9weq/,0.109,0.09828771,0.003204346,0.021125201,0.039972372,0.020966014,0.011793415,1477654083.0,423,0,0,DontMessWithTrexes,850.0,94.0,8324.0,15595.0,24863.0
59tvmg,d9bahu3,This would definitely be a Dudley line if the first Harry Potter was written now. ,https://www.reddit.com/r/AskReddit/comments/59tvmg/what_is_the_most_ridiculous_first_world_problem//d9bahu3/,-0.479,0.049584184,0.001916885,0.021056883,0.005475683,0.017807651,0.007987361,1477655660.0,231,0,0,KarIPilkington,110.0,0.0,2624.0,92726.0,95460.0
59tvmg,d9bf1nb,Searching for tweets by the whiny brats on Twitter each Christmas who have complaints along these lines is one of the few reasons Twitter is still useful.,https://www.reddit.com/r/AskReddit/comments/59tvmg/what_is_the_most_ridiculous_first_world_problem//d9bf1nb/,0.25,0.37458646,0.009841919,0.12286829,0.024198212,0.40243408,0.007314181,1477663794.0,85,0,0,figandsage,58.0,719.0,4518.0,35185.0,40480.0
59tvmg,d9bmbq4,"Completely agree. This is technically a ""first world problem"" but it's still an actual problem.",https://www.reddit.com/r/AskReddit/comments/59tvmg/what_is_the_most_ridiculous_first_world_problem//d9bmbq4/,-0.489,0.01834645,0.000801086,0.01127026,0.005364689,0.009070885,0.006472706,1477673034.0,30,0,0,AllOfEverythingEver,182.0,0.0,3676.0,61091.0,64949.0
59tvmg,d9bpeer,Then how else are you supposed to make money to do things/get anywhere?,https://www.reddit.com/r/AskReddit/comments/59tvmg/what_is_the_most_ridiculous_first_world_problem//d9bpeer/,-0.447,0.023671126,0.000720024,0.011560614,0.001572409,0.010780896,0.006174954,1477676692.0,1,0,0,cuckoldsanders,0.0,0.0,55.0,3539.0,3594.0
59tvmg,d9cam0y,"That could be an actual issue though, someone might night be able to have regular milk.",https://www.reddit.com/r/AskReddit/comments/59tvmg/what_is_the_most_ridiculous_first_world_problem//d9cam0y/,-0.438,0.03545588,0.001811981,0.020510335,0.004199257,0.011312899,0.007482476,1477706944.0,2,0,0,guys127,0.0,0.0,38.0,567.0,605.0
59tvmg,d9cb40s,I don't get wifi in all of the rooms because my house is too big ,https://www.reddit.com/r/AskReddit/comments/59tvmg/what_is_the_most_ridiculous_first_world_problem//d9cb40s/,-0.438,0.049089402,0.002803803,0.022764845,0.006178642,0.0113889,0.00866054,1477707781.0,1,0,0,ohhfasho,620.0,0.0,22677.0,90537.0,113834.0
59tvmg,d9cbit6,"I once hear my friend complain about something who ""spilled champagne all over my cocaine,"" which in terms of opulence is just the height of first world problems. ",https://www.reddit.com/r/AskReddit/comments/59tvmg/what_is_the_most_ridiculous_first_world_problem//d9cbit6/,-0.125,0.11057663,0.002689362,0.024472807,0.010581387,0.03235855,0.008867673,1477708484.0,1,0,0,alrightthatscool,0.0,0.0,1.0,32.0,33.0
59tvmg,d9cbohv,A girl in my lit class junior year had a breakdown because her parents got her a Lexus SUV in silver instead of the white sedan she wanted. She also bitched because she had to spend two weeks in the Mediterranean for her brother's wedding and then a cruise. ,https://www.reddit.com/r/AskReddit/comments/59tvmg/what_is_the_most_ridiculous_first_world_problem//d9cbohv/,0.021,0.46982017,0.08332442,0.5013569,0.17614605,0.34237885,0.020954676,1477708752.0,1,0,0,lageli,0.0,40.0,388.0,532.0,960.0
59tvmg,d9cbvf1,"My friend complained that her brand new WRX wagon served no purpose and wasn't exciting to drive, so she traded it in.",https://www.reddit.com/r/AskReddit/comments/59tvmg/what_is_the_most_ridiculous_first_world_problem//d9cbvf1/,-0.167,0.026028076,0.000905991,0.01354185,0.00223837,0.012566907,0.00704232,1477709076.0,1,0,0,Flylikebirds87,198.0,15.0,43.0,1274.0,1530.0
59tvmg,d9cbzxv,Someone complaining that a million dollars wasn't enough for a house in the school district they wanted their kids in. EYEROLL.,https://www.reddit.com/r/AskReddit/comments/59tvmg/what_is_the_most_ridiculous_first_world_problem//d9cbzxv/,0.128,0.01847211,0.000658035,0.009630617,0.001563159,0.010742896,0.006090806,1477709296.0,1,0,0,blamethecranes,776.0,216.0,38601.0,48646.0,88239.0
59tvmg,d9ccfxg,Heard someone complaining for a good 20 minutes about how much work she had to do still for the gender reveal party for her baby.,https://www.reddit.com/r/AskReddit/comments/59tvmg/what_is_the_most_ridiculous_first_world_problem//d9ccfxg/,-0.021,0.16765249,0.004959106,0.044167064,0.043581683,0.029383656,0.010239923,1477710062.0,1,0,0,locobeans15,15.0,0.0,81.0,1693.0,1789.0
59tvmg,d9ccndm,"The cup I drink water from is too insulated, so the ice doesn't melt in the time it takes me to drink the water. I have to get up and refill it like some sort of servant.",https://www.reddit.com/r/AskReddit/comments/59tvmg/what_is_the_most_ridiculous_first_world_problem//d9ccndm/,-0.292,0.02249265,0.001120567,0.015591404,0.002340114,0.009127886,0.0077155,1477710409.0,1,0,0,throwitaway135797531,0.0,0.0,2.0,14.0,16.0
59tvmg,d9ceg70,Had to add this. The employees I oversee regularly get pissed off if they make less than $50 an hour on commission. I have to remind them that they make way too much money for the easy ass job they have.,https://www.reddit.com/r/AskReddit/comments/59tvmg/what_is_the_most_ridiculous_first_world_problem//d9ceg70/,0.521,0.568186,0.02406851,0.5318404,0.024600167,0.40243408,0.012337137,1477713664.0,1,0,0,moop_n_shmow,15.0,0.0,11737.0,7575.0,19327.0
59tvmg,d9cggfs,"The wage gap myth.
Either that or rape culture/ patriarchy.",https://www.reddit.com/r/AskReddit/comments/59tvmg/what_is_the_most_ridiculous_first_world_problem//d9cggfs/,-0.062,0.39231625,0.023076924,0.1811049,0.06929302,0.16831873,0.079364374,1477718009.0,1,0,0,Rptrbptst,2054.0,16.0,,,2070.0
59tvmg,d9ciaqi,"My dad gets mad when he has to use an app on his phone to change the channels on the TV after ""someone"" misplaces the remote. He says, and I quote, ""I shouldn't have do do this crap, get my phone out and open an app just to change channels. This is ridiculous!"" I tell him all the time ""Do you even hear what you're saying? You are using an app on a PHONE to change the channels on a TELEVISION! You need to shut up and just do it, cause that's freakin remarkable!"" I swear it's like we've switched roles and now I'm explaining to him how it used to be back in my day...smh, it's awful.",https://www.reddit.com/r/AskReddit/comments/59tvmg/what_is_the_most_ridiculous_first_world_problem//d9ciaqi/,0.087,0.54823303,0.16960317,0.5013569,0.10221587,0.4339631,0.05171447,1477723093.0,2,0,0,ZacB1993,0.0,0.0,1.0,9.0,10.0
59tvmg,d9cim6t,I once refused to eat Chick-Fil-A because they ran out of barbecue sauce.,https://www.reddit.com/r/AskReddit/comments/59tvmg/what_is_the_most_ridiculous_first_world_problem//d9cim6t/,-0.583,0.058737632,0.00207901,0.023379711,0.010433395,0.015416925,0.008246276,1477724132.0,1,0,0,TheSecondWill,0.0,55.0,1.0,296.0,352.0
59tvmg,d9cjgsm,"My brother ""only""  getting $X amount instead of $X amount for a video game trade in. ",https://www.reddit.com/r/AskReddit/comments/59tvmg/what_is_the_most_ridiculous_first_world_problem//d9cjgsm/,-0.438,0.014827953,0.00067234,0.011902207,0.001683403,0.007930879,0.006388559,1477727081.0,1,0,0,sauerpatchkid,0.0,0.0,1376.0,183075.0,184451.0
59tvmg,d9clurz,Hold on.  Please explain this concept of leftover cookies. ,https://www.reddit.com/r/AskReddit/comments/59tvmg/what_is_the_most_ridiculous_first_world_problem//d9clurz/,-0.479,0.034748793,0.000896454,0.011902207,0.002145876,0.014960921,0.006472706,1477736707.0,1,0,0,erikivy,15.0,0.0,657.0,30188.0,30860.0
59tvmg,d9cn3cz,""" I didn't get very many trophies this year""-- from a kid who gets trophies at school for just showing up and who is spoiled acting to start with.  Unreal. ",https://www.reddit.com/r/AskReddit/comments/59tvmg/what_is_the_most_ridiculous_first_world_problem//d9cn3cz/,0.208,0.056758508,0.000977516,0.012073003,0.002127377,0.026702631,0.006123171,1477741506.0,1,0,0,deadhorseinadeadtown,0.0,0.0,92.0,6905.0,6997.0
59tvmg,d9cr62u,Try living in Myanmar... Oh my god the internet..,https://www.reddit.com/r/AskReddit/comments/59tvmg/what_is_the_most_ridiculous_first_world_problem//d9cr62u/,-0.234,0.15600902,0.006561279,0.05543986,0.089145996,0.026960457,0.008492245,1477751570.0,1,0,0,RonaldTheGiraffe,1283.0,182.0,33225.0,251918.0,286608.0
