post_id,comment_id,txt,url,offensiveness_score,Toxicity,Severe Toxicity,Profanity,Identity Attack,Insult,Threat,created,score,total_awards_received,controversiality,user,user_awardee_karma,user_awarder_karma,user_link_karma,user_comment_karma,user_total_karma
8ab1ha,dwxhjvh,If everyone did what I do the company would be forced to change their business model because the major data just wouldn't be there.,https://arstechnica.com/tech-policy/2018/04/facebook-admits-zuckerberg-wiped-his-old-messages-which-you-cant-do//dwxhjvh/,-0.146,0.016587202,0.000686646,0.012038844,0.002478856,0.008044879,0.007598988,1523042590.0,0,0,0,YourDimeTime,570,172,14575.0,86689.0,102006
8ab1ha,dwxic4f,"> ""You can turn it off!"" he said.

> ""Yes,"" said O'Brien, ""we can turn it off. We have that privilege"" ",https://arstechnica.com/tech-policy/2018/04/facebook-admits-zuckerberg-wiped-his-old-messages-which-you-cant-do//dwxic4f/,-0.239,0.04834723,0.001831055,0.017572641,0.002959829,0.015492925,0.009385503,1523043303.0,4,0,0,seattleseottle,0,1081,824.0,15571.0,17476
8ab1ha,dwxolzb,I don 't know what Facebook you have but I just have a handful of distant friends that I keep track of and contact with.,https://arstechnica.com/tech-policy/2018/04/facebook-admits-zuckerberg-wiped-his-old-messages-which-you-cant-do//dwxolzb/,-0.521,0.032627538,0.00202179,0.023174755,0.007917541,0.012110904,0.008841781,1523049153.0,1,0,0,YourDimeTime,570,172,14575.0,86689.0,102006
8ab1ha,dwxs838,better hope every one of your Facebook friends took the same precautions or there is a good chance some of your private data was shared through them,https://arstechnica.com/tech-policy/2018/04/facebook-admits-zuckerberg-wiped-his-old-messages-which-you-cant-do//dwxs838/,-0.128,0.054779384,0.0025177,0.02071529,0.004421244,0.013668913,0.009437286,1523052782.0,1,0,0,lurklurklurkanon,282,9,503.0,48779.0,49573
8ab1ha,dwyf4ix,So fucking what? It's NOT YOUR WEBSITE.,https://arstechnica.com/tech-policy/2018/04/facebook-admits-zuckerberg-wiped-his-old-messages-which-you-cant-do//dwyf4ix/,0.729,0.95048624,0.51028454,0.927271,0.059311368,0.5145894,0.011560392,1523080684.0,2,0,0,BloodyIron,1517,3217,41574.0,116230.0,162538
8ab1ha,dwyfu95,Och this sounds like so much fun now with gdpr in EU and the right to be forgotten.,https://arstechnica.com/tech-policy/2018/04/facebook-admits-zuckerberg-wiped-his-old-messages-which-you-cant-do//dwyfu95/,-0.229,0.041915078,0.002002716,0.018119188,0.0103594,0.012718908,0.009307829,1523082075.0,1,0,0,boibo,91,0,23.0,9574.0,9688
8ab1ha,dwyhjss,"And  by doing so you support the company and allow them to do all the other things. You know who is behind all these 'evil' corporations everyone is complaining about? Us. We fund them, because we are not conscientious consumers. ",https://arstechnica.com/tech-policy/2018/04/facebook-admits-zuckerberg-wiped-his-old-messages-which-you-cant-do//dwyhjss/,-0.021,0.11316007,0.001955032,0.01941724,0.007399572,0.061801232,0.00661511,1523085760.0,1,0,0,kuzuboshii,0,0,382.0,92786.0,93168
8ab1ha,dwyivni,"Under what ill serving definition? Encouraging someone boycott businesses with bad practices is ""extremism""? Do you even know what the word means? An extremist would say to burn down their offices, or kill members of the company. I am simply saying don't do business with them. Do you even care what the words mean that you use or are you just attempting to vilify me so you don't have to do the work of actually thinking for yourself?",https://arstechnica.com/tech-policy/2018/04/facebook-admits-zuckerberg-wiped-his-old-messages-which-you-cant-do//dwyivni/,0.333,0.32074678,0.01483436,0.08419759,0.024600167,0.20901857,0.26849106,1523088971.0,1,0,0,kuzuboshii,0,0,382.0,92786.0,93168
8ab1ha,dwyj9my,"Lol now you're just reaching. Its okay if you cannot defend your words, I didn't expect you would be able to.",https://arstechnica.com/tech-policy/2018/04/facebook-admits-zuckerberg-wiped-his-old-messages-which-you-cant-do//dwyj9my/,0.0,0.15048122,0.002498627,0.022149978,0.003052323,0.06285016,0.007197669,1523089976.0,1,0,0,kuzuboshii,0,0,382.0,92786.0,93168
8ab1ha,dwywz44,"Why are we all surprised zuckerberg is evil, didn't we know this when there were rumors he ousted his own co-founder?",https://arstechnica.com/tech-policy/2018/04/facebook-admits-zuckerberg-wiped-his-old-messages-which-you-cant-do//dwywz44/,0.167,0.3389984,0.007629395,0.08064143,0.01766643,0.3388922,0.010239923,1523114764.0,2,0,0,meatiestPopsicle,111,35,37.0,11622.0,11805
8ab1ha,dwz1d9s,But I can't delete Facebook! How else will I know if someone I haven't talked to since high school is having pork chops for dinner? I'd also never see that Uncle Dick found some compelling new evidence (in meme form) that school shootings are all faked as an excuse for the government to take our guns and keep us from using them to fight past their defenses at the edge of the flat world!,https://arstechnica.com/tech-policy/2018/04/facebook-admits-zuckerberg-wiped-his-old-messages-which-you-cant-do//dwz1d9s/,0.417,0.32236105,0.020902663,0.25549942,0.036620867,0.18107465,0.05203775,1523119483.0,4,0,0,The_Super_D,984,17,2128.0,88021.0,91150
8ab1ha,dwzc19j,Dumbass liberals.  You’d let anyone fuck you over.,https://arstechnica.com/tech-policy/2018/04/facebook-admits-zuckerberg-wiped-his-old-messages-which-you-cant-do//dwzc19j/,0.979,0.95048624,0.5614964,0.90258646,0.46028158,0.8131897,0.22908778,1523130391.0,0,0,0,godfeast,256,84,,,340
