post_id,comment_id,txt,url,offensiveness_score,Toxicity,Severe Toxicity,Profanity,Identity Attack,Insult,Threat,created,score,total_awards_received,controversiality,user,user_awardee_karma,user_awarder_karma,user_link_karma,user_comment_karma,user_total_karma
7ge3n1,dqidqrd,What do birth rates have to do with time period? ,https://www.ksl.com/?sid=44841041&nid=157&title=us-teen-birth-rate-drops-to-all-time-low/dqidqrd/,-0.396,0.014011159,0.000772476,0.011014067,0.003218814,0.007075874,0.006835188,1511971000.0,-4,0,1,pacoeltaco1,0.0,0.0,550.0,985.0,1535.0
7ge3n1,dqiebvj,"Not what I asked...and yeah, sex Ed in schools should be taken more seriously, but it's not like the United States is a century behind. It's very easy to obtain contraception and it had been for years. ",https://www.ksl.com/?sid=44841041&nid=157&title=us-teen-birth-rate-drops-to-all-time-low/dqiebvj/,0.042,0.1460314,0.003128052,0.046922635,0.008657498,0.018581128,0.00746953,1511971581.0,-45,0,0,pacoeltaco1,0.0,0.0,550.0,985.0,1535.0
7ge3n1,dqieho8,">It's very easy to obtain contraception and it had been for years.

If you have a parent that isn't a moron. I had to drag a friend to planned parenthood to get on the pill because her mother said and I quote ""I am not paying for you to have sex"" and hence wouldn't let her use her health insurance. This was after her dumbass sister had already gotten knocked up at 19. 

Birth control is very easy to get if you have money, control over your medical decisions and a car. Which group often is missing those items? And makes stunningly shitty heat of the moment decisions? ",https://www.ksl.com/?sid=44841041&nid=157&title=us-teen-birth-rate-drops-to-all-time-low/dqieho8/,0.4,0.5972042,0.13073033,0.4185329,0.10221587,0.5935568,0.012078222,1511971739.0,60,0,0,nkdeck07,1895.0,0.0,3912.0,800903.0,806710.0
7ge3n1,dqietzl,"If you want easy and affordable access to pill based contraception, your battle is with pharmacy companies, not the country. As long as we keep avoiding a single payer system, this will remain a problem. So will obtaining any medication besides Tylenol ",https://www.ksl.com/?sid=44841041&nid=157&title=us-teen-birth-rate-drops-to-all-time-low/dqietzl/,-0.208,0.040925518,0.001468658,0.015830519,0.003995769,0.01767874,0.008181547,1511972077.0,-20,0,0,pacoeltaco1,0.0,0.0,550.0,985.0,1535.0
7ge3n1,dqieucp,"Oh yeah, I agree. 
But it is a fact that that’s something that happens. And teenagers having sex before they’re emotionally ready is unfortunately something that happens and probably always will. ",https://www.ksl.com/?sid=44841041&nid=157&title=us-teen-birth-rate-drops-to-all-time-low/dqieucp/,0.042,0.3389984,0.011520386,0.20262444,0.010729378,0.034451995,0.010239923,1511972086.0,49,0,0,Etorneau,0.0,0.0,826.0,10260.0,11086.0
7ge3n1,dqif2gj,If you cant figure out a condom you shouldnt have sex.,https://www.ksl.com/?sid=44841041&nid=157&title=us-teen-birth-rate-drops-to-all-time-low/dqif2gj/,0.292,0.41168427,0.017803956,0.3051381,0.019877186,0.05262003,0.011379151,1511972308.0,40,0,0,LFGFurpop,20.0,0.0,9.0,9551.0,9580.0
7ge3n1,dqif9j2,"The small Midwestern town I grew up in had a lot of pharmacies that wouldn't sell condoms to kids under 18. Absolutely ridiculous, but it meant almost no one in high school had condoms to use. When I moved back to town after college, I made sure to let my sister and her friends know I would happily buy them condoms. I also offered to talk with them any time they had questions. Teens don't want to talk to parents. Other older people don't want to talk to teens. It helps, I think.",https://www.ksl.com/?sid=44841041&nid=157&title=us-teen-birth-rate-drops-to-all-time-low/dqif9j2/,0.083,0.3389984,0.013866014,0.22321637,0.0543092,0.24493282,0.010680079,1511972500.0,115,0,0,kacihall,99.0,18.0,286.0,117825.0,118228.0
7ge3n1,dqifc9v,"Perhaps, but it isn't possible for the government to intervene in all cases. That would both be extremely domineering and costly. Trust me, as the son of a preschool teacher I've seen my fair share of pitiful Child protective services disasters. It does need a reform, but the reform should focus more on how to best care for children in government custody, not how to aquire more. ",https://www.ksl.com/?sid=44841041&nid=157&title=us-teen-birth-rate-drops-to-all-time-low/dqifc9v/,-0.021,0.09394901,0.001649857,0.02167175,0.00588266,0.045007613,0.006938754,1511972573.0,12,0,0,pacoeltaco1,0.0,0.0,550.0,985.0,1535.0
7ge3n1,dqifdft,[removed],https://www.ksl.com/?sid=44841041&nid=157&title=us-teen-birth-rate-drops-to-all-time-low/dqifdft/,0.426,,,,,,,1511972606.0,80,0,0,[deleted],,,,,
7ge3n1,dqifu0j,"No, but thanks t to comprehensive sex ed and funding of clinics, it's very easy to get free condoms.",https://www.ksl.com/?sid=44841041&nid=157&title=us-teen-birth-rate-drops-to-all-time-low/dqifu0j/,-0.104,0.32764325,0.012130737,0.19155724,0.013546381,0.030485468,0.008181547,1511973054.0,87,0,0,bubblebosses,301.0,0.0,,,301.0
7ge3n1,dqifvyu,"And saying condoms are a cheap, easily accessible and tested form of Birth control will get you piled on this sub.",https://www.ksl.com/?sid=44841041&nid=157&title=us-teen-birth-rate-drops-to-all-time-low/dqifvyu/,-0.271,0.24924077,0.007896423,0.14578357,0.00880549,0.022190686,0.00866054,1511973107.0,1893,0,0,VadersDawg,0.0,0.0,89.0,59710.0,59799.0
7ge3n1,dqig5bt,"Or it's neither...  kids just aren't having that much sex compared to the 60s/70s/80s. 
You guys love your fallacies.",https://www.ksl.com/?sid=44841041&nid=157&title=us-teen-birth-rate-drops-to-all-time-low/dqig5bt/,0.042,0.47119883,0.023076924,0.26624632,0.036105253,0.25404143,0.009747985,1511973361.0,70,0,0,Throwway3643,0.0,0.0,1.0,107.0,108.0
7ge3n1,dqig5qp,[removed],https://www.ksl.com/?sid=44841041&nid=157&title=us-teen-birth-rate-drops-to-all-time-low/dqig5qp/,-0.208,,,,,,,1511973373.0,-12,0,0,[deleted],,,,,
7ge3n1,dqig9hi,"I would like for someone to show me a study correlating an increase in the availability of contraception with the Affordable Care Act.

This is a serious request. I’ll wait.",https://www.ksl.com/?sid=44841041&nid=157&title=us-teen-birth-rate-drops-to-all-time-low/dqig9hi/,-0.125,0.012503231,0.000677109,0.010177165,0.001886891,0.007056873,0.006835188,1511973474.0,130,0,0,letsgettalking,0.0,576.0,4799.0,5622.0,10997.0
7ge3n1,dqigh1s,"It's threefold:

* Lower frequency of sex (across all age groups)
* Later (and later) time of first sexual experiences
* Increased contraception use 
",https://www.ksl.com/?sid=44841041&nid=157&title=us-teen-birth-rate-drops-to-all-time-low/dqigh1s/,0.0,0.25462922,0.00743866,0.15283443,0.008916483,0.017936565,0.008712323,1511973677.0,468,0,0,[deleted],,,,,
