post_id,comment_id,txt,url,offensiveness_score,Toxicity,Severe Toxicity,Profanity,Identity Attack,Insult,Threat,created,score,total_awards_received,controversiality,user,user_awardee_karma,user_awarder_karma,user_link_karma,user_comment_karma,user_total_karma
5j6o1m,dbdu3v7,It's meant to do that though,http://arstechnica.com/tech-policy/2016/12/facebook-fake-news-germany-threatens-new-law-big-fines//dbdu3v7/,-0.532,0.029917045,0.0020504,0.021466793,0.005993653,0.010514895,0.009722093,1482163895.0,63,0,0,[deleted],,,,,
5j6o1m,dbdxbvn,"Well I disagree wildly that fake news had an effect on the election. If you think anyone was a devout democrat progressive and then read that trump got endorsed by the pope and they changed their vote you're out of your mind. The people sharing and believing fake news were people already decidedly in trumps camp. I dislike trump very much but this scramble on the left to blame anything and everything other than Hillary Clinton being a wildly unpopular candidate is just silly in my opinion. 

That said my idea of a worse out come is that such laws happen in the US and authoritarians like trump are now in charge of deciding what is and isn't fake news. Seems pretty scary to me. I'd rather people I dunno be responsible for their own reading choices. Crazy I know.",http://arstechnica.com/tech-policy/2016/12/facebook-fake-news-germany-threatens-new-law-big-fines//dbdxbvn/,-0.042,0.37576625,0.007247925,0.09292633,0.028418748,0.41767508,0.008608758,1482167895.0,18,0,0,BlackGabriel,223.0,0.0,685.0,103588.0,104496.0
5j6o1m,dbdxl20,This is not about the government deciding what is real and what is not real news. It is about punishing social media from spreading what is objectively fake news stories. Just weeding out what is objectively fake news would be a fantastic accomplishment.,http://arstechnica.com/tech-policy/2016/12/facebook-fake-news-germany-threatens-new-law-big-fines//dbdxl20/,-0.083,0.1104733,0.002765656,0.023721304,0.007510565,0.04383647,0.011741633,1482168209.0,-10,0,0,bjarkef,0.0,0.0,228.0,1989.0,2217.0
5j6o1m,dbdyaxm,"Just a reminder, /r/worldpolitics is one of the biggest subreddits pushing fake news on reddit so don't be surprised that the majority commentators here are upset their fake news agenda might be under attack.  ",http://arstechnica.com/tech-policy/2016/12/facebook-fake-news-germany-threatens-new-law-big-fines//dbdyaxm/,0.208,0.071337044,0.001964569,0.025360947,0.0103594,0.028722567,0.008919456,1482169082.0,6,0,1,ChocolateSunrise,0.0,0.0,4343.0,244610.0,248953.0
5j6o1m,dbdz0lv,That's literally them deciding what is and isn't real news though. If you can't see how a potential law like this in the US allowing trump to decide what is and isn't real news is dangerous I think you need to consider the possibility for this law to be twisted more. I don't like the thought of a trump deciding what is and isn't obviously false.,http://arstechnica.com/tech-policy/2016/12/facebook-fake-news-germany-threatens-new-law-big-fines//dbdz0lv/,-0.125,0.11067997,0.002441406,0.027137227,0.008879486,0.057890166,0.008401625,1482169939.0,9,0,0,BlackGabriel,223.0,0.0,685.0,103588.0,104496.0
5j6o1m,dbe2bdn,"Did you read what I wrote? The story is about Germany, I live in Denmark and we have a problem with objectively false stories being spread as the truth and people getting up in arms about it.

You talk about deciding what is real news and that nobody should be able to tell the media what they can publish and what they cannot. Of cause you are right, that would be government censorship and nobody wants to do that.

But there is a huge difference between letting someone in power decide which opinion you can and which opinions you cannot publish, and punishing publishing what is objectively false information.

This is the same as if a news agency writes a false story about you, that would be defamation and that is illegal both here and I believe in the US.",http://arstechnica.com/tech-policy/2016/12/facebook-fake-news-germany-threatens-new-law-big-fines//dbe2bdn/,0.106,0.10566349,0.002326965,0.02126184,0.016862517,0.045007613,0.008129764,1482173912.0,-4,0,0,bjarkef,0.0,0.0,228.0,1989.0,2217.0
5j6o1m,dbe3fos,"I did read what you wrote but it's a bit confusing. You said the gov won't be deciding what is and isn't real news but then say they will be punishing those who put out fake news lol do you not see the disconnect there? Obviously if they are punishing fake news organizations or disseminators they will of course have to decide what is and isn't fake to do so right?
",http://arstechnica.com/tech-policy/2016/12/facebook-fake-news-germany-threatens-new-law-big-fines//dbe3fos/,-0.021,0.15213956,0.003681183,0.04867618,0.008731495,0.07270074,0.009411395,1482175244.0,6,0,0,BlackGabriel,223.0,0.0,685.0,103588.0,104496.0
5j6o1m,dbe3xir,"> United States just elected an authoritarian with fascist ~~tenancies~~**tendencies** 

More uncorroborated, self perceived, hysteria.",http://arstechnica.com/tech-policy/2016/12/facebook-fake-news-germany-threatens-new-law-big-fines//dbe3xir/,0.167,0.3625127,0.016964722,0.091633186,0.10757765,0.3493834,0.007909686,1482175826.0,8,0,0,WTFppl,218.0,0.0,,,218.0
5j6o1m,dbe4a03,"Censorship. They consider anything not liberal or PC ""fake news"". Fucking Orwellian nightmare.",http://arstechnica.com/tech-policy/2016/12/facebook-fake-news-germany-threatens-new-law-big-fines//dbe4a03/,0.625,0.8540474,0.35368225,0.87472564,0.1769227,0.4962726,0.013476364,1482176233.0,7,0,0,Duderino732,731.0,0.0,,,731.0
5j6o1m,dbemq3j,Authoritarians are going to authoritate. ,http://arstechnica.com/tech-policy/2016/12/facebook-fake-news-germany-threatens-new-law-big-fines//dbemq3j/,-0.417,0.09112182,0.002393723,0.01535229,0.018470341,0.024640027,0.010058682,1482199101.0,3,0,0,[deleted],,,,,
5j6o1m,dbepxmb,"First, they should look at the 12 months. Then they should agree on all news whether it is fake or not. 

If they can't agree, it means that it is simply arbitrary censorship in the name of the truth. ",http://arstechnica.com/tech-policy/2016/12/facebook-fake-news-germany-threatens-new-law-big-fines//dbepxmb/,-0.167,0.030741978,0.000815392,0.012004685,0.002811837,0.013934915,0.007107049,1482203458.0,1,0,0,merton1111,27.0,0.0,236.0,50893.0,51156.0
5j6o1m,dbf0o4u,No it's not. Do you have any evidence of that? Do you know German politics?,http://arstechnica.com/tech-policy/2016/12/facebook-fake-news-germany-threatens-new-law-big-fines//dbf0o4u/,-0.125,0.054531995,0.001773834,0.017914234,0.017364962,0.01617693,0.007340072,1482223727.0,-1,0,0,cryo,409.0,0.0,361.0,140554.0,141324.0
5j6o1m,dbf1cxq,I know German politics: They have no clue what they are doing when it comes to these matters.,http://arstechnica.com/tech-policy/2016/12/facebook-fake-news-germany-threatens-new-law-big-fines//dbf1cxq/,-0.083,0.11479026,0.003604889,0.03339528,0.06567776,0.029934563,0.009204263,1482225741.0,3,0,0,Speculum,23.0,0.0,9157.0,37621.0,46801.0
5j6o1m,dbf5kpi,No it is punishing those who put out objectively provably false news. It is not the same as deciding which opinions can and cannot be published.,http://arstechnica.com/tech-policy/2016/12/facebook-fake-news-germany-threatens-new-law-big-fines//dbf5kpi/,-0.229,0.035691574,0.001029968,0.012482914,0.003015325,0.013896915,0.00951496,1482237884.0,1,0,0,bjarkef,0.0,0.0,228.0,1989.0,2217.0
