post_id,comment_id,txt,url,offensiveness_score,Toxicity,Severe Toxicity,Profanity,Identity Attack,Insult,Threat,created,score,total_awards_received,controversiality,user,user_awardee_karma,user_awarder_karma,user_link_karma,user_comment_karma,user_total_karma
camuml,et9x8u7,"My local roller derby team had discussed selling jerseys to fans, including men's sizes and styles. I was really sad they ended up not doing it.",https://www.businessinsider.com/nike-sold-women-world-cup-shirts-in-men-sizes-boosting-sales-2019-7/et9x8u7/,-0.354,0.024613906,0.001087189,0.015113175,0.006881601,0.009317887,0.00737891,1562607408.0,461,0,0,BEEFTANK_Jr,156,0,9547.0,387051.0,396754
camuml,et9yqa3,"> Who knew that if you sell things to the other %50 of the population the sales will double

...not Nike before this season...",https://www.businessinsider.com/nike-sold-women-world-cup-shirts-in-men-sizes-boosting-sales-2019-7/et9yqa3/,-0.333,0.014576632,0.000576973,0.010040528,0.001859142,0.008975885,0.005886911,1562608347.0,0,0,1,palmfranz,0,0,,,0
camuml,et9zjhn,I'd wear a derby girls jersey,https://www.businessinsider.com/nike-sold-women-world-cup-shirts-in-men-sizes-boosting-sales-2019-7/et9zjhn/,-0.479,0.1641865,0.007324219,0.08096472,0.04023018,0.032028005,0.010887212,1562608856.0,47,0,0,A4S8B7,91,0,736.0,14888.0,15715
camuml,eta2bf1,True! Not everything we consume has to be pink and girly ffs,https://www.businessinsider.com/nike-sold-women-world-cup-shirts-in-men-sizes-boosting-sales-2019-7/eta2bf1/,-0.167,0.19789438,0.006942749,0.08225787,0.08252834,0.054962315,0.007883795,1562610630.0,48,0,0,quesoandcats,2252,2577,111870.0,174439.0,291138
camuml,etas71y,Is this for the preorder jersey that is showing as only available in XS? I can’t find the jersey for sale anywhere in a Men’s Large.,https://www.businessinsider.com/nike-sold-women-world-cup-shirts-in-men-sizes-boosting-sales-2019-7/etas71y/,-0.417,0.022374803,0.001215935,0.016069634,0.007917541,0.008557882,0.00704232,1562627804.0,3,0,0,robbopie,35,0,195.0,2058.0,2288
