post_id,comment_id,txt,url,offensiveness_score,Toxicity,Severe Toxicity,Profanity,Identity Attack,Insult,Threat,created,score,total_awards_received,controversiality,user,user_awardee_karma,user_awarder_karma,user_link_karma,user_comment_karma,user_total_karma
cq87t4,ewukuvr,"That is one of the dumbest things I’ve read on here. Congrats.

I don’t require any type of media to be able to do math. Nothing he proposes works. Especially for the middle class.",https://i.redd.it/y1gkoodtdeg31.jpg/ewukuvr/,0.146,0.568186,0.020902663,0.25093055,0.04048799,0.5739874,0.008893564,1565784606.0,-35,0,0,JWF81,1254.0,0.0,,,1254.0
cq87t4,ewvik95,Really? Most of Europe would disagree with you considering it DOES work there. Why are you so blindly stupid?,https://i.redd.it/y1gkoodtdeg31.jpg/ewvik95/,0.396,0.8252207,0.052940834,0.4113413,0.12208464,0.8012121,0.008505191,1565806968.0,2,0,0,[deleted],,,,,
cq87t4,ewwg32l,…explain to me how his policies benefit the powers that be and are “especially destructive for the middle and lower classes”,https://i.redd.it/y1gkoodtdeg31.jpg/ewwg32l/,-0.188,0.1013248,0.00161171,0.011543535,0.01656105,0.030816011,0.00866054,1565827536.0,1,0,0,APoggers113,123.0,0.0,743.0,14790.0,15656.0
cq87t4,ewx5c0x,"What nonsense, some alleged business owners post praising a guy who refuses to tell businesses owner what their tax liability would be for a disaster of a ""plan"". He never gives tax rate to pay for his idea, not plan. Plans have concrete details not ""we will figure that out"" rates. His idea would shutter and bk countless hospitals, doctors and medical services paid at the discounted Medicare rate. He refuses to address this fact because he has no clue.",https://i.redd.it/y1gkoodtdeg31.jpg/ewx5c0x/,0.5,0.33255672,0.006523132,0.08128801,0.005919657,0.3416952,0.008582866,1565844909.0,1,0,0,Alredgets,0.0,0.0,1.0,-74.0,-73.0
cq87t4,ewx5mfm,"Listen I'd gladly pay more in taxes if it meant not having the slightest medical emergency possibly ruin my life financially speaking, or when I become older I won't have to skip taking pills because I can't afford them. 

Also my student loans make it so I might be able to leave my parents house when I'm 28. I'm 22 and it feels like I'm going to start my independent life when I'm almost 30 and that is incredibly depressing. I feel like I'm wasting my youth away because I have to work off student loans for a college I was forced to go to. I know Bernie Sanders wouldn't be able to solve my problems in only 4 years but damn I really want hope for change",https://i.redd.it/y1gkoodtdeg31.jpg/ewx5mfm/,-0.125,0.09915545,0.002918243,0.03990845,0.007029593,0.032028005,0.008052089,1565845216.0,1,0,0,ThaddeusSimmons,60.0,0.0,246.0,48147.0,48453.0
cq87t4,ewx8dz9,So YouTube comments qualify as World Politics nowadays?,https://i.redd.it/y1gkoodtdeg31.jpg/ewx8dz9/,-0.292,0.025910228,0.001020432,0.012926984,0.004809721,0.010514895,0.006485652,1565848278.0,2,0,0,[deleted],,,,,
cq87t4,ewybokz,It has always been this way. With the advent of the internet and outlets like YouTube there is no excuse for not understanding a candidates position on issues. It’s good to see more people are realizing this and calling it out.,https://i.redd.it/y1gkoodtdeg31.jpg/ewybokz/,-0.125,0.011372286,0.000500679,0.010450439,0.001970136,0.007702877,0.006433869,1565878289.0,1,0,0,GeezItsJesus,13.0,63.0,183.0,4308.0,4567.0
cq87t4,ewz8ha4,"Hillary or something bigger screwed with his first round so what makes you think this will be any different. 

If we go down the path of what socialism is, we are done.  Trump gets shit on the way he conveys but look at the policies and laws that he is simply enabling that assists this country from going down.  Mass migration/Globalism is NOT the answer for long term stability.  You can't manage HATE.  You make laws and build protection against HATE.  IE. fences around the elementary school playground.  A small group of people in control of Earth is not the answer.

This sign is representative of brainwashing MS media hate of trump that is purchased by a much deeper evil that most of the world buries its head in the sand from.",https://i.redd.it/y1gkoodtdeg31.jpg/ewz8ha4/,0.417,0.52272606,0.0394905,0.48510036,0.10221587,0.5130944,0.021472665,1565892544.0,1,0,0,EvilslayerN49,0.0,0.0,1.0,-3.0,-2.0
cq87t4,exdde0u,Cross referencing and forming your own ideologies is easily one of the greatest things I learned in school.,https://i.redd.it/y1gkoodtdeg31.jpg/exdde0u/,-0.542,0.034277402,0.000972748,0.011441057,0.004051265,0.014960921,0.006479179,1566173644.0,1,0,0,halfwithero,994.0,455.0,32248.0,33030.0,66727.0
cq87t4,eyj3mgw,"I'm not even american, so I don't know everithing he stands up for, but what I have seen is all Just bad, for everyone. He wants to outlaw recieveing less than 15 dolars an hour (Aka, raise the minimum wage) and to inpose something called an wealth tax, basicaly punishing succes (Aka, taxing people who manage to acumulate wealth), both of witch would just result in unenploynent and successfull people leaving the country, respectively",https://i.redd.it/y1gkoodtdeg31.jpg/eyj3mgw/,0.089,0.25462922,0.007743835,0.14402086,0.051126,0.19734058,0.009385503,1567111991.0,1,0,0,[deleted],,,,,
