post_id,comment_id,txt,url,offensiveness_score,Toxicity,Severe Toxicity,Profanity,Identity Attack,Insult,Threat,created,score,total_awards_received,controversiality,user,user_awardee_karma,user_awarder_karma,user_link_karma,user_comment_karma,user_total_karma
79nh8k,dp3h9cq,That first question was perfect.. the way he ends the question as if it's mid sentence,https://www.youtube.com/watch?v=CPJowXgH3YU/dp3h9cq/,-0.458,0.049336795,0.002269745,0.022559889,0.004421244,0.015264924,0.008556974,1509376187.0,1308,0,0,ArtilleryCamel,0.0,0.0,617.0,50294.0,50911.0
79nh8k,dp3iu2a,I can't believe what Zach said about David Sedaris!!!,https://www.youtube.com/watch?v=CPJowXgH3YU/dp3iu2a/,-0.37,0.08083374,0.001983643,0.015044857,0.003662788,0.021803947,0.007197669,1509377938.0,177,0,0,Alpinix,60.0,0.0,2260.0,41948.0,44268.0
79nh8k,dp3oke0,"I honestly don't think this was ""uncomfortable"" at all,he understood the interviewers comic style right off and started playing right along.Gordon Keith is really good at this as is evidenced by some of his other interviews.",https://www.youtube.com/watch?v=CPJowXgH3YU/dp3oke0/,-0.188,0.02072494,0.001020432,0.015693882,0.003570293,0.010286893,0.007210615,1509383951.0,821,0,0,Fordham69,38.0,0.0,114.0,19952.0,20104.0
79nh8k,dp3oqbc,I've worn a sweater before but it wasn't on film Tryin to make a change :-\,https://www.youtube.com/watch?v=CPJowXgH3YU/dp3oqbc/,-0.354,0.06065326,0.002937317,0.030890211,0.010507392,0.015188923,0.010214032,1509384121.0,1,0,0,chesterstone,40.0,134.0,4572.0,61724.0,66470.0
79nh8k,dp460hn,[deleted],https://www.youtube.com/watch?v=CPJowXgH3YU/dp460hn/,0.375,,,,,,,1509402540.0,49,0,0,[deleted],,,,,
79nh8k,dp48m5c,Have you watched between two ferns?,https://www.youtube.com/watch?v=CPJowXgH3YU/dp48m5c/,-0.604,0.040925518,0.001373291,0.014600786,0.003551794,0.014960921,0.006912862,1509405623.0,3,0,0,Kinguta,0.0,0.0,198.0,2758.0,2956.0
79nh8k,dp48u6o,He has that little chuckle and then gets right into the character lmao,https://www.youtube.com/watch?v=CPJowXgH3YU/dp48u6o/,-0.479,0.18364124,0.009689331,0.098377466,0.010581387,0.034782536,0.01101667,1509405889.0,192,0,0,St_SiRUS,753.0,0.0,12512.0,229018.0,242283.0
79nh8k,dp49cer,I think they mean ‘uncomfortable’ as in the comedy style of between two ferns.,https://www.youtube.com/watch?v=CPJowXgH3YU/dp49cer/,-0.188,0.05799546,0.001630783,0.020373698,0.003403803,0.01819439,0.007029374,1509406498.0,17,0,0,Azazels_Vassal,18.0,46.0,1314.0,19842.0,21220.0
79nh8k,dp49uw1,Don't forget 1310 AM.,https://www.youtube.com/watch?v=CPJowXgH3YU/dp49uw1/,-0.458,,,,,,,1509407115.0,9,0,0,_hardliner_,260.0,111.0,1848.0,43595.0,45814.0
79nh8k,dp4a7ne,I don't understand the title of this post,https://www.youtube.com/watch?v=CPJowXgH3YU/dp4a7ne/,-0.717,0.04240986,0.001678467,0.017777596,0.004032766,0.012528907,0.007547205,1509407541.0,2,0,0,Daumenkino,0.0,0.0,5775.0,14407.0,20182.0
79nh8k,dp4bu6u,"Not uncomfortable, because Zach knew what was happening and went along with it.",https://www.youtube.com/watch?v=CPJowXgH3YU/dp4bu6u/,-0.125,0.022610499,0.000758171,0.011902207,0.001572409,0.011540901,0.006563326,1509409420.0,3,0,0,Spacegod87,243.0,0.0,264.0,111513.0,112020.0
79nh8k,dp4bvij,"Not only that, but he's clearly stifling laughter. ",https://www.youtube.com/watch?v=CPJowXgH3YU/dp4bvij/,-0.396,0.11223003,0.001773834,0.014874061,0.003089321,0.061626412,0.006686311,1509409460.0,61,0,0,Anton_Lemieux,48.0,1276.0,18303.0,107951.0,127578.0
79nh8k,dp4bzeh,"You can hear Gordon Keith every morning (M-F) at 8:40 am CST doing some sort of wild ass impersonation on 1310AM/96.7 FM .  (DFW area)

",https://www.youtube.com/watch?v=CPJowXgH3YU/dp4bzeh/,-0.064,0.5716857,0.16233426,0.4989438,0.039456755,0.3126888,0.03407705,1509409581.0,3,0,0,gotsickpassaway,167.0,26.0,12439.0,30466.0,43098.0
79nh8k,dp4c2wz,He’s based out of Dallas - he has some of the best impersonations.  Local gem.,https://www.youtube.com/watch?v=CPJowXgH3YU/dp4c2wz/,-0.562,0.019477395,0.00082016,0.011406898,0.00449524,0.011122898,0.006420923,1509409689.0,3,0,0,gotsickpassaway,167.0,26.0,12439.0,30466.0,43098.0
79nh8k,dp4cg8m,"that was the best interview i have watched in years
",https://www.youtube.com/watch?v=CPJowXgH3YU/dp4cg8m/,-0.583,0.03357032,0.002126694,0.02030538,0.004846719,0.012224905,0.008103873,1509410095.0,3,0,0,LoPriore,588.0,76.0,7870.0,22476.0,31010.0
79nh8k,dp4cw33,Gordon Keith has a calm dark sense of humor. He is a radio host during the day with The Ticket and does these type of interviews as a side gig. ,https://www.youtube.com/watch?v=CPJowXgH3YU/dp4cw33/,-0.396,0.033334624,0.000901222,0.013302735,0.003015325,0.018001022,0.006479179,1509410571.0,43,0,0,[deleted],,,,,
79nh8k,dp4fnat,That stressed me out because sometimes I'll do that on accident because I got nervous when I speak and realize I don't know how I'm gonna end my sentence. ,https://www.youtube.com/watch?v=CPJowXgH3YU/dp4fnat/,-0.146,0.043399423,0.001754761,0.022696527,0.002700844,0.011008898,0.011586283,1509413487.0,5,0,0,thesmellofwater,0.0,0.0,49.0,10138.0,10187.0
79nh8k,dp4i4r5,"I don't think uncomfortable in this context is referring to either party on screen, but rather the general vibe a viewer would feel while watching. ",https://www.youtube.com/watch?v=CPJowXgH3YU/dp4i4r5/,-0.17,0.022374803,0.001015663,0.014839902,0.00327431,0.00979289,0.006874025,1509416159.0,4,0,0,supersecretaqua,221.0,0.0,6.0,15086.0,15313.0
79nh8k,dp4if0p,"I think it's only *uncomfortable* if you don't realise it's a bit.

It does feel like Zach was unaware of what was going on initially, but quickly realises and commits to it as well.",https://www.youtube.com/watch?v=CPJowXgH3YU/dp4if0p/,-0.292,0.028149333,0.001044273,0.018255826,0.003496297,0.013478912,0.006634528,1509416461.0,7,0,0,thatguywiththemousta,0.0,0.0,,,0.0
79nh8k,dp4lne1,Zach's in on the joke...,https://www.youtube.com/watch?v=CPJowXgH3YU/dp4lne1/,-0.667,0.1100022,0.001707077,0.016752819,0.002210622,0.05144889,0.006686311,1509420013.0,1,0,0,WarshTheDavenport,0.0,0.0,,,0.0
79nh8k,dp4nfg7,"You choose to put that apostrophe in. You see what you want to see, I think.",https://www.youtube.com/watch?v=CPJowXgH3YU/dp4nfg7/,-0.292,0.06184035,0.001649857,0.017504321,0.004365747,0.020837102,0.007780228,1509422276.0,3,0,0,lizardscum,10.0,0.0,,,10.0
79nh8k,dp4px31,"Didn't seem like he was ""beaten"" at anything and it also wasn't particularly ""uncomfortable.""

Just a mildly comedic interview. That's it. Whats up with your title OP?",https://www.youtube.com/watch?v=CPJowXgH3YU/dp4px31/,-0.089,0.11078331,0.002880096,0.020100424,0.003292809,0.033570543,0.013579931,1509426157.0,3,0,0,LovableContrarian,9701.0,235.0,,,9936.0
79nh8k,dp4sa5l,Misleading headline ugh I hate you,https://www.youtube.com/watch?v=CPJowXgH3YU/dp4sa5l/,0.188,0.6863638,0.16960317,0.32299677,0.17769934,0.48484445,0.06626215,1509431177.0,1,0,0,abbacore,0.0,0.0,235.0,1904.0,2139.0
79nh8k,dp4tvqy,"this isnt uncomfortable, this is two comedians who are playing a game",https://www.youtube.com/watch?v=CPJowXgH3YU/dp4tvqy/,-0.396,0.11336674,0.003108978,0.03189224,0.007103588,0.033239998,0.007611934,1509435472.0,1,0,0,thepussman,1462.0,192.0,,,1654.0
79nh8k,dp4u3z1,I just tried to tell David Sedaris but his line was busy! ,https://www.youtube.com/watch?v=CPJowXgH3YU/dp4u3z1/,-0.391,0.039462693,0.001306534,0.014737424,0.003163317,0.017356457,0.007676662,1509436134.0,2,0,0,cakes1todough1,656.0,12.0,122521.0,38082.0,161271.0
79nh8k,dp4w2yk,"I can't tell if Zach is playing along, I don't know how the interviewer is keeping a straight face. .I just know I really fucking liked that interview.",https://www.youtube.com/watch?v=CPJowXgH3YU/dp4w2yk/,0.521,0.5921536,0.15443328,0.7092837,0.054763943,0.24928534,0.010395273,1509442245.0,3,0,0,Koovies,278.0,0.0,3827.0,137346.0,141451.0
79nh8k,dp4xcv0,"Doesn't seem uncomfortable, he's playing along. ",https://www.youtube.com/watch?v=CPJowXgH3YU/dp4xcv0/,-0.435,0.036162965,0.001335144,0.0157622,0.003255812,0.015264924,0.00704232,1509445972.0,1,0,0,JimminyJickers,0.0,0.0,4477.0,76.0,4553.0
79nh8k,dp52m5q,Nothing about this was uncomfortable. Zack understands whats going on here. It's a funny interview. Nothing awkward about it. ,https://www.youtube.com/watch?v=CPJowXgH3YU/dp52m5q/,-0.167,0.03357032,0.00123024,0.018187506,0.003403803,0.014048916,0.006990537,1509455952.0,1,0,0,Hieillua,2345.0,164.0,86644.0,457131.0,546284.0
79nh8k,dp5ikqe,"Perfect interview, want to see the movie now.",https://www.youtube.com/watch?v=CPJowXgH3YU/dp5ikqe/,-0.521,0.022139108,0.001478195,0.015523086,0.003662788,0.008975885,0.008945347,1509473319.0,1,0,0,Skeut,0.0,0.0,10.0,1.0,11.0
