post_id,comment_id,txt,url,offensiveness_score,Toxicity,Severe Toxicity,Profanity,Identity Attack,Insult,Threat,created,score,total_awards_received,controversiality,user,user_awardee_karma,user_awarder_karma,user_link_karma,user_comment_karma,user_total_karma
c5qo80,es3uz5e,"Actually, I think this is changing somewhat. 

My generation (millennial) was the generation that really got hit hard by studio internet porn. Hardcore stuff that is unrealistic in every way and shows an unhealthy relationship with sex.

But the children growing up now are growing up in an internet with vast amounts of amateur porn. Amateur porn is far more realistic and show healthier sex.

I hope I'm right about this.",https://www.reddit.com/r/AskMen/comments/c5qo80/what_is_something_you_experienced_that_your_sons//es3uz5e/,0.021,0.37751234,0.022064678,0.29209393,0.030433474,0.06529768,0.01119791,1561571186.0,9,0,0,Ayzmo,1633.0,126.0,9912.0,238072.0,249743.0
c5qo80,es3zrfv,"I was already in my teens by the time I was at that point. The first time I saw internet porn was at an adult friends house. He was in a chat room trying to get nudes. So the pic is slowly downloading and when it finally gets to the bottom she had a beer bottle shoved inside her, it was the most hardcore thing I had ever seen and it was barely 15 minutes into my first ever internet session

Also the pic was clearly not the girl he was talking to",https://www.reddit.com/r/AskMen/comments/c5qo80/what_is_something_you_experienced_that_your_sons//es3zrfv/,0.438,0.45090583,0.08859174,0.4098025,0.08087392,0.0820023,0.04233929,1561574063.0,2,0,0,[deleted],,,,,
c5qo80,es42974,"I don't have kids, but 3 things:  
\- Blowing in to a cartridge to make a game work

\- Having a homephone.

\- Slapping the TV on top to make it go on.",https://www.reddit.com/r/AskMen/comments/c5qo80/what_is_something_you_experienced_that_your_sons//es42974/,-0.146,0.07845957,0.004234314,0.04065997,0.006141644,0.012186904,0.023889944,1561575552.0,1,0,0,[deleted],,,,,
c5qo80,es45yru,"Yes, because being exposed to adults having vanilla sex is part of healthy childhood. 

/s",https://www.reddit.com/r/AskMen/comments/c5qo80/what_is_something_you_experienced_that_your_sons//es45yru/,0.354,0.49139655,0.059217658,0.36230123,0.08087392,0.113185234,0.045895394,1561577810.0,-3,0,0,throughthegreystone,0.0,0.0,12.0,2592.0,2604.0
c5qo80,es4sb22,having to wait X number of days until a new episode or cartoon came out.,https://www.reddit.com/r/AskMen/comments/c5qo80/what_is_something_you_experienced_that_your_sons//es4sb22/,-0.688,0.024613906,0.00125885,0.01620627,0.0034593,0.009184887,0.008207439,1561592590.0,1,0,0,John_e_caspar,0.0,0.0,32.0,1889.0,1921.0
c5qo80,es4spc4,"Existing, probably.

But among that, knowing when your internet connection is going to drop based on the pitch of the dial-up modem.


That feeling as you push the cassette into the VCR.


And having to wait forever for a movie to come out.",https://www.reddit.com/r/AskMen/comments/c5qo80/what_is_something_you_experienced_that_your_sons//es4spc4/,-0.271,0.015707577,0.000901222,0.012175481,0.001701901,0.007873878,0.00789674,1561592885.0,1,0,0,StandardIssuWhiteGuy,0.0,0.0,16.0,51258.0,51274.0
c5qo80,es4x1d3,It’s awesome for parallel parking.,https://www.reddit.com/r/AskMen/comments/c5qo80/what_is_something_you_experienced_that_your_sons//es4x1d3/,-0.667,0.010995304,0.000810623,0.010723713,0.001627906,0.006980873,0.006809296,1561596139.0,3,0,0,Icandothemove,1054.0,0.0,683.0,256399.0,258136.0
c5qo80,es4yyw4,"Networking without the use of electronics.

&#x200B;

I had a ton of friends as a kid. Always knew about all the parties, concerts, and other get togethers. 

&#x200B;

Electronics make my kids more solitary.",https://www.reddit.com/r/AskMen/comments/c5qo80/what_is_something_you_experienced_that_your_sons//es4yyw4/,-0.319,0.016210219,0.0010252,0.013951761,0.004957713,0.007626877,0.007417747,1561597596.0,1,0,0,[deleted],,,,,
c5qo80,es557wt,"Being able to just disappear for a little bit.

In the 90s, when you weren't at home or the office you generally could not be contacted. People just had to wait until you could check your voicemails or whatever. 

Now people expect me to be reachable within seconds, anywhere in the world, day or night. If they really want to be pushy they can even get your exact location by GPS.",https://www.reddit.com/r/AskMen/comments/c5qo80/what_is_something_you_experienced_that_your_sons//es557wt/,-0.106,0.07450261,0.002498627,0.033144772,0.003940272,0.028612386,0.009981008,1561601979.0,1,0,0,screech_owl_kachina,1540.0,106.0,1332.0,302457.0,305435.0
c5qo80,es63tyx,When you’re trying to play pinball on the computer and you’re about to hit your high score and someone calls the house phone.,https://www.reddit.com/r/AskMen/comments/c5qo80/what_is_something_you_experienced_that_your_sons//es63tyx/,-0.312,0.033334624,0.001592636,0.015523086,0.002682345,0.009906891,0.011922873,1561639644.0,1,0,0,nothriftshoppers,0.0,0.0,8684.0,2065.0,10749.0
