post_id,comment_id,txt,url,offensiveness_score,Toxicity,Severe Toxicity,Profanity,Identity Attack,Insult,Threat,created,score,total_awards_received,controversiality,user,user_awardee_karma,user_awarder_karma,user_link_karma,user_comment_karma,user_total_karma
btybei,ep4itmh,Dude would shake his baby to hell,https://i.redd.it/36jtk37ogx031.png/ep4itmh/,0.417,0.6342749,0.26766825,0.42019588,0.12208464,0.36798462,0.5003284,1559040801.0,14,0,0,The_Mighty_Reddit,0.0,0.0,7260.0,6993.0,14253.0
btybei,ep51rrb,"Dude, most of these people support VERY LATE abortions, I'm sure they aren't above killing already born kids.",https://i.redd.it/36jtk37ogx031.png/ep51rrb/,0.438,0.37576625,0.023076924,0.110447146,0.051353373,0.08831572,0.41368496,1559049276.0,-40,0,0,XxMattyxX36,15.0,373.0,3419.0,24109.0,27916.0
btybei,ep6cwss,"Larry.
Fucking.
C O O K.",https://i.redd.it/36jtk37ogx031.png/ep6cwss/,0.396,0.8299589,0.48825464,0.90258646,0.053854458,0.5145894,0.018019408,1559067455.0,2,0,0,[deleted],,,,,
btybei,ep6dqnk,That's just not even true. And if you really want to get political just remember that the current Republican *president* is fucking antivax.,https://i.redd.it/36jtk37ogx031.png/ep6dqnk/,0.66,0.7510937,0.16960317,0.8117245,0.18468912,0.48484445,0.010162249,1559067731.0,8,0,0,Splatypus,0.0,0.0,1057.0,123441.0,124498.0
btybei,ep6taht,Oh boy here I go killing again,https://i.redd.it/36jtk37ogx031.png/ep6taht/,0.106,0.71760553,0.35368225,0.31761163,0.09080041,0.15627414,0.6943677,1559073299.0,3,0,0,Yorself12345,334.0,726.0,16788.0,18835.0,36683.0
btybei,ep795d9,do you think God lives in heaven because he's hiding from his own creation?,https://i.redd.it/36jtk37ogx031.png/ep795d9/,0.021,0.059727192,0.002202988,0.018597418,0.027614836,0.018065477,0.006938754,1559078859.0,2,0,0,[deleted],,,,,
btybei,ep8tmfb,"They are even trying to use vaccines as a defense in court (Adam Yuri, Elwood Sadowsky). Fucking child abusing twats.",https://i.redd.it/36jtk37ogx031.png/ep8tmfb/,0.792,0.88599813,0.45895407,0.8449782,0.22783615,0.6336687,0.13785169,1559099740.0,2,0,0,bosefius,12.0,0.0,376.0,46127.0,46515.0
btybei,epb4j21,"Or we could take out the second ""O"" and put in another ""C""? 

&#x200B;

I'm bloody sick of seeing posts from him, he's a moron.",https://i.redd.it/36jtk37ogx031.png/epb4j21/,0.542,0.78711975,0.08332442,0.41375932,0.052944973,0.7827088,0.023199292,1559137647.0,2,0,0,Imaginary_Art3mis,0.0,0.0,1671.0,14153.0,15824.0
btybei,epgg4oo,I think I just popped a blood vessel in my brain I'm so mad right now.,https://i.redd.it/36jtk37ogx031.png/epgg4oo/,0.062,0.32236105,0.019611536,0.20700185,0.020781586,0.06757036,0.13815513,1559212940.0,2,0,0,[deleted],,,,,
