post_id,comment_id,txt,url,offensiveness_score,Toxicity,Severe Toxicity,Profanity,Identity Attack,Insult,Threat,created,score,total_awards_received,controversiality,user,user_awardee_karma,user_awarder_karma,user_link_karma,user_comment_karma,user_total_karma
66m4c1,dgjkrbx,Good thing average citizens don't have corporate lobbyists to worry about ;),https://motherboard.vice.com/en_us/article/canada-just-ruled-to-uphold-net-neutrality/dgjkrbx/,-0.354,0.034277402,0.000891686,0.012517073,0.004624732,0.017807651,0.006136116,1492739062.0,2625,0,0,Katarac,0.0,19.0,277.0,30880.0,31176.0
66m4c1,dgjunkm,Seeing PragerU and Koch funded Youtube ads makes my blood boil sometimes.,https://motherboard.vice.com/en_us/article/canada-just-ruled-to-uphold-net-neutrality/dgjunkm/,-0.188,0.29405528,0.012283325,0.0816113,0.019475231,0.082619295,0.046541955,1492754556.0,2,0,0,Aelius_Galenus,0.0,0.0,473.0,5685.0,6158.0
66m4c1,dgjv4uz,"That is not what lobbyists do. Stop hating lobbyists, that idea is dangerous as fuck",https://motherboard.vice.com/en_us/article/canada-just-ruled-to-uphold-net-neutrality/dgjv4uz/,0.521,0.85850734,0.3536391,0.86331284,0.12440576,0.5101222,0.03856628,1492755695.0,-6,0,1,WAtofu,338.0,0.0,,,338.0
66m4c1,dgjvbgd,"I feel like your reply is missing its second half, where you explain what they do and why the idea is dangerous. ",https://motherboard.vice.com/en_us/article/canada-just-ruled-to-uphold-net-neutrality/dgjvbgd/,-0.167,0.029327808,0.000715256,0.01084327,0.001609407,0.013668913,0.007158832,1492756152.0,25,0,0,noroom,129.0,396.0,14729.0,43764.0,59018.0
66m4c1,dgjw89j,"That's what lawmakers have staff for. To research and brief the lawmaker on policy proposals.

Why on earth would you trust the fox to educate the farmer on henhouse security? *That's* dangerous.",https://motherboard.vice.com/en_us/article/canada-just-ruled-to-uphold-net-neutrality/dgjw89j/,0.0,0.21107252,0.005912781,0.1854088,0.009915425,0.06354945,0.008298059,1492758558.0,20,0,0,ButtlickTheGreat,55.0,0.0,54.0,37646.0,37755.0
66m4c1,dgjy7yj,"Not sure if the US is one of the least democratic first-world countries, but I'd like to hope so.

Thank God. If we didn't have the Electoral College, for example, then Hillary Clinton might be President now.",https://motherboard.vice.com/en_us/article/canada-just-ruled-to-uphold-net-neutrality/dgjy7yj/,-0.106,0.044388983,0.001411438,0.013610168,0.013043936,0.01767874,0.006802823,1492764525.0,-2,0,1,mutilatedrabbit,20.0,0.0,,,20.0
66m4c1,dgjy9mg,"Or you might have Bernie.

How Clinton could be worse than trump through, that's a special kind of stupid",https://motherboard.vice.com/en_us/article/canada-just-ruled-to-uphold-net-neutrality/dgjy9mg/,0.458,0.8115627,0.023076924,0.36230123,0.031206898,0.802824,0.00866054,1492764673.0,10,0,0,[deleted],,,,,
66m4c1,dgka2oq,"Can you guys annex Colorado please? Put us under your wing until this whole trump storm blows over?
",https://motherboard.vice.com/en_us/article/canada-just-ruled-to-uphold-net-neutrality/dgka2oq/,-0.333,0.1798404,0.003986359,0.018255826,0.012842959,0.06634661,0.03649433,1492786913.0,1,0,0,Sycosys,93.0,0.0,16044.0,83562.0,99699.0
66m4c1,dgkw7bm,Time to get VPNs into Canada.,https://motherboard.vice.com/en_us/article/canada-just-ruled-to-uphold-net-neutrality/dgkw7bm/,-0.447,0.16078763,0.22753528,0.10279001,0.46256712,0.21493441,0.52348995,1492813065.0,1,0,0,guyinsunglasses,70.0,0.0,944.0,30785.0,31799.0
66m4c1,dglens2,Australia wont. We  a pariah nation like the Chinese government thats more fascist every day. ,https://motherboard.vice.com/en_us/article/canada-just-ruled-to-uphold-net-neutrality/dglens2/,0.188,0.45090583,0.023076924,0.12035047,0.46028158,0.4339631,0.009773877,1492841520.0,1,0,0,eatsleepborrow,0.0,0.0,6.0,51108.0,51114.0
66m4c1,dglri1l,"Another reason Canada is awesome!

Sincerely,

Canadian",https://motherboard.vice.com/en_us/article/canada-just-ruled-to-uphold-net-neutrality/dglri1l/,-0.521,0.01646154,0.001239777,0.012687869,0.007954539,0.008329881,0.007171778,1492873924.0,1,0,0,Snapcaster16,123.0,0.0,2.0,40105.0,40230.0
