post_id,comment_id,txt,url,offensiveness_score,Toxicity,Severe Toxicity,Profanity,Identity Attack,Insult,Threat,created,score,total_awards_received,controversiality,user,user_awardee_karma,user_awarder_karma,user_link_karma,user_comment_karma,user_total_karma
ar3bs3,egklu3g,This is Togo erasure and I won't stand for it.,https://i.redd.it/08wkvr72ttg21.jpg/egklu3g/,-0.292,0.15932569,0.004501343,0.027683776,0.018872296,0.031807642,0.010731863,1550281821.0,647,0,0,YumeNaraSamete,83.0,0.0,1918.0,44585.0,46586.0
ar3bs3,egknbr3,"I am not subbed here. It just showed up on /rising. And I see vaxx posts in every sub.

And I can't respond without waiting so",https://i.redd.it/08wkvr72ttg21.jpg/egknbr3/,-0.104,0.045378547,0.002403259,0.025360947,0.011765319,0.012452906,0.00838868,1550283158.0,-43,0,0,[deleted],,,,,
ar3bs3,egknfd8,"Balto use to be my favourite movie. Then I read about Togo. Now I am confused.

In the end the all the sled dogs involved are heroes. But it's sad that not a lot know about Togo.",https://i.redd.it/08wkvr72ttg21.jpg/egknfd8/,-0.271,0.032391842,0.001459122,0.016821137,0.005142702,0.01465692,0.007702554,1550283248.0,345,0,0,BS0404,457.0,31.0,715.0,93480.0,94683.0
ar3bs3,egksyku,Meh. I'm not antivaxxer. Reddit teens just hate one anyone who psychologically represent their conservative Christian parents. ,https://i.redd.it/08wkvr72ttg21.jpg/egksyku/,0.062,0.33255672,0.01483436,0.13873272,0.36702603,0.16195811,0.013424582,1550288368.0,-25,0,0,[deleted],,,,,
ar3bs3,egl6cdf,I just here to see how many people call out this post being kinda historically inaccurate. There was a Balto that did run the last leg of the run to get the medicine to those children. There were other dog teams and Balto didn't even run the longest stretch.,https://i.redd.it/08wkvr72ttg21.jpg/egl6cdf/,-0.188,0.112746716,0.003147125,0.026180768,0.00899048,0.061451588,0.008531082,1550305478.0,3,0,0,shinethief,47.0,0.0,396.0,7773.0,8216.0
ar3bs3,eglbkry,Balto didn’t do shit and can go fuck himself,https://i.redd.it/08wkvr72ttg21.jpg/eglbkry/,0.875,0.911035,0.5344867,0.7888968,0.11396073,0.6099415,0.2836219,1550315373.0,0,0,1,AnEnemyStando,1107.0,12.0,,,1119.0
ar3bs3,egluzax,I fucking love this tweet ,https://i.redd.it/08wkvr72ttg21.jpg/egluzax/,0.125,0.568186,0.12019568,0.7673477,0.02128403,0.11797678,0.009178371,1550337519.0,3,0,0,ToneBone12345,137.0,0.0,10644.0,48285.0,59066.0
