post_id,comment_id,txt,url,offensiveness_score,Toxicity,Severe Toxicity,Profanity,Identity Attack,Insult,Threat,created,score,total_awards_received,controversiality,user,user_awardee_karma,user_awarder_karma,user_link_karma,user_comment_karma,user_total_karma
9qnyc8,e8aosmm,This pleases Jeff “KEEBLER AS FUCK” Sessions,https://www.cbc.ca/news/canada/new-brunswick/cannabis-packaging-excess-1.4870682/e8aosmm/,0.766,0.8988238,0.45895407,0.87472564,0.07177465,0.5130944,0.019228047,1540303026.0,-5,0,1,Risley,1539.0,0.0,14490.0,693960.0,709989.0
9qnyc8,e8av0gx,I'm still gonna keep an eye on it...,https://www.cbc.ca/news/canada/new-brunswick/cannabis-packaging-excess-1.4870682/e8av0gx/,-0.479,,,,,,,1540308557.0,1,0,0,[deleted],,,,,
9qnyc8,e8b1uuy,"I go to rocky road and thats what i was told. Thats awesome some places still take them tho, they build up over time. I was told its the language of the bill that makes its interpretion up for question. (You can't bring thc products in the store unless you're a licensed merch) So if its insides are covered in keif its up for debate or something like that. I usually get a pop pill bottle the size that matchs w/e weight i want.",https://www.cbc.ca/news/canada/new-brunswick/cannabis-packaging-excess-1.4870682/e8b1uuy/,0.022,0.04711028,0.002555847,0.030389199,0.007954539,0.020063626,0.008207439,1540314111.0,8,0,0,WellThatsDecent,71.0,0.0,2014.0,21226.0,23311.0
9qnyc8,e8cbk9z,Why don't they just use paper?,https://www.cbc.ca/news/canada/new-brunswick/cannabis-packaging-excess-1.4870682/e8cbk9z/,-0.583,0.030859824,0.001182556,0.012995303,0.003126319,0.011844902,0.007275343,1540354579.0,1,0,0,roborobert123,53.0,0.0,358.0,51600.0,52011.0
9qnyc8,e8cky1a,I want to get wasted AND pretend I'm helping,https://www.cbc.ca/news/canada/new-brunswick/cannabis-packaging-excess-1.4870682/e8cky1a/,-0.167,0.42349213,0.023076924,0.21997347,0.022992345,0.086852804,0.34804323,1540371976.0,-1,0,0,[deleted],,,,,
9qnyc8,e8cs6px,the easiest solution is to grow your own. it's pretty much a bloody weed in nepal.,https://www.cbc.ca/news/canada/new-brunswick/cannabis-packaging-excess-1.4870682/e8cs6px/,-0.125,0.30539915,0.02167734,0.15812257,0.23239216,0.16551061,0.027688526,1540383946.0,1,0,0,[deleted],,,,,
