post_id,comment_id,txt,url,offensiveness_score,Toxicity,Severe Toxicity,Profanity,Identity Attack,Insult,Threat,created,score,total_awards_received,controversiality,user,user_awardee_karma,user_awarder_karma,user_link_karma,user_comment_karma,user_total_karma
abwrld,ed3hxg7,"Not sure if it's considered weird, but *Popular* by Nada Surf always gets me.",https://www.reddit.com/r/AskReddit/comments/abwrld/whats_the_weirdest_song_you_listen_to_that_you//ed3hxg7/,-0.574,0.03357032,0.001440048,0.022013342,0.005845661,0.014504919,0.006990537,1546457869.0,16,0,0,chickenTendiiesss,214.0,0.0,5739.0,28643.0,34596.0
abwrld,ed3i4o1,"Weird for me or weird in general? 

Weird for me would be... Last Friday Night (TGIF) by Katy Perry. That shit catchy as hell. 

Weird in general... Singing Under the Rainbow by World's End Girlfriend... Because um, Japanese Electronic Post-rock. Yeah ",https://www.reddit.com/r/AskReddit/comments/abwrld/whats_the_weirdest_song_you_listen_to_that_you//ed3i4o1/,0.0,0.568186,0.20984669,0.6370159,0.10221587,0.3388922,0.036149003,1546458016.0,13,0,0,[deleted],,,,,
abwrld,ed3iggp,The Bus is Late by Satellite High ,https://www.reddit.com/r/AskReddit/comments/abwrld/whats_the_weirdest_song_you_listen_to_that_you//ed3iggp/,-0.667,0.023553278,0.001382828,0.01490822,0.004236255,0.00983089,0.007495422,1546458257.0,3,0,0,czechhoneybee,0.0,29.0,435.0,45567.0,46031.0
abwrld,ed456mj,Kavinsky - Nightcall; literally every morning. ,https://www.reddit.com/r/AskReddit/comments/abwrld/whats_the_weirdest_song_you_listen_to_that_you//ed456mj/,-0.417,0.022846194,0.001101494,0.012790347,0.002090379,0.011084898,0.006964645,1546474064.0,1,0,0,Solkahn,199.0,0.0,1507.0,14594.0,16300.0
abwrld,ed459mp,I don’t think it’s weird at all. What’s weird is how great of a band Nada Surf turned out to be.,https://www.reddit.com/r/AskReddit/comments/abwrld/whats_the_weirdest_song_you_listen_to_that_you//ed459mp/,-0.292,0.049336795,0.001764298,0.024062896,0.007140587,0.019483518,0.007016428,1546474130.0,2,0,0,[deleted],,,,,
abwrld,ed46212,Birthday cake from the jet set future radio soundtrack. Nobody knows I like it but it’s weirdly catchy ,https://www.reddit.com/r/AskReddit/comments/abwrld/whats_the_weirdest_song_you_listen_to_that_you//ed46212/,-0.396,0.07608539,0.003509522,0.031140719,0.009471451,0.01767874,0.010757755,1546474763.0,1,0,0,PapiBIanco,349.0,1584.0,100.0,42138.0,44171.0
abwrld,ed48zli,Paranoiac Intervals/Body Dysmorphia - of Montreal,https://www.reddit.com/r/AskReddit/comments/abwrld/whats_the_weirdest_song_you_listen_to_that_you//ed48zli/,-0.312,0.06421452,0.00166893,0.013131939,0.005956655,0.028942931,0.006349722,1546477130.0,1,0,0,jeffumopolis,49.0,128.0,565.0,4828.0,5570.0
