post_id,comment_id,txt,url,offensiveness_score,Toxicity,Severe Toxicity,Profanity,Identity Attack,Insult,Threat,created,score,total_awards_received,controversiality,user,user_awardee_karma,user_awarder_karma,user_link_karma,user_comment_karma,user_total_karma
78ndl0,dovesvm,"Only if you're lucky...

EDIT: Point being, the 30% could apply to quality of life, not longevity.  :)  (I know the downvotes are because I typed actual words rather than: Haha  :D",https://www.reddit.com/r/ShittyLifeProTips/comments/78ndl0/smoke_daily_and_get_30_off_of_your_life//dovesvm/,-0.326,0.050821137,0.002441406,0.029186781,0.00569767,0.015872927,0.008129764,1508947729.0,-25,0,1,gorpie97,282.0,78.0,1025.0,93165.0,94550.0
78ndl0,doviknt,Already on it. When do I cash in?,https://www.reddit.com/r/ShittyLifeProTips/comments/78ndl0/smoke_daily_and_get_30_off_of_your_life//doviknt/,-0.562,0.019728716,0.001068115,0.013234417,0.001766648,0.008557882,0.007689608,1508951521.0,-22,0,0,Randomuser1569,0.0,0.0,3091.0,19768.0,22859.0
78ndl0,dovio8t,"I keep checking back every second and this thing is rising in upvotes like crazy

Edit: legit was at 780 upvotes when I posted this now it’s at 6k",https://www.reddit.com/r/ShittyLifeProTips/comments/78ndl0/smoke_daily_and_get_30_off_of_your_life//dovio8t/,-0.271,0.2540519,0.009422302,0.16171204,0.014752249,0.08533409,0.011146127,1508951620.0,3,0,1,Simon1106,0.0,61.0,372.0,573.0,1006.0
78ndl0,dovitu0,Ha(ck)Ha(ck) :D,https://www.reddit.com/r/ShittyLifeProTips/comments/78ndl0/smoke_daily_and_get_30_off_of_your_life//dovitu0/,-0.271,0.28548008,0.16960317,0.5318404,0.005327691,0.071116626,0.007495422,1508951777.0,-20,0,0,natyrub,90.0,0.0,555.0,18094.0,18739.0
78ndl0,dovjcs0,"Bargain. 

Edit: This sub has no sense of humour!",https://www.reddit.com/r/ShittyLifeProTips/comments/78ndl0/smoke_daily_and_get_30_off_of_your_life//dovjcs0/,-0.292,0.22177623,0.005722046,0.07255927,0.009064475,0.06617179,0.009307829,1508952302.0,-22,0,0,Havok-303,205.0,21.0,1095.0,37367.0,38688.0
78ndl0,dovje8k,If cigarette adds used dark humor.,https://www.reddit.com/r/ShittyLifeProTips/comments/78ndl0/smoke_daily_and_get_30_off_of_your_life//dovje8k/,-0.106,0.059727192,0.002098084,0.018255826,0.008028535,0.018967867,0.008362788,1508952342.0,-15,0,0,initialee,0.0,0.0,1.0,365.0,366.0
78ndl0,dovoqz3,"Can somebody do the math for me? 

If the average person lives up to age x, what is thirty percent of x and how much money do you spend on average in those years that now are cut off? Also, is there a way to determine how much the average person would have to smoke in order to die thirty years earlier than expected? 

/r/TheyDidTheMath pls, I want to be fun at parties. 

edit: I meant, mean and always will mean to say

Haha :D ",https://www.reddit.com/r/ShittyLifeProTips/comments/78ndl0/smoke_daily_and_get_30_off_of_your_life//dovoqz3/,-0.062,0.11912931,0.007019043,0.091633186,0.021083053,0.028392024,0.015602129,1508957689.0,-6,0,1,janjansohn,15.0,1231.0,8207.0,5076.0,14529.0
78ndl0,dovquax,What the fucking fuck is going on in here.,https://www.reddit.com/r/ShittyLifeProTips/comments/78ndl0/smoke_daily_and_get_30_off_of_your_life//dovquax/,0.812,0.944597,0.44969136,0.9540331,0.03223813,0.4125297,0.01101667,1508959786.0,186,0,0,[deleted],,,,,
78ndl0,dovrq7o,"Thank God another survivor.....
Quick come with me we must find shelter from this madness!
",https://www.reddit.com/r/ShittyLifeProTips/comments/78ndl0/smoke_daily_and_get_30_off_of_your_life//dovrq7o/,-0.25,0.0665887,0.001659393,0.018119188,0.00379228,0.024382202,0.008052089,1508960657.0,125,0,0,[deleted],,,,,
78ndl0,dovrz7i,Help I don‘t know where to hide,https://www.reddit.com/r/ShittyLifeProTips/comments/78ndl0/smoke_daily_and_get_30_off_of_your_life//dovrz7i/,-0.5,0.043399423,0.002632141,0.021330157,0.004957713,0.011160898,0.010887212,1508960904.0,5,0,0,_lulu_,48.0,0.0,2042.0,1301.0,3391.0
78ndl0,dovwr70,[deleted],https://www.reddit.com/r/ShittyLifeProTips/comments/78ndl0/smoke_daily_and_get_30_off_of_your_life//dovwr70/,-0.213,,,,,,,1508965746.0,5,0,0,[deleted],,,,,
78ndl0,dovxli3,"Oh god, I scrolled for a good minute trying to find an answer for what is going on...to find that 300+ responses were just garbage...",https://www.reddit.com/r/ShittyLifeProTips/comments/78ndl0/smoke_daily_and_get_30_off_of_your_life//dovxli3/,0.125,0.51869136,0.022322904,0.29209393,0.01857083,0.5130944,0.008427517,1508966650.0,30,0,0,souji_tendou,70.0,25.0,12509.0,8469.0,21073.0
78ndl0,dovxmpn,Well you've convinced me now!,https://www.reddit.com/r/ShittyLifeProTips/comments/78ndl0/smoke_daily_and_get_30_off_of_your_life//dovxmpn/,-0.375,0.032156147,0.001392365,0.016172111,0.003126319,0.012718908,0.007301235,1508966686.0,-5,0,0,[deleted],,,,,
78ndl0,dovytc2,It'll be a sad day when this sub is taken over by me_irl,https://www.reddit.com/r/ShittyLifeProTips/comments/78ndl0/smoke_daily_and_get_30_off_of_your_life//dovytc2/,-0.188,0.15048122,0.006065369,0.06796519,0.01139534,0.022512967,0.032005094,1508967976.0,2,0,0,Valjean_The_Dark_One,0.0,10.0,3986.0,98472.0,102468.0
78ndl0,dow04me,Already do. Still waiting for my discount.,https://www.reddit.com/r/ShittyLifeProTips/comments/78ndl0/smoke_daily_and_get_30_off_of_your_life//dow04me/,-0.271,0.01419965,0.000839233,0.012551232,0.001785147,0.007512876,0.007314181,1508969440.0,1,0,0,KekMustDie,0.0,0.0,410.0,3066.0,3476.0
78ndl0,dow0s6a,I hate how nerdy Reddit can be. Ruins it. Ha ha. :D,https://www.reddit.com/r/ShittyLifeProTips/comments/78ndl0/smoke_daily_and_get_30_off_of_your_life//dow0s6a/,-0.062,0.42129645,0.023076924,0.29168049,0.10221587,0.30797598,0.012647836,1508970205.0,-5,0,0,TheGhost206,50.0,0.0,6700.0,20823.0,27573.0
78ndl0,dow2ohz,You'd be crazy to pass up a bargain like this,https://www.reddit.com/r/ShittyLifeProTips/comments/78ndl0/smoke_daily_and_get_30_off_of_your_life//dow2ohz/,-0.625,0.4269174,0.014511578,0.22713706,0.008324518,0.40420914,0.010809537,1508972449.0,2,0,0,Alarid,11228.0,147.0,626423.0,2339803.0,2977601.0
78ndl0,dow2r5v,"Haha D:
Edit: Haha :D",https://www.reddit.com/r/ShittyLifeProTips/comments/78ndl0/smoke_daily_and_get_30_off_of_your_life//dow2r5v/,-0.625,,,,,,,1508972540.0,-3,0,0,thetallman02,0.0,0.0,1859.0,1398.0,3257.0
78ndl0,dow53z1,"Fuck, I should really quit smoking. It makes me feel like an idiot for doing it when I see shit like this. ",https://www.reddit.com/r/ShittyLifeProTips/comments/78ndl0/smoke_daily_and_get_30_off_of_your_life//dow53z1/,0.792,0.9029226,0.34927294,0.9342644,0.033527173,0.5130944,0.011223801,1508975439.0,2,0,0,ifuckwatermelons,0.0,0.0,,,0.0
78ndl0,dow7vfy,"I just spent about 10 minutes scrolling and upvoting all the “:D”’s 

Haha :D",https://www.reddit.com/r/ShittyLifeProTips/comments/78ndl0/smoke_daily_and_get_30_off_of_your_life//dow7vfy/,-0.468,0.10739898,0.004882813,0.04867618,0.007991537,0.019934712,0.010084574,1508978700.0,12,0,0,jasongaylord87,0.0,0.0,209.0,3574.0,3783.0
78ndl0,dowaiu3,Smoke pot daily and get 30% more out of your life.,https://www.reddit.com/r/ShittyLifeProTips/comments/78ndl0/smoke_daily_and_get_30_off_of_your_life//dowaiu3/,0.021,0.29039988,0.012703998,0.051932767,0.005808664,0.07333439,0.13815513,1508981801.0,0,0,0,NovarisLight,84.0,993.0,3954.0,28185.0,33216.0
78ndl0,dowb4bm,Every account on reddit is a bot except you.,https://www.reddit.com/r/ShittyLifeProTips/comments/78ndl0/smoke_daily_and_get_30_off_of_your_life//dowb4bm/,-0.125,0.2191003,0.004997253,0.05393682,0.0103594,0.09416737,0.008311004,1508982512.0,1,0,0,Techmoji,558.0,204.0,9238.0,150614.0,160614.0
78ndl0,dowlnxu,"Smoking actually isnt bad for you, its been debunked.",https://www.reddit.com/r/ShittyLifeProTips/comments/78ndl0/smoke_daily_and_get_30_off_of_your_life//dowlnxu/,-0.021,0.11357342,0.003814697,0.023994578,0.004032766,0.026960457,0.017328756,1508996955.0,2,0,0,dannyfantom12,0.0,0.0,930.0,26298.0,27228.0
78ndl0,downxpc,Seems like a good deal. Those end years are just pissing your savings away anyway.,https://www.reddit.com/r/ShittyLifeProTips/comments/78ndl0/smoke_daily_and_get_30_off_of_your_life//downxpc/,0.083,0.1798404,0.00377655,0.12096943,0.003089321,0.06564732,0.008077981,1509002173.0,1,0,0,ddmyssc,18.0,39.0,1566.0,15121.0,16744.0
78ndl0,dowpiah,"THAT’S NOT ALL! Each cigarette comes with the guarantee of removing 7 minutes from your student loan debt! 

Smoking in college really is just a win/win. ",https://www.reddit.com/r/ShittyLifeProTips/comments/78ndl0/smoke_daily_and_get_30_off_of_your_life//dowpiah/,-0.042,0.04834723,0.001554489,0.013439372,0.002682345,0.018001022,0.006964645,1509006462.0,0,0,0,courtzilllla,0.0,0.0,5.0,118.0,123.0
78ndl0,dowqzqq,Lol. Came outside to smoke and immediately saw this.,https://www.reddit.com/r/ShittyLifeProTips/comments/78ndl0/smoke_daily_and_get_30_off_of_your_life//dowqzqq/,-0.652,0.11150667,0.003890991,0.03189224,0.003958771,0.026315894,0.013113883,1509010730.0,1,0,0,eashpdaeh,8.0,0.0,635.0,3457.0,4100.0
78ndl0,dowrbis,cause this is a sponsored ad,https://www.reddit.com/r/ShittyLifeProTips/comments/78ndl0/smoke_daily_and_get_30_off_of_your_life//dowrbis/,-0.426,0.075294,0.00284195,0.026044132,0.005142702,0.017807651,0.007365964,1509011688.0,4,0,0,ntvirus,28.0,186.0,9069.0,9085.0,18368.0
