post_id,comment_id,txt,url,offensiveness_score,Toxicity,Severe Toxicity,Profanity,Identity Attack,Insult,Threat,created,score,total_awards_received,controversiality,user,user_awardee_karma,user_awarder_karma,user_link_karma,user_comment_karma,user_total_karma
4pxpjl,d4oo4kh,"Well, username def checks the fuck out.",https://www.reddit.com/r/AskMen/comments/4pxpjl/men_what_can_make_you_suddenly_uninterested_in//d4oo4kh/,0.479,0.8252207,0.20678867,0.89909166,0.018269362,0.34237885,0.010058682,1466954397.0,1,0,0,notsoarab,0.0,0.0,1.0,2659.0,2660.0
4pxpjl,d4osy9p,"rip, I have to do this cuz I'm mostly deaf. ",https://www.reddit.com/r/AskMen/comments/4pxpjl/men_what_can_make_you_suddenly_uninterested_in//d4osy9p/,-0.333,0.23523538,0.00907898,0.09551262,0.10221587,0.081508696,0.010576514,1466962679.0,6,0,0,Reerrzhaz,16.0,0.0,115.0,15816.0,15947.0
4pxpjl,d4ozmem,I believe it was referencing answering it multiple times because it's been answered in the past but they have forgotten.,https://www.reddit.com/r/AskMen/comments/4pxpjl/men_what_can_make_you_suddenly_uninterested_in//d4ozmem/,-0.271,0.021196328,0.000977516,0.014805742,0.004180758,0.010476895,0.007391856,1466973672.0,3,0,0,[deleted],,,,,
4pxpjl,d4p38t4,"Not just questions, if you just told me twenty minutes ago that you don't like a specific actor, if you tell me again in the same conversation I'm just gonna get pissed off. Yeah, you made your point, can we move the fuck on?",https://www.reddit.com/r/AskMen/comments/4pxpjl/men_what_can_make_you_suddenly_uninterested_in//d4p38t4/,0.583,0.7998551,0.3494667,0.8089582,0.052490227,0.40243408,0.1366716,1466979560.0,1,0,0,Turdulator,363.0,12.0,280.0,151996.0,152651.0
4pxpjl,d4pakco,"When she uses her phone while you're trying to hold a conversation. I lose interest immediately. Put the thing away. 

Understandable if it's important. Just tell me, and step away for a moment. ",https://www.reddit.com/r/AskMen/comments/4pxpjl/men_what_can_make_you_suddenly_uninterested_in//d4pakco/,-0.188,0.09915545,0.003013611,0.025907494,0.003699786,0.018001022,0.013528148,1466991988.0,2,0,0,[deleted],,,,,
4pxpjl,d4peaxu,Being an asshole to a Waiter in a restaurant.  ,https://www.reddit.com/r/AskMen/comments/4pxpjl/men_what_can_make_you_suddenly_uninterested_in//d4peaxu/,0.542,0.8299589,0.3247677,0.78491896,0.05976611,0.6675394,0.010032792,1466997565.0,3,0,0,PattonIsAGod,0.0,0.0,341.0,8618.0,8959.0
4pxpjl,d4pih0r,"Whatever made him your ex, might be coming to the fore again this time. You situation is different because of that: you two have a history. ",https://www.reddit.com/r/AskMen/comments/4pxpjl/men_what_can_make_you_suddenly_uninterested_in//d4pih0r/,0.0,0.026499467,0.000963211,0.013131939,0.002904332,0.010932897,0.006886971,1467005046.0,2,0,0,webleytempest,15.0,0.0,611.0,8063.0,8689.0
4pxpjl,d4pkb4e,"I'm probably late, but I'm uninterested when she is uninterested. I don't like the feeling that I have to be someone else, or I have to jump around her to get attention and curiousity.",https://www.reddit.com/r/AskMen/comments/4pxpjl/men_what_can_make_you_suddenly_uninterested_in//d4pkb4e/,-0.229,0.09308127,0.003299713,0.047674157,0.008250522,0.018516673,0.011715741,1467009226.0,2,0,0,GingrFattyJesusFreak,20.0,0.0,503.0,1255.0,1778.0
4pxpjl,d4pnk8j,Same thing happened with me and my ex. I lost interest so fast. ,https://www.reddit.com/r/AskMen/comments/4pxpjl/men_what_can_make_you_suddenly_uninterested_in//d4pnk8j/,-0.468,0.032391842,0.001249313,0.022013342,0.003015325,0.009222887,0.007288289,1467019095.0,2,0,0,pigs_have_flown,90.0,0.0,5782.0,30849.0,36721.0
4pxpjl,d4pqf63,Lack of intelligence regardless of how hot you are. ,https://www.reddit.com/r/AskMen/comments/4pxpjl/men_what_can_make_you_suddenly_uninterested_in//d4pqf63/,0.149,0.37751234,0.014769804,0.1719469,0.019173764,0.20434737,0.00948907,1467028408.0,2,0,0,t0pgun-,20.0,0.0,462.0,1533.0,2015.0
4pxpjl,d4pshl4,"Girl talk subjects, that don't go anywere.",https://www.reddit.com/r/AskMen/comments/4pxpjl/men_what_can_make_you_suddenly_uninterested_in//d4pshl4/,-0.062,0.1373533,0.002422333,0.025360947,0.08666438,0.03070583,0.006239682,1467033196.0,1,0,0,[deleted],,,,,
4pxpjl,d4q4e22,"It'll sound dumb considering, but the fastest ways I've lost interest is when I get the sense she is not interested. She mentions how much she likes another guy, doesn't go out of her way to engage with me, seems bored in a conversation, openly rejects me, etc.

I feel very little interest for women when it's not clear to me it's reciprocal. ",https://www.reddit.com/r/AskMen/comments/4pxpjl/men_what_can_make_you_suddenly_uninterested_in//d4q4e22/,0.146,0.3281604,0.012359619,0.26621178,0.10221587,0.26196828,0.01086132,1467050314.0,2,0,0,n00b_f00,322.0,0.0,1092.0,54653.0,56067.0
