post_id,comment_id,txt,url,offensiveness_score,Toxicity,Severe Toxicity,Profanity,Identity Attack,Insult,Threat,created,score,total_awards_received,controversiality,user,user_awardee_karma,user_awarder_karma,user_link_karma,user_comment_karma,user_total_karma
alwyx1,efhwhh8,Ok now this is epic,https://i.imgur.com/rEk2Nkr.jpg/efhwhh8/,-0.771,0.08479069,0.0050354,0.04266402,0.00588266,0.018065477,0.012078222,1548995439.0,66,0,0,Notapro0,0,116,22371.0,64170.0,86657
alwyx1,efioldr,"Genuine question, can you take out life insurance on an unvaccinated baby? I doubt insurers would take that obvious risk ",https://i.imgur.com/rEk2Nkr.jpg/efioldr/,0.0,0.025910228,0.001130104,0.011611853,0.003958771,0.00983089,0.007857903,1549028877.0,65,0,0,Brads-Brew-Lab,1213,1399,5321.0,24596.0,32529
alwyx1,efisuwt,"""Would you like to invest in our grow up plan""

""Oh ho ho ho, no thanks""",https://i.imgur.com/rEk2Nkr.jpg/efisuwt/,-0.271,0.027677942,0.00125885,0.014259194,0.003033824,0.0114269,0.006563326,1549032112.0,25,0,0,TheREexpert44,2727,2861,,,5588
alwyx1,efjb4zq,"She should want her sister keeping her kids away from hers. Unless I've got it totally mixed up, it's not the vaccinated kids who are at risk here",https://i.imgur.com/rEk2Nkr.jpg/efjb4zq/,-0.083,0.1269396,0.0050354,0.030389199,0.01857083,0.026702631,0.019055385,1549044538.0,2,0,0,RockitDanger,2422,676,2295.0,126062.0,131455
alwyx1,efkqzfm,Fuck me I laughed at that image,https://i.imgur.com/rEk2Nkr.jpg/efkqzfm/,0.562,0.9061063,0.4379392,0.90150756,0.029402243,0.28997475,0.029933142,1549086706.0,2,0,0,KinTheMeme,15,0,17.0,2028.0,2060
alwyx1,eflx0v0,"I hope boyfriend, who's presumably the child's father, realizes that he has every right (and obligation) to get HIS child vaccinated.",https://i.imgur.com/rEk2Nkr.jpg/eflx0v0/,-0.229,0.01822079,0.000991821,0.011714331,0.002460358,0.007607877,0.007586042,1549134935.0,1,0,0,Code_otter,663,0,4.0,75366.0,76033
alwyx1,efmc871,This has JUST the right amount of points,https://i.imgur.com/rEk2Nkr.jpg/efmc871/,-0.562,0.034984488,0.001964569,0.019758832,0.005549679,0.011958904,0.007844958,1549147367.0,1,0,0,Ligthur,0,185,596.0,15248.0,16029
alwyx1,efs8838,If I found out that someone in my family was planning to refuse vaccinations for their child then I would do a hell of a lot more than post memes about it on Facebook. ,https://i.imgur.com/rEk2Nkr.jpg/efs8838/,-0.104,0.34757367,0.01986976,0.31043148,0.014048826,0.09416737,0.09009721,1549354040.0,1,0,0,-CorrectOpinion-,5200,191,,,5391
