post_id,comment_id,txt,url,offensiveness_score,Toxicity,Severe Toxicity,Profanity,Identity Attack,Insult,Threat,created,score,total_awards_received,controversiality,user,user_awardee_karma,user_awarder_karma,user_link_karma,user_comment_karma,user_total_karma
ae20cn,edm2rh2,"Just imagine the response from the Right if Obama had done the same.

Party > Principles, I guess.

Sad.",https://www.theguardian.com/news/2019/jan/09/journalist-pelin-unker-sentenced-to-jail-in-turkey-over-paradise-papers-investigation/edm2rh2/,-0.167,0.063027434,0.000915527,0.010108846,0.008139528,0.025800243,0.006252628,1547008548.0,206,0,0,FreudJesusGod,766,0,62.0,603718.0,604546
ae20cn,edm34md,"It would almost be a relief if all they were after is money, because then they might actually make some responsible choices by accident.",https://www.theguardian.com/news/2019/jan/09/journalist-pelin-unker-sentenced-to-jail-in-turkey-over-paradise-papers-investigation/edm34md/,-0.362,0.020842785,0.000805855,0.012038844,0.001498413,0.008234881,0.008738215,1547008901.0,81,0,0,LordPadre,8,0,8301.0,180099.0,188408
ae20cn,edm76fq,"They do? Since when? The Democrats I see are fighting tirelessly for mental health, smart gun legislation, healthcare, education, raising taxes on the wealthy, creating new jobs for the middle class, taking care of the environment, and, yes, they find the time to treat refugees like people -- a concept foreign to Republicans when it comes to refugees... Or the poor, or the middle class, or minorities, or women, or anyone that isn't old, white, male, conservative, or a corporation...",https://www.theguardian.com/news/2019/jan/09/journalist-pelin-unker-sentenced-to-jail-in-turkey-over-paradise-papers-investigation/edm76fq/,0.17,0.20572066,0.005493164,0.029186781,0.13163337,0.09124154,0.008608758,1547013149.0,4,0,0,Lambily,341,932,6.0,67068.0,68347
ae20cn,edmbkqo,"We live in a fucked up world. There’s like fucked up shit EVERYWHERE. I feel like I could think of the most screwed up thing and think “Yeah, that’s probably happened”. It is really sad to think about.
It helps to be surrounded by really great people",https://www.theguardian.com/news/2019/jan/09/journalist-pelin-unker-sentenced-to-jail-in-turkey-over-paradise-papers-investigation/edmbkqo/,0.625,0.85333383,0.44787344,0.90862066,0.11744241,0.47787863,0.013631714,1547018966.0,2,0,0,RandomPerson9054,0,0,279.0,2807.0,3086
ae20cn,edmf0kr,"Because it's not about saving the country money, and it never has been.

It's about people with deep pockets buying the people in power. ",https://www.theguardian.com/news/2019/jan/09/journalist-pelin-unker-sentenced-to-jail-in-turkey-over-paradise-papers-investigation/edmf0kr/,-0.043,0.08716487,0.001068115,0.013507691,0.004957713,0.036104713,0.006207318,1547024626.0,19,0,0,CaffieneAndAlcohol,0,0,549.0,6788.0,7337
ae20cn,ednd959,"Hey, they didn't kill her, chop off her limbs with bone saws and dissolve the body parts in acid. What are you crying about? And even if they did all that to her, what do you think rest of the world would've done? Sell a few more newspapers, a few more ads, and move on?",https://www.theguardian.com/news/2019/jan/09/journalist-pelin-unker-sentenced-to-jail-in-turkey-over-paradise-papers-investigation/ednd959/,0.375,0.3972142,0.02425631,0.16217725,0.028886627,0.19500497,0.44942492,1547056231.0,2,0,0,buddingartist2018,0,0,,,0
ae20cn,ednfbzq,sounds like those backwards turks have done it again and thrown the wrong persons in jail,https://www.theguardian.com/news/2019/jan/09/journalist-pelin-unker-sentenced-to-jail-in-turkey-over-paradise-papers-investigation/ednfbzq/,0.375,0.4014846,0.023076924,0.17380778,0.44690517,0.24928534,0.064645745,1547057495.0,1,0,0,NayMarine,0,12,1878.0,44529.0,46419
ae20cn,ednfjxb,I’m just wondering when we take it all back people. This precious world is all of our property including the animals. What kind of brainwashed people are we when we allow these so-called elites to pillage our world and our lives,https://www.theguardian.com/news/2019/jan/09/journalist-pelin-unker-sentenced-to-jail-in-turkey-over-paradise-papers-investigation/ednfjxb/,0.042,0.2855005,0.01159668,0.13344458,0.09576365,0.22303216,0.021127338,1547057640.0,1,0,0,Raistlin01,0,0,224.0,718.0,942
