post_id,comment_id,txt,url,offensiveness_score,Toxicity,Severe Toxicity,Profanity,Identity Attack,Insult,Threat,created,score,total_awards_received,controversiality,user,user_awardee_karma,user_awarder_karma,user_link_karma,user_comment_karma,user_total_karma
7wtyaw,du3dbyw,"That's a common misconception, there was never a case in history of a donor getting sued. Plus if that were to happen they would be protected by the Food Donation Act ",https://www.reddit.com/r/AskReddit/comments/7wtyaw/how_would_you_feel_if_a_grocery_store_was_legally//du3dbyw/,-0.25,0.017718147,0.000710487,0.011389818,0.002552852,0.009450888,0.006407978,1518378928.0,4,0,1,dikubatto,63,67,,,130
7wtyaw,du3g03f,"It's not a misconception. You can be sued for anything. They're well aware that they'd win any potential lawsuit, but winning lawsuits still costs money.",https://www.reddit.com/r/AskReddit/comments/7wtyaw/how_would_you_feel_if_a_grocery_store_was_legally//du3g03f/,-0.188,0.015833238,0.000598431,0.011048226,0.001766648,0.008538882,0.007197669,1518381893.0,4,0,0,that_big_negro,70,0,153.0,9469.0,9692
7wtyaw,du3u35f,"Good Samaritan laws do not prevent suit from being filed, which costs money, and also have exceptions.

Organizations are not willing to spend the legal resources to deal with these cases. It's a 100% valid excuse. ",https://www.reddit.com/r/AskReddit/comments/7wtyaw/how_would_you_feel_if_a_grocery_store_was_legally//du3u35f/,-0.25,0.011183795,0.000510216,0.009767254,0.003015325,0.007778878,0.006077861,1518397961.0,1,0,0,SNIPE07,75,0,4728.0,18951.0,23754
7wtyaw,du3yvl5,"It always comes down to logistics. Having worked in food rescue for a few years, if there is an easy way to donate food, everyone will do it. But it's not always easy. There's often additional costs associated with it, and neither food banks nor grocery stores have excess money to absorb too many of those excess costs.

Requiring people donate food won't help. Giving them small financial incentives will. In Minnesota, we give money to our farmers to cover the cost to pick and pack the produce they would typically plow over. It's a relatively minor budget item, and it's helped get literally millions of pounds of fresh produce into the food rescue system.",https://www.reddit.com/r/AskReddit/comments/7wtyaw/how_would_you_feel_if_a_grocery_store_was_legally//du3yvl5/,-0.167,0.020960633,0.000767708,0.01261955,0.002848835,0.013858915,0.006174954,1518403756.0,1,0,0,Stingberg,48,0,1.0,65341.0,65390
7wtyaw,du4vjg0,"Not entirely on topic, but there is a huge food supplier in the North Eastern USA who for a long time donated (non-rotting, still good) food to a local food bank.

Until one day when a batch of something wasn't cooked correctly and went bad before it was served at the food bank. Unfortunately neither the food bank, nor the supplier caught this and the food was served. Many people got sick and some greedy, pushy lawyer sued the food supplier for some ridiculous amount ""on behalf of the sick folk.""

So now the supplier saves itself money by transporting all leftover food to either be sold and burned at a power plant or to be dumped.",https://www.reddit.com/r/AskReddit/comments/7wtyaw/how_would_you_feel_if_a_grocery_store_was_legally//du4vjg0/,0.021,0.31132057,0.005531311,0.08064143,0.01274247,0.33964422,0.007586042,1518455604.0,2,0,0,Lowtiercomputer,30,0,1323.0,28655.0,30008
7wtyaw,dwnwy63,"It's slowly becoming more of a mandate across the world as food wastage is on the increase and people are on the streets starving without food and other necessities. France for example has had a law for the past 2 years not permitting any wastage, all food and products that are safe to consume or utilised must be either sold or donated.",https://www.reddit.com/r/AskReddit/comments/7wtyaw/how_would_you_feel_if_a_grocery_store_was_legally//dwnwy63/,-0.292,0.056758508,0.001907349,0.017709278,0.007066591,0.024511116,0.007961469,1522651101.0,1,0,0,dallasclark84,0,0,1.0,33.0,34
