post_id,comment_id,txt,url,offensiveness_score,Toxicity,Severe Toxicity,Profanity,Identity Attack,Insult,Threat,created,score,total_awards_received,controversiality,user,user_awardee_karma,user_awarder_karma,user_link_karma,user_comment_karma,user_total_karma
boq92a,enjrk23,[removed],https://www.coloradoan.com/story/news/local/colorado/2017/12/02/colorado-iud-program-leads-decline-teen-pregnancies-abortions/916760001//enjrk23/,0.375,,,,,,,1557885074.0,231,0,0,[deleted],,,,,
boq92a,enjtuxq,I'm confused. How are women supposed to know that sex is shameful and sluts should be punished if we just let them get away with having sex that doesn't result in a mandatory birth?!,https://www.coloradoan.com/story/news/local/colorado/2017/12/02/colorado-iud-program-leads-decline-teen-pregnancies-abortions/916760001//enjtuxq/,0.458,0.6827122,0.23224801,0.64460015,0.46028158,0.54471385,0.051067904,1557886105.0,239,0,0,JadieRose,635.0,19.0,17792.0,166973.0,185419.0
boq92a,enjtv22,"Hi confused, I'm dad!",https://www.coloradoan.com/story/news/local/colorado/2017/12/02/colorado-iud-program-leads-decline-teen-pregnancies-abortions/916760001//enjtv22/,-0.587,0.07371122,0.003452301,0.029186781,0.006363631,0.021159383,0.008556974,1557886107.0,77,0,0,dadjokes_bot,140.0,0.0,256.0,64454.0,64850.0
boq92a,enjxner,"I live in the Bible belt, and none of the churches do this! As a matter of fact they celebrate sex inside the covenant of marriage!",https://www.coloradoan.com/story/news/local/colorado/2017/12/02/colorado-iud-program-leads-decline-teen-pregnancies-abortions/916760001//enjxner/,0.104,0.41168427,0.02077355,0.21456863,0.2964622,0.10440776,0.01086132,1557887742.0,0,0,0,jusBreal,0.0,0.0,4.0,-33.0,-29.0
boq92a,enk0xjx,Raised Catholic here. According to the Catholic Church birth control is a sin because there is no reason to have sex other than to procreate. It also imposes as “emotional” (?) barrier between the spouses.,https://www.coloradoan.com/story/news/local/colorado/2017/12/02/colorado-iud-program-leads-decline-teen-pregnancies-abortions/916760001//enk0xjx/,0.042,0.28674445,0.008392334,0.07708528,0.22935481,0.06337463,0.00814271,1557889163.0,2,0,0,imhereforthepuppies,1132.0,114.0,9456.0,33423.0,44125.0
boq92a,enk28o4,"Sweet! I'm very much against abortion, but I don't see why more contraceptives have easier access! As a conservative person, I'd be willing to shell my tax dollars for something like this. I don't understand why any pro-lifer would be against stuff like this.",https://www.coloradoan.com/story/news/local/colorado/2017/12/02/colorado-iud-program-leads-decline-teen-pregnancies-abortions/916760001//enk28o4/,-0.292,0.15158679,0.005111694,0.038906425,0.034042787,0.046178754,0.011612174,1557889744.0,1,0,0,Kevincs316,0.0,6.0,333.0,209.0,548.0
boq92a,enk2x1m,Someone should tell them they don't have to have sex. In fact I think we would all appreciate it if they didn't.,https://www.coloradoan.com/story/news/local/colorado/2017/12/02/colorado-iud-program-leads-decline-teen-pregnancies-abortions/916760001//enk2x1m/,0.312,0.42129645,0.018836858,0.28938356,0.016963007,0.061451588,0.044602267,1557890061.0,2,0,0,FamousSinger,0.0,0.0,,,0.0
boq92a,enk3ri1,We care more about keeping kids off welfare. Fuck the parents.,https://www.coloradoan.com/story/news/local/colorado/2017/12/02/colorado-iud-program-leads-decline-teen-pregnancies-abortions/916760001//enk3ri1/,0.702,0.9209984,0.44787344,0.902047,0.23922618,0.61794597,0.07016479,1557890434.0,1,0,0,jessicajugs,10.0,0.0,,,10.0
boq92a,enk53pz,Not in Colorado you're not!,https://www.coloradoan.com/story/news/local/colorado/2017/12/02/colorado-iud-program-leads-decline-teen-pregnancies-abortions/916760001//enk53pz/,-0.333,0.048842013,0.001373291,0.011594773,0.010137413,0.020256994,0.006291465,1557891019.0,1,0,0,FestiveVat,3509.0,261.0,16794.0,385290.0,405854.0
boq92a,enk87vf,Say it for the people in the back,https://www.coloradoan.com/story/news/local/colorado/2017/12/02/colorado-iud-program-leads-decline-teen-pregnancies-abortions/916760001//enk87vf/,-0.468,0.05651112,0.002574921,0.027000591,0.006178642,0.014960921,0.011068452,1557892367.0,1,0,0,sugarspice2nice,0.0,0.0,987.0,681.0,1668.0
boq92a,enke25n,"It's the Catholics. The official position is that God should determine when you're going to have children, not you. They also say that the rhythm method is okay and that it's wrong to try to get gay men to use condoms. It makes me think they're okay with the ineffective rhythm method in order to trick married straight couples into conceiving and that they're using the fear of STIs to try to get the rest of us to stop having sex.",https://www.coloradoan.com/story/news/local/colorado/2017/12/02/colorado-iud-program-leads-decline-teen-pregnancies-abortions/916760001//enke25n/,0.255,0.39669925,0.023076924,0.2268346,0.41222036,0.24287975,0.01254427,1557894811.0,2,0,0,[deleted],,,,,
boq92a,enkf6e3,"I grew up catholic in the 80s, and you were supposed to be anti-birth control. But everyone had only 2 kids. Hmmmmmm.",https://www.coloradoan.com/story/news/local/colorado/2017/12/02/colorado-iud-program-leads-decline-teen-pregnancies-abortions/916760001//enkf6e3/,0.146,0.15711457,0.003643036,0.019212283,0.10221587,0.034341812,0.007961469,1557895291.0,1,0,0,Coomstress,51.0,0.0,2112.0,33845.0,36008.0
boq92a,enmcbkg,"I’m getting my IUD on the 22nd. I was nervous as frick, but now I’m just glad I can get one at all! I’m still anxious, but I’m also grateful. I chose to get an IUD for a lot of reasons, and pregnancy prevention is pretty low on the list. Birth control is an integral part of women’s health care, and I challenge anyone who disagrees to some fisticuffs (or at least give women the benefit of the doubt that they can recognize their own needs and control their own bodies lmao)",https://www.coloradoan.com/story/news/local/colorado/2017/12/02/colorado-iud-program-leads-decline-teen-pregnancies-abortions/916760001//enmcbkg/,0.167,0.3302291,0.023076924,0.36230123,0.08004672,0.16053712,0.02181799,1557929948.0,10,0,0,[deleted],,,,,
boq92a,enn0d2f,"Eh, parents care and we should care, to a degree.

Sex has risks and can lead to more than just good times. I think it is prudent to educate and help mitigate the risks and bad outcomes of sex. Not just all in or all out.",https://www.coloradoan.com/story/news/local/colorado/2017/12/02/colorado-iud-program-leads-decline-teen-pregnancies-abortions/916760001//enn0d2f/,0.021,0.23343207,0.005111694,0.10549548,0.007177584,0.018774498,0.007819066,1557939169.0,1,0,0,yarsir,0.0,0.0,1.0,6598.0,6599.0
