post_id,comment_id,txt,url,offensiveness_score,Toxicity,Severe Toxicity,Profanity,Identity Attack,Insult,Threat,created,score,total_awards_received,controversiality,user,user_awardee_karma,user_awarder_karma,user_link_karma,user_comment_karma,user_total_karma
cnr3e6,ewd49jt,"Arrest them both. It should be a strict liability crime. Hire an illegal, go to jail.",https://i.redd.it/z5a4ufra6af31.png/ewd49jt/,0.25,0.3302291,0.016641939,0.041912504,0.24970764,0.13969865,0.34804323,1565294875.0,31,0,0,[deleted],,,,,
cnr3e6,ewdj880,">If they didnt' they're liable for taxes if 1099.

Then we're back to the original question.  Why aren't wee seeing employers being arrested?  Seeing that it's a federal crime to avoid paying taxes.",https://i.redd.it/z5a4ufra6af31.png/ewdj880/,-0.229,0.0926474,0.003700256,0.014566627,0.015254694,0.018258847,0.007974415,1565301729.0,2,0,0,Berkyjay,1132.0,20263.0,2219.0,60895.0,84509.0
cnr3e6,ewdl1fk,"If they are liable I doubt there'd be an arrest. An audit, a bill, but no arrest.",https://i.redd.it/z5a4ufra6af31.png/ewdl1fk/,-0.271,0.022139108,0.000834465,0.010604155,0.001914639,0.009678889,0.008945347,1565302551.0,1,0,0,hulu115delayofdeath,0.0,0.0,,,0.0
cnr3e6,ewdo165,Rich white men don't go to jail.,https://i.redd.it/z5a4ufra6af31.png/ewdo165/,0.083,0.32712606,0.010986328,0.06345607,0.3825363,0.08533409,0.011612174,1565304061.0,-1,0,1,FBMYSabbatical,902.0,8.0,12255.0,51496.0,64661.0
cnr3e6,ewf7e9i,"Dude, your retarded. Get some help.",https://i.redd.it/z5a4ufra6af31.png/ewf7e9i/,0.511,,,,,,,1565353430.0,-1,0,0,ValuableImportance,896.0,171.0,28071.0,72299.0,101437.0
cnr3e6,ewfvcj9,Immigrants are being scapegoated for the automation revolution we’re seeing.,https://i.redd.it/z5a4ufra6af31.png/ewfvcj9/,-0.083,0.1996317,0.005989075,0.02836696,0.18903255,0.05144889,0.011379151,1565368176.0,1,0,0,cooperslink,31.0,51.0,348.0,7144.0,7574.0
cnr3e6,ewfvtmr,"Isn't it illegal to ask about citizenship on job applications or job interviews? 

I'm genuinely asking.  People hiring illegals for less than living wages is an issue but if you can't really get the info what can you do.",https://i.redd.it/z5a4ufra6af31.png/ewfvtmr/,-0.167,0.04785245,0.001420975,0.011577694,0.027614836,0.017485369,0.006628056,1565368458.0,1,0,0,usrevenge,1371.0,0.0,4793.0,448559.0,454723.0
cnr3e6,ewfxwud,"If I recall correctly, they had just lost a class action suit to the employees over sexual harassment at the plant. Then the raid happened a few days later. Quite the coincidence, don't ya think?",https://i.redd.it/z5a4ufra6af31.png/ewfxwud/,-0.062,0.17631748,0.003089905,0.028503597,0.009471451,0.026444806,0.011560392,1565369674.0,1,0,0,jayphat99,431.0,89.0,2649.0,92392.0,95561.0
cnr3e6,ewye0sv,"No, it is not. Verifying employment ability status is legal, and required by law, in the US.

The law assesses a fine if you employ some who may not legally work in the country. The reality is that a lot of times the employer is given a warning and the fine is waved. Those employed tend to feel the full force of law while those who employ other walk away.",https://i.redd.it/z5a4ufra6af31.png/ewye0sv/,-0.043,0.03734144,0.001363754,0.016752819,0.005475683,0.018710041,0.007055265,1565879449.0,1,0,0,pandakahn,161.0,0.0,666.0,20200.0,21027.0
cnr3e6,ex0uby4,So a random tweet is world politics?,https://i.redd.it/z5a4ufra6af31.png/ex0uby4/,-0.208,0.023553278,0.000815392,0.011936366,0.002478856,0.010666896,0.006776932,1565922412.0,1,0,0,AngelicPringles1998,20.0,0.0,1374.0,26122.0,27516.0
cnr3e6,ex0v4ce,Its a tweet about politics. Report it and have it removed or eat a dick.,https://i.redd.it/z5a4ufra6af31.png/ex0v4ce/,0.745,0.8988238,0.35368225,0.7888968,0.06476828,0.5497792,0.28031203,1565922963.0,1,0,0,Anghellic00,0.0,0.0,,,0.0
cnr3e6,ex0xjsp,"Come on man, I wish this sub actually had world politics and not just Trump 24/7",https://i.redd.it/z5a4ufra6af31.png/ex0xjsp/,-0.146,0.08874765,0.002374649,0.025360947,0.009545447,0.024511116,0.008556974,1565924726.0,1,0,0,AngelicPringles1998,20.0,0.0,1374.0,26122.0,27516.0
