post_id,comment_id,txt,url,offensiveness_score,Toxicity,Severe Toxicity,Profanity,Identity Attack,Insult,Threat,created,score,total_awards_received,controversiality,user,user_awardee_karma,user_awarder_karma,user_link_karma,user_comment_karma,user_total_karma
bf6cm0,elbpdn7,"Yes it was ""why should a billionaire waste his time cooking when someone can do it for them?"" I wasn't attacking the idea of cooking its if you had something else you would like to do would you cook or do that thing?",https://www.reddit.com/r/AskReddit/comments/bf6cm0/you_will_get_20_million_dollars_if_you_agree_to//elbpdn7/,0.062,0.035691574,0.000987053,0.013200258,0.003533295,0.01640493,0.006861079,1555735376.0,13,0,0,Enderdude78,0.0,0.0,1376.0,8878.0,10254.0
bf6cm0,elbsp1g,"This isn't even a question of standards, this is a question of these threads always highballing the reward. It's always ""would you stop using black pepper for 3 billion dollars"" or ""would you eat your own turd for all the money in the world"". 20 million dollars is murdering money, I bet OP could have said 100k and still gotten a ton of ""yes"" responses.",https://www.reddit.com/r/AskReddit/comments/bf6cm0/you_will_get_20_million_dollars_if_you_agree_to//elbsp1g/,0.083,0.3367073,0.023076924,0.2666764,0.28034934,0.24928534,0.039602257,1555738412.0,2,0,0,MonaganX,1136.0,188.0,8510.0,464754.0,474588.0
bf6cm0,elcjlgw,THANK YOU! Someone doesn't challenge the existence of people for once,https://www.reddit.com/r/AskReddit/comments/bf6cm0/you_will_get_20_million_dollars_if_you_agree_to//elcjlgw/,-0.542,0.055768944,0.002670288,0.018665737,0.006770608,0.01465692,0.010084574,1555768279.0,1,0,0,Enderdude78,0.0,0.0,1376.0,8878.0,10254.0
bf6cm0,eleo9fe,It’s cringy but a gamer is willing to take that risk. You have no idea how many external storage things I’d get along with what would seem like thousands of games,https://www.reddit.com/r/AskReddit/comments/bf6cm0/you_will_get_20_million_dollars_if_you_agree_to//eleo9fe/,-0.292,0.15656179,0.004005432,0.06044999,0.005475683,0.035553806,0.008738215,1555828262.0,1,0,0,SoulGmaer101,0.0,0.0,819.0,996.0,1815.0
bf6cm0,elevf0r,"I mean, sucks during a job interview, but if you got a friend to take over and end the conversations you wouldn’t have to. This also applies to work meetings, as long as *you* don’t end it, it won’t work. Anyway, see you later alligator.",https://www.reddit.com/r/AskReddit/comments/bf6cm0/you_will_get_20_million_dollars_if_you_agree_to//elevf0r/,-0.042,0.5716857,0.024725812,0.5381406,0.013043936,0.40243408,0.008815889,1555840240.0,1,0,0,TheDuck369,0.0,390.0,1556.0,2092.0,4038.0
bf6cm0,elevuin,"I would rock that shit, it’s like Truman’s “If I don’t see you” catchphrase!",https://www.reddit.com/r/AskReddit/comments/bf6cm0/you_will_get_20_million_dollars_if_you_agree_to//elevuin/,0.277,0.7998551,0.20984669,0.8255558,0.058856625,0.4339631,0.016120117,1555841027.0,1,0,0,[deleted],,,,,
bf6cm0,elez8tn,Yes I look white anyways,https://www.reddit.com/r/AskReddit/comments/bf6cm0/you_will_get_20_million_dollars_if_you_agree_to//elez8tn/,-0.167,0.20102765,0.007514954,0.050930742,0.19890837,0.032799274,0.00948907,1555846789.0,1,0,0,Leo_The_Meme_Weeb,0.0,0.0,2.0,36.0,38.0
bf6cm0,elqlg87,I'm already white so it would be normal if I did this. Ez 20 mil.,https://www.reddit.com/r/AskReddit/comments/bf6cm0/you_will_get_20_million_dollars_if_you_agree_to//elqlg87/,-0.146,0.2855005,0.01483436,0.096482486,0.29798782,0.06285016,0.027170537,1556193561.0,1,0,0,Paradigm456,0.0,0.0,8.0,1616.0,1624.0
bf6cm0,ensvv2e,Fuck yes.  What kind of question is this?,https://www.reddit.com/r/AskReddit/comments/bf6cm0/you_will_get_20_million_dollars_if_you_agree_to//ensvv2e/,0.646,0.8696708,0.3532795,0.91513264,0.01857083,0.29855028,0.009825659,1558034140.0,1,0,0,[deleted],,,,,
