post_id,comment_id,txt,url,offensiveness_score,Toxicity,Severe Toxicity,Profanity,Identity Attack,Insult,Threat,created,score,total_awards_received,controversiality,user,user_awardee_karma,user_awarder_karma,user_link_karma,user_comment_karma,user_total_karma
77evrr,dol8sw9,"I think the point is to avoid terrorist attacks. Not sure it has much to do with women, tbh.",https://www.thestar.com/news/canada/2017/10/18/quebec-lawmakers-vote-in-favour-of-religious-neutrality-bill-banning-face-coverings.html/dol8sw9/,0.188,0.14429577,0.004692078,0.037904397,0.11512129,0.02657372,0.024580594,1508425018.0,11,0,0,tameasp,0.0,0.0,1415.0,12621.0,14036.0
77evrr,doljsfy,I personally disagree with the concept as well. But this law dictating what we can't wear in public just doesn't seem like the way to handle it. All it does is isolates a vulnerable group even further.,https://www.thestar.com/news/canada/2017/10/18/quebec-lawmakers-vote-in-favour-of-religious-neutrality-bill-banning-face-coverings.html/doljsfy/,-0.042,0.022964042,0.001120567,0.013917602,0.004587734,0.009678889,0.008129764,1508436127.0,3,0,0,ShotgunSenorita,156.0,118.0,3563.0,7998.0,11835.0
77evrr,dolprj0,"Wow people.....
They never said the ban was imposed due to religion.
Everyone bringing up the islamic religion is providing their own information to the fight. 
Legally I can walk around completely covered up head to toe and wear a mask on top of that and eventually I guarantee somebody would complain and ask me to stop because it made them feel unsafe or whatever. 
It's human nature to feel threatened by someone who decides to cover their face. 

I'm not saying I agree with the ban but the comments are ridiculous and completely missing the point. ",https://www.thestar.com/news/canada/2017/10/18/quebec-lawmakers-vote-in-favour-of-religious-neutrality-bill-banning-face-coverings.html/dolprj0/,0.043,0.22579013,0.007171631,0.041912504,0.21668483,0.07333439,0.029933142,1508442160.0,4,0,0,DarthAK47,696.0,278.0,5955.0,26395.0,33324.0
77evrr,dolqya5,Let the shit show begin!,https://www.thestar.com/news/canada/2017/10/18/quebec-lawmakers-vote-in-favour-of-religious-neutrality-bill-banning-face-coverings.html/dolqya5/,0.646,0.8629672,0.2847981,0.84506536,0.046159767,0.4596616,0.017846745,1508443466.0,2,0,0,nateofallnates,377.0,0.0,9566.0,31197.0,41140.0
77evrr,dolrxji,"That's fine, I don't want them to feel attacked. The only way to make them feel like a part of the group is to treat them like anybody else. If we continue to exempt them from the rules of our society because of where they're from or religious reasons that will actually separate them from us further. ",https://www.thestar.com/news/canada/2017/10/18/quebec-lawmakers-vote-in-favour-of-religious-neutrality-bill-banning-face-coverings.html/dolrxji/,-0.312,0.11398677,0.00459671,0.04592061,0.06249457,0.031146556,0.034422375,1508444557.0,2,0,0,SableLungs,0.0,0.0,1.0,7106.0,7107.0
77evrr,dolt44h,The meaning behind it is good but all it’s going to do is ban women who wear these things for their religion to use the bus and what not. ,https://www.thestar.com/news/canada/2017/10/18/quebec-lawmakers-vote-in-favour-of-religious-neutrality-bill-banning-face-coverings.html/dolt44h/,-0.146,0.13908891,0.003318787,0.017914234,0.14875233,0.02373764,0.009230154,1508445807.0,4,0,0,TheTarasenkshow,306.0,96.0,722.0,55084.0,56208.0
77evrr,dolvfto,The hell is Carey Price going to do now???,https://www.thestar.com/news/canada/2017/10/18/quebec-lawmakers-vote-in-favour-of-religious-neutrality-bill-banning-face-coverings.html/dolvfto/,0.043,0.50789946,0.02430326,0.44431314,0.025203101,0.344702,0.014911477,1508448322.0,2,0,0,[deleted],,,,,
77evrr,dolx7xm,"...because they are the only population running around hiding their faces, aside from antifa. IJFS.",https://www.thestar.com/news/canada/2017/10/18/quebec-lawmakers-vote-in-favour-of-religious-neutrality-bill-banning-face-coverings.html/dolx7xm/,0.25,0.10002319,0.002403259,0.013883443,0.009434453,0.029714199,0.009540852,1508450344.0,1,0,0,tameasp,0.0,0.0,1415.0,12621.0,14036.0
77evrr,dolxhhe,"Banning the face coverings will MAKE HUGE SOCIETAL CHANGES! DOG;S WILL LEVITATE, MAKING WALKING EASIER AND OUR TAXES WILL GO DOWN !

these bans don't do anything except alienate people",https://www.thestar.com/news/canada/2017/10/18/quebec-lawmakers-vote-in-favour-of-religious-neutrality-bill-banning-face-coverings.html/dolxhhe/,0.234,0.20149297,0.006790161,0.021466793,0.043839492,0.07935401,0.011819307,1508450655.0,4,0,0,canadianmooserancher,160.0,0.0,,,160.0
