post_id,comment_id,txt,url,offensiveness_score,Toxicity,Severe Toxicity,Profanity,Identity Attack,Insult,Threat,created,score,total_awards_received,controversiality,user,user_awardee_karma,user_awarder_karma,user_link_karma,user_comment_karma,user_total_karma
aohx7e,eg0xw11,"Anyone remember that Samatha Bee about crisis pregnancy centers where that owner of a crisis pregnancy center stated they could have maternity clothes but no diapers because once the child was born she specifically wanted the women cut off from assistance?  

&#x200B;

Somehow I'm reminded of that just now.",http://www.wrcbtv.com/story/39930344/tennessee-bills-aim-to-let-adoption-agencies-deny-couples-based-on-religious-beliefs/eg0xw11/,0.0,0.15269235,0.005531311,0.050930742,0.037909906,0.054962315,0.010809537,1549642563.0,3202,0,0,supified,898.0,145.0,970.0,210602.0,212615.0
aohx7e,eg1a0sj,"If you’re insinuating I voted for trump, You’re wrong. I voted for Clinton I the previous election, along with split, but mostly democrat, legislators.",http://www.wrcbtv.com/story/39930344/tennessee-bills-aim-to-let-adoption-agencies-deny-couples-based-on-religious-beliefs/eg1a0sj/,-0.083,0.07054565,0.001211166,0.011902207,0.005068706,0.031256735,0.00675104,1549650961.0,5,0,1,bprowe,0.0,15.0,51.0,102.0,168.0
aohx7e,eg1adkz,"I think it's hilarious that you are trying to paint all ""religious"" people with one brush. There are both Christian and non-christian denominations that recognize same sex marriage. Your ignorance is showing.",http://www.wrcbtv.com/story/39930344/tennessee-bills-aim-to-let-adoption-agencies-deny-couples-based-on-religious-beliefs/eg1adkz/,0.167,0.55739564,0.023076924,0.12035047,0.3857254,0.5678696,0.007275343,1549651203.0,47,0,1,[deleted],,,,,
aohx7e,eg1d7xc,Controlling women and punishing them for having sex ,http://www.wrcbtv.com/story/39930344/tennessee-bills-aim-to-let-adoption-agencies-deny-couples-based-on-religious-beliefs/eg1d7xc/,0.312,0.55739564,0.07805709,0.33376193,0.40883094,0.22770336,0.33294448,1549653124.0,45,0,0,pax1,0.0,0.0,18818.0,44682.0,63500.0
aohx7e,eg1d99g,"Abortion is ""usually"" (depending on the source about half to two thirds of abortions) performed at less than 8 weeks pregnant.  The ""0-2 week fetal stage"" is actually weeks 9-11 of pregnancy.  (From weeks 0-3 of pregnancy the woman isnt pregnant yet and from weeks 4-8 the fertilized egg becomes a blastocyst and then an embryo.  It isnt a fetus until weeks 9-12)

",http://www.wrcbtv.com/story/39930344/tennessee-bills-aim-to-let-adoption-agencies-deny-couples-based-on-religious-beliefs/eg1d99g/,0.167,0.08716487,0.004463196,0.024814399,0.012441003,0.019483518,0.011922873,1549653149.0,35,0,0,FluffernutterSundae,15.0,0.0,2040.0,26442.0,28497.0
aohx7e,eg1g11z,"Here’s the thing. If a doctor is *so* Christian that they don’t want to perform abortions.....they won’t offer them. 

Gasp. 

Go to a different doctor. One that is more enlightened. 

Same as a fucking cake guy. ",http://www.wrcbtv.com/story/39930344/tennessee-bills-aim-to-let-adoption-agencies-deny-couples-based-on-religious-beliefs/eg1g11z/,0.667,0.7761081,0.34927294,0.8117245,0.48915586,0.54471385,0.024753258,1549655035.0,-21,0,0,Saucebiz,185.0,0.0,18036.0,39517.0,57738.0
aohx7e,eg1gcrx,"Freedom of religion is also freedom from religion. This is unconstitutional, or it should be.",http://www.wrcbtv.com/story/39930344/tennessee-bills-aim-to-let-adoption-agencies-deny-couples-based-on-religious-beliefs/eg1gcrx/,-0.283,0.063423134,0.001602173,0.013336895,0.04667538,0.013820915,0.007119995,1549655257.0,16,0,0,TicoTicoNoFuba,123.0,19.0,2918.0,20592.0,23652.0
