post_id,comment_id,txt,url,offensiveness_score,Toxicity,Severe Toxicity,Profanity,Identity Attack,Insult,Threat,created,score,total_awards_received,controversiality,user,user_awardee_karma,user_awarder_karma,user_link_karma,user_comment_karma,user_total_karma
5gysjy,daw3a66,Maybe you'll want my idea: I'm gonna drink.,https://www.reddit.com/r/AskMen/comments/5gysjy/what_are_you_guys_doing_for_new_years_eve_this//daw3a66/,-0.354,,,,,,,1481098733.0,7,0,0,aseiden,147,11,794.0,74120.0,75072
5gysjy,daw3crm,"That was already on my list of things to do!  Actually, I just started my list now.  Drinking is #1.",https://www.reddit.com/r/AskMen/comments/5gysjy/what_are_you_guys_doing_for_new_years_eve_this//daw3crm/,-0.37,0.04067813,0.002365112,0.025907494,0.006511623,0.013820915,0.009644418,1481098947.0,2,0,0,love_to_sleep_in,0,0,185.0,34531.0,34716
5gysjy,daw4gma,no fucking clue but i dont work that day so yay!,https://www.reddit.com/r/AskMen/comments/5gysjy/what_are_you_guys_doing_for_new_years_eve_this//daw4gma/,0.543,0.8629672,0.34962174,0.902047,0.017465452,0.34101152,0.009540852,1481102457.0,2,0,0,Satherton,140,0,924.0,139941.0,141005
5gysjy,dawqk3j,as a recently single dude: probably going to bed at ten.,https://www.reddit.com/r/AskMen/comments/5gysjy/what_are_you_guys_doing_for_new_years_eve_this//dawqk3j/,-0.208,0.11036996,0.003738403,0.044167064,0.007917541,0.016632931,0.00951496,1481138724.0,1,0,0,nrtphotos,294,22,17249.0,83315.0,100880
5gysjy,daxcq8b,"I am in my last year of college. My family has a tradition of going to dinner, seeing a movie, and then watching the ball drop in Times Square on TV. We drink champagne and bang pots and pans outside when the clock strikes 12. It's honestly my favorite yearly tradition with my family.

But with my sister and I moving out sometime this summer, this is quite possibly the last time we'll do it. I suspect some tears from my sister and I before the night is done :)",https://www.reddit.com/r/AskMen/comments/5gysjy/what_are_you_guys_doing_for_new_years_eve_this//daxcq8b/,-0.271,0.079250954,0.004177094,0.058946952,0.018269362,0.023221988,0.012440704,1481166262.0,1,0,0,Ysara,557,0,18.0,67783.0,68358
5gysjy,daxhha4,None of my friends throw a New Year's eve party.  You're lucky!!!,https://www.reddit.com/r/AskMen/comments/5gysjy/what_are_you_guys_doing_for_new_years_eve_this//daxhha4/,-0.438,0.048842013,0.001764298,0.014464149,0.006696612,0.01648093,0.007961469,1481173320.0,1,0,0,love_to_sleep_in,0,0,185.0,34531.0,34716
5gysjy,daxipce,Why am I not surprised that someone who knows how to dam rivers would be going to a shindig? lol,https://www.reddit.com/r/AskMen/comments/5gysjy/what_are_you_guys_doing_for_new_years_eve_this//daxipce/,-0.354,0.19029272,0.006599426,0.097129054,0.005734668,0.06337463,0.010680079,1481175423.0,2,0,0,love_to_sleep_in,0,0,185.0,34531.0,34716
5gysjy,day3tor,"A shack is usually something the complete opposite of ""really fancy"".  It sounds like a really good time!",https://www.reddit.com/r/AskMen/comments/5gysjy/what_are_you_guys_doing_for_new_years_eve_this//day3tor/,-0.333,0.032156147,0.001316071,0.016616182,0.002460358,0.012870909,0.006964645,1481217379.0,1,0,0,love_to_sleep_in,0,0,185.0,34531.0,34716
5gysjy,day54p7,"Thank you. I've always had great times there. It will be my first time celebrating this way, I'm optimist ;).
",https://www.reddit.com/r/AskMen/comments/5gysjy/what_are_you_guys_doing_for_new_years_eve_this//day54p7/,-0.5,0.014576632,0.001335144,0.015488927,0.004606233,0.007759878,0.008116818,1481218870.0,1,0,0,kumesana,0,0,,,0
