post_id,comment_id,txt,url,offensiveness_score,Toxicity,Severe Toxicity,Profanity,Identity Attack,Insult,Threat,created,score,total_awards_received,controversiality,user,user_awardee_karma,user_awarder_karma,user_link_karma,user_comment_karma,user_total_karma
9nldf7,e7n3okp,"**Attention! [Serious] Tag Notice**

* Jokes, puns, and off-topic comments are not permitted in **any** comment, parent or child.

* Parent comments that aren't from the target group will be removed, along with their child replies. 

* Report comments that violate these rules.

Posts that have few relevant answers within the first hour, and posts that are not appropriate for the [Serious] tag will be removed. Consider doing an AMA request instead.

Thanks for your cooperation and enjoy the discussion!


*I am a bot, and this action was performed automatically. Please [contact the moderators of this subreddit](/message/compose/?to=/r/AskReddit) if you have any questions or concerns.*",https://www.reddit.com/r/AskReddit/comments/9nldf7/adults_with_adhd_what_are_some_strategies_you_use//e7n3okp/,-0.083,0.075294,0.003509522,0.03915693,0.012061302,0.022964163,0.015602129,1539359088.0,1,0,0,AutoModerator,2415131.0,0.0,1000.0,1000.0,2417131.0
9nldf7,e7n3x3f,"Set an alarm at 15 minute intervals for like over 2 hours 

Edit:I tried “alarmy” as  u/crimsonfury73  suggested. I got out of bed after the first alarm. (I set mine to 100 hard shakes and 3 rounds of difficult memory game)",https://www.reddit.com/r/AskReddit/comments/9nldf7/adults_with_adhd_what_are_some_strategies_you_use//e7n3x3f/,-0.292,0.02685301,0.001888275,0.020578653,0.004421244,0.008633883,0.009566744,1539359290.0,426,0,0,the_rows_away,0.0,0.0,384.0,4717.0,5101.0
9nldf7,e7npf1b,"Haha, luckily it doesn’t happen often as I work nights. But when I do have to get up early, I get paranoid and set a few alarms lol",https://www.reddit.com/r/AskReddit/comments/9nldf7/adults_with_adhd_what_are_some_strategies_you_use//e7npf1b/,-0.375,0.1373533,0.004482269,0.07191269,0.008102531,0.03312982,0.009204263,1539377558.0,9,0,0,NIceTryTaxMan,55.0,0.0,1431.0,17577.0,19063.0
9nldf7,e7npmp8,"ahh my boyfriend and I work the same schedule basically but he always has his alarm for earlier than mine because ideally he would like to wake up at 6-6:30 (mine is for 7 usually)... there have been so many times where he just snoozes for 15,20,30 minutes! a few times it's been a whole hour.. I'm a super light sleeper so I would wake up every single time. we've gotten into arguments about it lol he's getting much better now and also I've just mostly given up and wake up earlier. LOL.",https://www.reddit.com/r/AskReddit/comments/9nldf7/adults_with_adhd_what_are_some_strategies_you_use//e7npmp8/,-0.188,0.119997114,0.00705719,0.11725569,0.009249465,0.031917825,0.009851551,1539377756.0,12,0,0,metoothanks__,80.0,0.0,2085.0,43013.0,45178.0
9nldf7,e7npopg,"Yeah, if I know she gets to sleep in and I have to strike up the alarm-band, sometimes I’ll just crash on the couch",https://www.reddit.com/r/AskReddit/comments/9nldf7/adults_with_adhd_what_are_some_strategies_you_use//e7npopg/,-0.229,0.3389984,0.023076924,0.20808282,0.018269362,0.03522326,0.34804323,1539377808.0,4,0,0,NIceTryTaxMan,55.0,0.0,1431.0,17577.0,19063.0
9nldf7,e7npuvh,it's extra frustrating on the weekends when I get to sleep in!! half the time I cant fall back asleep because I get hit with the anxiety of all the things I have to do and everything I procrastinate on... hahaahahahaa..ahahaa...............,https://www.reddit.com/r/AskReddit/comments/9nldf7/adults_with_adhd_what_are_some_strategies_you_use//e7npuvh/,-0.404,0.13561769,0.004634857,0.032643758,0.003126319,0.025542418,0.008971239,1539377968.0,4,0,0,metoothanks__,80.0,0.0,2085.0,43013.0,45178.0
9nldf7,e7nq9en,This is exactly what i do and this is exactly what happens ,https://www.reddit.com/r/AskReddit/comments/9nldf7/adults_with_adhd_what_are_some_strategies_you_use//e7nq9en/,-0.426,0.041915078,0.003108978,0.022833163,0.006511623,0.010742896,0.013269233,1539378354.0,1,0,0,jhpb93,0.0,0.0,200.0,7797.0,7997.0
9nldf7,e7ny79w,"Multiple alarms. If you're prescribed medication, take it on the first alarm. You'll slowly wake up and become more focused. Honestly, it's just a battle of will. Good luck! Hope this helps. :)",https://www.reddit.com/r/AskReddit/comments/9nldf7/adults_with_adhd_what_are_some_strategies_you_use//e7ny79w/,-0.478,0.015770407,0.000863075,0.011441057,0.002145876,0.008006879,0.007819066,1539386276.0,2,0,0,[deleted],,,,,
9nldf7,e7okof2,"I set my  first alarm to 30 minutes before I need to wake up, and I take my Ritalin. I dont even turn on the lights, I just grab it, swallow it, back to sleep.
When the alarm to wake up comes on, the ritalin is kicking in and it's much easier. Then I sit up and I loudly proclaim ""yeeeah baby!"",like Ronnie Coleman about to do a set,  cause a guy once told me to do that when I woke up to just boost my energy and morale and it works.",https://www.reddit.com/r/AskReddit/comments/9nldf7/adults_with_adhd_what_are_some_strategies_you_use//e7okof2/,-0.25,0.09394901,0.004997253,0.07676199,0.005734668,0.022061773,0.013113883,1539416682.0,1,0,0,Minsc_and_Boo_,271.0,0.0,5581.0,126700.0,132552.0
9nldf7,e7okose,"I’ll set an alarm an hour before I have to start getting ready and as soon as the alarm goes off I get out of bed, turn on the lights, make coffee, and go back to bed. It’s way easier to get out of bed when you know your going to get back in. Then I have an alarm go off another 30 min after I’ve gotten back in bed by which time my coffee has cooled off enough and I drink it while I go through social media/reddit/news apps on my phone until it’s time to start getting ready. Sometimes I play music as well as it really helps wake me up. ",https://www.reddit.com/r/AskReddit/comments/9nldf7/adults_with_adhd_what_are_some_strategies_you_use//e7okose/,-0.292,0.03875561,0.002536774,0.043165036,0.004236255,0.013706914,0.010032792,1539416704.0,1,0,0,myotherbikeisabike,0.0,0.0,13.0,1302.0,1315.0
9nldf7,e7ovbtc,I try to have a have a treat waiting for me in the morning. Normally a breakfast food that i can look forward to,https://www.reddit.com/r/AskReddit/comments/9nldf7/adults_with_adhd_what_are_some_strategies_you_use//e7ovbtc/,-0.458,0.028856417,0.002193451,0.021945024,0.004199257,0.008804884,0.008440462,1539436970.0,1,0,0,drdegood1125,578.0,146.0,4091.0,2419.0,7234.0
9nldf7,e7pzk2u,"This is not a joke, I put the loudest possible bass boosted song I could find as my alarm clock sound. ",https://www.reddit.com/r/AskReddit/comments/9nldf7/adults_with_adhd_what_are_some_strategies_you_use//e7pzk2u/,-0.438,0.06184035,0.002374649,0.02344803,0.004217756,0.01648093,0.009722093,1539476334.0,1,0,0,ctrlzaltdelete,55.0,118.0,8422.0,1470.0,10065.0
9nldf7,e9drgif,"I take my concerta tablets half an hour before I need to get up - I'll even go back to sleep after taking them if I can.

Be careful not to take them if you wake up in the night. I leave my alarm literally on top of the glass I keep my tablets in so I can't skip checking the time. 

",https://www.reddit.com/r/AskReddit/comments/9nldf7/adults_with_adhd_what_are_some_strategies_you_use//e9drgif/,-0.208,0.034041706,0.001468658,0.021056883,0.001812895,0.013934915,0.008608758,1541796921.0,1,0,0,HowToGrow101,91.0,31.0,1482.0,147.0,1751.0
9nldf7,eaiele1,"OP, I also have ADHD and was actually looking for r/ADHD when I came across your post. Download the Alarmy app, it's free. I have it set to scan a barcode. I am a deep sleeper, and I have been known to turn off my phone and snooze alarms in my sleep (this app stops you from doing either one). Alarmy is the only way I can get up on time. ",https://www.reddit.com/r/AskReddit/comments/9nldf7/adults_with_adhd_what_are_some_strategies_you_use//eaiele1/,-0.167,0.09351514,0.005950928,0.0715894,0.009915425,0.0233509,0.010731863,1543251214.0,1,0,0,sprizzle06,2204.0,3970.0,11876.0,22921.0,40971.0
9nldf7,ec3vhcm,"I set an alarm with my old phone on the other side of the room. It gets really loud so I have to get up to stop it. I also need to solve maths problems to turn of the alarm, after all this I'm usually in awake mode.

I also make sure the alarm goes off after about 8h so I get a full nights sleep.",https://www.reddit.com/r/AskReddit/comments/9nldf7/adults_with_adhd_what_are_some_strategies_you_use//ec3vhcm/,-0.149,0.044883765,0.003185272,0.039657943,0.006585619,0.014504919,0.012233571,1545220450.0,1,0,0,The_Magic_Duck,0.0,0.0,6.0,63.0,69.0
