post_id,comment_id,txt,url,offensiveness_score,Toxicity,Severe Toxicity,Profanity,Identity Attack,Insult,Threat,created,score,total_awards_received,controversiality,user,user_awardee_karma,user_awarder_karma,user_link_karma,user_comment_karma,user_total_karma
48rqdr,d0ly13k,"Laugh at me then tell all her friends when I admitted to liking her (who then told everyone else that they could), then asking me if I was mad at her and if we were still friends after the fact.",https://www.reddit.com/r/AskMen/comments/48rqdr/what_is_the_most_humiliating_thing_a_woman_has//d0ly13k/,-0.085,0.10002319,0.002613068,0.031391226,0.005586676,0.021352753,0.00915248,1457009769.0,71,0,0,mashonem,4693.0,231.0,61109.0,421892.0,487925.0
48rqdr,d0lyg6z,"One night she got pissed at me and went into great detail about how her ex was hung like a porn star and he hit all the right spots that my dick just couldn't touch and how she fantasized about him when we had sex etc etc. At that time I was very inexperienced and I was very insecure about myself sexually, so this did a number on me. I was totally devastated, she had confirmed every fear and insecurity I had about myself. ",https://www.reddit.com/r/AskMen/comments/48rqdr/what_is_the_most_humiliating_thing_a_woman_has//d0lyg6z/,0.5,0.7252971,0.35368225,0.68353343,0.1064171,0.31740165,0.09316374,1457010839.0,531,0,0,[deleted],,,,,
48rqdr,d0lyvcj,"Judging by your username, I'm guessing you broke up with her but still miss her to this day.",https://www.reddit.com/r/AskMen/comments/48rqdr/what_is_the_most_humiliating_thing_a_woman_has//d0lyvcj/,-0.152,0.19986437,0.006294251,0.048175167,0.010507392,0.06250052,0.011482717,1457011823.0,147,0,0,digbick117,0.0,0.0,5886.0,14231.0,20117.0
48rqdr,d0lz3qm,"Thankfully, my self esteem has never been *that* low.",https://www.reddit.com/r/AskMen/comments/48rqdr/what_is_the_most_humiliating_thing_a_woman_has//d0lz3qm/,-0.333,0.024613906,0.000910759,0.017504321,0.003866276,0.0113889,0.005971058,1457012349.0,19,0,0,mashonem,4693.0,231.0,61109.0,421892.0,487925.0
48rqdr,d0m4xcp,What was the situation? I'm confused as to how things could get there... Were you just not interested in her?,https://www.reddit.com/r/AskMen/comments/48rqdr/what_is_the_most_humiliating_thing_a_woman_has//d0m4xcp/,-0.553,0.033806015,0.001196861,0.017162729,0.003311308,0.011122898,0.00713294,1457021913.0,3,0,0,Monarki,180.0,0.0,17043.0,236813.0,254036.0
48rqdr,d0mknq3,Ask me if I was gay repeatedly during sex. ,https://www.reddit.com/r/AskMen/comments/48rqdr/what_is_the_most_humiliating_thing_a_woman_has//d0mknq3/,0.396,0.5559701,0.03680043,0.38203895,0.3817989,0.16817254,0.017156094,1457043151.0,2,0,0,AW2111,156.0,0.0,14055.0,80409.0,94620.0
48rqdr,d0mmpos,"Did you date my ex? Last words she spoke to me were ""WHY WONT YOU FUUUUUCK MEEEE!""",https://www.reddit.com/r/AskMen/comments/48rqdr/what_is_the_most_humiliating_thing_a_woman_has//d0mmpos/,0.604,0.85850734,0.44787344,0.8690192,0.050443888,0.40420914,0.075531214,1457046069.0,1,0,0,30_rack_of_pabst,0.0,0.0,822.0,46209.0,47031.0
48rqdr,d0mph9m,"""Eww! hell no"" \*laughing* was pretty bad.",https://www.reddit.com/r/AskMen/comments/48rqdr/what_is_the_most_humiliating_thing_a_woman_has//d0mph9m/,0.125,0.4398409,0.023364257,0.47435758,0.014450782,0.08508729,0.017674083,1457050366.0,2,0,0,Kastoli,15.0,0.0,1081.0,36246.0,37342.0
48rqdr,d0msq76,"""It's hard to fit into my mouth yet my ex-boyfriend was bigger."" While giving a blowjob...a toothy-one...even though she bragged giving good head...awkward.",https://www.reddit.com/r/AskMen/comments/48rqdr/what_is_the_most_humiliating_thing_a_woman_has//d0msq76/,0.208,0.7998551,0.23223943,0.6643082,0.034558404,0.24928534,0.019055385,1457055542.0,4,0,0,KittyHammer,0.0,0.0,175.0,46443.0,46618.0
48rqdr,d0mxkdr,"That's childish. I had to laugh. ""But I wannnnnnit!!!"" Whaaaaa. ""Give it to me nooooooowwwwww! (Snot bubble runs down chin/ feet stomping.)",https://www.reddit.com/r/AskMen/comments/48rqdr/what_is_the_most_humiliating_thing_a_woman_has//d0mxkdr/,0.0,0.19870108,0.007171631,0.09034003,0.004717227,0.03885912,0.022163315,1457062808.0,3,0,0,oasis948151,931.0,0.0,808.0,91349.0,93088.0
48rqdr,d0n8w7m,"Fuck, you're hilarious, but you're also a dick. 

But don't worry, I've learned from my early mistakes, I know my limits. There is no ""Should have done"" though, hindsight doesn't roll in the real world. 

Young me was a twat, older me, less so. ",https://www.reddit.com/r/AskMen/comments/48rqdr/what_is_the_most_humiliating_thing_a_woman_has//d0n8w7m/,0.729,0.91625386,0.45895407,0.8949436,0.22935481,0.75027496,0.027861187,1457094002.0,2,0,0,orangorilla,0.0,0.0,2933.0,37273.0,40206.0
