post_id,comment_id,txt,url,offensiveness_score,Toxicity,Severe Toxicity,Profanity,Identity Attack,Insult,Threat,created,score,total_awards_received,controversiality,user,user_awardee_karma,user_awarder_karma,user_link_karma,user_comment_karma,user_total_karma
60tjul,df96qxv,">men who cannot provide are universally unattractive

Why would that be the case?",https://www.reddit.com/r/TwoXChromosomes/comments/60tjul/women_should_stay_home_because_theyre_stealing//df96qxv/,0.042,0.22846605,0.007247925,0.056441884,0.1294935,0.07935401,0.007197669,1490177074.0,4,0,0,Uridoz,1869.0,939.0,29154.0,95411.0,127373.0
60tjul,df96qyw,"Playing the devil's advocate here the supporter doesn't have to be the husband, it could be the father/uncle/brother/son. Whoever is the ""man of the house""
For the rest they just reply with those are exceptions and you can't screw over 90% of them over it",https://www.reddit.com/r/TwoXChromosomes/comments/60tjul/women_should_stay_home_because_theyre_stealing//df96qyw/,0.021,0.36095104,0.022710243,0.2980872,0.037136484,0.26957804,0.015256803,1490177077.0,14,0,0,Foxodroid,1777.0,18.0,8088.0,66348.0,76231.0
60tjul,df96xh5,"Well classic answer 1 would be: men are always better anything else is a rare exception
2 they're getting hired only coz they're sex objects and obviously no one ever would see them as otherwise
3 you can always find a man just as qualified",https://www.reddit.com/r/TwoXChromosomes/comments/60tjul/women_should_stay_home_because_theyre_stealing//df96xh5/,0.229,0.4475325,0.02491361,0.27139977,0.39677486,0.34548226,0.027170537,1490177659.0,3,0,1,Foxodroid,1777.0,18.0,8088.0,66348.0,76231.0
60tjul,df97ef2,I think it's an evolutionary biology thing. Sex often comes with a much higher cost for females hence refusing to mate unless the males go out of their way to prove they're fit or committed like with being strong and building a nest etc,https://www.reddit.com/r/TwoXChromosomes/comments/60tjul/women_should_stay_home_because_theyre_stealing//df97ef2/,0.125,0.28425202,0.01083374,0.18786818,0.10221587,0.029273475,0.013217449,1490179100.0,3,0,0,Foxodroid,1777.0,18.0,8088.0,66348.0,76231.0
60tjul,df97hh9,"Yeah that sums everything up perfectly here

Gouverment tried to legistate equal inheritance here once and so many (mostly men hah..) just lost their shit even though islamic inheritance was the default and equality was just an option.
",https://www.reddit.com/r/TwoXChromosomes/comments/60tjul/women_should_stay_home_because_theyre_stealing//df97hh9/,0.298,0.6426206,0.16960317,0.6750904,0.4830652,0.46173862,0.015429466,1490179345.0,6,0,0,Foxodroid,1777.0,18.0,8088.0,66348.0,76231.0
60tjul,df9aj3b,"It's just an observation on my part, though I think it can be attributed to sexual selection. Until very recently a wealthy, powerful, socially dominant provider type would have boosted the probability of a woman's genes surviving.  

Would be neat to see some data on this, there's always interesting stuff to be seen in studies of human sexual selection. In 'primitive' warring cultures like the Yanomami in the Amazon there's a huge disparity in reproductive success between men who've killed and those who haven't.",https://www.reddit.com/r/TwoXChromosomes/comments/60tjul/women_should_stay_home_because_theyre_stealing//df9aj3b/,0.083,0.18364124,0.005607605,0.06546012,0.1015541,0.04383647,0.018537397,1490186264.0,2,0,1,[deleted],,,,,
60tjul,df9gzpi,"> In 'primitive' warring cultures like the Yanomami in the Amazon there's a huge disparity in reproductive success between men who've killed and those who haven't.

Could you elaborate, please?",https://www.reddit.com/r/TwoXChromosomes/comments/60tjul/women_should_stay_home_because_theyre_stealing//df9gzpi/,0.089,0.15435068,0.005226135,0.016001316,0.044612918,0.032248367,0.06561559,1490194868.0,2,0,0,Uridoz,1869.0,939.0,29154.0,95411.0,127373.0
60tjul,df9srtw," It's not just in the Arab world. I see this argument at least several times a week on reddit in threads about the economy, low wages, and job advice. Like, from young American people.",https://www.reddit.com/r/TwoXChromosomes/comments/60tjul/women_should_stay_home_because_theyre_stealing//df9srtw/,-0.128,0.031684756,0.001544952,0.02071529,0.025203101,0.010552894,0.007573096,1490207230.0,4,0,0,[deleted],,,,,
60tjul,df9tqg5,"Someone needs to tell these people their own history. 

There was a very long history of women working outside the home, especially during the Islamic Golden Age.

I really think the best way to fight back against this would be to point out that Muhammad's (PBUH) wife Khadija was a merchant who worked outside the home, namely on trade routes going to Syria and Yemen, which, considering she was based in Mecca are really long distances, especially back then. They are not going to be able to come up with an explanation that is not complete Bullcrap.

This stuff among Muslims needs to stop. It seems that most of these people have forgotten their own history. Teaching of accurate history in the Muslim World needs to be a top priority. It will help deal with this bullcrap. ",https://www.reddit.com/r/TwoXChromosomes/comments/60tjul/women_should_stay_home_because_theyre_stealing//df9tqg5/,0.396,0.16043124,0.006370544,0.044668075,0.12735364,0.060752302,0.012233571,1490208228.0,5,0,0,WhovianMuslim,274.0,101.0,375.0,43950.0,44700.0
60tjul,dfaaa87,Would they rather support me with public assistance or let me get a job?  There don't seem to be any men clambering to support me...,https://www.reddit.com/r/TwoXChromosomes/comments/60tjul/women_should_stay_home_because_theyre_stealing//dfaaa87/,-0.146,0.05304765,0.001373291,0.01442999,0.009989422,0.020192537,0.007637825,1490226892.0,1,0,0,Schnauzerbutt,1599.0,0.0,4593.0,268064.0,274256.0
60tjul,dfafo77,Men do not support women. Men support a household if they are married. Too many situations can come up where a women will have to eventually work outside the home aside from needing two cars but all other expenses that come from raising a family.  ,https://www.reddit.com/r/TwoXChromosomes/comments/60tjul/women_should_stay_home_because_theyre_stealing//dfafo77/,0.229,0.104795754,0.002222061,0.014566627,0.10221587,0.01819439,0.006427396,1490233728.0,3,0,0,[deleted],,,,,
60tjul,dfajkzy,"Not sure if someone else already posted it, but the first counter argument that comes to mind is that there will always be plenty of jobs that women are less likely to take. Ditch-digging, roofing, operating heavy machinery, welding, etc. (I mean there are some women in these professions, but they're generally more male-dominated.)",https://www.reddit.com/r/TwoXChromosomes/comments/60tjul/women_should_stay_home_because_theyre_stealing//dfajkzy/,-0.021,0.19504376,0.006027222,0.039657943,0.23618884,0.06442356,0.008867673,1490238977.0,2,0,0,[deleted],,,,,
60tjul,dfaunxp,"Yeah they don't call them property directly, the prefer the term jewels or covered candy..completely unaware that that's literally property.

But yeah that smaller brain thing is based on a hadith about women being deficient in mind and religion",https://www.reddit.com/r/TwoXChromosomes/comments/60tjul/women_should_stay_home_because_theyre_stealing//dfaunxp/,0.125,0.39021665,0.023076924,0.12815644,0.40883094,0.36798462,0.01052473,1490265798.0,1,0,0,Foxodroid,1777.0,18.0,8088.0,66348.0,76231.0
