post_id,comment_id,txt,url,offensiveness_score,Toxicity,Severe Toxicity,Profanity,Identity Attack,Insult,Threat,created,score,total_awards_received,controversiality,user,user_awardee_karma,user_awarder_karma,user_link_karma,user_comment_karma,user_total_karma
84n43k,dvr2rfm,"Yeah, Poppy is a war criminal who will never be punished. Doesn't mean all war criminals should escape punishment. That wouldn't make sense. ",https://www.reddit.com/r/worldpolitics/comments/84n43k/americans_most_russians_dont_consider_you_an//dvr2rfm/,0.104,0.3389984,0.010528564,0.033144772,0.014450782,0.36709076,0.039256934,1521137059.0,4,0,0,ridl,311,0,22553.0,47187.0,70051
84n43k,dvr2yf4,"The important operator here is the **State** of Russia. The average Russian person isn’t involved with these offenses; it is people intimately involved with the Russian governmental body that must be punished.

Unfortunately, this is difficult to achieve. Things like sanctions disproportionately affect the average Russian citizen more than the oligarchs. What is really necessary is something more along the lines of overthrow and/or assassination of those in power. ",https://www.reddit.com/r/worldpolitics/comments/84n43k/americans_most_russians_dont_consider_you_an//dvr2yf4/,0.042,0.19124292,0.008239746,0.08225787,0.11280017,0.06494803,0.10236332,1521137239.0,29,0,0,thaumielprofundus,0,0,,,0
84n43k,dvr2zyw,">As an American I want **the state of Russia** to be punished for its actions as of late.

First you say that it is not Russian people generally, but the **State of Russia** that you think should be ""punished."" 

Quickly you changed your position to say that you are okay if the ""average Russian suffers"" even though you blame ""one man."" 

>I understand most people around the world are only into their personal lives and ignores what goes on around them. This mentality is wrong in my opinion as it leads to states ignoring the will of the people. 

Do you view yourself as some kind of informed observer? You seem to be war mongering. Notice how quick you were to carelessly pronounce harm to millions of people. *This mentality that you've suggested as an alternative is wrong too.*

 


",https://www.reddit.com/r/worldpolitics/comments/84n43k/americans_most_russians_dont_consider_you_an//dvr2zyw/,0.404,0.49139655,0.23225488,0.2963245,0.50588524,0.2838064,0.2606104,1521137278.0,3,0,1,PalestineFacts,0,0,4944.0,5611.0,10555
84n43k,dvs4tdc,"The problem isn't with the people it's with the government. With the sketchiness of Crimea, a series of smoking guns relating to the election and fake news cyber crime and more recently coordinated assassinations, coupled with your leader being a Cold War era soviet spy (I believe), there has to be caution taken.",https://www.reddit.com/r/worldpolitics/comments/84n43k/americans_most_russians_dont_consider_you_an//dvs4tdc/,0.042,0.21642438,0.006332398,0.030389199,0.06249457,0.11797678,0.043309137,1521174851.0,1,0,0,treyhest,190,14,1703.0,87115.0,89022
84n43k,dvs4zgj,Give us back our elections,https://www.reddit.com/r/worldpolitics/comments/84n43k/americans_most_russians_dont_consider_you_an//dvs4zgj/,-0.271,0.039462693,0.001945496,0.015591404,0.005845661,0.012490907,0.010162249,1521175064.0,-1,0,0,gawaine73,0,0,15.0,35828.0,35843
84n43k,dvs6ywm,"I've always generally liked the Russian people, but not always their government. I  hope the same is felt towards the American people. There's a lot of great people there. There's a lot of great people here too.


When we stop being so tribalistic, and nationalistic then we can see each other as real people. We can overcome the hate.


That being said, I think real peace and friendship will require cutting out cancerous parts out of both our governments. And I see the only solution is for the people to stand up  to their governments and fight for change. We cannot fix your government, and you cannot fix ours. 

I wish us both the best. Things often get worse before they start to get better.
",https://www.reddit.com/r/worldpolitics/comments/84n43k/americans_most_russians_dont_consider_you_an//dvs6ywm/,0.064,0.11739369,0.004119873,0.04291453,0.06704199,0.05964688,0.0130621,1521177976.0,2,0,0,dczanik,53,147,3598.0,28961.0,32759
84n43k,dvs9w84,"Fuck yeah. We forget that ww2 was fought by many 18-30 year olds, and I don’t think this is any different. It’s just our war is a digital one, and we need to work together as responsible human beings to avoid another world war.

We need to take hold of this information war, and work together to eliminate propaganda so human beings have a clear view of the worlds political atmosphere.

We need to first be weary of our internal state sponsored media, most widespread propaganda is intended for its own citizens.",https://www.reddit.com/r/worldpolitics/comments/84n43k/americans_most_russians_dont_consider_you_an//dvs9w84/,0.583,0.51869136,0.14126498,0.55356324,0.08500996,0.24903896,0.06593887,1521183035.0,2,0,0,CrunchyPoem,203,1774,,,1977
84n43k,dvsg2z0,"Hate is a strong word and hard to call back. While I disagree with Putin’s policies and see him as a vertically challenged tinpot despot, he is a product of a time and place long ago grasping on to grandiose delusions of yesteryear. While he is definitely dangerous to the outside world he is more dangerous to the Russian people. They must realize that and take action in whatever way they can to neutralize his behaviour for they will suffer the consequences not Putin. ",https://www.reddit.com/r/worldpolitics/comments/84n43k/americans_most_russians_dont_consider_you_an//dvsg2z0/,0.065,0.295883,0.007362366,0.033645786,0.099072486,0.2679134,0.012699619,1521197653.0,1,0,0,Douglasracer,155,497,1.0,67244.0,67897
84n43k,dvsnml8,"As an american I have felt your exact sentiment for most of my adult life.  

It's embarrassing. ",https://www.reddit.com/r/worldpolitics/comments/84n43k/americans_most_russians_dont_consider_you_an//dvsnml8/,-0.208,0.2922276,0.004730225,0.02795705,0.057492398,0.2469859,0.00713294,1521208539.0,1,0,0,misterwizzard,864,0,2180.0,145757.0,148801
84n43k,dvsz9jr,"And how exactly have most Americans been any more proactive in taking responsibility for their governments actions?

Not sure what his idea of ""punish"" is. Sounds barbaric to me.",https://www.reddit.com/r/worldpolitics/comments/84n43k/americans_most_russians_dont_consider_you_an//dvsz9jr/,0.128,0.15766735,0.003013611,0.021603432,0.028016793,0.06302499,0.012440704,1521219579.0,1,0,0,PalestineFacts,0,0,4944.0,5611.0,10555
84n43k,dvyqs1t,Short of another revolution Russians will be stuck with Putin or his chosen successor for the foreseeable future. They’re just as fucked as the Chinese. Neither have any hope of true freedom in my lifetime (now 44). Hopefully something  we can’t currently foresee will significantly alter the course these countries are taking because both are taking us on a path to war. China with Japan and Russia with everybody else. ,https://www.reddit.com/r/worldpolitics/comments/84n43k/americans_most_russians_dont_consider_you_an//dvyqs1t/,0.292,0.45921504,0.112294696,0.44431314,0.43256098,0.4339631,0.13313138,1521498812.0,1,0,0,noggun00,55,0,182.0,15862.0,16099
