post_id,comment_id,txt,url,offensiveness_score,Toxicity,Severe Toxicity,Profanity,Identity Attack,Insult,Threat,created,score,total_awards_received,controversiality,user,user_awardee_karma,user_awarder_karma,user_link_karma,user_comment_karma,user_total_karma
bjgwly,em82sgd,"Randomise it I'd guess. If it's a 50/50 for it to be either, then it's fine.",https://www.reddit.com/r/TwoXChromosomes/comments/bjgwly/google_translate_and_gender_bias//em82sgd/,-0.438,0.025556687,0.001602173,0.017504321,0.003884775,0.009868891,0.008867673,1556718886.0,0,0,1,Rising_Swell,120.0,0.0,594.0,142076.0,142790.0
bjgwly,em87h44,“He’s a waitress” Oh,https://www.reddit.com/r/TwoXChromosomes/comments/bjgwly/google_translate_and_gender_bias//em87h44/,-0.354,0.112850055,0.003108978,0.02932342,0.011025362,0.038566336,0.00675104,1556721688.0,8,0,0,tigerdotexe,15.0,59.0,1276.0,1197.0,2547.0
bjgwly,em87nm4,he's a waitress - progress?,https://www.reddit.com/r/TwoXChromosomes/comments/bjgwly/google_translate_and_gender_bias//em87nm4/,-0.375,0.104795754,0.001831055,0.016821137,0.007510565,0.043250903,0.006136116,1556721793.0,3,0,0,kuroi27,516.0,716.0,1944.0,11869.0,15045.0
bjgwly,em8h8bu,"Why are you learning Finnish, if I may ask? It's always interesting to encounter someone who is willingly trying to learn my (difficult) language. :D",https://www.reddit.com/r/TwoXChromosomes/comments/bjgwly/google_translate_and_gender_bias//em8h8bu/,-0.604,0.08320791,0.003604889,0.031641733,0.020580608,0.019676886,0.008764107,1556727248.0,1,0,0,anupulu,53.0,16.0,1340.0,3331.0,4740.0
bjgwly,em8ku2p,I moved to Helsinki about 1.5 years ago from the US to be with my Finnish husband. And now we also have a 3 month old Finnish/American daughter too :) Learning Finnish is the biggest challenge I have ever accepted. I wish i could say I'm getting any  better,https://www.reddit.com/r/TwoXChromosomes/comments/bjgwly/google_translate_and_gender_bias//em8ku2p/,-0.229,0.07608539,0.005149841,0.044167064,0.04435511,0.019161236,0.010421164,1556729289.0,2,0,0,[deleted],,,,,
