post_id,comment_id,txt,url,offensiveness_score,Toxicity,Severe Toxicity,Profanity,Identity Attack,Insult,Threat,created,score,total_awards_received,controversiality,user,user_awardee_karma,user_awarder_karma,user_link_karma,user_comment_karma,user_total_karma
6lvz81,djx9wdh,There's a lot of women working construction now compared to previous years. And there's no reason why not. There's nothing a woman can't do in construction that a man can't. I think alot of people in construction are shooting themselves in foot by not hiring women. They cut themselves of from half the talent pool.,https://i.redd.it/hu9k458f088z.jpg/djx9wdh/,-0.167,0.16851899,0.006370544,0.040910475,0.15731181,0.053791173,0.032005094,1499467024.0,-8,0,1,Ahhhhjaysus,0,0,415,8473,8888
6lvz81,djxitsy,What's the big deal with people having a problem that's it's a pink coloured crane? In London their is a guy who owns a huge skip company and all of his fleet are West Ham colours (Prem Football Team) ,https://i.redd.it/hu9k458f088z.jpg/djxitsy/,-0.042,0.059479803,0.002441406,0.018392462,0.023796257,0.018129934,0.007521313,1499479300.0,112,0,0,ThatPingThou,0,0,3168,2477,5645
6lvz81,djxlke4,Now we can hold drug over your head forever and make money doing it,https://i.redd.it/hu9k458f088z.jpg/djxlke4/,0.083,0.5140397,0.09385906,0.18663849,0.021585498,0.26957804,0.5195707,1499483295.0,1,0,0,theoriginalmace,23,0,384,27380,27787
6lvz81,djxnzwb,"Its not a universal thing that ""pink is a girl's color, and blue is a boy's color.""  Up until like 1920, in the united states, it was the opposite, not sure if pink is a feminine color in Japan or not.",https://i.redd.it/hu9k458f088z.jpg/djxnzwb/,-0.271,0.040183347,0.001215935,0.0157622,0.03249594,0.012566907,0.006479179,1499487048.0,85,0,0,southsideson,602,71,1661,202621,204955
6lvz81,djxok3g,"Waiting for the susan b komen foundation lawsuit..

Rad crane though",https://i.redd.it/hu9k458f088z.jpg/djxok3g/,-0.25,0.04216247,0.001916885,0.017231047,0.005142702,0.013858915,0.009256045,1499488000.0,5,0,0,Kar_Man,226,0,703,23516,24445
