post_id,comment_id,txt,url,offensiveness_score,Toxicity,Severe Toxicity,Profanity,Identity Attack,Insult,Threat,created,score,total_awards_received,controversiality,user,user_awardee_karma,user_awarder_karma,user_link_karma,user_comment_karma,user_total_karma
6egj0a,diaj4do,"> He is Irish.

Awful article really.",https://qz.com/995058/ireland-is-about-to-elect-a-38-year-old-gay-asian-doctor-as-its-next-prime-minister/?utm_source&google_editors_picks=true/diaj4do/,-0.062,0.41168427,0.017868511,0.0684662,0.3817989,0.34237885,0.007935578,1496269621.0,206,0,0,Muck777,617,127,,,744
6egj0a,diauldk,"Who the fuck calls an Indian asian, jesus christ sensationalism. ",https://qz.com/995058/ireland-is-about-to-elect-a-38-year-old-gay-asian-doctor-as-its-next-prime-minister/?utm_source&google_editors_picks=true/diauldk/,0.833,0.9248995,0.45895407,0.902047,0.6007182,0.5678696,0.015774792,1496284719.0,-29,0,0,I_RAPE_PEOPLE_II,0,0,,,0
6egj0a,diayzzl,Why is this important? I hope they voted for him because he has more qualifications than beeing gay and asian. Doesn't tolerance mean that we don't have to mention his nationality or sexual orientation because we all equal? ,https://qz.com/995058/ireland-is-about-to-elect-a-38-year-old-gay-asian-doctor-as-its-next-prime-minister/?utm_source&google_editors_picks=true/diayzzl/,0.0,0.2786282,0.008354187,0.060951006,0.34649673,0.076502606,0.007249452,1496291203.0,0,0,0,xxxIDKxxx,0,0,1.0,0.0,1
6egj0a,dib0o5j,since when one has to flaunt one's sexuality to the four winds?,https://qz.com/995058/ireland-is-about-to-elect-a-38-year-old-gay-asian-doctor-as-its-next-prime-minister/?utm_source&google_editors_picks=true/dib0o5j/,-0.042,0.25084448,0.004768372,0.06946823,0.026609946,0.032689095,0.007391856,1496294265.0,-1,0,0,chupaloCTM,0,0,70.0,-67.0,3
6egj0a,dib27b4,Your post history paints a strange picture of who you might be.  Confused to say the least.,https://qz.com/995058/ireland-is-about-to-elect-a-38-year-old-gay-asian-doctor-as-its-next-prime-minister/?utm_source&google_editors_picks=true/dib27b4/,-0.229,0.08637348,0.001277924,0.011389818,0.002793338,0.031807642,0.006265574,1496297490.0,5,0,0,Karate_Prom,96,0,2322.0,103728.0,106146
6egj0a,dib8eqf,"> Why is this important? 

Because historical events tend to be important.

>I hope they voted for him because he has more qualifications than beeing gay and asian. 

I'm sure the people of Ireland are voting for him just to virtue signal just how much more PC  they are than the rest of us.  /s

> tolerance mean that we don't have to mention his nationality or sexual orientation because we all equal

No.  Tolerance does not mean we don't talk about the things which make us different.  The fact that folks like you still balk when those differences are mentioned, clearly we're still a ways away from being a tolerant society.",https://qz.com/995058/ireland-is-about-to-elect-a-38-year-old-gay-asian-doctor-as-its-next-prime-minister/?utm_source&google_editors_picks=true/dib8eqf/,0.125,0.32764325,0.014898917,0.098377466,0.36733335,0.16853803,0.008427517,1496314096.0,3,0,0,MR_TELEVOID,994,3040,43725.0,113946.0,161705
6egj0a,dibauec,Tee-shockh and Haw-hee. Taoiseach is a bit more complicated but that's close enough! ,https://qz.com/995058/ireland-is-about-to-elect-a-38-year-old-gay-asian-doctor-as-its-next-prime-minister/?utm_source&google_editors_picks=true/dibauec/,-0.065,0.02920996,0.001497269,0.014634945,0.002885833,0.01309891,0.007935578,1496319137.0,5,0,0,HankScorpiosBro,0,0,1.0,131.0,132
6egj0a,dibgu2l,Identity politics are so cool,https://qz.com/995058/ireland-is-about-to-elect-a-38-year-old-gay-asian-doctor-as-its-next-prime-minister/?utm_source&google_editors_picks=true/dibgu2l/,-0.396,0.050326355,0.003013611,0.020168742,0.018168874,0.012946909,0.009178371,1496327497.0,1,0,0,SheCutOffHerToe,99,0,2.0,104499.0,104600
6egj0a,dibltib,"I don't care that he's gay or asian

but 38?... I wonder if he's ready for such a position",https://qz.com/995058/ireland-is-about-to-elect-a-38-year-old-gay-asian-doctor-as-its-next-prime-minister/?utm_source&google_editors_picks=true/dibltib/,-0.083,0.47173777,0.034110364,0.29053202,0.48915586,0.2679134,0.029933142,1496333025.0,1,0,0,HentMas,383,0,1423.0,77331.0,79137
