post_id,comment_id,txt,url,offensiveness_score,Toxicity,Severe Toxicity,Profanity,Identity Attack,Insult,Threat,created,score,total_awards_received,controversiality,user,user_awardee_karma,user_awarder_karma,user_link_karma,user_comment_karma,user_total_karma
bobmi8,enedftc,You’re right! I love it. Thanks for being on the front line of the battle against stupidity!,https://i.redd.it/8h8x52orm2y21.jpg/enedftc/,0.083,0.54325575,0.01896597,0.3866461,0.01555616,0.5588244,0.012285355,1557797906.0,14,0,0,Loamawayfromloam,20.0,0.0,14836.0,53741.0,68597.0
bobmi8,enefnlr,"As a mother, and a family member of someone who cannot get vaccines, and a friend of someone who has stage iv cancer, I appreciate this.",https://i.redd.it/8h8x52orm2y21.jpg/enefnlr/,-0.447,0.027913637,0.001707077,0.016069634,0.006585619,0.008994885,0.008634649,1557798816.0,104,0,0,[deleted],,,,,
bobmi8,eneheuf,Next step is whip it like a throwing star at parents who don’t listen,https://i.redd.it/8h8x52orm2y21.jpg/eneheuf/,0.021,0.30136615,0.017481172,0.10301965,0.022188433,0.04852104,0.2836219,1557799512.0,7,0,0,cantstuntbikerbitch,147.0,0.0,6978.0,25803.0,32928.0
bobmi8,eneitr1,Hope this joke doesn’t fall flat.,https://i.redd.it/8h8x52orm2y21.jpg/eneitr1/,-0.5,0.0466155,0.001239777,0.016342908,0.002497356,0.016100928,0.007728445,1557800074.0,145,0,0,momminallday,43.0,0.0,2435.0,6177.0,8655.0
bobmi8,eneome5,Sad its even necessary to say this,https://i.redd.it/8h8x52orm2y21.jpg/eneome5/,-0.167,0.0665887,0.002307892,0.019895468,0.004772724,0.018452216,0.00866054,1557802411.0,7,0,0,DarkCelestial,491.0,148.0,21018.0,13487.0,35144.0
bobmi8,enfjwhq,Nurse here. Brilliant. My oncology patients are always at risk,https://i.redd.it/8h8x52orm2y21.jpg/enfjwhq/,-0.438,0.069754265,0.001983643,0.015113175,0.00673361,0.020837102,0.008039144,1557816914.0,1,0,0,AtlasTheDogg,0.0,0.0,771.0,732.0,1503.0
bobmi8,enflspb,Is a room full of nurses really the place this message needs to be spread?,https://i.redd.it/8h8x52orm2y21.jpg/enflspb/,-0.156,0.026145924,0.001029968,0.011236101,0.007066591,0.011274899,0.006990537,1557817908.0,-16,0,0,1312_143,0.0,0.0,116.0,17146.0,17262.0
