post_id,comment_id,txt,url,offensiveness_score,Toxicity,Severe Toxicity,Profanity,Identity Attack,Insult,Threat,created,score,total_awards_received,controversiality,user,user_awardee_karma,user_awarder_karma,user_link_karma,user_comment_karma,user_total_karma
80lk2e,duwkk8x,"""Fuck you I got mine"" is lately the motto ",https://www.thestar.com/news/canada/2018/02/26/more-than-200-quebec-doctors-oppose-proposed-pay-raise-for-themselves.html/duwkk8x/,0.723,0.85333383,0.35368225,0.90258646,0.050443888,0.4596616,0.04233929,1519738992.0,846,0,0,[deleted],,,,,
80lk2e,duwkmjc,"> ""Fuck you I got mine"" is ~~lately~~ always the motto 

FTFY",https://www.thestar.com/news/canada/2018/02/26/more-than-200-quebec-doctors-oppose-proposed-pay-raise-for-themselves.html/duwkmjc/,0.812,0.7761081,0.35368225,0.8949436,0.039456755,0.40243408,0.036149003,1519739073.0,475,0,0,[deleted],,,,,
80lk2e,duwl7ln,"🎵And we 'bout it every day, every day, every day 🎵

",https://www.thestar.com/news/canada/2018/02/26/more-than-200-quebec-doctors-oppose-proposed-pay-raise-for-themselves.html/duwl7ln/,-0.522,0.028974265,0.002174377,0.022901481,0.005031709,0.00979289,0.008712323,1519739830.0,0,0,1,kalvinescobar,55.0,0.0,62.0,15077.0,15194.0
80lk2e,duwndbk,Don't worry people are going to have children still whether or not they can actually afford them,https://www.thestar.com/news/canada/2018/02/26/more-than-200-quebec-doctors-oppose-proposed-pay-raise-for-themselves.html/duwndbk/,-0.021,0.04290464,0.0020504,0.01805087,0.007843546,0.011730902,0.008531082,1519742411.0,6,0,0,[deleted],,,,,
80lk2e,duxchsn,"Less than 1% of doctors support this... knowing that it will never happen. 


",https://www.thestar.com/news/canada/2018/02/26/more-than-200-quebec-doctors-oppose-proposed-pay-raise-for-themselves.html/duxchsn/,-0.25,0.01834645,0.000686646,0.00998929,0.002645347,0.009488888,0.00661511,1519765723.0,1,0,0,Beatnik77,311.0,271.0,10288.0,48565.0,59435.0
80lk2e,duxighn,Could always through that over the NB as there's still over a year or 2 wait for a doctor,https://www.thestar.com/news/canada/2018/02/26/more-than-200-quebec-doctors-oppose-proposed-pay-raise-for-themselves.html/duxighn/,-0.208,0.016021729,0.000963211,0.01265371,0.002571351,0.008234881,0.006886971,1519771332.0,1,0,0,dohimer,0.0,0.0,14056.0,8451.0,22507.0
80lk2e,duxq5ry,Lot's of money to be made taking bullets out of school shooting victims I hear.,https://www.thestar.com/news/canada/2018/02/26/more-than-200-quebec-doctors-oppose-proposed-pay-raise-for-themselves.html/duxq5ry/,0.167,0.36095104,0.023076924,0.035649836,0.014249804,0.05027775,0.4738685,1519779652.0,1,0,0,NevyTheChemist,231.0,0.0,165.0,82443.0,82839.0
