post_id,comment_id,txt,url,offensiveness_score,Toxicity,Severe Toxicity,Profanity,Identity Attack,Insult,Threat,created,score,total_awards_received,controversiality,user,user_awardee_karma,user_awarder_karma,user_link_karma,user_comment_karma,user_total_karma
bfi5hg,eldz0op,It makes you ass me.,https://www.reddit.com/r/AskReddit/comments/bfi5hg/whats_the_best_advice_you_have_for_a_15_year_old//eldz0op/,0.688,0.911035,0.35022295,0.8449782,0.027815815,0.43450394,0.020264024,1555804333.0,-1,0,0,Cheesecakesimulator,494,65,57879.0,24090.0,82528
bfi5hg,elens3h,"The only major benefit is university entrance, and possibly obtaining some positions when you’re young. However, once you’re 20-23ish, no one gives a flying fuck if you finished high school or not.

By the time you’re actually able to drop out of high school, you’ve already got the vast majority of the skills required of you as an adult. Sticking around only gives you the opportunity to further those skills.",https://www.reddit.com/r/AskReddit/comments/bfi5hg/whats_the_best_advice_you_have_for_a_15_year_old//elens3h/,0.312,0.37751234,0.023076924,0.473824,0.027614836,0.15414265,0.009281937,1555827576.0,3,0,0,SepDot,270,12,36616.0,74082.0,110980
bfi5hg,elg1a4n,If you want to do something like asking a girl out or to prom etc don’t procrastinate or wait last minute before it’s too late,https://www.reddit.com/r/AskReddit/comments/bfi5hg/whats_the_best_advice_you_have_for_a_15_year_old//elg1a4n/,-0.438,0.13908891,0.005950928,0.079025,0.011691323,0.018581128,0.012233571,1555875774.0,1,0,0,win4win8,0,0,163.0,5248.0,5411
bfi5hg,elg7rph,Don’t fuck a rope.,https://www.reddit.com/r/AskReddit/comments/bfi5hg/whats_the_best_advice_you_have_for_a_15_year_old//elg7rph/,0.708,0.85333383,0.26766825,0.90150756,0.016159095,0.3388922,0.014911477,1555880566.0,1,0,0,RavioliDragonLoli,0,0,,,0
bfi5hg,elg9lc5,"Anything you think is cool right now will be cringe later. No avoiding it, just don't get stuck in that behavior. 

Also like if you're gonna have sex just do your research. BC is $9/mo at walmart, no one gives a fuck if you buy condoms (which are freely available at most colleges if you live near one) and if you're a guy, please learn more on what vaginas and their owners go through. 

Basically educate yourself.",https://www.reddit.com/r/AskReddit/comments/bfi5hg/whats_the_best_advice_you_have_for_a_15_year_old//elg9lc5/,0.596,0.64447093,0.16960317,0.5724795,0.09824528,0.37506318,0.019746035,1555881964.0,1,0,0,hydratedries,0,79,53.0,3604.0,3736
bfi5hg,elgii1q,"This is for all young people honestly- don't date people too much older than you (Like, 4 or more years older) ESPECIALLY if they're over the consent age and you're not.

I know. Having an older person be into you makes you feel awesome and loved. Yeah, they're not the same as the others your age. But you're probably in totally different stages of your lives, and there will likely be an unseen, but subconscious power imbalance that will manifest as the years go by. 

The younger you are and the bigger the gap, the more extreme these issues could become. Also, it might be illegal depending on where you live. That's important to keep in mind as well.",https://www.reddit.com/r/AskReddit/comments/bfi5hg/whats_the_best_advice_you_have_for_a_15_year_old//elgii1q/,0.188,0.103060275,0.003471375,0.057443913,0.012240025,0.028612386,0.008026198,1555889154.0,1,0,0,Rin_Salamander,15,0,336.0,1559.0,1910
bfi5hg,elh3hze,"No one thinks your edgy jokes are funny.

No one wants to hear it in the middle of class, to the teacher.",https://www.reddit.com/r/AskReddit/comments/bfi5hg/whats_the_best_advice_you_have_for_a_15_year_old//elh3hze/,0.167,0.21642438,0.002422333,0.021056883,0.003570293,0.11172232,0.006265574,1555906791.0,1,0,0,Boss_of_Runes,0,0,1126.0,1805.0,2931
