post_id,comment_id,txt,url,offensiveness_score,Toxicity,Severe Toxicity,Profanity,Identity Attack,Insult,Threat,created,score,total_awards_received,controversiality,user,user_awardee_karma,user_awarder_karma,user_link_karma,user_comment_karma,user_total_karma
atx1jc,eh4e4v6,"Good luck living in abject poverty once you kill the smartest, most innovative.",https://i.imgur.com/jzCNTFi.jpg/eh4e4v6/,0.042,0.3974717,0.023076924,0.09551262,0.024801146,0.08484049,0.5085751,1550950640.0,-11,0,0,[deleted],,,,,
atx1jc,eh4g5r7,This is a moronic take. Intelligence isn't a currency of the rich. ,https://i.imgur.com/jzCNTFi.jpg/eh4g5r7/,0.146,0.6426206,0.023076924,0.39842105,0.052490227,0.61794597,0.007819066,1550952118.0,7,0,0,kingdude83,8.0,0.0,1302.0,6599.0,7909.0
atx1jc,eh4h9e5,"No, killing them would remove all the value they generate. In a system based on merit killing the rich is essentially killing the most able. Someting like 70% of billionaires and even more millionaires are self made. Innovation gives its inventor 1% of the profits. The rest are the benefits to society, the innovations which the original invention started and improving quality of life for countless people.

Removing the smart people will basically cause technology to stagnate. Intelligence and work ethic are genetic. ",https://i.imgur.com/jzCNTFi.jpg/eh4h9e5/,0.191,0.35186127,0.023076924,0.0816113,0.04693319,0.086852804,0.4902736,1550952904.0,0,0,0,[deleted],,,,,
atx1jc,eh4idj0,"Woah, how'd you get ""killing them"" from anything I said??",https://i.imgur.com/jzCNTFi.jpg/eh4idj0/,-0.021,0.37073207,0.021935565,0.0816113,0.010581387,0.034672357,0.49208167,1550953709.0,1,0,0,TenYearRedditVet,0.0,19.0,,,19.0
atx1jc,eh5i22x,That's what you implied. Fuck off with your rhetoric. It's very obvious and nobody wants to entertain dishonest argument.,https://i.imgur.com/jzCNTFi.jpg/eh5i22x/,0.771,0.9061063,0.45185554,0.8949436,0.0440973,0.6051471,0.036149003,1550982682.0,-1,0,0,DrEpileptic,563.0,41.0,917.0,88190.0,89711.0
atx1jc,eh5qfiy,"As i said,r/politics",https://i.imgur.com/jzCNTFi.jpg/eh5qfiy/,-0.333,,,,,,,1550991618.0,1,0,0,[deleted],,,,,
atx1jc,eh655ew,"Wait third party? Hahahahahahahha jk ,our system dont want to veer to far from status quo. ",https://i.imgur.com/jzCNTFi.jpg/eh655ew/,-0.333,0.09308127,0.002727509,0.023652986,0.006252638,0.024897853,0.007340072,1551012524.0,1,0,0,nightcycling,70.0,0.0,1.0,2199.0,2270.0
atx1jc,eh6fbw5,"And democrats don’t work with big pharma, military contractors, Wall Street, banks, and the rest of the top 1%, right. This “political” cartoon is just a distraction to keep us divided. Wake the fuck up, morons. ",https://i.imgur.com/jzCNTFi.jpg/eh6fbw5/,0.729,0.85333383,0.34997055,0.77181685,0.23998553,0.7804726,0.034422375,1551022620.0,1,0,0,hisimaginaryfriend,0.0,0.0,523.0,5822.0,6345.0
atx1jc,eh6m9dg,"GOP?  hahaha... riiiiiight.

it should just say ""DC"".

# #oneParty",https://i.imgur.com/jzCNTFi.jpg/eh6m9dg/,0.083,,,,,,,1551027818.0,1,0,0,too-can,0.0,0.0,,,0.0
