post_id,comment_id,txt,url,offensiveness_score,Toxicity,Severe Toxicity,Profanity,Identity Attack,Insult,Threat,created,score,total_awards_received,controversiality,user,user_awardee_karma,user_awarder_karma,user_link_karma,user_comment_karma,user_total_karma
928pjg,e33z6sy,Now he’s going to think she’s pregnant every time they get pulled over,https://gfycat.com/DetailedOrangeAnole/e33z6sy/,0.146,0.25462922,0.014640691,0.110447146,0.015857628,0.04207976,0.053007595,1532662041.0,900,0,0,scjohns2,7.0,1676.0,1371.0,4979.0,8033.0
928pjg,e33zk0u,"r/gifsthatendtoosoon

COME ON PEOPLE RECORD THE FULL REACTION

AHHHHH",https://gfycat.com/DetailedOrangeAnole/e33zk0u/,-0.021,0.09112182,0.00492096,0.066963166,0.006363631,0.016632931,0.010395273,1532662458.0,466,0,0,[deleted],,,,,
928pjg,e34037m,This is one of my favorite wholesome posts and I'm sad the reaction is missing,https://gfycat.com/DetailedOrangeAnole/e34037m/,-0.521,0.041172907,0.00243187,0.025087673,0.006881601,0.013326911,0.00951496,1532663059.0,115,0,0,ApolloGo,73.0,0.0,1016.0,26364.0,27453.0
928pjg,e341ik6,"I think about this Everytime I see it. Movies, shows, the internet. At least most of them come with a cap to the juiciness stays in. ",https://gfycat.com/DetailedOrangeAnole/e341ik6/,-0.312,0.039935954,0.001573563,0.01887069,0.005253696,0.014428918,0.008181547,1532664753.0,46,0,0,Magicthighs42,64.0,592.0,11168.0,6813.0,18637.0
928pjg,e344awh,"Very, very soon he will experience so many human excretions in so many different forms. Think of it as an introductory course on how to power through.",https://gfycat.com/DetailedOrangeAnole/e344awh/,0.064,0.27047762,0.014640691,0.10982819,0.014852738,0.04442204,0.13549154,1532668347.0,155,0,0,[deleted],,,,,
928pjg,e344ib6,He just starts running away,https://gfycat.com/DetailedOrangeAnole/e344ib6/,-0.5,0.1100022,0.003852844,0.025770858,0.006178642,0.02264188,0.02371728,1532668635.0,1,0,1,ComradeRasputin,18.0,539.0,88.0,5489.0,6134.0
928pjg,e347ke3,Call me old fashioned.  Usually when I feel like saying “hopefully definitely” I just shorten it to “probably.”,https://gfycat.com/DetailedOrangeAnole/e347ke3/,-0.521,0.025556687,0.000934601,0.013029462,0.003644289,0.012148905,0.006440342,1532673367.0,14,0,0,ScottyWhen,25.0,0.0,46.0,5584.0,5655.0
928pjg,e348ldd,"Right? If you’re not ready to touch the test just because she peed on it, you’re not ready to have a child",https://gfycat.com/DetailedOrangeAnole/e348ldd/,0.0,0.165053,0.005226135,0.084844165,0.005808664,0.02982438,0.010162249,1532675200.0,61,0,0,Morningxafter,3632.0,1219.0,21665.0,342619.0,369135.0
928pjg,e3496p6,Do you think they keep the pee on it the whole time until they show the father?  They probably wipe it off.,https://gfycat.com/DetailedOrangeAnole/e3496p6/,0.319,0.3389984,0.015802706,0.2813443,0.007362573,0.16266862,0.020782012,1532676273.0,6,0,0,sam_hammich,529.0,0.0,2522.0,124648.0,127699.0
928pjg,e349wjd,[deleted],https://gfycat.com/DetailedOrangeAnole/e349wjd/,0.021,,,,,,,1532677648.0,15,0,0,[deleted],,,,,
928pjg,e34ahac,At that stage you've still got ages to get ready.,https://gfycat.com/DetailedOrangeAnole/e34ahac/,-0.191,0.024849601,0.001063347,0.012551232,0.00275634,0.010324894,0.00789674,1532678786.0,14,0,0,[deleted],,,,,
928pjg,e34ctj5,"This, I'm a dad of a 8 month old. Pees and poops don't scare me no more. ",https://gfycat.com/DetailedOrangeAnole/e34ctj5/,-0.062,0.46186632,0.023552058,0.40558428,0.012541492,0.15485314,0.010990778,1532683699.0,11,0,0,adun-d,1451.0,496.0,60869.0,67108.0,129924.0
928pjg,e34dopw,Idk I was under the assumption semen made a woman pregnant and not peepee ,https://gfycat.com/DetailedOrangeAnole/e34dopw/,0.354,0.47900817,0.023927659,0.4113413,0.06476828,0.08459369,0.009074804,1532685511.0,-2,0,0,Cottagecheesefarts,0.0,0.0,11951.0,47735.0,59686.0
928pjg,e34hbs5,Clearly he kicked her out of the car and drove off at speed. ,https://gfycat.com/DetailedOrangeAnole/e34hbs5/,-0.065,0.2359567,0.010070801,0.026590679,0.004125261,0.02373764,0.34804323,1532692044.0,0,0,0,bobr05,1110.0,92.0,250.0,38705.0,40157.0
928pjg,e34id8h,"Father: Oh hell naw, you gon have to catch me!",https://gfycat.com/DetailedOrangeAnole/e34id8h/,0.0,0.46982017,0.02514347,0.48510036,0.028016793,0.16868424,0.050744623,1532693519.0,-2,0,0,randpaulsdragrace,196.0,0.0,3922.0,53311.0,57429.0
928pjg,e34ilov,"Cop: Are you saying I goofed? 

Driver: oh shit this motherfucker is about to kill me.",https://gfycat.com/DetailedOrangeAnole/e34ilov/,0.565,0.89241093,0.45895407,0.90150756,0.22935481,0.6675394,0.49142194,1532693826.0,-1,0,0,thismatters,319.0,0.0,220.0,42450.0,42989.0
928pjg,e34ilvt,omG  I have *never* seen this before!  Did this *just* happen?  Or is this classic #14056 posted years ago?,https://gfycat.com/DetailedOrangeAnole/e34ilvt/,-0.043,0.044141594,0.0025177,0.035649836,0.005956655,0.013782915,0.007391856,1532693833.0,-3,0,0,Strive--,396.0,0.0,3557.0,31899.0,35852.0
928pjg,e34imeg,You trying to give the man a heart attack? First the police and then being a father? Sheeeeet.,https://gfycat.com/DetailedOrangeAnole/e34imeg/,0.25,0.51869136,0.04397394,0.5013569,0.026810925,0.36709076,0.046541955,1532693852.0,1,0,0,imtinyricketc,18.0,0.0,20036.0,32487.0,52541.0
928pjg,e34ixk9,I am having flashbacks of my daughter projectile-shitting all over me at Thanksgiving. Like a super soaker of liquid feces. I am still haunted by the sound of my own screaming. ,https://gfycat.com/DetailedOrangeAnole/e34ixk9/,0.283,0.5559701,0.16960317,0.541926,0.10221587,0.3388922,0.17964768,1532694245.0,7,0,0,PUPPIESSSSSS_,112.0,917.0,1283.0,26827.0,29139.0
928pjg,e34j4uu,The funniest and sweetest laugh of my morning. Love the idea!,https://gfycat.com/DetailedOrangeAnole/e34j4uu/,-0.702,0.021903414,0.001783371,0.018119188,0.004069764,0.009640889,0.008207439,1532694502.0,1,0,0,Kokakoly,0.0,0.0,1.0,1.0,2.0
928pjg,e34j6iw,"Oh man, I'm trying to get pregnant and know so many cops... I'm totally going to steal this lol",https://gfycat.com/DetailedOrangeAnole/e34j6iw/,0.109,0.42129645,0.023199933,0.22643133,0.051353373,0.11616662,0.1954604,1532694559.0,1,0,0,Spiderbundles,313.0,69.0,11964.0,47829.0,60175.0
928pjg,e34jrzz,He's just glad he didn't get shot.,https://gfycat.com/DetailedOrangeAnole/e34jrzz/,-0.021,0.21508642,0.007514954,0.036651865,0.003755282,0.01890341,0.34804323,1532695286.0,-2,0,0,Munkadunk667,176.0,0.0,8342.0,49881.0,58399.0
928pjg,e34js2s,Very wonderful way to surprise the father seeing that people of color are known to have great interactions with police officers. Especially since part of the surprise was the officer wrongly accusing the man for something he didn’t do. He must have been terrified.,https://gfycat.com/DetailedOrangeAnole/e34js2s/,-0.083,0.2854869,0.00957489,0.049177196,0.32476485,0.12702756,0.014048163,1532695288.0,2,0,0,[deleted],,,,,
928pjg,e34k0rv,"Haha, these comments.

This is an old story and the cop is a family friend.",https://gfycat.com/DetailedOrangeAnole/e34k0rv/,-0.583,0.05799546,0.001401901,0.014669105,0.00466173,0.023093075,0.006259101,1532695563.0,1,0,0,CornDoggerMcJones,56.0,0.0,514.0,14660.0,15230.0
928pjg,e34k14n,Pro-cop propganda. Remember how the enemy is. ,https://gfycat.com/DetailedOrangeAnole/e34k14n/,0.0,0.06500591,0.001430512,0.010723713,0.007658557,0.022255141,0.008686432,1532695575.0,-4,0,0,A_bottle_of_charade,0.0,0.0,,,0.0
928pjg,e34k65q,best tell him when he's strapped in and can't run away,https://gfycat.com/DetailedOrangeAnole/e34k65q/,-0.043,0.15103401,0.005645752,0.03615085,0.005142702,0.023479814,0.09776353,1532695735.0,1,0,0,[deleted],,,,,
928pjg,e34k80h,"""Ha ha.  Congratulations, sir.  Now step out of the car and keep you fucking hands where I can see them!!  You're under arrest for driving while black!!""",https://gfycat.com/DetailedOrangeAnole/e34k80h/,0.667,0.85850734,0.45895407,0.7888968,0.6458014,0.6109131,0.17648515,1532695795.0,-4,0,0,sausage-deluxxxe,331.0,5.0,31072.0,47924.0,79332.0
928pjg,e34ka32,"It should have been tipped him off when the officer didn't shoot him on the spot. 
""Oh, you're not here to kill me? Next, you'll probably tell me my wife is pregnant.""",https://gfycat.com/DetailedOrangeAnole/e34ka32/,0.149,0.39915034,0.023076924,0.09518933,0.015757138,0.06921569,0.52547425,1532695861.0,-3,0,0,BenjaBrownie,305.0,0.0,1259.0,34361.0,35925.0
928pjg,e34l9oh,These things are fucking stupid. ,https://gfycat.com/DetailedOrangeAnole/e34l9oh/,0.646,0.96069145,0.45895407,0.94929975,0.057037655,0.71120167,0.009799767,1532696959.0,0,0,0,The_keg__man,18.0,0.0,3494.0,19051.0,22563.0
928pjg,e34lhmv,Common prank a brotha like that he ain't even gunna laugh ya mean,https://gfycat.com/DetailedOrangeAnole/e34lhmv/,-0.271,0.22445217,0.011291504,0.11230402,0.025404079,0.076185785,0.013424582,1532697195.0,1,0,0,1badtiger,0.0,0.0,1.0,656.0,657.0
928pjg,e35o339,"Awwwwwe 

That's was the best reveal I've seen. ",https://gfycat.com/DetailedOrangeAnole/e35o339/,-0.688,0.031213367,0.001955032,0.018802373,0.003403803,0.011274899,0.007844958,1532731306.0,1,0,0,merryweathers,0.0,0.0,,,0.0
928pjg,e361qem,"Someone needs to attach a clip to the end of a black guy getting out of a car and running, shit will make loads of karma on /r/imgoingtohellforthis",https://gfycat.com/DetailedOrangeAnole/e361qem/,0.553,0.64447093,0.35368225,0.64460015,0.57150364,0.47357693,0.34827536,1532746439.0,1,0,0,AlkaliActivated,474.0,0.0,,,474.0
