post_id,comment_id,txt,url,offensiveness_score,Toxicity,Severe Toxicity,Profanity,Identity Attack,Insult,Threat,created,score,total_awards_received,controversiality,user,user_awardee_karma,user_awarder_karma,user_link_karma,user_comment_karma,user_total_karma
8mctim,dzmr4b8,Hell yes.  I have done that as well.,https://www.reddit.com/r/AskReddit/comments/8mctim/how_old_are_you_and_what_was_your_first_job//dzmr4b8/,-0.458,0.47119883,0.02425631,0.5013569,0.01274247,0.09563028,0.020091362,1527375207.0,2,0,0,insertcaffeine,6251,453,4003,731314,742021
8mctim,dzn0t8n,"fuck you, you're just pretending to be blocked. get back to work RIGHT NOW you piece of shit piping",https://www.reddit.com/r/AskReddit/comments/8mctim/how_old_are_you_and_what_was_your_first_job//dzn0t8n/,0.938,0.9749944,0.6829082,0.9342644,0.2463217,0.8579266,0.13734594,1527387137.0,1,0,0,JuhaJGam3R,496,67,9630,159428,169621
8mctim,dzn4ici,"27. First job was working for my friends dad, who owned a flooring company. Got paid under the table, it was awesome.

First real job was selling shoes at Bass. ",https://www.reddit.com/r/AskReddit/comments/8mctim/how_old_are_you_and_what_was_your_first_job//dzn4ici/,-0.292,0.025085296,0.000953674,0.012995303,0.001942388,0.010856897,0.006505071,1527391593.0,1,0,0,Franklin_DeTurtle,0,0,417,28377,28794
8mctim,dzn6soq,"Currently 18, my first job was working at the state fair in the 4-H Building.",https://www.reddit.com/r/AskReddit/comments/8mctim/how_old_are_you_and_what_was_your_first_job//dzn6soq/,-0.625,0.007979449,0.000553131,0.010194245,0.001997884,0.006372869,0.006343249,1527394759.0,1,0,0,GGeGeoGeorGeorg,0,0,8,1,9
8mctim,dzn6uw0,We still have a blockbuster in my town and a couple more around my state. I'm in Alaska. ,https://www.reddit.com/r/AskReddit/comments/8mctim/how_old_are_you_and_what_was_your_first_job//dzn6uw0/,-0.292,0.024613906,0.001196861,0.01220964,0.005401687,0.011730902,0.007314181,1527394851.0,1,0,0,Get-shrektt,0,0,3129,532,3661
8mctim,dzn7ll2,I'm 39. My first job was at Burger King at age 16.  I worked there till I was 17. I have not eaten there since I was 17. ,https://www.reddit.com/r/AskReddit/comments/8mctim/how_old_are_you_and_what_was_your_first_job//dzn7ll2/,-0.312,0.017718147,0.000944138,0.014805742,0.004421244,0.008006879,0.007094103,1527395994.0,1,0,0,onlysimplicity,0,14,1,104,119
8mctim,dznbqr8,"25, first job was a route driver. I drove around restocking those candy and gumball machines you see at an auto part store or a movie theatre. My favorite job by far. No supervision, drive around for hours, and free candy. ",https://www.reddit.com/r/AskReddit/comments/8mctim/how_old_are_you_and_what_was_your_first_job//dznbqr8/,-0.354,0.013382856,0.000815392,0.010518758,0.001415168,0.00808288,0.006744567,1527403528.0,2,0,0,raymondxcho,0,0,120,9463,9583
