post_id,comment_id,txt,url,offensiveness_score,Toxicity,Severe Toxicity,Profanity,Identity Attack,Insult,Threat,created,score,total_awards_received,controversiality,user,user_awardee_karma,user_awarder_karma,user_link_karma,user_comment_karma,user_total_karma
ce8a26,eu1zfe5,"Well, duh, because we all know apple cider vinegar is what cures everything. 

/s",https://i.imgur.com/oEltlXV.jpg/eu1zfe5/,-0.229,0.051810697,0.003204346,0.035148825,0.007991537,0.013934915,0.008686432,1563378950.0,8,0,0,RevMask,13.0,0.0,2501.0,8095.0,10609.0
ce8a26,eu22gvu,"Can we all gather evidence of how the percentage of kids who have autism in the population of vaccinated kids compared to those who do have autism in the population of unvaccinated kids are the same, so we can prove that correlation =/= causation?",https://i.imgur.com/oEltlXV.jpg/eu22gvu/,0.091,0.04240986,0.001888275,0.016103793,0.025002124,0.01309891,0.006809296,1563380864.0,2,0,0,HumpingAssholesOrgy,0.0,0.0,6639.0,13471.0,20110.0
ce8a26,eu24jhp,It's like this kind of stuff is their only source despite his so bologna even someone with Down Syndrome can see it XD,https://i.imgur.com/oEltlXV.jpg/eu24jhp/,0.312,0.3811502,0.023076924,0.21132572,0.31015682,0.24630153,0.012440704,1563382169.0,1,0,0,OverAtYouzMoms69,157.0,818.0,2454.0,1547.0,4976.0
ce8a26,eu24qkt,"TIL that 3 likes = people are eating this up 

“Check it out mom. My post got 3 likes” 

“Wow you went viral son”",https://i.imgur.com/oEltlXV.jpg/eu24qkt/,-0.125,0.20149297,0.008468628,0.094542764,0.008583503,0.04910661,0.014738814,1563382292.0,2,0,0,PepperJonie,38.0,0.0,787.0,4647.0,5472.0
ce8a26,eu25fum,I was reading this like “Doctor Who” linked vaccines to autism and was thinking “Wow that show really is going downhill.l,https://i.imgur.com/oEltlXV.jpg/eu25fum/,0.271,0.09872158,0.003414154,0.028503597,0.027011903,0.026444806,0.007663717,1563382725.0,2,0,0,Zezin96,5374.0,2669.0,185195.0,107433.0,300671.0
ce8a26,eu2672b,"I find these people funny. I went to my doctor the other day who prescribed me steam inhalation with a little eucalyptus in the water, low salt diet, keep hydrated and some exercises to reduce my vertigo. Big water has gotten to her",https://i.imgur.com/oEltlXV.jpg/eu2672b/,-0.17,0.071337044,0.004367828,0.047173142,0.005660672,0.016708933,0.010058682,1563383200.0,9,0,0,StarFaerie,460.0,100.0,798.0,60761.0,62119.0
ce8a26,eu291d8,"You know sharks are in water and they kill people, I know a kid who drowned, and I know a women who drank water and died. Coincidence? I think not! Their is one thing all these things have in common water. Whatever you do stay away from Water. You should drink eucalyptus oil and bathe in bleach because Water kills.",https://i.imgur.com/oEltlXV.jpg/eu291d8/,0.188,0.25915736,0.014963473,0.08322773,0.02138452,0.097093195,0.13717735,1563384948.0,10,0,0,Supersim54,417.0,0.0,13194.0,32498.0,46109.0
ce8a26,eu2awsq,Uhh it says right there a DETECTIVE said it. Case closed sweaty.,https://i.imgur.com/oEltlXV.jpg/eu2awsq/,0.167,0.056016337,0.001764298,0.017231047,0.002303117,0.020708188,0.00823333,1563386115.0,2,0,0,[deleted],,,,,
ce8a26,eu2gzu6,For real for a moment i legit thought it said the tv show Doctor Who linked vaccines to autism,https://i.imgur.com/oEltlXV.jpg/eu2gzu6/,-0.191,0.112643376,0.005187988,0.04892669,0.04306607,0.026315894,0.008401625,1563389925.0,2,0,0,bobshmo95,13.0,163.0,285.0,3397.0,3858.0
ce8a26,eu31xon,Why the hell do people believe everything on Facebook? Just browsing the internet on your own and googling stuff I kinda understand (KINDA) but Facebook?,https://i.imgur.com/oEltlXV.jpg/eu31xon/,0.083,0.50789946,0.04397394,0.5013569,0.048480038,0.25602314,0.01238892,1563403380.0,1,0,0,Vanguardangel,15.0,7.0,69.0,1100.0,1191.0
ce8a26,eu3snvz,I personally can't believe this title. The Doctor has traveled enough through time and space that he would very well know that vaccines don't cause autism...,https://i.imgur.com/oEltlXV.jpg/eu3snvz/,-0.125,0.040430736,0.001316071,0.014566627,0.013244915,0.015112923,0.006524489,1563424086.0,1,0,0,ThomasSkunk,153.0,2001.0,6549.0,7593.0,16296.0
ce8a26,eu459gg,Don't tell them just let them and their liniage die out so we can be free of humans without brain cells,https://i.imgur.com/oEltlXV.jpg/eu459gg/,0.167,0.51869136,0.16960317,0.2801717,0.2700233,0.39743927,0.5195707,1563439107.0,1,0,0,talhahtaco,45.0,13.0,538.0,7001.0,7597.0
