post_id,comment_id,txt,url,offensiveness_score,Toxicity,Severe Toxicity,Profanity,Identity Attack,Insult,Threat,created,score,total_awards_received,controversiality,user,user_awardee_karma,user_awarder_karma,user_link_karma,user_comment_karma,user_total_karma
bor3ru,enjjxd3,"I would be pleasantly surprised. Also, maybe a bit skeptical if this was a prank too. 

I wouldn't think she was being slutty, but maybe more just wanting to try new things. 

And why not both? Sex with both girls and equal exploration?",https://www.reddit.com/r/AskMen/comments/bor3ru/how_would_you_really_feel_about_a_girlfriend_you//enjjxd3/,0.083,0.5972042,0.05832097,0.5188411,0.07094744,0.38406035,0.018710058,1557881653.0,3,0,0,ENDofZERO,1204.0,414.0,1356.0,217873.0,220847.0
bor3ru,enjkj8l,I'm paranoid and I relate to this,https://www.reddit.com/r/AskMen/comments/bor3ru/how_would_you_really_feel_about_a_girlfriend_you//enjkj8l/,-0.354,0.20126031,0.006332398,0.07740857,0.01274247,0.062150877,0.008686432,1557881910.0,38,0,0,MarioStaresSternly,0.0,0.0,4807.0,43127.0,47934.0
bor3ru,enjmfqg,"That'll be fine with me with the head.

TBH, that actually sort of happened to me with an ex and her BFF. At first, I was excited, thinking I was going to get a threesome. But nope, just ended up having sex with my GF while she and the BFF make out and played with each other. So I understood what Ross from Friends felt in that one episode, and yea, my ex was definitely bi-curious.",https://www.reddit.com/r/AskMen/comments/bor3ru/how_would_you_really_feel_about_a_girlfriend_you//enjmfqg/,0.213,0.4402136,0.02491361,0.39409557,0.03636306,0.07745308,0.03856628,1557882729.0,1,0,0,ENDofZERO,1204.0,414.0,1356.0,217873.0,220847.0
bor3ru,enjqc34,"No. Be like “yeah I’m down for that obviously”. 

If she freaks out and set up a trap, she’s fucked and just gave you a reason to move on.",https://www.reddit.com/r/AskMen/comments/bor3ru/how_would_you_really_feel_about_a_girlfriend_you//enjqc34/,0.489,0.71760553,0.16960317,0.83974665,0.022590388,0.3393024,0.013528148,1557884499.0,54,0,0,[deleted],,,,,
bor3ru,enkes4z,"I don't know.  Sitting here now answering this question on Reddit, I'd turn her down.  I'm not interested in casual sex.

But if this actually happened, I don't know that I could refuse.  I'd like to think I'd be strong enough to.  My lizard brain might take over.",https://www.reddit.com/r/AskMen/comments/bor3ru/how_would_you_really_feel_about_a_girlfriend_you//enkes4z/,0.13,0.4269174,0.024350211,0.38483799,0.038683333,0.0811385,0.13616586,1557895128.0,2,0,0,[deleted],,,,,
bor3ru,enkrz5b,Is she suggesting it to experiment with her sexuality or because she wants to spice things up? Because there's a real difference there.,https://www.reddit.com/r/AskMen/comments/bor3ru/how_would_you_really_feel_about_a_girlfriend_you//enkrz5b/,-0.128,0.32128486,0.008010864,0.15635987,0.013144426,0.04149419,0.008893564,1557901237.0,3,0,0,starlessnight89,342.0,14.0,1213.0,32807.0,34376.0
bor3ru,enl03ri,"My last relationship was a open relationship, so this sounds fkn awesome.",https://www.reddit.com/r/AskMen/comments/bor3ru/how_would_you_really_feel_about_a_girlfriend_you//enl03ri/,-0.146,0.4269174,0.023076924,0.5643384,0.018972786,0.0817555,0.008556974,1557906686.0,1,0,0,AnonomousWolf,322.0,124.0,8901.0,31496.0,40843.0
bor3ru,enlrwhp,"thankful as fuck.  These situations don't present themselves to many men, if ever. You better open the door the opportunity is knocking on and ditch any sense of doubt you have.  I was presented with this years back but the other girl was married and i put a halt on it out of respect for her husband.  Looking back i should have just said fuck it.",https://www.reddit.com/r/AskMen/comments/bor3ru/how_would_you_really_feel_about_a_girlfriend_you//enlrwhp/,0.771,0.7701451,0.34962174,0.85672,0.056582913,0.4302003,0.026652548,1557922175.0,1,0,0,metalman_88,13.0,0.0,2088.0,2025.0,4126.0
bor3ru,enm6sbw,"Bad idea.  Women are bad at making decisions and then sticking to that decision.  Threesomes should only be done as a way of breaking up because that's what's likely to happen.

And don't givee that shit about the guy not being allowed to look at or touch the other woman.  If your wife gets to have another sexual partner then so do you.  So if another woman gets into your bed, you better go to town on her. 


But yeah, you're going to be single in the morning.",https://www.reddit.com/r/AskMen/comments/bor3ru/how_would_you_really_feel_about_a_girlfriend_you//enm6sbw/,0.458,0.6308517,0.17926651,0.5188411,0.5135796,0.5101222,0.06820184,1557927921.0,-2,0,0,[deleted],,,,,
bor3ru,enm7ieb,"Nope.  If the wife gets to fuck someone else, do do you.",https://www.reddit.com/r/AskMen/comments/bor3ru/how_would_you_really_feel_about_a_girlfriend_you//enm7ieb/,0.708,0.8778702,0.35368225,0.86331284,0.10221587,0.46173862,0.114629425,1557928188.0,1,0,0,[deleted],,,,,
bor3ru,enm7ow1,"No difference.  If she gets to fuck someone else, so does the guy.  He gets to join or no deal",https://www.reddit.com/r/AskMen/comments/bor3ru/how_would_you_really_feel_about_a_girlfriend_you//enm7ow1/,0.646,0.85333383,0.35368225,0.85672,0.048737846,0.40189892,0.12382901,1557928249.0,1,0,0,[deleted],,,,,
bor3ru,enmbekf,Yeah but this is one of those things that will come up during a big fight.,https://www.reddit.com/r/AskMen/comments/bor3ru/how_would_you_really_feel_about_a_girlfriend_you//enmbekf/,-0.167,0.045625936,0.002279282,0.02167175,0.005771666,0.00971689,0.019746035,1557929618.0,2,0,0,FlexualHealing,657.0,195.0,4352.0,234829.0,240033.0
bor3ru,enmbhaw,"""Sure, babe. Whom did you have in mind?""

And take it from there. I like group sex. I think it's a lot of fun. I'm also not insecure about my sexual life, nor do I think I own my partners.",https://www.reddit.com/r/AskMen/comments/bor3ru/how_would_you_really_feel_about_a_girlfriend_you//enmbhaw/,0.188,0.48021027,0.02439716,0.36230123,0.048995655,0.082866095,0.03718498,1557929646.0,1,0,0,[deleted],,,,,
bor3ru,enmof1r,I personally think that cheating and doesnt turn me on. What's to stop her from hooking up with girls after that and claiming it not cheating. That's just me though,https://www.reddit.com/r/AskMen/comments/bor3ru/how_would_you_really_feel_about_a_girlfriend_you//enmof1r/,0.271,0.39987978,0.023076924,0.35848376,0.035589635,0.07365121,0.034422375,1557934789.0,1,0,0,[deleted],,,,,
bor3ru,enn2u2k,"Fine with me. Done it. But I am one that can completely separate sex and intimacy. One ex who was a dom wanted to get a sex sub for us. A live-in one, eventually. We didn't get quite that far though.",https://www.reddit.com/r/AskMen/comments/bor3ru/how_would_you_really_feel_about_a_girlfriend_you//enn2u2k/,0.188,0.4014846,0.02258113,0.33954415,0.030949092,0.054376744,0.012803185,1557940115.0,1,0,0,Testiculese,466.0,22.0,1077.0,195677.0,197242.0
