post_id,comment_id,txt,url,offensiveness_score,Toxicity,Severe Toxicity,Profanity,Identity Attack,Insult,Threat,created,score,total_awards_received,controversiality,user,user_awardee_karma,user_awarder_karma,user_link_karma,user_comment_karma,user_total_karma
4m2425,d3rwnfo,"I hope I can change your view. A far more effective way to make sure that flights are safe and comfortable for everyone would be to ban insane bigots only. This would have double benefits of course... besides banning the very worst fundamentalists of any religion, it would also ensure that I don't run the risk of sitting next to you while being type anything on the Fitzpatrick scale.",https://www.reddit.com/r/changemyview/comments/4m2425/cmv_airline_companies_should_offer_muslimfree//d3rwnfo/,0.021,0.2854733,0.008239746,0.057944927,0.13591312,0.26957804,0.011223801,1464799177.0,4,0,0,ohfuckit,272.0,0.0,3604.0,18213.0,22089.0
4m2425,d3rwpi5,"An airline offering muslim-free trips would instantly draw the attention of national news outlets. The news would shortly go international about 50 times faster than that Chinese detergent ad. Any muslim extremists interested in bombing or hijacking a plane would make one of those flights their next target, as it would be a direct affront to their religion. 

It wouldn't be too hard for a terrorist organization to recruit a muslim without a social media presence that makes their religion obvious, and have them pay for the flight with a credit card registered under a white-sounding name. 

Regardless of all of the issues associated with racism and intolerance, I also can't think of a better way for an airline to make themselves a target for an attack.",https://www.reddit.com/r/changemyview/comments/4m2425/cmv_airline_companies_should_offer_muslimfree//d3rwpi5/,0.312,0.33587718,0.016964722,0.066963166,0.3958119,0.16817254,0.13815513,1464799252.0,4,0,0,vl99,167.0,17.0,1756.0,38185.0,40125.0
4m2425,d3rwso7,"Your idea (while posing a real problem with ethics) won't work as:

- it provokes the terrorists who will make the effort of taking down a plane against this method just to show that you can't hideux anywhere. 

- it will encourage a part of the people you ban to join the terrorists. There's a handful number of people who are in the hesitating and doubting phase about sharing ISIS's view. Banning Muslims and people with certain names will only show weakness from democracies, and only confirm ISIS's ideas about occident. 

",https://www.reddit.com/r/changemyview/comments/4m2425/cmv_airline_companies_should_offer_muslimfree//d3rwso7/,0.426,0.2854835,0.009384155,0.044417568,0.28034934,0.15911613,0.02924249,1464799366.0,1,0,0,thedylanackerman,84.0,0.0,5444.0,12065.0,17593.0
4m2425,d3rwson,"I mean, you probably think that should be repealed too, but you realise this is a flagrant violation of the civil rights act? Do you think it should be open season on minorities, or just Muslims? Then again, since you mention Euros, I don't know where you're from, but certainly it's somewhere with similar anti discrimination legislation.",https://www.reddit.com/r/changemyview/comments/4m2425/cmv_airline_companies_should_offer_muslimfree//d3rwson/,0.146,0.21642438,0.008163452,0.07047026,0.20088354,0.071750276,0.012958534,1464799366.0,2,0,0,Barxist,0.0,0.0,208.0,2405.0,2613.0
4m2425,d3rwy7o,">It wouldn't be too hard for a terrorist organization to recruit a muslim without a social media presence that makes their religion obvious, and have them pay for the flight with a credit card registered under a white-sounding name.


For those kind of flights you would need more than just a credit card. The background checking would exhaust most possibilities. ",https://www.reddit.com/r/changemyview/comments/4m2425/cmv_airline_companies_should_offer_muslimfree//d3rwy7o/,0.128,0.47900817,0.16960317,0.19893537,0.5135796,0.26957804,0.09929679,1464799566.0,-1,0,0,[deleted],,,,,
4m2425,d3rx3qn,">it will encourage a part of the people you ban to join the terrorists.

Do people who want to bring guns with them for genuine reasons plan a terrorist attack because they won't let them? Only Islam has this problem. That's why I want to ban them. 

>only show weakness from democracies

The only weakness we have is that every time we have a terrorist attack we just condemn it, express your best wishes, and claim that not all Muslims are terrorists. Political correctness is what got us in this situation. ",https://www.reddit.com/r/changemyview/comments/4m2425/cmv_airline_companies_should_offer_muslimfree//d3rx3qn/,0.479,0.5779532,0.35166132,0.2813443,0.5698139,0.37052566,0.22120713,1464799767.0,-1,0,0,[deleted],,,,,
4m2425,d3rx42u,"There are relatively simple ways around all of the provisions you're talking about. It doesn't matter what security you put in place, it can be bypassed relatively simply, especially by terrorist organizations dedicated solely to doing things just like that. Respond to the meat of my post. How is this airline not painting a bright red bullseye on their planes? And more importantly, how would anyone feel safer taking these flights knowing that there is no airline muslim terrorists are more dedicated to terrorizing than the one you're flying with?",https://www.reddit.com/r/changemyview/comments/4m2425/cmv_airline_companies_should_offer_muslimfree//d3rx42u/,0.146,0.29405528,0.009918213,0.040910475,0.293411,0.16839184,0.011327368,1464799779.0,2,0,0,vl99,167.0,17.0,1756.0,38185.0,40125.0
4m2425,d3rx6kp,">but you realise this is a flagrant violation of the civil rights act? 

I am not familiar with American law (I'm not American) but aren't you able to deny service to anyone based on whatever you want? Are having separate bathrooms for boys and girls a civil act violation too?

>Do you think it should be open season on minorities, or just Muslims?

Most minorities are absolutely normal, it's only Muslims that are problematic. ",https://www.reddit.com/r/changemyview/comments/4m2425/cmv_airline_companies_should_offer_muslimfree//d3rx6kp/,0.229,0.5972042,0.35368225,0.27207452,0.57957685,0.40243408,0.13211988,1464799869.0,0,0,0,[deleted],,,,,
4m2425,d3rxdcn,">How is this airline not painting a bright red bullseye on their planes? 

Just like banning guns or explosives was not a bullseye to provoke. 

",https://www.reddit.com/r/changemyview/comments/4m2425/cmv_airline_companies_should_offer_muslimfree//d3rxdcn/,0.271,0.19789438,0.010681152,0.02385794,0.030691283,0.032468732,0.015602129,1464800111.0,0,0,0,[deleted],,,,,
4m2425,d3rxddj,"> every time we have a terrorist attack we just condemn it.

Where did you get that idea? Both the US and Europe passed rather privacy invasive anti terrorism legislation. It's just that combatting terrorism effectively is hard. It's especially hard because of ethical objections. But let's not pretend that objecting to terrorism or religious discrimination is political correctness. ",https://www.reddit.com/r/changemyview/comments/4m2425/cmv_airline_companies_should_offer_muslimfree//d3rxddj/,0.213,0.1693855,0.004825592,0.020851927,0.053399716,0.061976057,0.013372798,1464800112.0,2,0,0,[deleted],,,,,
4m2425,d3rxdvj,">The background checking would exhaust most possibilities.

Exhaustive background checks take weeks and cost hundreds of dollars. How would you accomplish this with the additional 25 Euros you proposed per person? Currently, more than 75% of all airline tickets are purchased less than a month before the flight. How would a person book a flight less than a month in advance? ",https://www.reddit.com/r/changemyview/comments/4m2425/cmv_airline_companies_should_offer_muslimfree//d3rxdvj/,-0.271,0.36867723,0.052044146,0.12991914,0.24970764,0.14874944,0.033386398,1464800130.0,3,0,0,chrislstark,2785.0,43.0,204005.0,85019.0,291852.0
4m2425,d3rxh7k,">Exhaustive background checks take weeks and cost hundreds of dollars. How would you accomplish this with the additional 25 Euros you proposed per person?

The exhaustiveness of the background check would depend on how many money you put. Wealthier clients would have safer rides. 25 euros was just a number. It could be anything. 

>How would a person book a flight less than a month in advance?

If you care about safety, order before. 

",https://www.reddit.com/r/changemyview/comments/4m2425/cmv_airline_companies_should_offer_muslimfree//d3rxh7k/,-0.167,0.568186,0.35515398,0.28938356,0.50515765,0.36798462,0.13785169,1464800250.0,1,0,0,[deleted],,,,,
4m2425,d3rxly8,"You can, so long as those people are not a member of a protected class.  Religion and race are both protected classes, so you can not discriminate based on those facts.",https://www.reddit.com/r/changemyview/comments/4m2425/cmv_airline_companies_should_offer_muslimfree//d3rxly8/,-0.146,0.035220183,0.000953674,0.012107162,0.025002124,0.010514895,0.006518017,1464800422.0,2,0,0,Ansuz07,10816.0,1951.0,10784.0,376174.0,399725.0
4m2425,d3rxmzb,">>but you realise this is a flagrant violation of the civil rights act? 

>I am not familiar with American law (I'm not American) but aren't you able to deny service to anyone based on whatever you want? Are having separate bathrooms for boys and girls a civil act violation too?

No, the civil rights act covers discrimination on the basis of race for all business, however. 
",https://www.reddit.com/r/changemyview/comments/4m2425/cmv_airline_companies_should_offer_muslimfree//d3rxmzb/,0.146,0.3250515,0.023076924,0.07449899,0.17614605,0.1505596,0.011301477,1464800460.0,1,0,0,ThatBelligerentSloth,0.0,0.0,26.0,33864.0,33890.0
4m2425,d3rxxay,"Banning guns and explosives doesn't make a statement about any particular religion or ethnicity. The only people who could possibly be so offended as to specifically target an airport for doing so are the most insane of gun nuts.

Also, banning guns and explosives is federal policy affecting all airports, airlines, flights, and customers, so targeting specific airports or flights in retaliation wouldn't make any sense anyway. Whereas your solution would make for a very obvious target.",https://www.reddit.com/r/changemyview/comments/4m2425/cmv_airline_companies_should_offer_muslimfree//d3rxxay/,0.188,0.20242359,0.006141663,0.046922635,0.014852738,0.110259406,0.044278983,1464800838.0,2,0,0,vl99,167.0,17.0,1756.0,38185.0,40125.0
4m2425,d3rxzpg,"The guy said he would rather ""pay 25 euros more to assure that my flight has no potential terrorists (muslims) on it"" which implies that he is european and that american law does not apply to him.",https://www.reddit.com/r/changemyview/comments/4m2425/cmv_airline_companies_should_offer_muslimfree//d3rxzpg/,0.062,0.3266089,0.012207031,0.04266402,0.4054415,0.100019015,0.013476364,1464800924.0,0,0,0,RocketCity1234,0.0,0.0,,,0.0
4m2425,d3ry205,"True, but his question here was:

>I am not familiar with American law (I'm not American) but aren't you able to deny service to anyone based on whatever you want? 

In which case my answer is relevant.  While I am not familiar with European law, I would assume that similar protections exist as well.",https://www.reddit.com/r/changemyview/comments/4m2425/cmv_airline_companies_should_offer_muslimfree//d3ry205/,-0.083,0.15711457,0.008583069,0.075468846,0.078392304,0.03522326,0.011275585,1464801008.0,2,0,0,Ansuz07,10816.0,1951.0,10784.0,376174.0,399725.0
4m2425,d3ry41n,">Banning guns and explosives doesn't make a statement about any particular religion or ethnicity.

I care more about safety than the possibility of hurting the feelings of someone. 

>Also, banning guns and explosives is a federal policy affecting all airports, airlines, flights, and customers, so targeting specific airports or flights in retaliation wouldn't make any sense anyway.

Yes, the target would be the planes that now forbid guns. As in during the transition from legal to illegal. 

>Whereas your solution would make for a very obvious target.

That's why we have the safety checks. ",https://www.reddit.com/r/changemyview/comments/4m2425/cmv_airline_companies_should_offer_muslimfree//d3ry41n/,0.292,0.568186,0.35368225,0.24818924,0.46028158,0.36798462,0.1733226,1464801081.0,1,0,0,[deleted],,,,,
4m2425,d3rybsu,"The terrorist attacks of 9/11 were attacks done by a small enemy who evaluated the weaknesses of a much stronger opponent and found a vulnerability to exploit.  This involved years of planning, training and execution.  It's overly simplistic to think that our vulnerability lies in a repeat attack.  We've effectively closed that door.  

Our greatest vulnerability lies, like it was on 9/11, with something we can't predict and a weakness we are unaware of.  Banning Muslims from flights only increases the strength of extremest propaganda and the number of enemies they can recruit.  Your idea would result in a world full of more terrorism and violence not less an ultimately making us all less safe.  ",https://www.reddit.com/r/changemyview/comments/4m2425/cmv_airline_companies_should_offer_muslimfree//d3rybsu/,0.213,0.2853768,0.010223389,0.028776871,0.293411,0.097093195,0.067232,1464801356.0,3,0,0,shakeyjake,1354.0,972.0,97865.0,92811.0,193002.0
4m2425,d3ryp86,">Our greatest vulnerability lies, like it was on 9/11, with something we can't predict and a weakness we are unaware of. 

Correct, but there are measures, like banning guns from luggage, that help, even if they are not perfect. Banning Muslims is the same. 

>Banning Muslims from flights only increases the strength of extremest propaganda and the number of enemies they can recruit. 

More reasons to ban Muslims. Sorry, but the problem is them being terrorists, not us defending ourselves from potential terrorists. 

>Your idea would result in a world full of more terrorism and violence not less an ultimately making us all less safe.

The solution is to weaken terrorists organizations, not stop defending ourselves from them. ",https://www.reddit.com/r/changemyview/comments/4m2425/cmv_airline_companies_should_offer_muslimfree//d3ryp86/,0.354,0.60152835,0.35022295,0.21348765,0.58743036,0.42743355,0.16383497,1464801838.0,0,0,0,[deleted],,,,,
4m2425,d3rz1tm,"But you're not weakening them with the ban.  You are strengthening them by validating their persecution narrative.  If your house is on fire you have a choice.  Use a water to douse the fire or try to protect yourself by throwing logs at the flames.  We don't get safer by adding fuel to the fire. 

",https://www.reddit.com/r/changemyview/comments/4m2425/cmv_airline_companies_should_offer_muslimfree//d3rz1tm/,-0.255,0.11119666,0.004062653,0.019007329,0.006363631,0.039444692,0.036839653,1464802285.0,2,0,0,shakeyjake,1354.0,972.0,97865.0,92811.0,193002.0
4m2425,d3rzg4e,"Airlines are private companies meaning they can do as they please, they just care about profits.

For the sole purpose that airlines would not financially benefit from this, they should NOT do it.

Just the negative backlash would cost them more than they could profit, there is hardly any shortages in people that need to fly.

",https://www.reddit.com/r/changemyview/comments/4m2425/cmv_airline_companies_should_offer_muslimfree//d3rzg4e/,0.043,0.06104896,0.001630783,0.01941724,0.006511623,0.030595649,0.006686311,1464802795.0,1,0,0,SOLUNAR,15.0,0.0,6813.0,46320.0,53148.0
4m2425,d3rzgve,"> I care more about safety than the possibility of hurting the feelings of someone.

You must be a big fan of the NSA spying on American citizens without a warrant...",https://www.reddit.com/r/changemyview/comments/4m2425/cmv_airline_companies_should_offer_muslimfree//d3rzgve/,0.062,0.06184035,0.001544952,0.011594773,0.006178642,0.024640027,0.008582866,1464802821.0,0,0,0,[deleted],,,,,
4m2425,d3rzstd,"I think they should be ALLOWED to do that, but I don't think it would make good business sense.  While there are undoubtedly many like yourself who would pay the premium, the money they would lose in boycotts, terrible press, and lawsuits would be a net loss for the company.  There's no way they stand to make money by taking such a polarizing position.

If they could, I imagine airlines would have already started something less controversial, like adults-only flights.",https://www.reddit.com/r/changemyview/comments/4m2425/cmv_airline_companies_should_offer_muslimfree//d3rzstd/,0.064,0.05378982,0.001363754,0.016547862,0.003829278,0.028502205,0.00713294,1464803252.0,1,0,0,scottevil110,6933.0,242.0,16077.0,991305.0,1014557.0
4m2425,d3rzsy3,"Not really. Since in Muslim flights they would kill mostly Muslims, it would help since these segregated flights help cool off the tensions between the religions and cultures. If a 100 Europeans die, Europeans would be angrier at Muslims than if a 100 Muslims die. 

Sometimes separations are the right thing. Chehzs and Slovaks are in a good relationship since Czechoslovakia got divided. 

",https://www.reddit.com/r/changemyview/comments/4m2425/cmv_airline_companies_should_offer_muslimfree//d3rzsy3/,0.25,0.40060925,0.023880709,0.15938593,0.48915586,0.16817254,0.4738685,1464803257.0,2,0,0,[deleted],,,,,
4m2425,d3rzwmp,"Are you saying people who pay more and buy tickets earlier will get put on separate, ""safer"" flights? That wouldn't be a very viable business scheme. They'd have to pay much, much more. But if they get put on the same flight as people who pay less and buy their tickets later, that would just be a big old scam.",https://www.reddit.com/r/changemyview/comments/4m2425/cmv_airline_companies_should_offer_muslimfree//d3rzwmp/,-0.021,0.08874765,0.001592636,0.022696527,0.003200315,0.03665562,0.007016428,1464803387.0,1,0,0,i_hate_you_all__,0.0,0.0,1.0,2150.0,2151.0
4m2425,d3s04ol,"A less exhaustive background check would risk accepting Muslims on the flight, which would completely defeat the whole point of a Muslim-free flight.",https://www.reddit.com/r/changemyview/comments/4m2425/cmv_airline_companies_should_offer_muslimfree//d3s04ol/,0.208,0.23090743,0.005531311,0.021466793,0.2964622,0.037980765,0.009929225,1464803672.0,1,0,0,Mattmon666,0.0,0.0,1288.0,1051.0,2339.0
4m2425,d3s06pw,"In Islam it's a greater sin to kill fellow believers than ""infidels"".  By having segregated flights you would be providing terrorists with ideal targets. ",https://www.reddit.com/r/changemyview/comments/4m2425/cmv_airline_companies_should_offer_muslimfree//d3s06pw/,0.125,0.47119883,0.06011435,0.1413768,0.5135796,0.24928534,0.46566597,1464803742.0,1,0,0,shakeyjake,1354.0,972.0,97865.0,92811.0,193002.0
4m2425,d3s09tt,"My CMV is about safety, not profit. ",https://www.reddit.com/r/changemyview/comments/4m2425/cmv_airline_companies_should_offer_muslimfree//d3s09tt/,-0.521,0.009361716,0.000445843,0.009869732,0.00137817,0.006648371,0.006149062,1464803847.0,1,0,0,[deleted],,,,,
4m2425,d3s0m9b,You say this is all about safety. But its still safer for me to take a plane full of muslims then ride in a car. Why should I care?,https://www.reddit.com/r/changemyview/comments/4m2425/cmv_airline_companies_should_offer_muslimfree//d3s0m9b/,0.188,0.38811707,0.023076924,0.10116278,0.45610145,0.16824563,0.040638234,1464804291.0,1,0,0,zardeh,0.0,0.0,16.0,34809.0,34825.0
4m2425,d3s0ris,But it's almost impossible to get them in the plane. How many Islamic plane hijackers have been in history who would pass that check?,https://www.reddit.com/r/changemyview/comments/4m2425/cmv_airline_companies_should_offer_muslimfree//d3s0ris/,0.125,0.18364124,0.007019043,0.025634222,0.18903255,0.0350029,0.022853967,1464804476.0,1,0,0,[deleted],,,,,
4m2425,d3s0woz,Because it's even safer to be in a plane with no Muslims. Less potential terrorists is more safety. ,https://www.reddit.com/r/changemyview/comments/4m2425/cmv_airline_companies_should_offer_muslimfree//d3s0woz/,0.292,0.46186632,0.02406851,0.082581155,0.55044734,0.26957804,0.060443077,1464804661.0,1,0,0,[deleted],,,,,
4m2425,d3s1339,"But its safer for me to not leave my house. Less potential people is more safety.

I mean airlines already offer this service, its called a chartered flight.",https://www.reddit.com/r/changemyview/comments/4m2425/cmv_airline_companies_should_offer_muslimfree//d3s1339/,-0.25,0.01646154,0.000925064,0.010894509,0.003422302,0.008994885,0.007029374,1464804889.0,1,0,0,zardeh,0.0,0.0,16.0,34809.0,34825.0
4m2425,d3s14ok,"Richard Reid, aka the shoe bomber. There are plenty of jihadists with western names from western countries. In your scenario they simply choose one of those or board the plane with a stolen license from a similar looking person. ",https://www.reddit.com/r/changemyview/comments/4m2425/cmv_airline_companies_should_offer_muslimfree//d3s14ok/,0.167,0.24442963,0.008010864,0.024404489,0.14661247,0.12883772,0.016465442,1464804945.0,2,0,0,shakeyjake,1354.0,972.0,97865.0,92811.0,193002.0
4m2425,d3s1ght,"Why not ban MEN from airplanes?  Why not ban Military aged people from airplanes?  If we are going to ban people from flight based on demographics why not use these two since they are better predictors of violence than religion?  They are also much easier to check and verify.

Restrict flight to only white women, this would make them very safe.  What could go wrong with that?",https://www.reddit.com/r/changemyview/comments/4m2425/cmv_airline_companies_should_offer_muslimfree//d3s1ght/,0.25,0.32236105,0.016641939,0.059948977,0.37292135,0.1469393,0.063352615,1464805365.0,1,0,0,GenderNeutralLanguag,0.0,0.0,92.0,8453.0,8545.0
4m2425,d3s1we6,"You phrased the title wrong, then. 'Airline companies should provide Muslim-free plane rides' implies that there's some financial incentive for airline companies to do this. Generally,  firms care about profits rather than altruism. ",https://www.reddit.com/r/changemyview/comments/4m2425/cmv_airline_companies_should_offer_muslimfree//d3s1we6/,0.042,0.112540044,0.002536774,0.012482914,0.10221587,0.027476108,0.006291465,1464805924.0,1,0,0,GitaTcua,18.0,0.0,222.0,4233.0,4473.0
4m2425,d3s2114,Correct but it's semantics. In the argument and most replies it comes off as obvious. I state it many times. ,https://www.reddit.com/r/changemyview/comments/4m2425/cmv_airline_companies_should_offer_muslimfree//d3s2114/,-0.25,0.019728716,0.000648499,0.011628932,0.002192123,0.010780896,0.006602164,1464806092.0,1,0,0,[deleted],,,,,
4m2425,d3s23lu,">Why not ban MEN from airplanes? Why not ban Military aged people from airplanes?

Muslims are the extremists, not men or military aged people. 

>f we are going to ban people from flight based on demographics why not use these two since they are better predictors of violence than religion? 

In this case religion is better.

>Restrict flight to only white women, this would make them very safe. What could go wrong with that?

If they want to...",https://www.reddit.com/r/changemyview/comments/4m2425/cmv_airline_companies_should_offer_muslimfree//d3s23lu/,0.375,0.75208336,0.45895407,0.36099523,0.71678543,0.47384647,0.31092548,1464806182.0,1,0,0,[deleted],,,,,
4m2425,d3s2gzu,"The difference in terrorism rates between men and women is far greater than the difference in terrorism rates between muslims and non-muslims. Empirically, gender is a far better predictor.",https://www.reddit.com/r/changemyview/comments/4m2425/cmv_airline_companies_should_offer_muslimfree//d3s2gzu/,0.208,0.2854971,0.009918213,0.03615085,0.3817989,0.06634661,0.00951496,1464806656.0,1,0,0,[deleted],,,,,
4m2425,d3s2imq,This to me is the equivalent of making Non-White buildings after the Timothy McVeigh bombing in 1994. ,https://www.reddit.com/r/changemyview/comments/4m2425/cmv_airline_companies_should_offer_muslimfree//d3s2imq/,-0.167,0.30993456,0.015415368,0.073529124,0.37222284,0.06617179,0.07323132,1464806718.0,1,0,0,JKSmush,0.0,0.0,345.0,8196.0,8541.0
4m2425,d3s2xj6,I was talking about travel. If you don't leave your home you can't travel. ,https://www.reddit.com/r/changemyview/comments/4m2425/cmv_airline_companies_should_offer_muslimfree//d3s2xj6/,-0.413,0.019980038,0.000710487,0.010911589,0.002136626,0.008937885,0.007443639,1464807242.0,1,0,0,[deleted],,,,,
4m2425,d3s3aig,"That is correct but if we compare the terrorist on planes then religion is an even better indicator. I guess you could make a female-only flight, and it might have some effect on security, but it's not really the point of the CMV. Your job is not to have better alternatives in term of discrimination, it's to discredit my idea. ",https://www.reddit.com/r/changemyview/comments/4m2425/cmv_airline_companies_should_offer_muslimfree//d3s3aig/,-0.021,0.17718399,0.004520416,0.023106437,0.16801116,0.062150877,0.010938995,1464807706.0,1,0,0,[deleted],,,,,
4m2425,d3s3arr,"Sure, if it's private, why not?",https://www.reddit.com/r/changemyview/comments/4m2425/cmv_airline_companies_should_offer_muslimfree//d3s3arr/,-0.574,0.015267765,0.000929832,0.01261955,0.001627906,0.007132874,0.006964645,1464807715.0,1,0,0,[deleted],,,,,
4m2425,d3s3dsm,"This is exactly the kind of behavior that is widely recognized as an ideal recruiting tool for ISIS. You have just pissed off well over a billion people, many of whom previously supported the war on ISIS.

This will make us less safe because it will prompt more attacks.",https://www.reddit.com/r/changemyview/comments/4m2425/cmv_airline_companies_should_offer_muslimfree//d3s3dsm/,0.062,0.32236105,0.01986976,0.20916378,0.10221587,0.24928534,0.051067904,1464807826.0,1,0,0,jacksonstew,0.0,0.0,117.0,22915.0,23032.0
4m2425,d3s3uki,"Because you alienate an entire religion. Plus if that is the precedent then why not just have this rule for all different parameters  for flights.  No kids, no whites, no women, only transgender, people who are Liverpool fans only. Sure if it is private then you can do whatever you want. However, I wouldn't want to be punished or view differently because of the actions of few. It opens a can of worms that can be ugly and are bigoted. ",https://www.reddit.com/r/changemyview/comments/4m2425/cmv_airline_companies_should_offer_muslimfree//d3s3uki/,-0.021,0.3389984,0.017933069,0.1696208,0.35624164,0.26957804,0.018364733,1464808435.0,1,0,0,JKSmush,0.0,0.0,345.0,8196.0,8541.0
4m2425,d3s4etl,"If something like this could make someone support ISIS, then they were barbaric savages already. Lost causes. ",https://www.reddit.com/r/changemyview/comments/4m2425/cmv_airline_companies_should_offer_muslimfree//d3s4etl/,0.5,0.38601747,0.020257099,0.09583591,0.20680901,0.37279442,0.05042134,1464809152.0,0,0,0,[deleted],,,,,
4m2425,d3s5qfu,"> Muslims are the extremists, not men or military aged people. 

So you have no problem labeling the 1.6 billion people that follow Islam as being extremists, but when it comes to labeling the 3 billion people that are male as violent...that's just a bridge to far?

Refusing service to men because of the remote possibility that they may become violent is stupid.  You agree it's stupid.  But when talking about the even more remote possibility that someone who's identifiable as Muslim may become violent....that's a real threat.",https://www.reddit.com/r/changemyview/comments/4m2425/cmv_airline_companies_should_offer_muslimfree//d3s5qfu/,0.562,0.60311776,0.02453801,0.22693542,0.55044734,0.6099415,0.04167421,1464810874.0,1,0,0,GenderNeutralLanguag,0.0,0.0,92.0,8453.0,8545.0
4m2425,d3s5v4l,">So you have no problem labeling the 1.6 billion people that follow Islam as being extremists, but when it comes to labeling the 3 billion people that are male as violent...that's just a bridge to far?

For me yes but I guess if you wanted you could have a female-only flight. Statistically it would be safer than a male flight.

",https://www.reddit.com/r/changemyview/comments/4m2425/cmv_airline_companies_should_offer_muslimfree//d3s5v4l/,0.128,0.6289369,0.38274905,0.2882351,0.5983441,0.40243408,0.14485972,1464811042.0,1,0,0,[deleted],,,,,
