post_id,comment_id,txt,url,offensiveness_score,Toxicity,Severe Toxicity,Profanity,Identity Attack,Insult,Threat,created,score,total_awards_received,controversiality,user,user_awardee_karma,user_awarder_karma,user_link_karma,user_comment_karma,user_total_karma
9uonzj,e9625ms,Yea it isn't like he hates on the constitution all the fucking time or anything. Another Russian troll.,https://edition.cnn.com/2018/11/05/politics/donald-trump-democrats-tax-returns/index.html/e9625ms/,0.417,0.8988238,0.44787344,0.8326356,0.5707127,0.72868866,0.0138755,1541523148.0,17,0,0,[deleted],,,,,
9uonzj,e96719r,""".. but he actually does .. "" - the narrator",https://edition.cnn.com/2018/11/05/politics/donald-trump-democrats-tax-returns/index.html/e96719r/,-0.604,0.013697007,0.000653267,0.010740792,0.001581658,0.00815888,0.006556854,1541526855.0,6,0,0,smilbandit,511.0,9.0,11562.0,154994.0,167076.0
9uonzj,e9693kr,If you aren't worried why dont you show them??,https://edition.cnn.com/2018/11/05/politics/donald-trump-democrats-tax-returns/index.html/e9693kr/,-0.149,0.035691574,0.001468658,0.015557245,0.003496297,0.011046898,0.00915248,1541528423.0,4,0,0,TheXypris,1129.0,102.0,83467.0,203034.0,287732.0
9uonzj,e96ampy,Well then fucking hand them over Trump! Put up or shut up.,https://edition.cnn.com/2018/11/05/politics/donald-trump-democrats-tax-returns/index.html/e96ampy/,0.75,0.91625386,0.4583481,0.8690192,0.06929302,0.69164425,0.24878941,1541529562.0,6,0,0,AlfredJFuzzywinkle,28.0,360.0,,,388.0
9uonzj,e96c0jb,"You’re a real piece of work. You really need to educate yourself on key political issues and stances. Like, pretty basic stuff in fact. Your understanding of world politics is that of a third grader’s. ",https://edition.cnn.com/2018/11/05/politics/donald-trump-democrats-tax-returns/index.html/e96c0jb/,0.391,0.34757367,0.007781982,0.080318145,0.011691323,0.34626248,0.006809296,1541530592.0,2,0,0,RoosterClan,228.0,34.0,454.0,59453.0,60169.0
9uonzj,e96ctxb,">  ultra-fascist Supreme Court

Goddamn. Hyperbole much?",https://edition.cnn.com/2018/11/05/politics/donald-trump-democrats-tax-returns/index.html/e96ctxb/,0.25,0.6744087,0.2847981,0.57236236,0.27914262,0.4810288,0.0138755,1541531222.0,1,0,0,WashedMasses,51.0,0.0,24461.0,12259.0,36771.0
