post_id,comment_id,txt,url,offensiveness_score,Toxicity,Severe Toxicity,Profanity,Identity Attack,Insult,Threat,created,score,total_awards_received,controversiality,user,user_awardee_karma,user_awarder_karma,user_link_karma,user_comment_karma,user_total_karma
9akeie,e4w37ep,"Yes, Tibbetts is definitely the only victim of a crime committed by an illegal alien. Also, what literature do you personally use as reference when someone questions the efficacy of gun control? What specific policies do you want to see in relation to both immigration and gun control (as both where mentioned in your graphic)?",https://i.imgur.com/LWBAvjC.jpg/e4w37ep/,-0.064,0.20265625,0.005683899,0.018119188,0.12440576,0.083112895,0.011456826,1535330182.0,-19,0,0,[deleted],,,,,
9akeie,e4w3jaa,"I would like immigration made easier and a path to citizenship based on how long you have been here undocumented.

I want universal background check (no, we don’t have them now), mental health flags, increased waiting periods for long guns especially for novices. I would a national database of gun violence. ",https://i.imgur.com/LWBAvjC.jpg/e4w3jaa/,0.042,0.11212669,0.004367828,0.019758832,0.05976611,0.031256735,0.017328756,1535330528.0,16,0,0,VegaThePunisher,0.0,0.0,,,0.0
9akeie,e4w3ydj,Have you ever bought a gun?  We have background checks.  End of story.,https://i.imgur.com/LWBAvjC.jpg/e4w3ydj/,-0.146,0.050821137,0.002479553,0.011902207,0.001516912,0.010020891,0.035458352,1535330992.0,-15,0,0,turtlew0rk,416.0,208.0,1722.0,62307.0,64653.0
9akeie,e4w41sj,"FALSE.

We don’t have universal background checks.

Now we are at Stage 2 of Gun Humper Deflections: Lying.

",https://i.imgur.com/LWBAvjC.jpg/e4w41sj/,-0.021,0.23198941,0.004425049,0.01764096,0.00327431,0.1505596,0.010809537,1535331094.0,22,0,0,VegaThePunisher,0.0,0.0,,,0.0
9akeie,e4w4gwx,"| ""Have you ever bought a gun? We have background checks. End of story.""

I said this a few minutes ago.  You argued but didnt answer my question.  Remember?  From earlier?",https://i.imgur.com/LWBAvjC.jpg/e4w4gwx/,0.125,0.19314334,0.005607605,0.03765389,0.011099357,0.05262003,0.038911607,1535331547.0,-10,0,0,turtlew0rk,416.0,208.0,1722.0,62307.0,64653.0
9akeie,e4w4kp5,"No, we don’t have universal background checks.

Privates sales including at gun shows by private dealers are not required to have background checks. 

Only federally licensed dealers.

Are you going to stop lying now? 

It shows how lame the gun humper argument is. ",https://i.imgur.com/LWBAvjC.jpg/e4w4kp5/,0.229,0.25462922,0.006332398,0.031391226,0.007288578,0.21368977,0.018537397,1535331659.0,12,0,0,VegaThePunisher,0.0,0.0,,,0.0
9akeie,e4w4lsz,"background checks are involved in approximately 60% of all gun sales, which makes them pretty ineffective. And even when they do occur, they still have zero influence on a firearm purchased as a gift for someone else.",https://i.imgur.com/LWBAvjC.jpg/e4w4lsz/,-0.021,0.027088705,0.001206398,0.01220964,0.001655654,0.010894896,0.00951496,1535331693.0,10,0,0,fitzroy95,1161.0,68.0,25636.0,498365.0,525230.0
9akeie,e4w60te,"Well you lied because the discussion was on UBC.

We don’t have UBC. No one argued we don’t have background checks. 

So you were either lying or confused. 

Anyways, universal background checks means just that. Do you understand?",https://i.imgur.com/LWBAvjC.jpg/e4w60te/,0.188,0.20242359,0.00284195,0.017231047,0.002358613,0.14874944,0.006925808,1535333228.0,5,0,0,VegaThePunisher,0.0,0.0,,,0.0
9akeie,e4w6e6p,"Ok.  How do you make ""universal"" background checks happen??  

How do private gun owners do background checks on other private citizens?

How do you make it mandatory""

How do you enforce it?

How do you monitor it?

",https://i.imgur.com/LWBAvjC.jpg/e4w6e6p/,-0.146,0.021432023,0.001125336,0.010894509,0.002062631,0.009564889,0.007832011,1535333630.0,0,0,0,turtlew0rk,416.0,208.0,1722.0,62307.0,64653.0
9akeie,e4w73og,Your simple answers to complicated questions say all I need to know.,https://i.imgur.com/LWBAvjC.jpg/e4w73og/,-0.083,0.034984488,0.00067234,0.010365041,0.001257927,0.01890341,0.005809236,1535334392.0,0,0,0,turtlew0rk,416.0,208.0,1722.0,62307.0,64653.0
9akeie,e4wiw48,"How should we make immigration easier? That’s quite vague. What would be the cut off for being here to receive a path to citizenship? Do you believe that these should be implemented at the federal or state level? 

Off topic but I don’t understand why there are so many downvotes in world politics. Isn’t this a subreddit to provoke discussion? I’m simply asking questions to see how those with different political orientations justify their beliefs. ",https://i.imgur.com/LWBAvjC.jpg/e4wiw48/,-0.062,0.055521555,0.002231598,0.024267852,0.028016793,0.019096779,0.007974415,1535349498.0,1,0,0,[deleted],,,,,
9akeie,e4xej0i,"They keep prisoners in jail just fine, don’t see why one wouldn’t be able to keep bad people out... ",https://i.imgur.com/LWBAvjC.jpg/e4xej0i/,-0.083,0.1100022,0.002727509,0.01627459,0.008139528,0.02708937,0.028379176,1535391686.0,1,0,0,Obenny5,0.0,0.0,1878.0,-100.0,1778.0
9akeie,e4xijnz,"Why fuck does a person is allow to buy unlimited amount of guns. I seen on the news arrested a guy for something else, but he had like 60 or more guns.....  He didn't even have any of guns locked in a safe. It was just hoarded all over his house.  Shouldn't we pass laws to allow only one gun per person?  Every fucking mass shooting you hear the gun was stolen. Like can you please fine these people for not locking away there gun in a safe? WTF is lazy piece of shit congress doing?",https://i.imgur.com/LWBAvjC.jpg/e4xijnz/,0.783,0.85333383,0.44787344,0.8089582,0.19495805,0.6308392,0.2566701,1535395192.0,1,0,0,chotronics,0.0,0.0,170.0,179.0,349.0
9akeie,e4zvhtg,"Muslim man teaches children how to shoot AK-47s should’ve hospitals and schools Democrats nothing

 white guy kills people with gun change gun laws!",https://i.imgur.com/LWBAvjC.jpg/e4zvhtg/,0.542,0.6308517,0.23226175,0.22542313,0.6220118,0.344702,0.52199906,1535489010.0,-3,0,0,invader_zed,88.0,0.0,1173.0,6516.0,7777.0
9akeie,e52g0fq,You just said above no one. ,https://i.imgur.com/LWBAvjC.jpg/e52g0fq/,-0.511,,,,,,,1535587095.0,2,0,0,VegaThePunisher,0.0,0.0,,,0.0
9akeie,e52ga84,"I can’t tell if you’re trying to troll me. I said no one has an immigration problem when a legal immigrant is involved in a crime. Meaning, people don’t justify their opinion that we should reduce legal immigration on the basis that legal immigrants commit crime. ",https://i.imgur.com/LWBAvjC.jpg/e52ga84/,-0.021,0.24603334,0.006370544,0.053435806,0.10235514,0.15769513,0.011482717,1535587361.0,0,0,0,MaseratiMadness,0.0,0.0,1.0,-10.0,-9.0
