post_id,comment_id,txt,url,offensiveness_score,Toxicity,Severe Toxicity,Profanity,Identity Attack,Insult,Threat,created,score,total_awards_received,controversiality,user,user_awardee_karma,user_awarder_karma,user_link_karma,user_comment_karma,user_total_karma
ai80am,eelu8lk,"I learned about how some (maybe even the majority) of them find forearms and hands to be attractive, and even more specifically when they can see the veins in them. 

I also learned that (almost) every time a girl does the “wow your hands are so big” thing and then you both put your hands up to compare size, theyre lowkey into you and it was just an excuse to make some physical contact with you.

Definitely wish she had told me that one earlier because I definitely missed a few hints with that one.",https://www.reddit.com/r/AskMen/comments/ai80am/whats_the_most_interesting_girl_secret_a_female//eelu8lk/,-0.104,0.24763705,0.010070801,0.21132572,0.024600167,0.043250903,0.009540852,1548060587.0,1350,0,0,[deleted],,,,,
ai80am,eeluojr,"As a woman with big hands.... Tried that as a late teen to be cute, wasn't cute when his hands were smaller than mine :/ ",https://www.reddit.com/r/AskMen/comments/ai80am/whats_the_most_interesting_girl_secret_a_female//eeluojr/,-0.312,0.103494145,0.003948212,0.055940874,0.011987305,0.020063626,0.008207439,1548061335.0,618,0,0,Norrive,0.0,0.0,113.0,53910.0,54023.0
ai80am,eempfuy,Just imagine getting licked by a giant dog tongue and then it feels like that feeling all the time. That's pretty much what it feels like to wear heavy makeup. ,https://www.reddit.com/r/AskMen/comments/ai80am/whats_the_most_interesting_girl_secret_a_female//eempfuy/,-0.104,0.38601747,0.023076924,0.3194067,0.014249804,0.083359696,0.08396416,1548093109.0,2,0,0,[deleted],,,,,
ai80am,eemuadt,My girl puts masks on me while I'm watching youtube all the while shooting the shit. It's a nice thing to do sometimes even if I think it isn't going to accomplish anything.,https://www.reddit.com/r/AskMen/comments/ai80am/whats_the_most_interesting_girl_secret_a_female//eemuadt/,0.062,0.76523775,0.2322566,0.7888968,0.10221587,0.3682569,0.34804323,1548096376.0,1,0,0,crackedoak,125.0,0.0,1233.0,15138.0,16496.0
ai80am,eenqacm,That she pooped on her ex boyfriends chest. I made fun of her for it for a really long time. ,https://www.reddit.com/r/AskMen/comments/ai80am/whats_the_most_interesting_girl_secret_a_female//eenqacm/,0.312,0.52811706,0.16960317,0.41194582,0.033269364,0.3126888,0.33609006,1548119570.0,10,0,0,InterestedAtoms,0.0,0.0,5.0,349.0,354.0
ai80am,eentzaw,Probably the funniest one was a farm girl who told me she has a fetish for getting fisted because she experimented with her families cows when she hit puberty. It was just so comical to me imagining a 11/12 year old girl sneaking out to the barn at night. I kinda wonder how the cows thought of the whole thing. ,https://www.reddit.com/r/AskMen/comments/ai80am/whats_the_most_interesting_girl_secret_a_female//eentzaw/,0.458,0.3389984,0.023076924,0.2761231,0.052035484,0.15627414,0.064969026,1548122386.0,0,0,1,[deleted],,,,,
ai80am,eenvbv4,"Ok, I'm as curious as hell, how do you make a ""tampon bomb""?",https://www.reddit.com/r/AskMen/comments/ai80am/whats_the_most_interesting_girl_secret_a_female//eenvbv4/,0.34,0.42985553,0.023505108,0.39409557,0.023193322,0.17610447,0.108496375,1548123443.0,1,0,0,TheMechanicalguy,0.0,0.0,,,0.0
ai80am,eenyezf,I have comically small hands and just making a joke of it is the best way to play it off and even make it into a positive I always say shit like “yeah small hands and small feet lucky for you everything else is perfectly average” ,https://www.reddit.com/r/AskMen/comments/ai80am/whats_the_most_interesting_girl_secret_a_female//eenyezf/,0.083,0.54823303,0.028730227,0.70864636,0.026810925,0.24928534,0.01052473,1548125779.0,3,0,0,dukes1998,330.0,0.0,,,330.0
ai80am,eeo51th,Its the fuckboy/girl hook up app no one on there is looking to date they just want to fuck. Anyone looking for anything meaningful is not going to find it on tinder. ,https://www.reddit.com/r/AskMen/comments/ai80am/whats_the_most_interesting_girl_secret_a_female//eeo51th/,0.333,0.85850734,0.45895407,0.8855216,0.17769934,0.5130944,0.02803385,1548131190.0,1,0,0,[deleted],,,,,
ai80am,eeo8zs8,"What's the lady equivalent of yelling ""BORTLES!""?",https://www.reddit.com/r/AskMen/comments/ai80am/whats_the_most_interesting_girl_secret_a_female//eeo8zs8/,-0.085,0.200795,0.005874634,0.027547138,0.09741807,0.06953252,0.009281937,1548135023.0,7,0,0,csl512,1208.0,2279.0,861.0,367705.0,372053.0
ai80am,eeokvro,"It took a long time but I finally learned at age 19 or 20: **women love veiny arms**

I don't mean skinny arms with spider-veins, but muscles on forearms with the one or two enlarged veins up the length. It gets women rock hard. I've been working in manufacturing for several years and I'm getting to the muscle structure of a 26 year-old going on 35, because I work with heavy materials and tools 6 days of the week. I've noticed lately, that when I wear muscle shirts or just roll up my sleeves, I catch the eyes of one of my female co-workers and it gives me a huge confidence boost.

One day, I asked one of them about it and she confirmed: women really love the prominent vein on a man's forearm. There's even a subreddit for it.",https://www.reddit.com/r/AskMen/comments/ai80am/whats_the_most_interesting_girl_secret_a_female//eeokvro/,0.064,0.19504376,0.010375977,0.1631077,0.068465814,0.03257891,0.012078222,1548152632.0,14,0,0,PM_ME_YOUR_TORNADOS,327.0,63.0,2634.0,17527.0,20551.0
ai80am,eep7t3r,"Girl here. When my good friend told me she was fucking her husband's brother. But little did she know, he had already been sleeping with *me* behind his wife's back since we had met at a wedding 6 months prior. Drama!",https://www.reddit.com/r/AskMen/comments/ai80am/whats_the_most_interesting_girl_secret_a_female//eep7t3r/,0.574,0.7856813,0.3529199,0.8089582,0.08583717,0.33964422,0.04201601,1548174203.0,3,0,0,randomgirl223,0.0,0.0,75.0,1769.0,1844.0
ai80am,eesf4k2,"Im allergic, ive got a valid reason",https://www.reddit.com/r/AskMen/comments/ai80am/whats_the_most_interesting_girl_secret_a_female//eesf4k2/,-0.396,0.09438288,0.003318787,0.028093686,0.007991537,0.019225692,0.008440462,1548273154.0,2,0,0,[deleted],,,,,
ai80am,eew1fz2,I lack a vagina so it's all secondhand knowledge.,https://www.reddit.com/r/AskMen/comments/ai80am/whats_the_most_interesting_girl_secret_a_female//eew1fz2/,0.479,0.7308154,0.052044146,0.596623,0.016159095,0.081508696,0.007702554,1548377898.0,4,0,0,Flux_State,827.0,60.0,19348.0,39264.0,59499.0
