post_id,comment_id,txt,url,offensiveness_score,Toxicity,Severe Toxicity,Profanity,Identity Attack,Insult,Threat,created,score,total_awards_received,controversiality,user,user_awardee_karma,user_awarder_karma,user_link_karma,user_comment_karma,user_total_karma
87icwb,dwd9d1h,"Wait, so how did you get here then?",https://blog.mozilla.org/firefox/facebook-container-extension//dwd9d1h/,-0.521,0.04315203,0.001525879,0.016752819,0.003126319,0.014428918,0.007314181,1522165854.0,1,0,0,JewJewJubes,1896,771,33714,52145,88526
87icwb,dwda9go,But then how will he participate in the meme wars?,https://blog.mozilla.org/firefox/facebook-container-extension//dwda9go/,-0.34,0.08004235,0.002479553,0.021056883,0.007436569,0.01767874,0.013217449,1522166659.0,3,0,0,Gauze321,13,0,2352,20542,22907
87icwb,dwdgeio,I did my taxes and now I'm going to jail,https://blog.mozilla.org/firefox/facebook-container-extension//dwdgeio/,-0.062,0.25462922,0.009155273,0.05243378,0.008879486,0.03827355,0.13815513,1522172079.0,1,0,0,communist_gerbil,0,424,3963,50617,55004
87icwb,dwdnelq,"fuck, the cat!!! (comma essential)",https://blog.mozilla.org/firefox/facebook-container-extension//dwdnelq/,0.729,0.93383175,0.50703704,0.902047,0.06567776,0.49389273,0.06658544,1522178295.0,1,0,0,iconoclaus,0,0,10725,26662,37387
87icwb,dweznlg,"I’m assuming the answer is no based on TOS, but if I delete things from Facebook it won’t matter as far as data collection goes? Like, my artwork or awful photos. Once it’s been uploaded, it’s theirs?

FB is sadly still effective for sharing art and updates on my store.

I really hate what it’s become. ",https://blog.mozilla.org/firefox/facebook-container-extension//dweznlg/,0.104,0.18554166,0.006752014,0.09775851,0.014953227,0.06319981,0.011249693,1522242018.0,1,0,0,_izari_,18,0,510,3058,3586
87icwb,dwf4l9u,"I think you're right. ""Login"" is a noun, the verb form is ""log in"". It doesn't really bother me much, but as an ardent grammar Nazi, I do support the correct usage.",https://blog.mozilla.org/firefox/facebook-container-extension//dwf4l9u/,-0.167,0.19870108,0.009498596,0.075792134,0.11744241,0.060752302,0.009618527,1522247357.0,1,0,0,greentea5732,0,0,293,1925,2218
87icwb,dzak33n,It’s really sad that this needs to be done.,https://blog.mozilla.org/firefox/facebook-container-extension//dzak33n/,-0.521,0.031213367,0.001325607,0.014566627,0.003237312,0.011654901,0.007637825,1526840088.0,1,0,0,KaiserinErza,873,280,73198,5746,80097
