post_id,comment_id,txt,url,offensiveness_score,Toxicity,Severe Toxicity,Profanity,Identity Attack,Insult,Threat,created,score,total_awards_received,controversiality,user,user_awardee_karma,user_awarder_karma,user_link_karma,user_comment_karma,user_total_karma
63k7gs,dfurtlu,The majority of Europeans do realise that he's seen as a vile slimey little shit by many in Britain and that were not all Farage supporters right? ,http://www.independent.co.uk/news/uk/politics/nigel-farage-european-parliament-mock-eu-leaders-mafia-brexit-talks-uk-britain-ransom-a7667306.html/dfurtlu/,0.479,0.6611249,0.16960317,0.64657205,0.28034934,0.6051471,0.011974656,1491379728.0,84,0,0,[deleted],,,,,
63k7gs,dfutfv5,"Does Farage still hold a position in your government? I thought that when he surprise-quit after he fucked you with Brexit, he was no longer qualified to do anything but come here to America and fuck with us by helping trump. (I despise both those bastards so much.)",http://www.independent.co.uk/news/uk/politics/nigel-farage-european-parliament-mock-eu-leaders-mafia-brexit-talks-uk-britain-ransom-a7667306.html/dfutfv5/,0.417,0.7510937,0.44787344,0.71218073,0.2831485,0.62169385,0.063352615,1491384667.0,8,0,0,sunnieskye1,0.0,0.0,60275.0,134337.0,194612.0
63k7gs,dfuti9f,"He never held a position in the UK government. He was never even a member of Parliament, though he tried seven times. He surprise-quit as leader of the UK Independence Party twice. 

He was elected as a member of the European Parliament four times, and still has his seat. ",http://www.independent.co.uk/news/uk/politics/nigel-farage-european-parliament-mock-eu-leaders-mafia-brexit-talks-uk-britain-ransom-a7667306.html/dfuti9f/,0.146,0.10175867,0.002651215,0.02249157,0.015455672,0.03710241,0.007961469,1491384872.0,52,0,0,motobrit,0.0,0.0,242.0,16509.0,16751.0
63k7gs,dfutw81,"Thanks for clearing it up, for some reason I though he was an MP in the UK. HOW did he get his seat in the EU Parliament, is it UK who sends him there, or does the EU put him in? Apologies for my ignorance on how this works.",http://www.independent.co.uk/news/uk/politics/nigel-farage-european-parliament-mock-eu-leaders-mafia-brexit-talks-uk-britain-ransom-a7667306.html/dfutw81/,-0.426,0.045378547,0.001344681,0.01764096,0.008879486,0.01929015,0.007094103,1491386007.0,2,0,0,sunnieskye1,0.0,0.0,60275.0,134337.0,194612.0
63k7gs,dfuu8sk,EU citizens directly vote for the EU Parliament. UKIP was elected by the British and Farage won elections within UKIP.,http://www.independent.co.uk/news/uk/politics/nigel-farage-european-parliament-mock-eu-leaders-mafia-brexit-talks-uk-britain-ransom-a7667306.html/dfuu8sk/,-0.106,0.014011159,0.000686646,0.011543535,0.005327691,0.007512876,0.006576272,1491387045.0,4,0,0,Qksiu,0.0,0.0,,,0.0
63k7gs,dfuueuf,"It's everywhere, isn't it? I'm fairly surprised to know UKIP is that popular. Didn't they flat-out lie about the money for your NHS during the Brexit campaign? I don't know when your next elections come along, but it's going to be well worth watching to see which way the wind blows, not only in the UK, but in the EU. ",http://www.independent.co.uk/news/uk/politics/nigel-farage-european-parliament-mock-eu-leaders-mafia-brexit-talks-uk-britain-ransom-a7667306.html/dfuueuf/,0.062,0.16158698,0.004005432,0.029186781,0.026408968,0.07491849,0.008259222,1491387538.0,8,0,0,sunnieskye1,0.0,0.0,60275.0,134337.0,194612.0
63k7gs,dfuumb4,"The two next major elections are pretty pro-EU. Merkels biggest rival is more pro-EU than her (but the CDU currently still has a slight lead over the SPD) and the current projections of the French election have Macron winning, who is more pro-EU than Hollande. ",http://www.independent.co.uk/news/uk/politics/nigel-farage-european-parliament-mock-eu-leaders-mafia-brexit-talks-uk-britain-ransom-a7667306.html/dfuumb4/,-0.188,0.04834723,0.001678467,0.016547862,0.012943448,0.02051482,0.007598988,1491388115.0,10,0,0,Qksiu,0.0,0.0,,,0.0
63k7gs,dfuuopk,"I try to keep an eye on what's going on, we all live on the same planet and *especially* right now, we all need to care. Now I don't have to worry about Geert Wilders, I am watching France and Germany fairly closely, so thanks for that! ",http://www.independent.co.uk/news/uk/politics/nigel-farage-european-parliament-mock-eu-leaders-mafia-brexit-talks-uk-britain-ransom-a7667306.html/dfuuopk/,-0.167,0.036634352,0.002555847,0.027683776,0.014953227,0.012832909,0.0084793,1491388308.0,3,0,0,sunnieskye1,0.0,0.0,60275.0,134337.0,194612.0
63k7gs,dfuv08o,"They're not popular, it's just that very few people vote in European elections. Most of the people that do are hard Eurosceptics and vote for them to fuck with the EU.",http://www.independent.co.uk/news/uk/politics/nigel-farage-european-parliament-mock-eu-leaders-mafia-brexit-talks-uk-britain-ransom-a7667306.html/dfuv08o/,0.396,0.6744087,0.16960317,0.70864636,0.2839175,0.40243408,0.020782012,1491389189.0,7,0,0,memmett9,394.0,0.0,10176.0,81350.0,91920.0
63k7gs,dfuwri3,"They're Britains 3rd most popular party, with 13% of the popular vote, which, thanks to the UKs FPtP system gives them 1 out of 650 seats in parliament.",http://www.independent.co.uk/news/uk/politics/nigel-farage-european-parliament-mock-eu-leaders-mafia-brexit-talks-uk-britain-ransom-a7667306.html/dfuwri3/,-0.362,0.010743983,0.000607967,0.011355659,0.004273253,0.007170874,0.006291465,1491393247.0,6,0,0,backelie,128.0,0.0,1114.0,82529.0,83771.0
63k7gs,dfux5xv,Almost 50% of the UK realise Farage is a bigoted rat.,http://www.independent.co.uk/news/uk/politics/nigel-farage-european-parliament-mock-eu-leaders-mafia-brexit-talks-uk-britain-ransom-a7667306.html/dfux5xv/,0.354,0.718943,0.02453801,0.26555094,0.18235919,0.7657292,0.00967031,1491394026.0,9,0,0,[deleted],,,,,
63k7gs,dfux6p0,*did give them. Douglas Carswell is now independent from any party. ,http://www.independent.co.uk/news/uk/politics/nigel-farage-european-parliament-mock-eu-leaders-mafia-brexit-talks-uk-britain-ransom-a7667306.html/dfux6p0/,-0.521,0.017969469,0.000982285,0.014703264,0.004162259,0.008367881,0.007353018,1491394064.0,9,0,0,[deleted],,,,,
63k7gs,dfuxg2y,"Same Reason as trump really.

Horrible baby boomers hating foreigners so much they don't care if it economically ruins them.
",http://www.independent.co.uk/news/uk/politics/nigel-farage-european-parliament-mock-eu-leaders-mafia-brexit-talks-uk-britain-ransom-a7667306.html/dfuxg2y/,0.25,0.4838166,0.023076924,0.13432594,0.38200524,0.5129801,0.015947454,1491394548.0,0,0,1,[deleted],,,,,
63k7gs,dfv0a2f,[deleted],http://www.independent.co.uk/news/uk/politics/nigel-farage-european-parliament-mock-eu-leaders-mafia-brexit-talks-uk-britain-ransom-a7667306.html/dfv0a2f/,-0.085,,,,,,,1491398975.0,62,0,0,[deleted],,,,,
63k7gs,dfv1fw8,Are (some) politicians really so dumb or they have to play dumb so that dumb people vote them? ,http://www.independent.co.uk/news/uk/politics/nigel-farage-european-parliament-mock-eu-leaders-mafia-brexit-talks-uk-britain-ransom-a7667306.html/dfv1fw8/,0.542,0.7675452,0.02383376,0.33141375,0.11280017,0.78882504,0.008712323,1491400492.0,10,0,0,ifyouareoldbuymegold,15.0,259.0,1816.0,49001.0,51091.0
63k7gs,dfv65nu,"Yeah it's really easy to label someone you disagree with a monster rather than try to understand where they are coming from, even if you still disagree. Easy wins everytime. ",http://www.independent.co.uk/news/uk/politics/nigel-farage-european-parliament-mock-eu-leaders-mafia-brexit-talks-uk-britain-ransom-a7667306.html/dfv65nu/,0.146,0.30427247,0.005874634,0.07676199,0.009101473,0.27763805,0.009204263,1491405893.0,1,0,0,[deleted],,,,,
63k7gs,dfv6e8g,"That's true, but 13% isn't *that* much. As well as that, their support is steadily declining now, since many of their voters were Eurosceptic Conservatives who essentially just used them as a protest vote.

They're also severely unpopular with the people who don't vote for them - most people say they wouldn't even consider it. Last I checked, Nigel Farage had a favourability rating of something like -53 in the UK.",http://www.independent.co.uk/news/uk/politics/nigel-farage-european-parliament-mock-eu-leaders-mafia-brexit-talks-uk-britain-ransom-a7667306.html/dfv6e8g/,0.0,0.059232414,0.002212524,0.029050145,0.020279141,0.024640027,0.007650771,1491406146.0,2,0,0,memmett9,394.0,0.0,10176.0,81350.0,91920.0
63k7gs,dfv6gxa,"I love all these comments snidely saying things like ""I asked my Serbian friend what he thinks of Brexit and he thinks it was dumb"". This precisely the attitude that alienated the UK from the EU in the first place. No idea why Redditors here think the average Brit cares about the opinion of someone judging them comfortably from outside the country.",http://www.independent.co.uk/news/uk/politics/nigel-farage-european-parliament-mock-eu-leaders-mafia-brexit-talks-uk-britain-ransom-a7667306.html/dfv6gxa/,0.417,0.2854937,0.012962224,0.25915453,0.18391247,0.23704576,0.01052473,1491406223.0,-5,0,1,GetOutOfBox,26.0,0.0,884.0,87895.0,88805.0
63k7gs,dfv7kfq,"I doubt Farage would have the guts to go to a real mafia organization's  headquarters and say what he has just said.

The fact that you are ""free to go"" and that the will of the British people is accepted by both parties disproves your own point.",http://www.independent.co.uk/news/uk/politics/nigel-farage-european-parliament-mock-eu-leaders-mafia-brexit-talks-uk-britain-ransom-a7667306.html/dfv7kfq/,-0.109,0.1460314,0.002536774,0.019963788,0.013847848,0.076185785,0.007728445,1491407369.0,2,0,0,EonesDespero,8.0,0.0,295.0,105086.0,105389.0
63k7gs,dfv8ff0,That was not UKIP. That was the official Brexit campaign.,http://www.independent.co.uk/news/uk/politics/nigel-farage-european-parliament-mock-eu-leaders-mafia-brexit-talks-uk-britain-ransom-a7667306.html/dfv8ff0/,-0.354,0.016210219,0.000767708,0.011475217,0.004458242,0.007930879,0.006550381,1491408264.0,4,0,0,10ebbor10,4029.0,0.0,1537.0,712520.0,718086.0
63k7gs,dfv8hwd,They vote directly using proportional representation. That allows smaller parties to exist.,http://www.independent.co.uk/news/uk/politics/nigel-farage-european-parliament-mock-eu-leaders-mafia-brexit-talks-uk-britain-ransom-a7667306.html/dfv8hwd/,-0.354,0.012126249,0.000596046,0.01173141,0.003144818,0.007493876,0.006556854,1491408336.0,2,0,0,10ebbor10,4029.0,0.0,1537.0,712520.0,718086.0
63k7gs,dfvcjne,"Two questions

1) Why does this cock get so much news coverage?
2) Why doesn't he just shut the fuck up?",http://www.independent.co.uk/news/uk/politics/nigel-farage-european-parliament-mock-eu-leaders-mafia-brexit-talks-uk-britain-ransom-a7667306.html/dfvcjne/,0.761,0.9061063,0.45895407,0.8802007,0.10221587,0.67254376,0.063999176,1491412490.0,1,0,0,Pafkay,392.0,0.0,559.0,68306.0,69257.0
63k7gs,dfvclmf,so why should anyone give a flying fuck about what the average brit thinks?,http://www.independent.co.uk/news/uk/politics/nigel-farage-european-parliament-mock-eu-leaders-mafia-brexit-talks-uk-britain-ransom-a7667306.html/dfvclmf/,0.917,0.8299589,0.35130173,0.8449782,0.37730414,0.47020787,0.019918699,1491412546.0,4,0,0,Bonk_EU,0.0,0.0,,,0.0
63k7gs,dfveipx,Didn't seem to work out for killary.,http://www.independent.co.uk/news/uk/politics/nigel-farage-european-parliament-mock-eu-leaders-mafia-brexit-talks-uk-britain-ransom-a7667306.html/dfveipx/,0.043,0.12086493,0.004806519,0.019143965,0.003921773,0.027730936,0.05430072,1491414540.0,-2,0,0,boboblobb,0.0,0.0,1006.0,5957.0,6963.0
63k7gs,dfvh6hs,Can't Barrage The Farage,http://www.independent.co.uk/news/uk/politics/nigel-farage-european-parliament-mock-eu-leaders-mafia-brexit-talks-uk-britain-ransom-a7667306.html/dfvh6hs/,-0.271,0.11202335,0.004825592,0.029186781,0.01087737,0.031146556,0.018710058,1491417297.0,0,0,1,anjolaolubusi,15.0,0.0,3828.0,9079.0,12922.0
63k7gs,dfvi3sq,"Its really a ""damned if you do, damned if you don't"" scenario innit.",http://www.independent.co.uk/news/uk/politics/nigel-farage-european-parliament-mock-eu-leaders-mafia-brexit-talks-uk-britain-ransom-a7667306.html/dfvi3sq/,-0.064,0.5885171,0.044870634,0.67055607,0.017264472,0.3682569,0.012751401,1491418281.0,1,0,0,throwaway5612407,0.0,0.0,1.0,4477.0,4478.0
63k7gs,dfviq4v,At least he isn't a pedo,http://www.independent.co.uk/news/uk/politics/nigel-farage-european-parliament-mock-eu-leaders-mafia-brexit-talks-uk-britain-ransom-a7667306.html/dfviq4v/,0.156,0.4475325,0.03321367,0.39409557,0.16373143,0.36798462,0.024062606,1491418934.0,0,0,0,boboblobb,0.0,0.0,1006.0,5957.0,6963.0
63k7gs,dfvjwco,I thought you needed to be a pedo to be involved in politics in Britain?,http://www.independent.co.uk/news/uk/politics/nigel-farage-european-parliament-mock-eu-leaders-mafia-brexit-talks-uk-britain-ransom-a7667306.html/dfvjwco/,0.188,0.509388,0.053837523,0.38203895,0.27991617,0.4810288,0.03165977,1491420141.0,0,0,0,boboblobb,0.0,0.0,1006.0,5957.0,6963.0
63k7gs,dfvyokq,"This is coming from the guy hanging with russian mafiosis ? hahahahahahahha

Hypocrisy has plenty of names, and one of those is probably ""Nigel Farage"".",http://www.independent.co.uk/news/uk/politics/nigel-farage-european-parliament-mock-eu-leaders-mafia-brexit-talks-uk-britain-ransom-a7667306.html/dfvyokq/,0.312,0.509388,0.023076924,0.08355101,0.26663736,0.5270482,0.050744623,1491437384.0,4,0,0,justkjfrost,95.0,0.0,,,95.0
63k7gs,dfwyfo2,It's almost as if Farage gets a weird hard on by making everyone hate him. I wonder if he jerks off at night with the thought that he is one of the most hated politicians in the West that everyone wants to punch.,http://www.independent.co.uk/news/uk/politics/nigel-farage-european-parliament-mock-eu-leaders-mafia-brexit-talks-uk-britain-ransom-a7667306.html/dfwyfo2/,0.396,0.43965456,0.023076924,0.29209393,0.056582913,0.40189892,0.4404512,1491496548.0,1,0,0,thebuccaneersden,314.0,8.0,223.0,71421.0,71966.0
