post_id,comment_id,txt,url,offensiveness_score,Toxicity,Severe Toxicity,Profanity,Identity Attack,Insult,Threat,created,score,total_awards_received,controversiality,user,user_awardee_karma,user_awarder_karma,user_link_karma,user_comment_karma,user_total_karma
b5avwn,ejc6cph,Nice! What method did you use? I deflected the crap out of him.,https://i.redd.it/0g1hsqnor9o21.jpg/ejc6cph/,0.0,0.6308517,0.034110364,0.48510036,0.020178653,0.5129801,0.017674083,1553521691.0,11,0,0,Dal_Sunbro,20.0,0.0,1718.0,3508.0,5246.0
b5avwn,ejc6eao,Amazing dude! I salute to u! I don't feel like playing much honestly. ,https://i.redd.it/0g1hsqnor9o21.jpg/ejc6eao/,-0.511,0.0665887,0.002155304,0.02474608,0.00569767,0.021868404,0.007987361,1553521725.0,1,0,0,[deleted],,,,,
b5avwn,ejc6ofq,Deflect the shit out of him and get some hits in until hes at 2/3 health then all you deflects will really build up his posture bar. Then just keep near and attack once to keep him attacking and ull get the last deflect to finish him off. Definitely learn to deflect his jumping slam and the follow up mikiri counter on his charged stab. In the final stage mikiri his diving stab to get easy hits early and use it to fill up his posture for the final blow. Then lose your shit when u finally get that final blow. ,https://i.redd.it/0g1hsqnor9o21.jpg/ejc6ofq/,0.146,0.687436,0.34989303,0.6983885,0.10221587,0.48627716,0.5195707,1553521949.0,21,0,0,1N5AN3intheM3MBR4N3,30.0,655.0,11954.0,45995.0,58634.0
b5avwn,ejc6zkj,"Way to go! I finally beat him last night. The coolest thing is that I actually felt myself improving at the game while learning him, which was awesome.",https://i.redd.it/0g1hsqnor9o21.jpg/ejc6zkj/,-0.239,0.07291982,0.003986359,0.027820412,0.005290694,0.013972916,0.03165977,1553522195.0,8,0,0,Caldiine,0.0,0.0,284.0,3240.0,3524.0
b5avwn,ejc79kr,"Omg yes! Everytime i pictured Genichiro saying ""parry this you fucking casual"" then proceeded to block it with a ""no u""",https://i.redd.it/0g1hsqnor9o21.jpg/ejc79kr/,0.542,0.8115627,0.35368225,0.8089582,0.089973204,0.42567953,0.02250864,1553522407.0,112,0,0,1N5AN3intheM3MBR4N3,30.0,655.0,11954.0,45995.0,58634.0
b5avwn,ejck3h3,Damn I didn’t realize you could mikiri that charging attack in the last phase.  Still managed to take him down but that would’ve been good to know,https://i.redd.it/0g1hsqnor9o21.jpg/ejck3h3/,0.0,0.52139956,0.05025077,0.570067,0.019776696,0.191015,0.055270568,1553531562.0,9,0,0,rodeo_chirb,76.0,0.0,3153.0,26846.0,30075.0
b5avwn,ejctggm,"That's literally the reason I beat him my first time getting to the third stage, saw him do the thing and the symbol and though ""Is this a grab or a stab"" decided to try the mikiri and it payed off. ",https://i.redd.it/0g1hsqnor9o21.jpg/ejctggm/,-0.208,0.23739935,0.011444092,0.044668075,0.00828752,0.022964163,0.34804323,1553537609.0,10,0,0,thegiantcat1,55.0,18.0,194.0,47438.0,47705.0
b5avwn,ejcynh4,"I never actually figured out how to do the lightning reversal. I know the note says to do it before you hit the ground after taking lightning damage in the air, but every time he did a lightning attack I either was on the ground (dodging to the side or getting killed) or jumping out of the way (not getting hit).",https://i.redd.it/0g1hsqnor9o21.jpg/ejcynh4/,-0.271,0.1460314,0.007171631,0.054437835,0.007177584,0.025542418,0.13582869,1553541146.0,9,0,0,KuroTheCrazy,653.0,82.0,10776.0,64780.0,76291.0
b5avwn,ejd0mr9,Jump into it and deflect it then press attack.,https://i.redd.it/0g1hsqnor9o21.jpg/ejd0mr9/,0.0,0.3260917,0.018449519,0.064458095,0.008028535,0.02618698,0.44942492,1553542412.0,5,0,0,Chrysoarrr,144.0,0.0,6103.0,10750.0,16997.0
b5avwn,ejd4ijm,You don't need to deflect it. Just straight up get hit by hit. It won't hurt you unless you touch the ground. Then attack.,https://i.redd.it/0g1hsqnor9o21.jpg/ejd4ijm/,-0.167,0.45243698,0.05473421,0.13168186,0.012541492,0.056719027,0.54744303,1553544806.0,8,0,0,[deleted],,,,,
b5avwn,ejd4xbj,After fighting Soul of Cinder for hours my instinct is to dodge like a madman every time I see lightning. I felt like Genichiro's phase 3 was the easiest. His attacks are more telegraphed and easier to parry. Its just the panic of having limited resources that makes people make mistakes.,https://i.redd.it/0g1hsqnor9o21.jpg/ejd4xbj/,-0.208,0.22579013,0.011672974,0.1554785,0.019977676,0.07016616,0.061736204,1553545058.0,17,0,0,rettorical,143.0,0.0,103.0,9031.0,9277.0
b5avwn,ejd7m3v,I just tried my best and whittled his health down 1 attack at a time so I could finally posture break him. On his 3rd phase I spammed firecracker to get free hits in,https://i.redd.it/0g1hsqnor9o21.jpg/ejd7m3v/,-0.167,0.37340668,0.023458159,0.1696208,0.028016793,0.04383647,0.44942492,1553546745.0,2,0,0,Cupcakes_n_Hacksaws,80.0,0.0,1937.0,137632.0,139649.0
b5avwn,ejd9it2,"Yeah I got him my first time on the third stage as well, was not expecting it at all, no gourds or pellets left just on full health, desperate and frantic but so satisfying, keep falling in love with this game over and over 

Just wish there was a way to go back and do last boss fights again for practice, fighting Genichiro was super fun ",https://i.redd.it/0g1hsqnor9o21.jpg/ejd9it2/,-0.188,0.15158679,0.00957489,0.08904689,0.014149316,0.03257891,0.025098583,1553547950.0,2,0,0,tjm1996,0.0,0.0,220.0,3535.0,3755.0
b5avwn,ejdkez0,Isn't that the way this game is supposed to be played? ,https://i.redd.it/0g1hsqnor9o21.jpg/ejdkez0/,-0.511,0.031449065,0.001716614,0.019690514,0.00449524,0.010134893,0.008362788,1553555331.0,1,0,0,VargLeyton,31.0,0.0,5757.0,71844.0,77632.0
b5avwn,ejdmpwm,">	Then lose your shit when u finally get that final blow.

The game does a pretty great job of playing in to that feeling, doesn’t it? I often say a last “fuck you” to the boss as the brutal death animation plays. Bonus points if I had been using the flame sword combo and the death animation plays with my flaming sword impaling the boss.",https://i.redd.it/0g1hsqnor9o21.jpg/ejdmpwm/,0.702,0.85850734,0.52891463,0.8186401,0.22631748,0.50440645,0.31407106,1553556981.0,4,0,0,usernamescheckout,179.0,0.0,38.0,19639.0,19856.0
b5avwn,ejdt582,I got him to the final death blow in a corner only for my lock on to go crazy whilst I was freaking out and he recovered only to kill me seconds later because I was too slow... fml,https://i.redd.it/0g1hsqnor9o21.jpg/ejdt582/,-0.083,0.57271194,0.23125283,0.39409557,0.04512853,0.21836096,0.53875744,1553561646.0,2,0,0,Novilist,60.0,505.0,1622.0,321.0,2508.0
b5avwn,ejdtqj3,Get the final upgrade of the prosthetic arts skill tree.,https://i.redd.it/0g1hsqnor9o21.jpg/ejdtqj3/,-0.167,0.26859093,0.009460449,0.12286829,0.011247349,0.06354945,0.010058682,1553562078.0,1,0,0,usernamescheckout,179.0,0.0,38.0,19639.0,19856.0
b5avwn,ejdu3yr,"oof..thats still farway for me..also, anyway to grind XP?
like a near idol to a canon-wielding or something..saw some guy spam that shit out, not sure where it is but its in a cave.",https://i.redd.it/0g1hsqnor9o21.jpg/ejdu3yr/,0.109,0.6744087,0.16960317,0.6750904,0.058401883,0.3682569,0.0347677,1553562356.0,1,0,0,afiqradzi17,25.0,0.0,5959.0,3532.0,9516.0
b5avwn,ejdu9w8,My fight with him makes me think I'm finally 'getting good' because he seemed a bit easier than even some of the mini bosses I've tackled.,https://i.redd.it/0g1hsqnor9o21.jpg/ejdu9w8/,-0.229,0.08953904,0.003452301,0.03840541,0.011099357,0.017743196,0.032695748,1553562479.0,1,0,0,personofshadow,30.0,0.0,229.0,30544.0,30803.0
b5avwn,ejdvphp,"Gratz dude! I beat him this morning! I tried him easy too many times this weekend, woke up this morning and farmed up some xp, bought ascending and descending carp, and finally kicked his ass!",https://i.redd.it/0g1hsqnor9o21.jpg/ejdvphp/,0.292,0.76523775,0.35368225,0.6983885,0.05794714,0.4125297,0.5254073,1553563531.0,1,0,0,[deleted],,,,,
b5avwn,ejdw1cw,feel like he is the ornstein and smough of this game.situated in a big city the world is centered around too.Not sure tho since I havent beat him yet if there is smth like those guys but I feel like once you learn to beat him the game becomes way easier since you got the skills.,https://i.redd.it/0g1hsqnor9o21.jpg/ejdw1cw/,-0.021,0.17285149,0.010681152,0.110447146,0.01857083,0.04910661,0.022681303,1553563769.0,1,0,0,Arhe,68.0,0.0,12608.0,31505.0,44181.0
b5avwn,ejdyyjd,Seriously genichuro is deliberately designed to throw down the gauntlet.   Beating him is the half way point.    Its where the world opens up and you get freedom in the order to do levels its where magic opens up. Its the story really gets interesting and. You can finally cure dragonrot.  The game is difficult. But it becomes MUCH more manageable.  Its just such a hurdle because its 10 TIMES tougher then everything you've seen before ,https://i.redd.it/0g1hsqnor9o21.jpg/ejdyyjd/,-0.021,0.22311419,0.012768555,0.11168506,0.01465176,0.061276767,0.059796512,1553565951.0,1,0,0,kierninrhys,2549.0,0.0,44331.0,12609.0,59489.0
b5avwn,eje0q4a,This would demotivate me because I would be itchin to put another strike on the board. (Also beat him on my 6th attempt lol),https://i.redd.it/0g1hsqnor9o21.jpg/eje0q4a/,-0.234,0.3250515,0.020386212,0.11539881,0.019575719,0.036545437,0.3993542,1553567305.0,1,0,0,N3rde96,0.0,0.0,39.0,-3.0,36.0
b5avwn,eje4lvh,"This actual area will become your nightmare, see you in 10 hours-ish of gameplay! :)",https://i.redd.it/0g1hsqnor9o21.jpg/eje4lvh/,-0.312,0.19870108,0.007667542,0.04867618,0.005327691,0.028942931,0.045895394,1553570431.0,2,0,0,SaltyTrosty,0.0,0.0,88.0,4283.0,4371.0
b5avwn,eje7inr,"This game is so damn good, but also makes no sense 

It took me like 40 tries to beat fucking Genichiro,  and yet only 3 tries to whoop guardian apes dirty red ass.

Making me think I'm getting good, until I get killed by 2 nightjar just because why not. ",https://i.redd.it/0g1hsqnor9o21.jpg/eje7inr/,0.417,0.78207105,0.45895407,0.77181685,0.24074486,0.4962726,0.35782173,1553573059.0,2,0,0,Wildfire_08,10.0,0.0,,,10.0
b5avwn,eje82m1,I beat him today too! Such a cool fight. Drove me nuts a bit but tbh i look forward to seeing him in ng+ if this game has it.,https://i.redd.it/0g1hsqnor9o21.jpg/eje82m1/,-0.188,0.30439767,0.019224197,0.19524631,0.027011903,0.045007613,0.1733226,1553573598.0,1,0,0,nathansanes,15.0,0.0,31.0,20423.0,20469.0
b5avwn,ejeawrd,Im there now. I can kill this boss but i keep missing on sweep like attack that drains me and then i get stuck in a corner and cant get out to heal. Literally one mistake ,https://i.redd.it/0g1hsqnor9o21.jpg/ejeawrd/,-0.062,0.47473195,0.15179962,0.2659699,0.043839492,0.082372494,0.5480787,1553576462.0,1,0,0,1N5AN3intheM3MBR4N3,30.0,655.0,11954.0,45995.0,58634.0
b5avwn,ejefsx1,"1 mistake on this boss is all it takes! Still one of my favorite boss, maybe right behind the monkey boi.",https://i.redd.it/0g1hsqnor9o21.jpg/ejefsx1/,-0.229,0.26293078,0.008926392,0.11354194,0.009286462,0.13245803,0.01698343,1553582465.0,1,0,0,SaltyTrosty,0.0,0.0,88.0,4283.0,4371.0
b5avwn,ejegnyg,"Funny how it's such a highlight. Cool secret boss move in the final phase, you can fucking reflect it back at him mid air and then later >!basic fucking wolves do lightning attacks in the Divine Realm. First time I got hit by it I laughed my ass off.!<",https://i.redd.it/0g1hsqnor9o21.jpg/ejegnyg/,0.521,0.85173553,0.5145575,0.759977,0.22261032,0.47384647,0.32665333,1553583675.0,1,0,0,Bentok,637.0,49.0,1620.0,43360.0,45666.0
b5avwn,ejekpk7,"I finished the game yesterday in 2 free days and started NG+. I love this game so much. Honestly i think i learn pretty quickly, because i see many people struggling with the game. I always felt challanged but never had real hard time with anything and i didnt use any arm tool (except grappling hook obv.) or consumables.  
Good luck guys, keep practicing.  
",https://i.redd.it/0g1hsqnor9o21.jpg/ejekpk7/,-0.375,0.07845957,0.005989075,0.062454045,0.01666154,0.021481665,0.024753258,1553590182.0,1,0,0,Draak0,33.0,0.0,225.0,147.0,405.0
b5avwn,ejeowzj,Attack attack parry attack attack parry. Not that difficult of a boss,https://i.redd.it/0g1hsqnor9o21.jpg/ejeowzj/,-0.104,0.37340668,0.023076924,0.10301965,0.023595277,0.06582214,0.35782173,1553596968.0,0,0,0,[deleted],,,,,
b5avwn,ejepgpn,"Geez, 92 times and still playing?! Respect. There's no way in hell I'm still playing this game if a boss takes me more than 25 tries.",https://i.redd.it/0g1hsqnor9o21.jpg/ejepgpn/,-0.208,0.44573322,0.02416241,0.39409557,0.021083053,0.14874944,0.023889944,1553597715.0,2,0,0,flipperkip97,1606.0,0.0,82565.0,455197.0,539368.0
b5avwn,ejf0qbn,"That fucking (end game spoilers) >!Divine Dragon boss though, lightning reversal looks so cool there!<",https://i.redd.it/0g1hsqnor9o21.jpg/ejf0qbn/,0.458,0.8460273,0.35368225,0.84506536,0.030175667,0.34782293,0.013702838,1553608579.0,2,0,0,ws6pilot,35.0,0.0,761.0,10441.0,11237.0
b5avwn,ejf1zan,"Yeah, it looks so gorgeous, i dont really mind the fight being that gimicy",https://i.redd.it/0g1hsqnor9o21.jpg/ejf1zan/,-0.333,0.11067997,0.005340576,0.06145202,0.009915425,0.018001022,0.013476364,1553609506.0,1,0,0,6xLelant,0.0,0.0,4.0,294.0,298.0
b5avwn,ejf28r5,"Yes, it feels like a gimmick fight done right. Yhorm was cool in DS3, but this is on a completely different level.",https://i.redd.it/0g1hsqnor9o21.jpg/ejf28r5/,-0.125,0.051563308,0.002937317,0.028503597,0.009619443,0.013820915,0.0115345,1553609694.0,2,0,0,ws6pilot,35.0,0.0,761.0,10441.0,11237.0
b5avwn,ejfagio,I some how smashed him..spam attacked him into the wall causes him to only do 1 thing,https://i.redd.it/0g1hsqnor9o21.jpg/ejfagio/,0.022,0.3827457,0.023076924,0.16869035,0.026007013,0.0623257,0.44942492,1553615297.0,1,0,0,TriumphantReaper,63.0,0.0,,,63.0
b5avwn,ekh2eu8,I can't beat phase 2 for shit. Fuck this game and the sadistic bastards that made it lol. I hope they have diarrhea for the rest of their life!,https://i.redd.it/0g1hsqnor9o21.jpg/ekh2eu8/,0.792,0.96426713,0.61322266,0.902047,0.2831485,0.7344449,0.44753164,1554822650.0,1,0,0,EastCoastReflux,71.0,0.0,766.0,1201.0,2038.0
