post_id,comment_id,txt,url,offensiveness_score,Toxicity,Severe Toxicity,Profanity,Identity Attack,Insult,Threat,created,score,total_awards_received,controversiality,user,user_awardee_karma,user_awarder_karma,user_link_karma,user_comment_karma,user_total_karma
7ot15m,dsc0p8x,"Well Fallen was really inconsistent throughout the year. There were games where he missed every shot, and games where he was Wallen. ",https://twitter.com/Thooorin/status/950099173235359744/dsc0p8x/,-0.128,0.040430736,0.001068115,0.011799729,0.001831394,0.021159383,0.00670573,1515356826.0,-6,0,1,[deleted],,,,,
7ot15m,dsc16y6,"> fallen has 2 mvps 

one which was from BLAST. Sure its still an MVP but it wasnt the biggest tournament

>a better rating than k0nfig,

Ratings tend to get inflated when you are winning alot

> in the 3 last tournaments of the year k0nfig was shit

and in the first 4 tournaments Fallen was shit
",https://twitter.com/Thooorin/status/950099173235359744/dsc16y6/,0.167,0.5566829,0.2281948,0.46460027,0.10221587,0.40243408,0.014911477,1515357351.0,-21,0,0,OfficialTop1C9Fan,0.0,0.0,,,0.0
7ot15m,dsc1tqv,"blast had the 7 team of the top 8, and the rating being inflated doesnt mean shit, fallen was a better entry, a better clutcher and more consistent",https://twitter.com/Thooorin/status/950099173235359744/dsc1tqv/,0.375,0.6342749,0.16960317,0.66405153,0.03249594,0.34392178,0.009385503,1515358027.0,15,0,0,Waldner_,35.0,0.0,788.0,20926.0,21749.0
7ot15m,dsc1zxu,"There was only top teams at BLAST, doesn't matter if the format was a little bit weird.",https://twitter.com/Thooorin/status/950099173235359744/dsc1zxu/,-0.312,0.08004235,0.001811981,0.021945024,0.006400629,0.02567133,0.006815769,1515358207.0,3,0,0,NeverTIlted,0.0,0.0,1.0,6561.0,6562.0
7ot15m,dsc2bra,I agree but the format really hindered the impact the tournament had. Imo.,https://twitter.com/Thooorin/status/950099173235359744/dsc2bra/,-0.417,0.021549871,0.001029968,0.014839902,0.004180758,0.009602889,0.007275343,1515358550.0,-4,0,0,LewisLR,10.0,16.0,577.0,20802.0,21405.0
7ot15m,dsc2ldt,"yes BLAST also only had 1 bo3 in the entire event where they had to face Astralis with a standin.


>the rating being inflated doesnt mean shit,

Of course it does. Fallen has won alot more because he played in a way better team meanwhile k0nfig has played in a team much worse and therefore lost alot more resulting in a lower rating. 

> fallen was a better entry

oh please, k0nfig is much better as a pure entry. Fallens opening kill stats are better because he is an awper and awpers usually tends to have a higher opening kill stats. 


> more consistent

its alot easier to be more consistent when you are playing in the #1 team with two top5 players in it compared to k0nfig playing in North while being a very aggressive player
",https://twitter.com/Thooorin/status/950099173235359744/dsc2ldt/,0.289,0.52272606,0.16960317,0.44752163,0.11512129,0.34392178,0.05171447,1515358832.0,-9,0,0,OfficialTop1C9Fan,0.0,0.0,,,0.0
7ot15m,dsc2ux1,">ratings tend to get inflated when you are winning a lot

Tell that to TACO or even Karrigan.

Fallen had a drop in his quality for a certain period and a beastly dominance for the rest of the year. Fallen > Konfig any day. ",https://twitter.com/Thooorin/status/950099173235359744/dsc2ux1/,-0.125,0.09394901,0.00377655,0.026454043,0.010729378,0.021997316,0.0077155,1515359115.0,27,0,0,Kissmyasthma100,0.0,0.0,,,0.0
7ot15m,dsc5acc,"Well, isn't winning supposedly be what the top players do? They are winning because they are one of the best. I don't see how winning a lot is an issue, as its just a direct effect from their performance and hence their rating.",https://twitter.com/Thooorin/status/950099173235359744/dsc5acc/,-0.167,0.013822667,0.000667572,0.012107162,0.002349364,0.00815888,0.006246155,1515361700.0,4,0,0,TheTenth10,118.0,0.0,572.0,5452.0,6142.0
7ot15m,dsc5kxv,"Go watch the last Peeker's advantage podcast episode, he explained himself pretty well.

It's a ranking of individual skill. When you play for the best team your stats are gonna be naturally inflated from just winning, even if you're like the 3rd or 4th best player on the team. And in his opinion Fallen didn't have nearly as much impact as he did in 2016.",https://twitter.com/Thooorin/status/950099173235359744/dsc5kxv/,-0.298,0.044388983,0.001411438,0.018734055,0.002959829,0.023028618,0.006874025,1515362012.0,26,0,1,[deleted],,,,,
7ot15m,dsc6851,"he is ranking people by ""his opinion"" while hltv is based off stats and ,for me, are better because you can actually measure the impact instead of saying A player is better than B player because i think he had a bigger impact.",https://twitter.com/Thooorin/status/950099173235359744/dsc6851/,0.104,0.01608456,0.000929832,0.014669105,0.003884775,0.008424882,0.006712203,1515362729.0,165,0,0,Waldner_,35.0,0.0,788.0,20926.0,21749.0
7ot15m,dscc8jl,"Just bringing up Taco is absolutely stupid. Have you seen what his role in the team is? He literally gets baited by the better players and is used as a utility player. That's still an important role but obviously your stats aren't going to be great in the first place and therefore aren't going to be inflated a lot. 

Same goes for Karrigan. He is playing in a team with 4 incredible players. His role isn't to get loads of kills or anything. His role is to lead and get his insane superstars into favorable positions. 

And let's not act like anyone said inflating stats means that a mediocre player has insane ratings all of a sudden. So just throwing 2 names out there who's jobs isn't even fragging is just pointless. ",https://twitter.com/Thooorin/status/950099173235359744/dscc8jl/,0.255,0.52272606,0.022839356,0.2687007,0.016259583,0.5739874,0.032695748,1515369376.0,0,0,0,HyDchen,13.0,0.0,43.0,26248.0,26304.0
7ot15m,dsccdvq,"With that logic Niko wasn't a good player in mouz because he didn't win a lot.

Winning is about team performance. If your team isn't good you will still lose more than you win even if you are one of the most skilled players. You can be an insane player and lose.

Winning isn't an issue but it still means you are very likely to die less, have less ecos where yout chances of fragging are low, get more eco kills etc. Having good stats in a game you win, often even very clearly, is going to be a lot easier than when you are losing. ",https://twitter.com/Thooorin/status/950099173235359744/dsccdvq/,-0.174,0.12520397,0.00284195,0.038655918,0.003126319,0.06739554,0.010654188,1515369553.0,0,0,0,HyDchen,13.0,0.0,43.0,26248.0,26304.0
7ot15m,dscdqn3,"Ofc it is. Tacos job is to go and figure out where they are and either he gets a kill or he doesn't and gets refragged. He is not being put in situations where he is the one getting refrags or baiting others. And for good reasons.

Are you saying his role is to frag? Or what's his role in your opinion?

And what does whatever you said about Karrigan even mean? What does the IGLing itself and in general have to do with stats being inflated or not?",https://twitter.com/Thooorin/status/950099173235359744/dscdqn3/,-0.042,0.19029272,0.007286072,0.05243378,0.008250522,0.06529768,0.13178273,1515371077.0,-1,0,0,HyDchen,13.0,0.0,43.0,26248.0,26304.0
7ot15m,dschld8,"This is some Trump levels of obsessive pettiness by Thorin. Why does it matter? People can have different opinions, particularly when they're subjective rankings like this.",https://twitter.com/Thooorin/status/950099173235359744/dschld8/,0.125,0.20149297,0.002183914,0.016889455,0.007473567,0.16053712,0.006129643,1515375495.0,9,0,0,Cameter44,256.0,0.0,14805.0,155945.0,171006.0
7ot15m,dschmqr,Let me know when k0nfig is IGLing.,https://twitter.com/Thooorin/status/950099173235359744/dschmqr/,-0.271,0.16678599,0.008277893,0.079025,0.009619443,0.061801232,0.022335978,1515375543.0,1,0,0,Cameter44,256.0,0.0,14805.0,155945.0,171006.0
7ot15m,dschohf,This guy is giving me fucking aids,https://twitter.com/Thooorin/status/950099173235359744/dschohf/,0.792,0.9563754,0.54181844,0.8802007,0.27682206,0.58196646,0.1575099,1515375599.0,-4,0,1,Frager_1,0.0,0.0,1949.0,1202.0,3151.0
7ot15m,dsck0wm,Thorin doesn't know anything about CS other than stats its embarrassing ,https://twitter.com/Thooorin/status/950099173235359744/dsck0wm/,0.021,0.37751234,0.016383713,0.14313951,0.017465452,0.26957804,0.009540852,1515378504.0,-8,0,0,rot_in,0.0,0.0,1.0,14.0,15.0
7ot15m,dscmgsg,"Really not sure how konfig and kjaerbye the ""how is he better then these guys"" comparison over AdreN imo. AdreN had insane peaks and a pretty damn good consistent level, though with some admitted dip when zeus left and he took on IGL.

Id say his dip is massively outweighed by his peak of winning a fucking major and how instrumental he was to winning it imo.",https://twitter.com/Thooorin/status/950099173235359744/dscmgsg/,0.396,0.40060925,0.02406851,0.47001255,0.051126,0.24928534,0.011767523,1515381556.0,3,0,1,majorcole,0.0,0.0,1592.0,4613.0,6205.0
7ot15m,dscmmso,"IMO should be 

20. Snax
19. boltz
18. EliGE
17. Olofmeister
16. oskar
15. kjaebye
14. konfig
13. adreN
12. Xyp9x

No idea why format is fucking me. snax is 20 and descending 
",https://twitter.com/Thooorin/status/950099173235359744/dscmmso/,0.417,0.50789946,0.35368225,0.71218073,0.024801146,0.11172232,0.013269233,1515381763.0,3,0,0,majorcole,0.0,0.0,1592.0,4613.0,6205.0
7ot15m,dscmyol,People who upvote Thorin's shit: you destroy your credibility of upvoting good content by upvoting Thorin's shit.,https://twitter.com/Thooorin/status/950099173235359744/dscmyol/,0.646,0.8988238,0.35368225,0.86331284,0.104676254,0.6120431,0.018019408,1515382179.0,-5,0,1,im_tom_bombadil,145.0,0.0,293.0,11211.0,11649.0
7ot15m,dscnbf4,Love how he speaks of 'destroying credibility and any consistency in your criteria' when he claims KennyS should be ranked at #4 of best players of 2017.,https://twitter.com/Thooorin/status/950099173235359744/dscnbf4/,-0.208,0.058490243,0.001239777,0.013507691,0.002108878,0.022899706,0.00756015,1515382643.0,6,0,0,TonyAreYouThere,0.0,0.0,1.0,2339.0,2340.0
7ot15m,dscrx3b,Sort of like when you lose your job for insulting the entire nation of Poland.,https://twitter.com/Thooorin/status/950099173235359744/dscrx3b/,0.0,0.2820025,0.00831604,0.05168226,0.23770751,0.06529768,0.036839653,1515389392.0,-2,0,0,kog,230.0,20.0,121.0,133731.0,134102.0
7ot15m,dscwoqi,Take out the first sentence and you're right. Keep it about CS. No need to bring in politics just to create more pettiness and controversy.,https://twitter.com/Thooorin/status/950099173235359744/dscwoqi/,-0.085,0.07054565,0.001177788,0.014190876,0.00275634,0.029604018,0.007689608,1515398982.0,-1,0,0,Ejivis,170.0,0.0,1548.0,10376.0,12094.0
7ot15m,dscx3ju,"Why did he care so much with this shit? Like this is so important that u need people to agree with your opinion.

If i want friburger at rank 1 no one is going to stop me for putting him there its based on your opinion of whats matter like no one is right everyone is wrong.

What shots your credibility is crying that everyone is wrong  but yoi are right.",https://twitter.com/Thooorin/status/950099173235359744/dscx3ju/,0.467,0.7856813,0.3498543,0.7654259,0.08500996,0.5129801,0.029587816,1515399997.0,1,0,0,kapparino-feederino,52.0,0.0,2625.0,51260.0,53937.0
7ot15m,dsczo3f,How can a guy who doesn’t understand any stats besides K/D and ADR even think he is qualified to judge the consistency of any stat-based rating? ,https://twitter.com/Thooorin/status/950099173235359744/dsczo3f/,0.188,0.03357032,0.000686646,0.00997221,0.001914639,0.01819439,0.005854546,1515406819.0,-1,0,0,WalkingSlowly,0.0,0.0,800.0,6950.0,7750.0
7ot15m,dsd0vtz,"K0nfig was dog shit for half the year, Elige was consistent for the whole of it. It's that simple. ",https://twitter.com/Thooorin/status/950099173235359744/dsd0vtz/,0.208,0.8252207,0.3493117,0.78491896,0.09824528,0.6336687,0.011094344,1515410123.0,1,0,0,sslemons,549.0,98.0,46935.0,18341.0,65923.0
7ot15m,dsd679v,"oh shut up thorin, and im danish",https://twitter.com/Thooorin/status/950099173235359744/dsd679v/,0.333,0.63782936,0.18232453,0.43272525,0.17303948,0.5130944,0.05559385,1515420482.0,1,0,0,[deleted],,,,,
7ot15m,dsd6gdx,"Thorin and his controversial opinions, name a more iconic duo than this.",https://twitter.com/Thooorin/status/950099173235359744/dsd6gdx/,-0.146,0.11223003,0.002183914,0.016616182,0.007103588,0.04383647,0.008272167,1515420855.0,2,0,0,Xinarre,0.0,0.0,25.0,1195.0,1220.0
7ot15m,dsddas1,"While he may dropped off in 2016, his presence in 2017 was brutal

I'm not even a fanboy, more of the opposite tbh, but he deserves top 10. ",https://twitter.com/Thooorin/status/950099173235359744/dsddas1/,-0.188,0.17285149,0.00579834,0.07676199,0.014149316,0.04852104,0.012026439,1515429082.0,1,0,0,1q1q2w3e4r,0.0,12.0,272.0,3040.0,3324.0
7ot15m,dsdwj8r,"I did, but compared to the players that has already been listed in the 'top 20' category he certainly isn't #4. G2 has barely been relevant the last half of 2017. Yes, his numbers are impressive but that's with the minimum of maps they played in the group stage. If he barely scraped inside the top 10, then yes, I would agree. But ranked at #4? Come on.",https://twitter.com/Thooorin/status/950099173235359744/dsdwj8r/,-0.208,0.049584184,0.002498627,0.028913507,0.009619443,0.020385906,0.009851551,1515448527.0,1,0,0,TonyAreYouThere,0.0,0.0,1.0,2339.0,2340.0
