post_id,comment_id,txt,url,offensiveness_score,Toxicity,Severe Toxicity,Profanity,Identity Attack,Insult,Threat,created,score,total_awards_received,controversiality,user,user_awardee_karma,user_awarder_karma,user_link_karma,user_comment_karma,user_total_karma
bu34sv,ep69f02,Bowel Doctors hate him. “It’s like a pressure wash for your insides.”,https://v.redd.it/2pju9q1epz031/ep69f02/,-0.188,0.33338684,0.011291504,0.08807703,0.018972786,0.20901857,0.030969119,1559066240.0,80,0,0,randomgendoggo,554.0,0.0,13692.0,83084.0,97330.0
bu34sv,ep6fzon,Next: buying a cock ring.,https://v.redd.it/2pju9q1epz031/ep6fzon/,0.435,0.6863638,0.070156105,0.541926,0.017465452,0.24493282,0.013113883,1559068557.0,1,0,0,ElTuxedoMex,2125.0,677.0,11762.0,1066317.0,1080881.0
bu34sv,ep6g64h,You spelled ~~bidet~~ enema wrong.,https://v.redd.it/2pju9q1epz031/ep6g64h/,-0.021,,,,,,,1559068618.0,66,0,0,etnom22000,234.0,11.0,301.0,37808.0,38354.0
bu34sv,ep6gsb6,Your ass is now clean. Everything else is covered in shit,https://v.redd.it/2pju9q1epz031/ep6gsb6/,0.688,0.9391453,0.4583481,0.87472564,0.083355546,0.5588244,0.014911477,1559068834.0,37,0,0,[deleted],,,,,
bu34sv,ep6irpr,"I dont need another one, but you bet this is about to get experimental.",https://v.redd.it/2pju9q1epz031/ep6irpr/,-0.5,0.036870047,0.001392365,0.0166845,0.002978328,0.013250912,0.008634649,1559069553.0,6,0,0,CatLoverForeverAlone,12.0,110.0,8851.0,12022.0,20995.0
bu34sv,ep6j1wb,"Happy cake day indeed.

&#x200B;

Edit: Removed due to request.",https://v.redd.it/2pju9q1epz031/ep6j1wb/,-0.596,0.031213367,0.001935959,0.017572641,0.005253696,0.010704896,0.009955117,1559069662.0,0,0,0,ElTuxedoMex,2125.0,677.0,11762.0,1066317.0,1080881.0
bu34sv,ep6jdwj,"Dude needs a ""Great American Challenge""! 😂",https://v.redd.it/2pju9q1epz031/ep6jdwj/,-0.417,0.08953904,0.003681183,0.02795705,0.01087737,0.02173949,0.010447056,1559069803.0,3,0,0,CatLoverForeverAlone,12.0,110.0,8851.0,12022.0,20995.0
bu34sv,ep6prkb,I saw that add! Did yours have a picture of the bowling bananas in the background?,https://v.redd.it/2pju9q1epz031/ep6prkb/,-0.489,0.121732734,0.004634857,0.047674157,0.008768492,0.03235855,0.008919456,1559072064.0,5,0,0,The_Mediocre_Gatsby_,0.0,0.0,948.0,40399.0,41347.0
bu34sv,ep806in,Was this a post on Reddit or did everyone get this ad? I’m confused.,https://v.redd.it/2pju9q1epz031/ep806in/,-0.292,0.017089844,0.001087189,0.016411226,0.003958771,0.008310881,0.007119995,1559088573.0,2,0,0,SterlingSilver5,347.0,226.0,10681.0,40721.0,51975.0
bu34sv,ep86p5c,"I first read that as power Washington porn, and thought, wow what a weird fetish.",https://v.redd.it/2pju9q1epz031/ep86p5c/,0.087,0.47772613,0.02402156,0.39409557,0.062039822,0.14150882,0.009100696,1559091009.0,16,0,0,danteheehaw,5059.0,148.0,13125.0,671409.0,689741.0
bu34sv,ep8cc9v,Ass? That would obliterate a pair of testicles.,https://v.redd.it/2pju9q1epz031/ep8cc9v/,0.625,0.7761081,0.10702737,0.6242122,0.011765319,0.1935001,0.010938995,1559093082.0,3,0,0,Capnreid,769.0,136.0,5.0,25137.0,26047.0
bu34sv,ep8dcoh,Did ya blow ye O ring mate?,https://v.redd.it/2pju9q1epz031/ep8dcoh/,0.104,0.2763787,0.017416617,0.15195307,0.007399572,0.058475737,0.13363713,1559093448.0,2,0,0,spelbot,268.0,122.0,,,390.0
bu34sv,ep8dpmo,"FYI, I'm about to kill sephiroth for the 100th and somethings time. Literally just reached the point of no return in the northern crater.",https://v.redd.it/2pju9q1epz031/ep8dpmo/,-0.208,0.4269174,0.14916596,0.19770569,0.06340405,0.05964688,0.54744303,1559093580.0,2,0,0,danteheehaw,5059.0,148.0,13125.0,671409.0,689741.0
bu34sv,ep8dptm,Which bidet did you go with asking for a friend,https://v.redd.it/2pju9q1epz031/ep8dptm/,-0.375,0.27236435,0.011062622,0.16682947,0.010137413,0.097093195,0.007728445,1559093582.0,3,0,0,[deleted],,,,,
bu34sv,ep8eo1g,I'll never get tired of hearing someone get a surprise in the bathroom and come out with a big wet spot on the crotch of their pants. Second-best part of having a bidet,https://v.redd.it/2pju9q1epz031/ep8eo1g/,0.149,0.4014846,0.023364257,0.36230123,0.012240025,0.059061307,0.025098583,1559093934.0,1,0,0,TheAbliss,0.0,0.0,24.0,6357.0,6381.0
bu34sv,ep8esq4,And that is how to give yourself a home enema.,https://v.redd.it/2pju9q1epz031/ep8esq4/,-0.146,0.10913446,0.003738403,0.026454043,0.004624732,0.02982438,0.009178371,1559093982.0,2,0,0,pandora12142,0.0,41.0,19.0,409.0,469.0
bu34sv,ep8euh3,Did your anus come out your eyeballs? lol,https://v.redd.it/2pju9q1epz031/ep8euh3/,0.426,0.8540474,0.35368225,0.64657205,0.041261412,0.40243408,0.012285355,1559093998.0,2,0,0,[deleted],,,,,
bu34sv,ep8fk23,My question is: does it full blast your gooch and the back of your balls also? With that blast direction does it just splatter the shit all over the place?,https://v.redd.it/2pju9q1epz031/ep8fk23/,0.583,0.82048255,0.35368225,0.7785769,0.12735364,0.46923602,0.18281023,1559094263.0,2,0,0,AnalogStripes,38.0,0.0,1538.0,3460.0,5036.0
bu34sv,ep8ibv5,Good thing it's pointed towards the shower or you would've had a mess to clean up.,https://v.redd.it/2pju9q1epz031/ep8ibv5/,-0.208,0.06421452,0.001955032,0.020646973,0.001794396,0.018129934,0.009747985,1559095331.0,2,0,0,zacurtis3,2283.0,345.0,6923.0,150071.0,159622.0
bu34sv,ep8j79s,"Ohhh, fuck. That’s always tough for me. I never want the ride to end, lol. Fucking love that fight, though.",https://v.redd.it/2pju9q1epz031/ep8j79s/,0.771,0.76523775,0.21596274,0.8855216,0.019073274,0.1823172,0.018537397,1559095661.0,2,0,0,omnisephiroth,814.0,389.0,743.0,314716.0,316662.0
bu34sv,ep8jphh,Surprisingly its aimed right precisely at my asshole. My balls just caught the backsplash.,https://v.redd.it/2pju9q1epz031/ep8jphh/,0.625,0.8540474,0.2733782,0.80158395,0.035847444,0.36798462,0.024580594,1559095838.0,1,0,0,CatLoverForeverAlone,12.0,110.0,8851.0,12022.0,20995.0
bu34sv,ep8jxm6,I decided to play it with my characters having the skills associated with specific jobs from the games that used the job system. It was pretty fun play through this time. I'm going back to my save tomorrow to fight ruby and emerald.,https://v.redd.it/2pju9q1epz031/ep8jxm6/,-0.396,0.05799546,0.003242493,0.029888187,0.010729378,0.012718908,0.03407705,1559095927.0,2,0,0,danteheehaw,5059.0,148.0,13125.0,671409.0,689741.0
bu34sv,ep8m4zy,"The first thing my husband said after using our bidet for the first time ""Who the hell uses this on full speed?""",https://v.redd.it/2pju9q1epz031/ep8m4zy/,0.083,0.47119883,0.023223408,0.49259362,0.01565665,0.16890354,0.010265815,1559096759.0,1,0,0,Plooza,1015.0,31.0,27624.0,37166.0,65836.0
bu34sv,ep8twva,Wow must've been like sitting on a burst pipe,https://v.redd.it/2pju9q1epz031/ep8twva/,-0.319,0.32020867,0.017868511,0.16822512,0.01191331,0.0820023,0.024753258,1559099859.0,1,0,0,iceebooo23,0.0,0.0,110.0,4842.0,4952.0
bu34sv,ep8yk6i,Now that's a good way to blow out an O Ring.,https://v.redd.it/2pju9q1epz031/ep8yk6i/,-0.083,0.147767,0.006713867,0.03389629,0.007510565,0.02051482,0.11769595,1559101739.0,2,0,0,Paradigm_Pizza,56.0,0.0,1059.0,31605.0,32720.0
bu34sv,ep9fv4l,"Ruby’s a dick. Emerald can be beaten pretty easily, though.

Helps when you pick up Omnislash on Disc 1.",https://v.redd.it/2pju9q1epz031/ep9fv4l/,0.596,0.8115627,0.35112193,0.70864636,0.068465814,0.6261769,0.13498579,1559109456.0,1,0,0,omnisephiroth,814.0,389.0,743.0,314716.0,316662.0
bu34sv,epap1f1,"Gotta sneak up on it, man.   Run that sucker up to 11 from the get go and you'll inflate.",https://v.redd.it/2pju9q1epz031/epap1f1/,-0.234,0.60254884,0.16960317,0.4596479,0.039456755,0.5130944,0.20544581,1559131342.0,1,0,0,scruit,687.0,49.0,17706.0,187813.0,206255.0
bu34sv,epbia03,"Love these things; I barely buy toilet paper anymore

But mine does a wide fan not a fire hose blast 😧 ouch",https://v.redd.it/2pju9q1epz031/epbia03/,-0.146,0.11347008,0.00579834,0.06796519,0.005549679,0.018452216,0.009592636,1559142981.0,1,0,0,longoverdue83,754.0,204.0,11073.0,127862.0,139893.0
bu34sv,epc78xp,"""honey are you sick? You've been taking allloot of shits lately. You know you only need to flush once maybe twice at the most right?""    Bidet installed. Water bill quadruples. Sore jaw from grinning.",https://v.redd.it/2pju9q1epz031/epc78xp/,0.188,0.6863638,0.16960317,0.70864636,0.052490227,0.5130944,0.021472665,1559150964.0,1,0,0,OldFoxfire5,55.0,0.0,619.0,8535.0,9209.0
