post_id,comment_id,txt,url,offensiveness_score,Toxicity,Severe Toxicity,Profanity,Identity Attack,Insult,Threat,created,score,total_awards_received,controversiality,user,user_awardee_karma,user_awarder_karma,user_link_karma,user_comment_karma,user_total_karma
6ay4va,dhifpx1,"Well that's a graceless generalization, BANNED!

I'm current banned for telling a (upvoted) joke. They said it was against the rules. When I asked how it was against the rules, they said they have to enforce the rules neutrally. When I asked what that meant and what rules they were actually enforcing they said they didn't think my joke was funny to be honest. That is literally the opposite of neutral enforcement. When I questioned that they made fun of me for not being able to do anything about it.",https://www.reddit.com/r/AskMen/comments/6ay4va/men_who_browse_askwomen_in_what_ways_has_your//dhifpx1/,0.042,0.17631748,0.003986359,0.06044999,0.008953481,0.077136256,0.009385503,1494694514.0,205,0,0,OldPizzaBoy,0,0,8,4608,4616
6ay4va,dhii0ti,"ygh.  Neutrals.  

What makes a good woman go neutral? Lust for gold? Power? Or were they just born with a heart full of neutrality?",https://www.reddit.com/r/AskMen/comments/6ay4va/men_who_browse_askwomen_in_what_ways_has_your//dhii0ti/,0.021,0.15711457,0.003490448,0.023311393,0.09328204,0.04383647,0.006789878,1494697817.0,31,0,0,Cockalorum,1042,352,103,279009,280506
6ay4va,dhii7do,Yes on the emphasis on language. I had a comment removed once because I said that professor snape is a dick. Like is that actually offensive to people? Enough to be removed? Why. ,https://www.reddit.com/r/AskMen/comments/6ay4va/men_who_browse_askwomen_in_what_ways_has_your//dhii7do/,0.489,0.6744087,0.17009245,0.6242122,0.06749674,0.54471385,0.014911477,1494698067.0,89,0,0,kelsifer,53,0,408,56352,56813
6ay4va,dhil6rf,"Dammit, who let Zap on the internet again?

Kif should get fired from his babysitting job.",https://www.reddit.com/r/AskMen/comments/6ay4va/men_who_browse_askwomen_in_what_ways_has_your//dhil6rf/,0.229,0.6426206,0.16960317,0.57488567,0.042550452,0.47384647,0.13815513,1494702302.0,9,0,0,TranSpyre,0,0,426,49272,49698
6ay4va,dhim0q6,"Their sub is more interesting to me atm, but maybe it's because it's mostly about relationships and I'm dating a girl that I don't wanna fuck up with. Nothing I've read from there has been directly applicable to my relationship, but it's still more interesting. 90% of Reddit could pass as /u/askmen imo.",https://www.reddit.com/r/AskMen/comments/6ay4va/men_who_browse_askwomen_in_what_ways_has_your//dhim0q6/,0.25,0.5566829,0.23224974,0.764141,0.0775651,0.16875735,0.017846745,1494703519.0,5,0,0,user0958,0,0,142,244,386
6ay4va,dhim2em,"More than anything else, Reddit in general has dropped my opinion of women to almost nothing. I used to think (as I had been taught) that women and men were ""just people"", but Reddit and especially subs like askwomen and trollxchromosomes make it apparent that most women spend most of their time thinking about ways to make men - especially men they don't know - suffer.",https://www.reddit.com/r/AskMen/comments/6ay4va/men_who_browse_askwomen_in_what_ways_has_your//dhim2em/,0.354,0.26293078,0.01644827,0.19770569,0.28034934,0.13245803,0.011223801,1494703586.0,-3,0,1,bastardstepchild,0,0,66484,37646,104130
6ay4va,dhirfuo,"I had assumed it was a joke or exaggeration, but now I'm absolutely convinced: women really, genuinely do not know what they want, and what they say is often the exact opposite of what they think. ",https://www.reddit.com/r/AskMen/comments/6ay4va/men_who_browse_askwomen_in_what_ways_has_your//dhirfuo/,0.354,0.20265625,0.004997253,0.027137227,0.2463217,0.06794841,0.006874025,1494711369.0,5,0,1,Gman777,248,0,2721,134285,137254
6ay4va,dhish7h,Upvoted for the awesome reference :) ,https://www.reddit.com/r/AskMen/comments/6ay4va/men_who_browse_askwomen_in_what_ways_has_your//dhish7h/,-0.521,0.017466826,0.001459122,0.016342908,0.005401687,0.008481883,0.008505191,1494712910.0,2,0,1,Altalus,18,0,61,10537,10616
