post_id,comment_id,txt,url,offensiveness_score,Toxicity,Severe Toxicity,Profanity,Identity Attack,Insult,Threat,created,score,total_awards_received,controversiality,user,user_awardee_karma,user_awarder_karma,user_link_karma,user_comment_karma,user_total_karma
ave6iy,eher3nb,"See, this is what I don't get: who do they expect to fund these studies? Clinical trials are expensive as fuck. Who should have to foot the bill for those, if not the company that's attempting to bring a product to market?

All clinical trials are proposed to, and reviewed by, the FDA (or equivalent regulatory body) before they even start. They're subject to oversight at every step of the process, and the results are thoroughly reviewed before they can be published. ",https://i.redd.it/3b5wj41xh4j21.jpg/eher3nb/,0.354,0.37751234,0.021548226,0.4044591,0.009471451,0.21602537,0.010369381,1551288680.0,52,0,0,So_Motarded,1432,0,15537.0,231983.0,248952
ave6iy,ehf1tkd,"The movie Contagion (would absolutely recommend it btw, it's actually scary while being terrifyingly realistic) really nailed Jude Law's character, years before people like him *reallllly* hit mainstream lol",https://i.redd.it/3b5wj41xh4j21.jpg/ehf1tkd/,-0.319,0.12520397,0.006713867,0.08710717,0.011617327,0.024511116,0.012078222,1551295240.0,10,0,0,Michaelbama,0,0,13800.0,217254.0,231054
ave6iy,ehfgisr,"Well there are also studies showing that medicine A is superior to medicine B which is superior to medicine C, which again is superior to medicine A. I love those meta studies, it shows inherent optimisations. 

All that to put it on the list insurances pay without problem as they are ""improved"". With vaccines it's easier. With cancer medicines it's a mess, they selectivity remove outliers to fix their data. 

Transparency is not anywhere where it should be, like opening up all anonymised data to the general public to audit the statistics.",https://i.redd.it/3b5wj41xh4j21.jpg/ehfgisr/,-0.068,0.05131592,0.001449585,0.017572641,0.004772724,0.025542418,0.006492125,1551304295.0,1,0,0,geppetto123,411,0,453.0,18822.0,19686
ave6iy,ehgcdf2,Adults that think they can meme politics,https://i.redd.it/3b5wj41xh4j21.jpg/ehgcdf2/,-0.375,0.1140901,0.002613068,0.025497584,0.012842959,0.04090862,0.008285114,1551328964.0,2,0,0,michael14375,25632,1373,861375.0,122280.0,1010660
ave6iy,eij87yl,"yeah you don’t know how it works, fuck off",https://i.redd.it/3b5wj41xh4j21.jpg/eij87yl/,0.938,0.9563754,0.52891463,0.89909166,0.08749158,0.65129566,0.06820184,1552592275.0,3,0,0,RogalD0rn,274,0,,,274
ave6iy,eudqpp4,and the list is fucking huge,https://i.redd.it/3b5wj41xh4j21.jpg/eudqpp4/,0.489,0.85333383,0.31905776,0.90150756,0.018068384,0.27763805,0.009100696,1563725023.0,2,0,0,timelordpotato86,18,410,11217.0,559.0,12204
