post_id,comment_id,txt,url,offensiveness_score,Toxicity,Severe Toxicity,Profanity,Identity Attack,Insult,Threat,created,score,total_awards_received,controversiality,user,user_awardee_karma,user_awarder_karma,user_link_karma,user_comment_karma,user_total_karma
capn2q,etb3zqh,I promise not to annoy you anymore.,https://thehill.com/homenews/administration/452024-trump-says-he-will-no-longer-deal-with-the-uks-ambassador-to-the-us/etb3zqh/,-0.646,0.115658075,0.003890991,0.036651865,0.007658557,0.024640027,0.026652548,1562636445.0,5,0,0,RatusRexus,46,0,7,20617,20670
capn2q,etbyzqi,An ego softer than a baby's first shit....,https://thehill.com/homenews/administration/452024-trump-says-he-will-no-longer-deal-with-the-uks-ambassador-to-the-us/etbyzqi/,0.5,0.8403191,0.26195827,0.84506536,0.04177703,0.4794537,0.011689849,1562668877.0,1,0,0,firthy,2496,0,31881,258655,293032
capn2q,etc6h0r,"Anyone want to point out that cutting off everyone who calls him insecure, he's proving them right?",https://thehill.com/homenews/administration/452024-trump-says-he-will-no-longer-deal-with-the-uks-ambassador-to-the-us/etc6h0r/,-0.062,0.20242359,0.009231567,0.022969801,0.011247349,0.03423163,0.2836219,1562676793.0,2,0,0,Caridor,1798,264,31614,264561,298237
capn2q,etc6r1n,"If he stopped working with every professional diplomat who truly held a similar view, he would be a much less busy person.",https://thehill.com/homenews/administration/452024-trump-says-he-will-no-longer-deal-with-the-uks-ambassador-to-the-us/etc6r1n/,-0.229,0.030741978,0.000584126,0.010194245,0.003070822,0.016024929,0.006582745,1562677031.0,2,0,0,Robin_Gr,168,0,19,50490,50677
capn2q,etcbo4q,46% of the US voting population.,https://thehill.com/homenews/administration/452024-trump-says-he-will-no-longer-deal-with-the-uks-ambassador-to-the-us/etcbo4q/,-0.522,0.009424546,0.000653267,0.010279642,0.003255812,0.006619871,0.006440342,1562680862.0,4,0,0,krneki12,684,58,3409,206177,210328
capn2q,etiv11p,"6 corporate bankruptcies vs how many successful businesses?  Can you remind me what sex abuse he has been convicted for?  ""likely ties"" means no evidence or convictions either, right?

&#x200B;

I voted for Johnson, but I can think of a few more than those 3.

&#x200B;

how about the ""im sick and tired of career politicians that only pander and talk without executing"" 

or how about the ""I agree with many of his campaign promises and his position on xyz""

or maybe the ""we are sick with the democrats sliding further left and pushing socialism""

&#x200B;

Just a few to get you going.",https://thehill.com/homenews/administration/452024-trump-says-he-will-no-longer-deal-with-the-uks-ambassador-to-the-us/etiv11p/,0.085,0.3281604,0.008811951,0.08452088,0.052944973,0.27969417,0.012026439,1562860430.0,0,0,0,Suddenlyhypocrites,0,0,1,-63,-62
