post_id,comment_id,txt,url,offensiveness_score,Toxicity,Severe Toxicity,Profanity,Identity Attack,Insult,Threat,created,score,total_awards_received,controversiality,user,user_awardee_karma,user_awarder_karma,user_link_karma,user_comment_karma,user_total_karma
b4ebif,ej668kk,Who the heck gilded you?,https://www.reddit.com/r/AskReddit/comments/b4ebif/teachers_of_reddit_when_can_you_tell_if_a_student//ej668kk/,-0.188,0.60254884,0.16960317,0.5013569,0.029917859,0.37506318,0.026652548,1553311450.0,-30,0,0,yanderia,1014.0,0.0,1779.0,147841.0,150634.0
b4ebif,ej66fpp,It was me. Fuck off.,https://www.reddit.com/r/AskReddit/comments/b4ebif/teachers_of_reddit_when_can_you_tell_if_a_student//ej66fpp/,0.771,0.96069145,0.45895407,0.96028095,0.052035484,0.6370372,0.036149003,1553311629.0,38,0,0,FoibleCodmouth,0.0,0.0,575.0,19820.0,20395.0
b4ebif,ej6jome,It's getting one. I hope everyone can get the help they need. It's never too late.,https://www.reddit.com/r/AskReddit/comments/b4ebif/teachers_of_reddit_when_can_you_tell_if_a_student//ej6jome/,-0.542,0.012000589,0.00082016,0.01174849,0.002386362,0.007151874,0.007314181,1553327838.0,0,0,0,adudeguyman,2986.0,439.0,85061.0,497433.0,585919.0
b4ebif,ej6md0j,ive had some horrible ass teachers that straight up bullied me in class smh,https://www.reddit.com/r/AskReddit/comments/b4ebif/teachers_of_reddit_when_can_you_tell_if_a_student//ej6md0j/,0.362,0.8403191,0.3529199,0.70864636,0.18391247,0.54471385,0.056240413,1553332539.0,3,0,0,ihateavg,0.0,0.0,77.0,3982.0,4059.0
b4ebif,ej7qw5v,"The best thing I can think of to do is just imagine they’re all depressed and self loathing and treat them all like real people who matter. That’s my teacher tactic, and I’m told by the students that really helps them out.  If they think you care, they’ll tell you so much so you can specifically try to help. ",https://www.reddit.com/r/AskReddit/comments/b4ebif/teachers_of_reddit_when_can_you_tell_if_a_student//ej7qw5v/,-0.042,0.08953904,0.003376007,0.058946952,0.009471451,0.032138187,0.009773877,1553368497.0,1,0,0,teachingbeinghuman,0.0,0.0,38.0,365.0,403.0
b4ebif,ej7rll0,"I went through some sad periods in high school and generally was just an awkward kid. One of my teachers always made a point to say hey to me in passing in the hallway. At the time I didn’t think much of it, but looking back i think it made a huge impact. It was like a small way of checking in on me and showing he cared. Little exchanges can count so much more than we realize. ",https://www.reddit.com/r/AskReddit/comments/b4ebif/teachers_of_reddit_when_can_you_tell_if_a_student//ej7rll0/,-0.261,0.08083374,0.003032684,0.06946823,0.009619443,0.027841117,0.008505191,1553368969.0,1,0,0,mgnana,0.0,0.0,75.0,406.0,481.0
b4ebif,ej7z3fs,"On the flip side: I was a student going through a really dark phase. Right after high school graduation I was admitted into the hospital for suicidal thoughts and abnormal behaviour. This one teacher kept in contact with me, I gues maybe she sensed something was up? She was also my favourite teacher/favourite class (English). Anyway she visited me in the hospital and brought me a lovely card and lil gift. My own family was avoiding the hospital like the plague and she found the time to do all that..I still have the gift and the card (happened when I was 17, am 26 now) ",https://www.reddit.com/r/AskReddit/comments/b4ebif/teachers_of_reddit_when_can_you_tell_if_a_student//ej7z3fs/,-0.146,0.13041082,0.006294251,0.10363861,0.017967897,0.05086332,0.016292779,1553374134.0,2,0,0,[deleted],,,,,
b4ebif,ej8b3sk,"My school counselor told me she can not counsel me anymore because she started to get ""issues at home"" after talking with me and that I will inevitably find myself in an abusive relationship anyways. So please. DO tell me what you do to help these children? ",https://www.reddit.com/r/AskReddit/comments/b4ebif/teachers_of_reddit_when_can_you_tell_if_a_student//ej8b3sk/,0.021,0.10956833,0.002670288,0.02973333,0.006807606,0.033019636,0.009385503,1553383313.0,1,0,0,thenicoleodeon,37.0,48.0,225.0,1842.0,2152.0
b4ebif,ej8of7i,"If you are a teacher reading this, I highly recommend getting basic suicide intervention training. Depending where you live you can try to google which organizations offer it. The common one used in my area is ASIST.

I appreciate how most teachers have good intentions but sometimes the wrong approaches may scare off or further isolate your students.",https://www.reddit.com/r/AskReddit/comments/b4ebif/teachers_of_reddit_when_can_you_tell_if_a_student//ej8of7i/,-0.064,0.1641865,0.008735657,0.02973333,0.010581387,0.026444806,0.13815513,1553394790.0,3,0,0,The_learner8,25.0,0.0,630.0,2948.0,3603.0
b4ebif,ej8q0ts,Wait you mean we shouldn't wait until Bell's Let Talk day to talk about mental health?,https://www.reddit.com/r/AskReddit/comments/b4ebif/teachers_of_reddit_when_can_you_tell_if_a_student//ej8q0ts/,-0.208,0.051810697,0.001077652,0.011936366,0.006030651,0.023608726,0.006084333,1553396243.0,0,0,0,[deleted],,,,,
b4ebif,ej8q161,"Student here,

I had a breakdown in the middle of math once, and I yelled ""I wanna kill myself.""

i'm now in therapy",https://www.reddit.com/r/AskReddit/comments/b4ebif/teachers_of_reddit_when_can_you_tell_if_a_student//ej8q161/,0.021,0.4826145,0.16960317,0.29209393,0.050216515,0.08582769,0.54744303,1553396252.0,1,0,0,AyyItsKaleb,0.0,0.0,685.0,194.0,879.0
b4ebif,ej8w3pj,Never.  Nothing.  I'm not a mental health professional.,https://www.reddit.com/r/AskReddit/comments/b4ebif/teachers_of_reddit_when_can_you_tell_if_a_student//ej8w3pj/,-0.34,0.09828771,0.001535416,0.015967157,0.010581387,0.030485468,0.005919275,1553402250.0,1,0,0,[deleted],,,,,
