post_id,comment_id,txt,url,offensiveness_score,Toxicity,Severe Toxicity,Profanity,Identity Attack,Insult,Threat,created,score,total_awards_received,controversiality,user,user_awardee_karma,user_awarder_karma,user_link_karma,user_comment_karma,user_total_karma
bj2t51,em4u3l2,[deleted],https://i.redd.it/pit25zyhcev21.png/em4u3l2/,-0.271,,,,,,,1556628728.0,37,0,0,[deleted],,,,,
bj2t51,em4x6et,"CMV: Republicans can and should appreciate how this man approached his job and represented our country as a leader even if they disagreed with his policies. 

Signed, 

A conservative",https://i.redd.it/pit25zyhcev21.png/em4x6et/,-0.229,0.016210219,0.000686646,0.010552917,0.004680229,0.009108886,0.006634528,1556631176.0,679,0,0,SoDakZak,129461.0,18550.0,1209531.0,2910923.0,4268465.0
bj2t51,em4xkuf," If you're curious, In SG we sort of love Obama",https://i.redd.it/pit25zyhcev21.png/em4xkuf/,-0.457,0.044636376,0.002069473,0.021808386,0.013546381,0.015568925,0.008039144,1556631466.0,9,0,0,[deleted],,,,,
bj2t51,em4xldd,"In the way that he behaves on Twitter, yes. In the way that he conducted foreign and domestic policy with no regard for the constitution, nah.",https://i.redd.it/pit25zyhcev21.png/em4xldd/,-0.208,0.034748793,0.00079155,0.011714331,0.004014268,0.015112923,0.006304411,1556631478.0,-7,0,1,ATS_account1,0.0,0.0,270.0,-100.0,170.0
bj2t51,em4y212,"That’s fair, and I have similar opinions on where his priorities lied (layed? Lie? Laid?)

Edit: Standn’t",https://i.redd.it/pit25zyhcev21.png/em4y212/,-0.396,0.17805049,0.003986359,0.038906425,0.008398513,0.061626412,0.010136358,1556631818.0,3,0,0,SoDakZak,129461.0,18550.0,1209531.0,2910923.0,4268465.0
bj2t51,em4yy57,"can you provide examples of his violation of the constitution?

I am guessing the drone strikes are one?",https://i.redd.it/pit25zyhcev21.png/em4yy57/,-0.042,0.058737632,0.002031326,0.0113215,0.003015325,0.01617693,0.020091362,1556632460.0,27,0,0,anubus72,68.0,0.0,184.0,57387.0,57639.0
bj2t51,em50xy8,Doesn't the continuation of the Patriot act qualify as a violation of the 4th amendment ?,https://i.redd.it/pit25zyhcev21.png/em50xy8/,-0.292,0.019728716,0.000696182,0.010450439,0.003533295,0.009393888,0.006718676,1556633849.0,-1,0,1,hotstuffonnachos,0.0,0.0,,,0.0
bj2t51,em51pzl,"Yeah that obummer ne’er reads his constitution. 

Not like he spent 12 years teaching constitutional law at the university level or anything.",https://i.redd.it/pit25zyhcev21.png/em51pzl/,-0.062,0.11378009,0.001821518,0.01764096,0.004883717,0.06337463,0.006336776,1556634383.0,13,0,0,Looming_Doom,0.0,0.0,1290.0,2978.0,4268.0
bj2t51,em54q90,"I hate to bring in post history, but the guy posts in T_D. Not saying it invalidates him or his opinions, but it sure does seem hypocritical.",https://i.redd.it/pit25zyhcev21.png/em54q90/,0.104,0.45703048,0.009155273,0.104876526,0.012441003,0.4986907,0.009773877,1556636376.0,15,0,0,UnStricken,128.0,461.0,2529.0,68984.0,72102.0
bj2t51,em55kzd,"I'm not contending that he didn't know the document, just that he chose not to follow it...",https://i.redd.it/pit25zyhcev21.png/em55kzd/,-0.234,0.019226074,0.000560284,0.010894509,0.002321616,0.009564889,0.006498598,1556636942.0,-4,0,0,ATS_account1,0.0,0.0,270.0,-100.0,170.0
bj2t51,em55n0f,"Creating a kill list for american citizens that circumvented due process is definitely wayyy up there, yea. Not a fan of summary execution of US citizens",https://i.redd.it/pit25zyhcev21.png/em55n0f/,0.128,0.28425202,0.014898917,0.06145202,0.055218685,0.035333443,0.34804323,1556636979.0,-5,0,1,ATS_account1,0.0,0.0,270.0,-100.0,170.0
bj2t51,em55z6r,Merely having studied it doesn't mean one has to adhere to it's principles.,https://i.redd.it/pit25zyhcev21.png/em55z6r/,-0.229,0.013068704,0.000534058,0.010894509,0.002645347,0.00813988,0.006239682,1556637205.0,-4,0,0,[deleted],,,,,
bj2t51,em56omf,That is on congress who keeps renewing it. They have the power to take away those presidential powers.,https://i.redd.it/pit25zyhcev21.png/em56omf/,-0.417,0.026028076,0.000796318,0.011936366,0.004587734,0.010856897,0.008505191,1556637660.0,21,0,0,ItsLikeRay-ee-ain,347.0,885.0,13297.0,109296.0,123825.0
bj2t51,em58yjm,"If your best argument for him violating the constitution is not uselessly vetoing the Patriot Act's renewal, that's not a very strong argument.",https://i.redd.it/pit25zyhcev21.png/em58yjm/,0.083,0.16331999,0.001764298,0.020646973,0.003644289,0.08410009,0.006899917,1556639118.0,14,0,0,That_Guy381,1029.0,1263.0,22157.0,244287.0,268736.0
bj2t51,em597vt,"When/how did that happen? Legitimately curious about it, especially if there are (non conspiracy theorist) sources.",https://i.redd.it/pit25zyhcev21.png/em597vt/,-0.292,0.034513097,0.001049042,0.014225035,0.004624732,0.014504919,0.007055265,1556639285.0,10,0,0,smnytx,565.0,259.0,3811.0,178590.0,183225.0
bj2t51,em5998o,"I hate to bring in post history, so I'll just do it anyways.",https://i.redd.it/pit25zyhcev21.png/em5998o/,-0.271,0.26293078,0.008239746,0.10611444,0.027815815,0.06372428,0.012440704,1556639310.0,-4,0,1,blackbriar73,0.0,0.0,2126.0,1047.0,3173.0
bj2t51,em5dt4a,"I think he's referring to the CIA's Disposition Matrix (the semi-automated list of people who are supposed to be droned if the opportunity presents itself.) 

From what we know (from leaks, etc) the Disposition Matrix is largely comprised of known members of foreign terrorist organizations. But the tricky thing is that some of said terrorists are U.S. citizens, and droning them is technically the U.S. government executing one of its own citizens without trial. 

Anwar al-Awlaki is probably the most well-known American killed this way. Multiple intelligence agencies believe he was the operational leader of Al Qaeda in the Arabian Peninsula, so you can kinda see why we did what we did, but... the guy was born in New Mexico, and thus as an American he had a constitutional right to due process which wasn't honored in his killing by drone strike.",https://i.redd.it/pit25zyhcev21.png/em5dt4a/,0.146,0.15213956,0.004463196,0.02167175,0.051353373,0.06494803,0.044602267,1556642118.0,3,0,0,[deleted],,,,,
bj2t51,em5pooj,"I hate doing it cause it’s usually a cheap way that people try to win arguments by invalidating others just because they post in certain subs. However, in this case I think it is completely appropriate because it points out the hypocrisy of saying that Obama ignored the constitution while the individual posts in a cult-sub for a president who has no regard for the constitution. I also like how you ignored me saying that it doesn’t invalidate his opinions or him, it makes you defending your fellow T_D poster seem more noble doesn’t it?",https://i.redd.it/pit25zyhcev21.png/em5pooj/,0.167,0.31686464,0.009765625,0.16589902,0.041261412,0.24903896,0.009877442,1556649305.0,10,0,0,UnStricken,128.0,461.0,2529.0,68984.0,72102.0
bj2t51,em6bi8s,"Fuck


Everyone's favorite person (including mine) just backed a dumb idea that's going to make it inconvenient and harder to participate",https://i.redd.it/pit25zyhcev21.png/em6bi8s/,0.717,0.89241093,0.45077345,0.8855216,0.041261412,0.46476576,0.022853967,1556662073.0,2,0,0,JitteryBug,1132.0,200.0,1558.0,165979.0,168869.0
bj2t51,em6cjou,That's how I found you guys!!,https://i.redd.it/pit25zyhcev21.png/em6cjou/,-0.766,0.04315203,0.002880096,0.02522431,0.007658557,0.014884921,0.009747985,1556662705.0,0,0,0,sampat164,353.0,319.0,2732.0,9029.0,12433.0
bj2t51,em6dljw,"> can you provide examples of his violation of the constitution?

drone bombing 4 us citizens, one of which was the intended target, without going through the courts or allowing the person he killed the rights that a us citizen is owed.

Yes the target was a terrorist, you don't get to just kill us citizens.",https://i.redd.it/pit25zyhcev21.png/em6dljw/,0.149,0.26859093,0.011520386,0.02474608,0.031464707,0.089778624,0.2836219,1556663349.0,6,0,0,RedditpoliticsatWork,0.0,0.0,1.0,401.0,402.0
bj2t51,em6eyiz,"Nice to see Obama still stirring the pot of division with the White Nationalist bit.  What a POS.  It is no wonder race relations devolved to what it is today under his watch.  Those relations, btw are the worst they've been since the 60's.",https://i.redd.it/pit25zyhcev21.png/em6eyiz/,0.125,0.36043653,0.015350811,0.07870171,0.33352965,0.26957804,0.011327368,1556664186.0,-5,0,0,[deleted],,,,,
bj2t51,em6fv5t,"Sorry, what's the significance? Is Singapore pretty conservative?

If so, I can believe it. Most of my conservative friends in the UK love Obama, too. The overton window isn't quite as janky here, though.",https://i.redd.it/pit25zyhcev21.png/em6fv5t/,0.042,0.112436704,0.001840591,0.024199532,0.030949092,0.05262003,0.006440342,1556664758.0,1,0,0,SexLiesAndExercise,511.0,49.0,25611.0,262263.0,288434.0
bj2t51,em6kqff,Obama was held in contempt of court. AG Eric Holder held in contempt of Congress. Your saviour may have taught constitutional law it doesn't mean he cared for it.,https://i.redd.it/pit25zyhcev21.png/em6kqff/,0.104,0.09958932,0.001792908,0.016411226,0.009360458,0.036104713,0.007107049,1556667862.0,0,0,0,HumpingJack,6181.0,0.0,,,6181.0
bj2t51,em6mqu9,LOL what do you know about the constitution trump boy?,https://i.redd.it/pit25zyhcev21.png/em6mqu9/,0.312,0.13041082,0.002441406,0.020373698,0.006844604,0.06424874,0.006226737,1556669202.0,0,0,0,carl_pagan,91.0,0.0,5300.0,132879.0,138270.0
bj2t51,em6qmol,This is fucking fake and you're all buying it Lmfao,https://i.redd.it/pit25zyhcev21.png/em6qmol/,0.667,0.9563754,0.52891463,0.8855216,0.11512129,0.5723624,0.02440793,1556671716.0,1,0,0,[deleted],,,,,
bj2t51,em6sdhy,Can't not read it in his voice. Trying so hard but I can't,https://i.redd.it/pit25zyhcev21.png/em6sdhy/,-0.413,0.10002319,0.004329681,0.031391226,0.006807606,0.018001022,0.011172019,1556672864.0,3,0,0,guacamully,917.0,49.0,4213.0,173227.0,178406.0
bj2t51,em6yiri,"I don’t care if it’s fake, goddamn I miss Obama.  

I've kept hearing from my relatives, “I want a President who relates to me! Who talks like a normal person!  Someone just like me!.""  

Fine.  If that’s what you want, go for it.  But me?  I’m an idiot.  Compared to all the great thinkers in the world, I’m not even on the chart.  I want a President  with my ideals, who is way smarter than me to take that office.  I want the smartest, most moral and most intelligent person to be running my country.  I don’t want my leader to be like me.  I want a leader who is someone I’d aspire to be.

edit:  well shit.  Blame the wine.  I'm leaving this rant unless mods take it down.",https://i.redd.it/pit25zyhcev21.png/em6yiri/,0.479,0.52007306,0.024960563,0.48510036,0.053854458,0.5130944,0.01187109,1556676913.0,218,0,0,Friendly_Recompence,157.0,695.0,244.0,56323.0,57419.0
bj2t51,em71tsj,Could we please not celebrate FB posts of mass murderers who could and should be sentenced to death by the conventions of the Nuremberg Trials. Thx,https://i.redd.it/pit25zyhcev21.png/em71tsj/,0.0,0.32557452,0.021031776,0.0913099,0.054763943,0.0777699,0.3481519,1556679308.0,-3,0,0,knarfzor,238.0,133.0,400.0,36085.0,36856.0
bj2t51,em74rkd,"I found that part amusing and disturbing. White nationalism has no root in america, since the beginning non-white people were actively brought over (and lived in america already), which is completely the opposite of establishing a 'white nation'.",https://i.redd.it/pit25zyhcev21.png/em74rkd/,0.312,0.28547668,0.010299683,0.07255927,0.34649673,0.06984934,0.010214032,1556681583.0,1,0,0,[deleted],,,,,
bj2t51,em78wyj,"GWB doesn’t really post that often, though.",https://i.redd.it/pit25zyhcev21.png/em78wyj/,-0.396,0.017215505,0.000796318,0.011936366,0.003200315,0.009393888,0.006964645,1556685411.0,3,0,0,Baalrogg,174.0,0.0,1779.0,26490.0,28443.0
bj2t51,em7ap3c,But someone told me this sub was full of alt right Chads or something.,https://i.redd.it/pit25zyhcev21.png/em7ap3c/,0.062,0.11429678,0.005187988,0.07708528,0.040745795,0.047935467,0.009023022,1556687283.0,0,0,0,DoxYourself,165.0,22.0,4258.0,8420.0,12865.0
bj2t51,em7i3vc,"Hell, I'm not American and I also miss Obama lol. The world was a lot more peaceful back then.",https://i.redd.it/pit25zyhcev21.png/em7i3vc/,-0.167,0.50759226,0.049354076,0.4840093,0.23694818,0.30326313,0.012440704,1556697835.0,15,0,0,houska22,891.0,1382.0,59691.0,20970.0,82934.0
bj2t51,em7im49,[deleted],https://i.redd.it/pit25zyhcev21.png/em7im49/,0.021,,,,,,,1556698723.0,17,0,0,[deleted],,,,,
bj2t51,em7kd83,"I don't want to be rude, but it's mostly just America which is so politically divided (and it's bleeding over a bit to other western countries such as here in Australia).

But I do feel bad for you guys that you're stuck in this two-party system and everything is so divided.",https://i.redd.it/pit25zyhcev21.png/em7kd83/,0.0,0.2312681,0.007820129,0.09775851,0.1007269,0.086852804,0.013476364,1556701806.0,16,0,0,Revoran,73.0,0.0,7026.0,458075.0,465174.0
bj2t51,em7ks9c,"As I said, I'm not an American and the whole idea of the two-party system seems completely nuts to me. It's certainly the foundation for this division. Now it's unfortunately bleeding to most western countries, like Europe. With idiots like Trump in power and Russian propaganda now stronger than ever, the people of many European countries have become almost as divided as the USA.",https://i.redd.it/pit25zyhcev21.png/em7ks9c/,0.25,0.47119883,0.023076924,0.357228,0.2774022,0.5130944,0.011430934,1556702492.0,6,0,0,houska22,891.0,1382.0,59691.0,20970.0,82934.0
bj2t51,em7p3gi,"Our founding fathers feared political parties and even talked about the scourge they’d become when some of them wrote the federalist papers. 

The problem with these two parties is that they’re so hard to fix, if your party fractures you lose power for potentially decades. On the positive side it makes our government at the federal level very slow moving. It lets all of our states run themselves, for better or worse.",https://i.redd.it/pit25zyhcev21.png/em7p3gi/,-0.292,0.06500591,0.001583099,0.020646973,0.007399572,0.031146556,0.007663717,1556707978.0,7,0,0,Kweefus,857.0,141.0,269.0,32672.0,33939.0
bj2t51,em7qg23,"> I want the smartest, most moral and most intelligent person to be running my country.

And that's how you wind up with Woodrow Wilson",https://i.redd.it/pit25zyhcev21.png/em7qg23/,-0.042,0.077668175,0.00123024,0.009767254,0.002460358,0.032909457,0.006485652,1556709362.0,1,0,0,busterbluthOT,663.0,0.0,3351.0,74635.0,78649.0
bj2t51,em7ucw0,"I've heard this comparison - imagine you need to undergo brain surgery. Do you look for the surgeon you'd most like to have a beer or a conversation with? Hell no. You look for the most trained, skilled, and accomplished person for that particular job.",https://i.redd.it/pit25zyhcev21.png/em7ucw0/,0.0,0.30319387,0.015673593,0.31761163,0.009397456,0.16337912,0.010110466,1556712812.0,10,0,0,you-sworn-aim,0.0,0.0,4.0,3938.0,3942.0
bj2t51,em7y7a4,I just want to go back to the Obama era Reddit I fell in love with,https://i.redd.it/pit25zyhcev21.png/em7y7a4/,-0.396,0.036634352,0.00202179,0.022628209,0.00984143,0.013250912,0.00756015,1556715798.0,3,0,0,Stoner95,18.0,0.0,2669.0,35869.0,38556.0
bj2t51,emntf69,Poland is also pretty fucked up as of now.,https://i.redd.it/pit25zyhcev21.png/emntf69/,0.521,0.8629672,0.35368225,0.8802007,0.4508763,0.49389273,0.010628296,1557163130.0,1,0,0,HGMiNi,20.0,93.0,1964.0,7898.0,9975.0
bj2t51,emord08,"Oh yeah, I heard the right wing nuts replaced your court?",https://i.redd.it/pit25zyhcev21.png/emord08/,-0.125,0.40060925,0.017093835,0.14666493,0.10221587,0.43158367,0.009773877,1557182950.0,2,0,0,Revoran,73.0,0.0,7026.0,458075.0,465174.0
bj2t51,emotax4,Not mine. I live in the US. But 100%. The right wing illegally seized the court and EU can't do anything about it since Hungary won't vote against them.,https://i.redd.it/pit25zyhcev21.png/emotax4/,-0.354,0.058737632,0.00169754,0.016616182,0.027413858,0.019096779,0.008000307,1557184175.0,1,0,0,HGMiNi,20.0,93.0,1964.0,7898.0,9975.0
