post_id,comment_id,txt,url,offensiveness_score,Toxicity,Severe Toxicity,Profanity,Identity Attack,Insult,Threat,created,score,total_awards_received,controversiality,user,user_awardee_karma,user_awarder_karma,user_link_karma,user_comment_karma,user_total_karma
c6nzf2,esa0e7d,"I broke up with a high school girlfriend the month before Halloween, then that Halloween her costume was a jilted bride. She came to school in a wedding dress. We dated for 3 weeks.",https://www.reddit.com/r/AskMen/comments/c6nzf2/men_of_reddit_whats_the_creepiest_thing_a_girl//esa0e7d/,-0.196,0.16158698,0.008659363,0.10425757,0.024801146,0.027841117,0.013217449,1561748636.0,12,0,0,Nofreeupvotes,600.0,265.0,9210.0,56010.0,66085.0
c6nzf2,esaf5au,[deleted],https://www.reddit.com/r/AskMen/comments/c6nzf2/men_of_reddit_whats_the_creepiest_thing_a_girl//esaf5au/,-0.638,,,,,,,1561758205.0,22,0,0,[deleted],,,,,
c6nzf2,esalfm6,...that you deserve it because of all those other guys that did it to her or her friends.,https://www.reddit.com/r/AskMen/comments/c6nzf2/men_of_reddit_whats_the_creepiest_thing_a_girl//esalfm6/,0.104,0.050078966,0.001907349,0.014259194,0.002793338,0.013630914,0.01238892,1561762378.0,-7,0,0,ezagreb,906.0,0.0,166.0,121121.0,122193.0
c6nzf2,esapcvw,"Yo, I hope you are making an escape plan",https://www.reddit.com/r/AskMen/comments/c6nzf2/men_of_reddit_whats_the_creepiest_thing_a_girl//esapcvw/,-0.383,0.18459146,0.008850098,0.04516909,0.010581387,0.031256735,0.06863153,1561765109.0,9,0,0,[deleted],,,,,
c6nzf2,esb2jlz,One of my ex's used to exchange letting other people grab my ass for shots of jagermeister.,https://www.reddit.com/r/AskMen/comments/c6nzf2/men_of_reddit_whats_the_creepiest_thing_a_girl//esb2jlz/,0.25,0.7856813,0.19149859,0.70864636,0.039456755,0.3388922,0.20544581,1561776149.0,2,0,0,demonlemonade,0.0,0.0,276.0,4436.0,4712.0
c6nzf2,esb4qgj,Asked me for my number. The fuck you need my number for creep?,https://www.reddit.com/r/AskMen/comments/c6nzf2/men_of_reddit_whats_the_creepiest_thing_a_girl//esb4qgj/,0.667,0.88599813,0.35368225,0.8907955,0.053854458,0.5129801,0.028897164,1561778104.0,22,0,0,I_Love_BB8,173.0,0.0,,,173.0
c6nzf2,esb82lw,This girl licked my elbow at a concert,https://www.reddit.com/r/AskMen/comments/c6nzf2/men_of_reddit_whats_the_creepiest_thing_a_girl//esb82lw/,-0.404,0.6027529,0.16960317,0.42102736,0.10221587,0.3388922,0.024235269,1561781240.0,3,0,0,Eric-Foreplay,0.0,0.0,217.0,22123.0,22340.0
c6nzf2,esbg9my,"Late to the party, but I had an ex-girlfriend make several Facebook profiles and catfish me... Because she missed me?",https://www.reddit.com/r/AskMen/comments/c6nzf2/men_of_reddit_whats_the_creepiest_thing_a_girl//esbg9my/,-0.043,0.112540044,0.005226135,0.058946952,0.007547563,0.019547975,0.013424582,1561790678.0,2,0,0,clujano802,0.0,0.0,19191.0,4631.0,23822.0
c6nzf2,esbgmg2,I was sitting down in a nightclub and a ranodm girl came up to me and licked the inside of my ear.  I felt violated 😂,https://www.reddit.com/r/AskMen/comments/c6nzf2/men_of_reddit_whats_the_creepiest_thing_a_girl//esbgmg2/,0.087,0.5885171,0.23224114,0.44431314,0.10221587,0.1798321,0.2836219,1561791176.0,3,0,0,goodbeaaaaans,20.0,0.0,2285.0,2378.0,4683.0
c6nzf2,esblngu,I was talking to my (now) gf and she came up behind me and pulled my cheeks and touched by beard. All I could manage was a look of a confused child. I was much taller than her and she actually had to get up on her toes and reach her arm up.,https://www.reddit.com/r/AskMen/comments/c6nzf2/men_of_reddit_whats_the_creepiest_thing_a_girl//esblngu/,-0.312,0.21508642,0.014059683,0.15019037,0.012340514,0.031146556,0.05753354,1561798925.0,2,0,0,garam_chai_,78.0,0.0,335.0,5049.0,5462.0
c6nzf2,esbm3vf,A guy in my school bumped into a girl by accident and was labeled a women beater and bullied to a point he almost left the province. Things likely aren't the same here as they are where you live,https://www.reddit.com/r/AskMen/comments/c6nzf2/men_of_reddit_whats_the_creepiest_thing_a_girl//esbm3vf/,0.085,0.24442963,0.010299683,0.06596114,0.046159767,0.059061307,0.16067244,1561799664.0,1,0,0,FrobyJ,497.0,42.0,6176.0,71419.0,78134.0
c6nzf2,escadvz,"I was in a haunted house and in a section where there's a pitch black maze that you had to feel your way through. Got to a corner and felt around for the next way to go but I felt nothing but softness and cloth instead of wooden walls. Felt around that for a good ten seconds or so before hearing ""Well hello there..."" and realizing that I had been feeling a woman's enormous tits and torso the entire time. I said ""ohp, excuse me ma'am"" and she replied ""Oh you're fine honey..."" in a sultry manner. Never ever saw who this person was and I really haven't shared that story more than once now that I think about it.",https://www.reddit.com/r/AskMen/comments/c6nzf2/men_of_reddit_whats_the_creepiest_thing_a_girl//escadvz/,0.062,0.50503236,0.09912638,0.47435758,0.109318495,0.16337912,0.02613456,1561824852.0,1,0,0,peenerstabber,0.0,0.0,149.0,4711.0,4860.0
