post_id,comment_id,txt,url,offensiveness_score,Toxicity,Severe Toxicity,Profanity,Identity Attack,Insult,Threat,created,score,total_awards_received,controversiality,user,user_awardee_karma,user_awarder_karma,user_link_karma,user_comment_karma,user_total_karma
a5elnr,ebm14yc,"Autism and Australia both start with the same letters, WAKE UP SHEEPLE!!!!!!!",https://i.redd.it/9gb0ssubur321.jpg/ebm14yc/,0.362,0.4575469,0.0394905,0.17380778,0.3817989,0.40243408,0.011819307,1544588877.0,410,0,0,Yemotsu,0.0,0.0,8188.0,24424.0,32612.0
a5elnr,ebm3olo,"Hopefully this is the beginning of a broader trend. 

I support personal freedoms, but not at the cost of putting the lives of innocent children or the greater public at risk. 

Science based medicine needs greater visibility and it is going to come from efforts like this.",https://i.redd.it/9gb0ssubur321.jpg/ebm3olo/,0.0,0.025910228,0.001277924,0.012175481,0.003403803,0.011958904,0.00967031,1544591693.0,1274,0,0,Loamawayfromloam,20.0,0.0,14836.0,53741.0,68597.0
a5elnr,ebm96f6,If you rearrange the letters in Autism you get Australia with no letters left over. Coincidence??? I think not. #wakeupsheeple,https://i.redd.it/9gb0ssubur321.jpg/ebm96f6/,0.043,0.11388343,0.003204346,0.018119188,0.07425626,0.030044744,0.006809296,1544598948.0,9,0,0,GodHimselfDontAtMe,0.0,0.0,23.0,451.0,474.0
a5elnr,ebmkuho,"The government also made it law we wear seat belts. How is this different?

The government dictates a lot of things with warning labels or whatever. This should be law anyway. ",https://i.redd.it/9gb0ssubur321.jpg/ebmkuho/,-0.292,0.034041706,0.001068115,0.013371054,0.003644289,0.01465692,0.007819066,1544618509.0,11,0,0,xithbaby,894.0,715.0,9679.0,40935.0,52223.0
a5elnr,ebmm5p4,"The positive reinforcement is ""if you vaccinate your kids, you get the reward of fully benefiting from all the protections and privileges that society offers."" ",https://i.redd.it/9gb0ssubur321.jpg/ebmm5p4/,-0.333,0.011560776,0.000638962,0.010040528,0.002349364,0.007132874,0.006427396,1544620144.0,15,0,0,[deleted],,,,,
a5elnr,ebn3ofq,"If you read the comment I replied to, he was saying he doesn’t believe you should be able to not be vaccinated because it put others at risk. I understand what laws are like now.",https://i.redd.it/9gb0ssubur321.jpg/ebn3ofq/,-0.188,0.015079274,0.000748634,0.010279642,0.002497356,0.008025879,0.007223561,1544635220.0,1,0,0,willydillydoo,1180.0,739.0,9106.0,126921.0,137946.0
a5elnr,ebn4up3,Good Job Doctors finally taking action,https://i.redd.it/9gb0ssubur321.jpg/ebn4up3/,-0.479,0.027088705,0.001726151,0.014771583,0.005808664,0.011312899,0.008323951,1544636078.0,3,0,0,ToneBone12345,137.0,0.0,10644.0,48285.0,59066.0
a5elnr,ebn605w,You could slam into your passenger killing them in a side collision. You could have maintained control of the car with the seatbelt on for longer if you'd been wearing it. ,https://i.redd.it/9gb0ssubur321.jpg/ebn605w/,0.213,0.3974717,0.023082556,0.06495911,0.009027477,0.03489272,0.53875744,1544636913.0,3,0,0,CBRN_IS_FUN,200.0,0.0,1921.0,24599.0,26720.0
a5elnr,ebn63gu,What will the anti vaccine people do if they ever Make a autism vaccine,https://i.redd.it/9gb0ssubur321.jpg/ebn63gu/,0.062,0.08716487,0.003585815,0.020032106,0.03894114,0.021610579,0.008453408,1544636979.0,1,0,0,justahandle85,48.0,125.0,6745.0,1648.0,8566.0
a5elnr,ebn698h,"I understand that would be a really tough thing to see and go through, but once again it’s the driver putting themselves at risk. You can’t hold somebody else liable for you flying out of your windshield. If you feel your life isn’t important enough for you to wear a seatbelt, you shouldn’t get fined for that.",https://i.redd.it/9gb0ssubur321.jpg/ebn698h/,0.0,0.03969839,0.001554489,0.016035475,0.001942388,0.018710041,0.009955117,1544637094.0,0,0,0,willydillydoo,1180.0,739.0,9106.0,126921.0,137946.0
a5elnr,ebn7lmn,BIG PHARMA WINS AGAIN!!!!! SEE HOW THEY WANT TO GIVE OUR KIDS AUTISM!!!!!!! /s,https://i.redd.it/9gb0ssubur321.jpg/ebn7lmn/,0.478,0.47119883,0.12282934,0.16822512,0.23163283,0.2469859,0.04098356,1544638095.0,4,0,0,CourageKitten,2313.0,127.0,231379.0,149709.0,383528.0
a5elnr,ebno5mt,Don't they know autism is autistic?!,https://i.redd.it/9gb0ssubur321.jpg/ebno5mt/,-0.062,0.23162876,0.008430481,0.058445938,0.2127345,0.0808917,0.006330303,1544650125.0,1,0,0,IQof24,247.0,0.0,38811.0,96285.0,135343.0
a5elnr,ebo74ap,"They think anti-vaxxers take their kids to the doctors? Nah they can heal a broken bone with essential oils, unicorn blood, and voodoo chants. ",https://i.redd.it/9gb0ssubur321.jpg/ebo74ap/,0.133,0.15269235,0.004673004,0.01941724,0.019676208,0.04969218,0.011767523,1544666033.0,3,0,0,cariboustu,0.0,0.0,3719.0,5409.0,9128.0
a5elnr,ebwuoii,"This isn't Australian, we would say ""1st of January""",https://i.redd.it/9gb0ssubur321.jpg/ebwuoii/,-0.396,0.035691574,0.001850128,0.017982552,0.011617327,0.010780896,0.008919456,1544973039.0,0,0,0,s3etch,0.0,0.0,1123.0,1042.0,2165.0
a5elnr,efcjrmh,"There are legitimate concerns. For example, a child with a compromised immune system receiving a vaccine can be dangerous. ",https://i.redd.it/9gb0ssubur321.jpg/efcjrmh/,-0.417,0.024613906,0.000929832,0.010928668,0.003514797,0.010134893,0.007508367,1548846643.0,2,0,0,DragonFlame47,0.0,0.0,,,0.0
