post_id,comment_id,txt,url,offensiveness_score,Toxicity,Severe Toxicity,Profanity,Identity Attack,Insult,Threat,created,score,total_awards_received,controversiality,user,user_awardee_karma,user_awarder_karma,user_link_karma,user_comment_karma,user_total_karma
brpzpi,eofn52m,"Well, she can kiss her custody goodbye now.",https://i.redd.it/5rc6qf5a4sz21.jpg/eofn52m/,-0.188,0.2648175,0.010681152,0.13168186,0.008842488,0.03235855,0.013424582,1558538669.0,3783,0,0,PM_me_ur_Candys,0.0,0.0,15006.0,174427.0,189433.0
brpzpi,eogkn3c,"Hopefully it was something like this:  
  
 *""Wait, you didn't get the child vaccinated? And you don't plan on doing so??... I think we need to discuss who takes care of this child.""*",https://i.redd.it/5rc6qf5a4sz21.jpg/eogkn3c/,0.104,0.02779579,0.001726151,0.019963788,0.004643231,0.009070885,0.008582866,1558559887.0,145,0,0,NastyWetSmear,1270.0,0.0,2080.0,131380.0,134730.0
brpzpi,eogpaql,"When I worked for a state appeals court, I read child custody cases in which they were fighting over vaccination. The husband had a medical doctor testify that the kid needed vaccines. The wife had a CHIROPRACTOR testify that vaccines are unnecessary. The court weighed the testimony equally.",https://i.redd.it/5rc6qf5a4sz21.jpg/eogpaql/,0.0,0.045378547,0.001811981,0.01982715,0.005845661,0.020966014,0.007573096,1558562719.0,168,0,0,ChetSt,136.0,0.0,5537.0,75072.0,80745.0
brpzpi,eogz9eh,"Its a good thing vaccinations arent the type of thing she can ""undo"".",https://i.redd.it/5rc6qf5a4sz21.jpg/eogz9eh/,-0.271,0.020842785,0.00082016,0.011150704,0.001766648,0.009222887,0.007107049,1558569130.0,55,0,0,Woeisbrucelee,0.0,0.0,342.0,63246.0,63588.0
brpzpi,eoj04qn,The hell is that font?,https://i.redd.it/5rc6qf5a4sz21.jpg/eoj04qn/,-0.104,0.52007306,0.041283876,0.48510036,0.019173764,0.1935001,0.010680079,1558630829.0,1,0,0,Babyback-the-Butcher,3841.0,353.0,7132.0,182502.0,193828.0
brpzpi,eoj1hce,Does anyone have the link to this? I want to congratulate the father.,https://i.redd.it/5rc6qf5a4sz21.jpg/eoj1hce/,-0.646,0.027324399,0.002164841,0.01941724,0.006770608,0.00971689,0.009722093,1558631528.0,2,0,0,Willbo_Waggins,241.0,147.0,14530.0,22633.0,37551.0
brpzpi,eoj1v3y,"Don't worry, she's going to be fine.",https://i.redd.it/5rc6qf5a4sz21.jpg/eoj1v3y/,-0.75,0.034277402,0.001850128,0.019758832,0.005586676,0.011654901,0.008466354,1558631713.0,1,0,0,Bitbatgaming,3511.0,2547.0,41519.0,628656.0,676233.0
brpzpi,eok8ah0,"Nowhere does she say to threaten him.

Shame on you OP.",https://i.redd.it/5rc6qf5a4sz21.jpg/eok8ah0/,0.083,0.37751234,0.014705247,0.07047026,0.009360458,0.40243408,0.0347677,1558648809.0,-1,0,0,hereforthekix,6192.0,450.0,,,6642.0
brpzpi,eooegqj,"I take great pride in assuming that *she'll* be the one who loses out, not her ex.",https://i.redd.it/5rc6qf5a4sz21.jpg/eooegqj/,-0.021,0.079250954,0.002574921,0.025770858,0.0051797,0.016100928,0.018710058,1558736536.0,1,0,0,[deleted],,,,,
brpzpi,eopljkl,"The only message I'd send that dad is ""Good job, you're being a responsible parent."" Congradulate the court too for not giving this nonsense a platform or any attention.",https://i.redd.it/5rc6qf5a4sz21.jpg/eopljkl/,0.021,0.30514878,0.003852844,0.059948977,0.003736784,0.29383746,0.007676662,1558767996.0,2,0,0,[deleted],,,,,
brpzpi,eoz8bp1,"Jesus woman, it is a miracle that your child even fucking breathes at age 7 without those vaccines",https://i.redd.it/5rc6qf5a4sz21.jpg/eoz8bp1/,0.812,0.78855824,0.4583481,0.73341435,0.28034934,0.42881694,0.05430072,1558957289.0,1,0,0,Pir0wz,139.0,43.0,5135.0,35147.0,40464.0
