post_id,comment_id,txt,url,offensiveness_score,Toxicity,Severe Toxicity,Profanity,Identity Attack,Insult,Threat,created,score,total_awards_received,controversiality,user,user_awardee_karma,user_awarder_karma,user_link_karma,user_comment_karma,user_total_karma
53hlgi,d7t3sue,Hope all goes well for Al and the UFC doesn't do their mafia tactics like shelfing him or getting him fucked up matchups and saying they will cut him if he doesn't fight a bad match up on short notice,http://www.foxsports.com/ufc/story/al-iaquinta-explains-why-hes-not-competing-in-his-dream-fight-at-ufc-205-091916/d7t3sue/,0.458,0.5972042,0.16960317,0.64460015,0.072601855,0.34203702,0.15276608,1474292838.0,7,0,0,DaveAP,1293.0,0.0,252747.0,504481.0,758521.0
53hlgi,d7t3u82,Boo me? Fuck you! Get paid Al! ,http://www.foxsports.com/ufc/story/al-iaquinta-explains-why-hes-not-competing-in-his-dream-fight-at-ufc-205-091916/d7t3u82/,0.646,0.91625386,0.5344867,0.90862066,0.0775651,0.6261769,0.26849106,1474292899.0,10,0,0,mchound,474.0,43.0,27433.0,7790.0,35740.0
53hlgi,d7t4183,"I think he has a point that he should be paid more because of the Reebok deal, but the reality is he has no leverage to negotiate with.  I think he should just suck it up and finish out his contract because what exactly would be the alternative?  Its a shitty situation but fighting and at least getting paid seems the better of two bad options.",http://www.foxsports.com/ufc/story/al-iaquinta-explains-why-hes-not-competing-in-his-dream-fight-at-ufc-205-091916/d7t4183/,0.104,0.47119883,0.023927659,0.48510036,0.02037963,0.40243408,0.02492592,1474293205.0,35,0,0,Qweniden,1616.0,2909.0,33894.0,107958.0,146377.0
53hlgi,d7t481p,I never understand this shit.. you know how you don't make more money? By not fighting. Iaquinta has been hurt for like 2 years and doesn't appeal at all to a casual audience. By not fighting all you're doing is extending the amount of time you won't get paid for. ,http://www.foxsports.com/ufc/story/al-iaquinta-explains-why-hes-not-competing-in-his-dream-fight-at-ufc-205-091916/d7t481p/,0.583,0.78207105,0.3494667,0.7246992,0.07425626,0.48399165,0.04098356,1474293501.0,10,0,1,Chitown35,13.0,0.0,1194.0,11070.0,12277.0
53hlgi,d7t4ki6,"> According to Iaquinta, the UFC allowed him to bow out of the fighter summit but then when he posted photos on a beach near his house a few days later, he received a call asking why he was playing in the sand when he was supposed to be too sick to attend the meeting in Las Vegas.

Lol

> Iaquinta eventually got on a conference call with UFC officials to explain what had happened but the end result was still the same. He wasn't eligible for any post fight bonuses such as 'Performance of the Night' for his next three bouts in the UFC.

Huh, didn't know they could do that. Interesting  ",http://www.foxsports.com/ufc/story/al-iaquinta-explains-why-hes-not-competing-in-his-dream-fight-at-ufc-205-091916/d7t4ki6/,-0.188,0.11223003,0.002298355,0.02433617,0.00588266,0.06267534,0.008052089,1474294031.0,171,0,0,e-rage,2147.0,207.0,436403.0,812625.0,1251382.0
53hlgi,d7t520n,well unfortunately they can do anything. they have all of the power ,http://www.foxsports.com/ufc/story/al-iaquinta-explains-why-hes-not-competing-in-his-dream-fight-at-ufc-205-091916/d7t520n/,-0.271,0.09112182,0.003070831,0.026727317,0.011173353,0.020772645,0.011094344,1474294744.0,102,0,0,stay--gold,50.0,487.0,22.0,11369.0,11928.0
53hlgi,d7t5nx5,"Its his best course of action, judging by the article he isn't in the UFC good books as it is and it is not like he has signed a huge fight deal. Its won't matter to the UFC if he doesn't fight since LW is stacked as it is. I say go the Koscheck way and take short notice fights quickly and fight out the contract, no doubt Bellator would be interested in him. ",http://www.foxsports.com/ufc/story/al-iaquinta-explains-why-hes-not-competing-in-his-dream-fight-at-ufc-205-091916/d7t5nx5/,-0.091,0.05131592,0.001773834,0.019758832,0.004606233,0.023221988,0.009463178,1474295602.0,4,0,0,3JSand,28.0,0.0,36386.0,66460.0,102874.0
53hlgi,d7t5sq5,Why doesn't he appeal to a casual audience? He won 3 of his last 4 fights by TKO.,http://www.foxsports.com/ufc/story/al-iaquinta-explains-why-hes-not-competing-in-his-dream-fight-at-ufc-205-091916/d7t5sq5/,-0.37,0.021785567,0.000977516,0.012277958,0.001997884,0.008823884,0.008531082,1474295790.0,7,0,0,[deleted],,,,,
53hlgi,d7t6icc,Read the article. He says without sponsors he's not earning more than he does teaching. He's ready to walk away and pursue  a real estate career. ,http://www.foxsports.com/ufc/story/al-iaquinta-explains-why-hes-not-competing-in-his-dream-fight-at-ufc-205-091916/d7t6icc/,-0.333,0.014011159,0.000488758,0.009630617,0.001433667,0.008310881,0.006213791,1474296769.0,25,0,0,kapsama,291.0,0.0,1895.0,107512.0,109698.0
53hlgi,d7t6ig2,First Lawler and now Al... Seems like UFC 207 will be better than NYC card.,http://www.foxsports.com/ufc/story/al-iaquinta-explains-why-hes-not-competing-in-his-dream-fight-at-ufc-205-091916/d7t6ig2/,-0.417,0.021785567,0.001211166,0.012073003,0.004735726,0.010400894,0.007857903,1474296773.0,-4,0,0,Ne0nkiller,161.0,0.0,40530.0,51476.0,92167.0
53hlgi,d7t6s69,You fuckin' contract disputing me!?,http://www.foxsports.com/ufc/story/al-iaquinta-explains-why-hes-not-competing-in-his-dream-fight-at-ufc-205-091916/d7t6s69/,0.522,0.90451443,0.44969136,0.902047,0.047190998,0.5130944,0.015947454,1474297134.0,27,0,0,[deleted],,,,,
53hlgi,d7t7ajb,"It must assuredly does not list any infractions as well as their penalties. Leaked contracts show UFC reserves a right to penalizes as they see fit, mainly tied around vague terms like media obligations/behavior/etc. ",http://www.foxsports.com/ufc/story/al-iaquinta-explains-why-hes-not-competing-in-his-dream-fight-at-ufc-205-091916/d7t7ajb/,-0.104,0.01646154,0.00067234,0.010945748,0.001859142,0.009165886,0.006666893,1474297812.0,12,0,0,thlsisnotanexit,20.0,0.0,2679.0,51006.0,53705.0
53hlgi,d7t8mm7,Of course they're not. It's the same with WWE - they're all signed as independent contractors rather than employees. ,http://www.foxsports.com/ufc/story/al-iaquinta-explains-why-hes-not-competing-in-his-dream-fight-at-ufc-205-091916/d7t8mm7/,-0.383,0.014513801,0.000524521,0.010996987,0.002811837,0.008842885,0.006000186,1474299524.0,9,0,0,sl182,0.0,0.0,8202.0,15173.0,23375.0
53hlgi,d7t9zoc,fuck man i just wanna see this dude fight again,http://www.foxsports.com/ufc/story/al-iaquinta-explains-why-hes-not-competing-in-his-dream-fight-at-ufc-205-091916/d7t9zoc/,0.625,0.9209984,0.45895407,0.8855216,0.10221587,0.46173862,0.34804323,1474301187.0,1,0,0,reebokzipper,198.0,22.0,501.0,36813.0,37534.0
53hlgi,d7t9zu6,God dammit Al I wanted to watch you fight.,http://www.foxsports.com/ufc/story/al-iaquinta-explains-why-hes-not-competing-in-his-dream-fight-at-ufc-205-091916/d7t9zu6/,0.25,0.7675452,0.34927294,0.7466957,0.057492398,0.4378843,0.13815513,1474301192.0,1,0,0,sG4RYt,0.0,0.0,84.0,15830.0,15914.0
53hlgi,d7taavq,"""You better be buying this house, no? no? FUCK YOU!""",http://www.foxsports.com/ufc/story/al-iaquinta-explains-why-hes-not-competing-in-his-dream-fight-at-ufc-205-091916/d7taavq/,0.812,0.9288007,0.50703704,0.9205162,0.08500996,0.65129566,0.13532294,1474301574.0,13,0,0,RXRashed,0.0,0.0,1135.0,16009.0,17144.0
53hlgi,d7tamza,"Edited; Had too much factual information for this sub to handle. 

TLD; He needs a new manager",http://www.foxsports.com/ufc/story/al-iaquinta-explains-why-hes-not-competing-in-his-dream-fight-at-ufc-205-091916/d7tamza/,-0.109,0.040925518,0.001916885,0.020920247,0.006067649,0.015948927,0.00899713,1474301986.0,0,0,1,stopmakigsense,0.0,0.0,,,0.0
53hlgi,d7tba46,[deleted],http://www.foxsports.com/ufc/story/al-iaquinta-explains-why-hes-not-competing-in-his-dream-fight-at-ufc-205-091916/d7tba46/,-0.021,,,,,,,1474302764.0,-1,0,1,[deleted],,,,,
53hlgi,d7tbgr2,It's the hardcore fans who know about the hotel room trashing. Not the casuals. ,http://www.foxsports.com/ufc/story/al-iaquinta-explains-why-hes-not-competing-in-his-dream-fight-at-ufc-205-091916/d7tbgr2/,-0.271,0.16098402,0.00210762,0.021466793,0.008768492,0.08212569,0.006149062,1474302989.0,13,0,0,[deleted],,,,,
53hlgi,d7tblp2,The UFC changes the contract all the time. Fighters have no leverage.,http://www.foxsports.com/ufc/story/al-iaquinta-explains-why-hes-not-competing-in-his-dream-fight-at-ufc-205-091916/d7tblp2/,-0.354,0.08241652,0.001430512,0.014805742,0.005327691,0.028392024,0.007586042,1474303158.0,5,0,0,Powerdance,38.0,0.0,29016.0,6299.0,35353.0
53hlgi,d7tca3p,It's shocking how little UFC fighters make in comparison to what the suits make. And they take away his sponsors and fans still shit on them. Just bonkers. ... And the hotel room thing has nothing to do with this.,http://www.foxsports.com/ufc/story/al-iaquinta-explains-why-hes-not-competing-in-his-dream-fight-at-ufc-205-091916/d7tca3p/,0.354,0.6426206,0.16960317,0.6001929,0.10221587,0.5130944,0.021990653,1474303978.0,5,0,0,Powerdance,38.0,0.0,29016.0,6299.0,35353.0
53hlgi,d7tgddw,"Why is no one pointing out that apparently the pictures were posted days later? Most sicknesses would be gone by then. Flu, Stomach virus, cold etc would all have already passed through his system. If I get a 24 flu and call in work sick monday am I not allowed to leave the house for the rest of the week?",http://www.foxsports.com/ufc/story/al-iaquinta-explains-why-hes-not-competing-in-his-dream-fight-at-ufc-205-091916/d7tgddw/,0.0,0.07608539,0.002613068,0.02030538,0.004347248,0.0279513,0.009126588,1474308996.0,3,0,0,Tormundo,396.0,12.0,4318.0,149489.0,154215.0
53hlgi,d7tggvw,"I can make people sign a contract to give me their firstborn if they miss work, but that wouldn't hold up for a second in court. Just because it's on paper doesn't mean it's the word of god. ",http://www.foxsports.com/ufc/story/al-iaquinta-explains-why-hes-not-competing-in-his-dream-fight-at-ufc-205-091916/d7tggvw/,0.042,0.02873857,0.001215935,0.015591404,0.012541492,0.009602889,0.007223561,1474309117.0,2,0,0,titaniumbutter,0.0,0.0,1.0,11497.0,11498.0
53hlgi,d7thsow,"RIP Al Iaquinta's career....This guy had everything he needed to be a local favorite in NY and he throws it away again and again like a hothead. Real fighters go and put it on the line and deliver and the rest works itself out later. Employee or not, none of these guys are going to get what they want by bad mouthing the UFC or airing dirty laundry. Put or shut up, Al. No one wants to sponsor a guy that doesn't show up and fight in their home market. Put on an incredible performance then ask for more, not the other way around. True fighters with confidence don't have a problem. Shut up Al.",http://www.foxsports.com/ufc/story/al-iaquinta-explains-why-hes-not-competing-in-his-dream-fight-at-ufc-205-091916/d7thsow/,0.062,0.3375374,0.010070801,0.114160895,0.00984143,0.35161978,0.017156094,1474310750.0,-1,0,0,Brilliantnerd,20.0,0.0,299.0,8661.0,8980.0
53hlgi,d7thy8q,"They're talking about this right now on The MMA Hour. Iaquinta's laying it all out. You can tell he's broken about it. I feel bad about the whole situation. Bummer.

Actually no, not a bummer. Fuck the UFC!",http://www.foxsports.com/ufc/story/al-iaquinta-explains-why-hes-not-competing-in-his-dream-fight-at-ufc-205-091916/d7thy8q/,0.729,0.8460273,0.35368225,0.8089582,0.10221587,0.5130944,0.060119797,1474310938.0,2,0,0,blasphemics,86.0,18.0,9436.0,347640.0,357180.0
53hlgi,d7tjvx0,"All we know is that Al called in sick to sick to avoid the summit but then was at a beach house. Was he actually sick? We don't know. We also don't know what took place during the phone call... maybe Al blew up and lost his temper prompting the officials to pull him. Maybe he was completely reasonable and this is a dick move by the UFC. point being, we don't know, so stay skeptic and don't pick sides on this issue until all the cards are shown",http://www.foxsports.com/ufc/story/al-iaquinta-explains-why-hes-not-competing-in-his-dream-fight-at-ufc-205-091916/d7tjvx0/,0.34,0.32919475,0.016512826,0.3194067,0.016762028,0.24493282,0.011663958,1474313355.0,1,0,0,Hodgi22,0.0,0.0,12306.0,93507.0,105813.0
53hlgi,d7tmsp3,"This is what I tell my workers. I run a Subway in downtown Phoenix. Real Sandwich Artists COMMIT to Subway. This one girl, she fucking quits in August. Says she's gotta go to COLLEGE. Whatta bitch.",http://www.foxsports.com/ufc/story/al-iaquinta-explains-why-hes-not-competing-in-his-dream-fight-at-ufc-205-091916/d7tmsp3/,0.688,0.85333383,0.35368225,0.84506536,0.23542951,0.6675394,0.024235269,1474316979.0,1,0,0,Sullyville,2583.0,62.0,8113.0,229504.0,240262.0
53hlgi,d7tnlpm,"If it was a contract dispute it means he didn't sign and thus how can he ""pull out""",http://www.foxsports.com/ufc/story/al-iaquinta-explains-why-hes-not-competing-in-his-dream-fight-at-ufc-205-091916/d7tnlpm/,-0.292,0.01426248,0.000603199,0.010655395,0.001415168,0.008044879,0.006744567,1474317978.0,1,0,0,griffin7850,0.0,0.0,1795.0,25559.0,27354.0
53hlgi,d7tpw35,Why would wearing a Yankees hat in NYC be a bad thing to do?,http://www.foxsports.com/ufc/story/al-iaquinta-explains-why-hes-not-competing-in-his-dream-fight-at-ufc-205-091916/d7tpw35/,-0.106,0.08953904,0.002269745,0.016752819,0.034300596,0.025413504,0.007521313,1474320892.0,2,0,0,Beorn_The_Bear,0.0,0.0,1542.0,9662.0,11204.0
53hlgi,d7tqzyu,Don't like this guy. Unless you're a fan of his fighting I don't see how you can like him.,http://www.foxsports.com/ufc/story/al-iaquinta-explains-why-hes-not-competing-in-his-dream-fight-at-ufc-205-091916/d7tqzyu/,0.125,0.23667802,0.006523132,0.06044999,0.024801146,0.05203446,0.017674083,1474322361.0,2,0,0,JulianGiraffe,10.0,0.0,6664.0,38914.0,45588.0
53hlgi,d7trqa2,Do you wanna be a fucking sandwich artist?!?,http://www.foxsports.com/ufc/story/al-iaquinta-explains-why-hes-not-competing-in-his-dream-fight-at-ufc-205-091916/d7trqa2/,0.688,0.9209984,0.45895407,0.91513264,0.08252834,0.5739874,0.010964886,1474323386.0,2,0,0,SteelyRes211,0.0,0.0,1.0,13921.0,13922.0
53hlgi,d7ts2s2,"I think you're overestimating the interest the casual audience has in mma. Most of them watch events, see fights and forget about them after the night is over. Millions went to bars and went to friends houses to watch 202 or and 196, ask any of them to name some of the undercard fights (besides Tate/Holm) and I'm guessing the majority will not be able to name anyone. 

Everyone cheers and goes nuts for a big knockout but it's a temporary high. Unless it's like a showtime style kick most people who don't have a deep interest in the sport aren't going to remember shit.",http://www.foxsports.com/ufc/story/al-iaquinta-explains-why-hes-not-competing-in-his-dream-fight-at-ufc-205-091916/d7ts2s2/,0.208,0.11171334,0.003414154,0.04867618,0.006918599,0.04149419,0.02492592,1474323878.0,1,0,0,Turkeywithadeskjob,109.0,0.0,1732.0,85074.0,86915.0
53hlgi,d7tsh2h,"Maybe it's just me, but something about that guy, I've never really liked him. Always came across as an entitled crybaby.",http://www.foxsports.com/ufc/story/al-iaquinta-explains-why-hes-not-competing-in-his-dream-fight-at-ufc-205-091916/d7tsh2h/,0.149,0.36095104,0.012130737,0.18786818,0.028016793,0.34626248,0.009773877,1474324442.0,2,0,0,Badadvicebilly,0.0,0.0,444.0,4451.0,4895.0
53hlgi,d7tt6ku,"being inactive puts you in a horrible spot

trying to renegotiate when you already have a fight on your contract is fine, but forcing them to pull you due to compliance issue is a bad measure. diaz brothers get away with it if they perform, same for connor but the second they don't they will be held to those higher standards you now stand",http://www.foxsports.com/ufc/story/al-iaquinta-explains-why-hes-not-competing-in-his-dream-fight-at-ufc-205-091916/d7tt6ku/,-0.104,0.12086493,0.003013611,0.03765389,0.004994711,0.057890166,0.009592636,1474325471.0,2,0,0,careless_swiggin,65.0,22.0,2348.0,41647.0,44082.0
53hlgi,d7twjqw,So now Ianquinta thinks he should get money fights too. ,http://www.foxsports.com/ufc/story/al-iaquinta-explains-why-hes-not-competing-in-his-dream-fight-at-ufc-205-091916/d7twjqw/,-0.229,0.035220183,0.001096726,0.01220964,0.003015325,0.014390918,0.008764107,1474330454.0,0,0,0,42z3ro,13.0,0.0,4790.0,18553.0,23356.0
53hlgi,d7uwx8x,"How many retired (REAL) MMA fighters are piss poor with medical problems up the wazoo? Pretty much 99% of them, I don't think Iaquinta wants to go down that road.

If you think Al should just shut his mouth and get punched in the face for pennies just for your entertainment, I think maybe you should take his place and fight Thiago.",http://www.foxsports.com/ufc/story/al-iaquinta-explains-why-hes-not-competing-in-his-dream-fight-at-ufc-205-091916/d7uwx8x/,0.146,0.41690505,0.023076924,0.2637234,0.062039822,0.4339631,0.3297989,1474395734.0,1,0,0,Cyboth,63.0,0.0,,,63.0
53hlgi,d7v3j6g,"All I'm saying is that's what he signed up for. I know fighters that make $500 to fight and they're good with it. It's not actually just entertainment, it's combat. WWE is entertainment. MMA started as a platform to test different styles of unarmed combat. No one got paid well until recently. Those that do have proven themselves repeatedly and have thus earned the interest of those that are entertained by it, so they are paid accordingly. No one is interested in a guy that blows smoke because he's scared of getting hurt or losing. If the risk is too great for him, there are many others to fill his shoes. I'll fight Thiago tomorrow for 50g sign me the fuck up.",http://www.foxsports.com/ufc/story/al-iaquinta-explains-why-hes-not-competing-in-his-dream-fight-at-ufc-205-091916/d7v3j6g/,0.438,0.1460314,0.004692078,0.06145202,0.017364962,0.053791173,0.021127338,1474403751.0,1,0,0,Brilliantnerd,20.0,0.0,299.0,8661.0,8980.0
