post_id,comment_id,txt,url,offensiveness_score,Toxicity,Severe Toxicity,Profanity,Identity Attack,Insult,Threat,created,score,total_awards_received,controversiality,user,user_awardee_karma,user_awarder_karma,user_link_karma,user_comment_karma,user_total_karma
ap873q,eg6x8er,They won’t die.  They are vaccinated.  They just don’t vaccinate their kids,https://i.redd.it/vgzf7mmlxsf21.png/eg6x8er/,0.0,0.054037213,0.002250671,0.017026093,0.005512681,0.013668913,0.012647836,1549846852.0,8,0,0,Depressaccount,1008.0,58.0,11498.0,90527.0,103091.0
ap873q,eg70245,"who knows, we might even be able to use the immune ones' blood to help further research for a vaccine",https://i.redd.it/vgzf7mmlxsf21.png/eg70245/,-0.34,0.07212844,0.003890991,0.02119352,0.008657498,0.013516913,0.017328756,1549849279.0,11,0,0,wazardthewizard,70.0,152.0,1264.0,59795.0,61281.0
ap873q,eg74lhf,"*the neighbor got vaccinated when Elly-May got pregnant, the neighbor caused little BillyJoe-Braedyns autism!!!!!!!!111* ",https://i.redd.it/vgzf7mmlxsf21.png/eg74lhf/,0.312,0.39441586,0.02411546,0.16450337,0.1232452,0.24903896,0.020091362,1549853064.0,37,0,0,ThisAintA5Star,0.0,0.0,72.0,22643.0,22715.0
ap873q,eg79f0m,I can’t wait until I can call ICE on Barbara down the street for propagating diseases to be quite honest. Which island should we use?,https://i.redd.it/vgzf7mmlxsf21.png/eg79f0m/,0.043,0.04711028,0.001716614,0.011219022,0.005327691,0.01640493,0.009230154,1549857050.0,64,0,0,PricklyPairaNutz,0.0,0.0,1.0,2536.0,2537.0
ap873q,eg7at51,I need a bottle of a different kind after listening to their crap.,https://i.redd.it/vgzf7mmlxsf21.png/eg7at51/,0.213,0.78207105,0.16233426,0.70864636,0.047448806,0.5678696,0.011586283,1549858220.0,2,0,0,tsukiyomi01,10.0,0.0,1807.0,27133.0,28950.0
ap873q,eg7etio,"I'd say Madagascar, but i sneezed this morning so they probably closed the border.",https://i.redd.it/vgzf7mmlxsf21.png/eg7etio/,-0.146,0.04067813,0.001621246,0.017367685,0.010951365,0.014048916,0.008440462,1549861887.0,52,0,0,[deleted],,,,,
ap873q,eg7ozb8,"Is there an anti vaxx subreddit here? 

Not asking because I wanna go and troll there or something.",https://i.redd.it/vgzf7mmlxsf21.png/eg7ozb8/,0.0,0.18079062,0.007133484,0.0887236,0.015857628,0.0623257,0.035458352,1549875304.0,2,0,0,KoniGTA,602.0,934.0,17118.0,43166.0,61820.0
ap873q,eg7q4pz,Just blatantly overlooked the 4 other people on the father's side that wasn't vaccinated with autism and Asperger's. ,https://i.redd.it/vgzf7mmlxsf21.png/eg7q4pz/,0.125,0.10653123,0.002613068,0.014532468,0.036105253,0.032138187,0.006641001,1549877333.0,2,0,0,taki1002,324.0,0.0,11831.0,48801.0,60956.0
ap873q,eg7s6y0,ThE aUTiSm maY bE cAuSeD bY GoVeRnMeNT pRoPaGaNDa tHrOuGh ThE aiR uSiNg AeRoSoLS. ,https://i.redd.it/vgzf7mmlxsf21.png/eg7s6y0/,0.543,0.0665887,0.00243187,0.017026093,0.034558404,0.01838776,0.007728445,1549881052.0,4,0,0,freedomowns,663.0,321.0,,,984.0
ap873q,eg7wb7s,Greenland has already shut its ports months in advance ,https://i.redd.it/vgzf7mmlxsf21.png/eg7wb7s/,-0.312,0.013320025,0.000653267,0.010023449,0.001951637,0.00819688,0.006388559,1549887516.0,21,0,0,Legacyopplsnerf,519.0,15.0,5239.0,106119.0,111892.0
ap873q,eg82bwn,I always get free vaccinations at my drug store.  I get them every weekend.  Anti-vaxxers btfo 😂🤣😂🤣,https://i.redd.it/vgzf7mmlxsf21.png/eg82bwn/,-0.104,0.3389984,0.021806452,0.19893537,0.06795148,0.23237456,0.019746035,1549893987.0,1,0,0,FuckFrankie,0.0,0.0,,,0.0
ap873q,eg861vj,It’s always fucking Greenland!,https://i.redd.it/vgzf7mmlxsf21.png/eg861vj/,0.521,0.911035,0.45895407,0.90150756,0.27171627,0.48313886,0.011715741,1549897135.0,7,0,0,Fireheart318s_Reddit,731.0,24.0,45525.0,72473.0,118753.0
ap873q,eg8cwqt,well at least there is an antivaxxer who understands that vaccines don't cause autism  ,https://i.redd.it/vgzf7mmlxsf21.png/eg8cwqt/,-0.062,0.08083374,0.002298355,0.017709278,0.032753747,0.023866551,0.006990537,1549901925.0,1,0,0,ToneBone12345,137.0,0.0,10644.0,48285.0,59066.0
ap873q,eg8j331,"> The autism may be caused by the parent's vaccinations.     
     
That's not how autism nor vaccines work at all. ",https://i.redd.it/vgzf7mmlxsf21.png/eg8j331/,-0.083,0.044636376,0.001783371,0.012585391,0.025806036,0.014162917,0.006388559,1549905716.0,1,0,0,ShianTheBlizzard,0.0,0.0,3460.0,4310.0,7770.0
ap873q,eg9j52f,Then whats her excuse to not have them vaxxed I wonder ,https://i.redd.it/vgzf7mmlxsf21.png/eg9j52f/,-0.062,0.03734144,0.001525879,0.014566627,0.004957713,0.013174911,0.007961469,1549926547.0,1,0,0,scaryone33,0.0,0.0,1363.0,8270.0,9633.0
ap873q,egbbnjm,Then autism would only be passed from the mother's side and it's not so...? ,https://i.redd.it/vgzf7mmlxsf21.png/egbbnjm/,-0.062,0.075294,0.002288818,0.01627459,0.049761772,0.020385906,0.006226737,1549988801.0,1,0,0,thedoodely,962.0,12.0,6732.0,222945.0,230651.0
