post_id,comment_id,txt,url,offensiveness_score,Toxicity,Severe Toxicity,Profanity,Identity Attack,Insult,Threat,created,score,total_awards_received,controversiality,user,user_awardee_karma,user_awarder_karma,user_link_karma,user_comment_karma,user_total_karma
b6x1sj,ejnvrk0,Just wait til they remove pot from Schedule 1...all the pharmaceuticals will undercut the dispensaries and jack prices back up.  Capitalism isn't always the answer.  ,https://i.redd.it/0wkpvj2x6qo21.jpg/ejnvrk0/,-0.312,0.027442247,0.000896454,0.012175481,0.003533295,0.012642908,0.007107049,1553872860.0,1,0,0,CalRipkenForCommish,1210.0,84.0,525.0,382385.0,384204.0
b6x1sj,ejnydc3,Is the definition of communion propoganda? You've been subverted by the property owning class to fight against your own class interest. Read a book gain some class-consciouness.,https://i.redd.it/0wkpvj2x6qo21.jpg/ejnydc3/,0.167,0.10175867,0.001764298,0.012073003,0.018470341,0.030595649,0.007391856,1553874442.0,6,0,0,[deleted],,,,,
b6x1sj,ejo91tu,"I know you think you're making sense, but that's because you have a subverted mind.  Carry on useful idiot. ",https://i.redd.it/0wkpvj2x6qo21.jpg/ejo91tu/,0.553,0.8629672,0.16960317,0.44431314,0.041261412,0.87225974,0.013372798,1553880879.0,1,0,0,3-Spiral-6-Out-9,0.0,0.0,1226.0,-100.0,1126.0
b6x1sj,ejx2ejx,"Started reading comments and was really confused by the sudden culture shift in Reddit — pretty anti-socialist rhetoric. 

Accidentally had sorted by controversial. Phew",https://i.redd.it/0wkpvj2x6qo21.jpg/ejx2ejx/,-0.125,0.06381883,0.002307892,0.027683776,0.020882076,0.021417208,0.008582866,1554168901.0,0,0,0,salparadis,2122.0,287.0,3530.0,49097.0,55036.0
