post_id,comment_id,txt,url,offensiveness_score,Toxicity,Severe Toxicity,Profanity,Identity Attack,Insult,Threat,created,score,total_awards_received,controversiality,user,user_awardee_karma,user_awarder_karma,user_link_karma,user_comment_karma,user_total_karma
a0w257,eaktfdj,"As long as you are comfortable with it and her jokes are only that, jokes which are not meant to put you down, then who gives a damn? Sounds like you’re both happy.",https://www.reddit.com/r/dating_advice/comments/a0w257/roles_are_reversed_is_it_normal_that_i_am_ok_with//eaktfdj/,-0.188,0.4977744,0.023076924,0.5724795,0.011839314,0.24928534,0.009877442,1543335026.0,51,0,0,mnblackfyre410,290.0,0.0,27500.0,251563.0,279353.0
a0w257,eakw1qm,"There are other ways to spoil her that don’t require you buying expensive things.

Cook her her favorite meal. Rub her feet after a long and stressful day at work. Prepare a hot bath with candles and stuff.

I’m sure there are little things you do for her that she appreciates, such as maintaining a clean and comforting home for her to return to.",https://www.reddit.com/r/dating_advice/comments/a0w257/roles_are_reversed_is_it_normal_that_i_am_ok_with//eakw1qm/,-0.167,0.19893374,0.010070801,0.0816113,0.005549679,0.046178754,0.063675895,1543337008.0,24,0,0,mnblackfyre410,290.0,0.0,27500.0,251563.0,279353.0
a0w257,eakw8x3,"You don’t have to have money to spoil her. You can spoil her in so many other ways. As others mentioned, learning how to cook a new meal for her is a place to start!

Maybe after she’s had a long day at work or something just prepare a bubble bath for her and offer her a massage or something. Or plan a fun date activity. If you guys really do like each other, spending time together and really just being present for her also be a way to spoil her.",https://www.reddit.com/r/dating_advice/comments/a0w257/roles_are_reversed_is_it_normal_that_i_am_ok_with//eakw8x3/,-0.417,0.17458448,0.006523132,0.11230402,0.007695554,0.03566399,0.013010317,1543337163.0,3,0,0,crustystuch,0.0,0.0,37.0,108.0,145.0
a0w257,eakzjgh,Dude you just fucking won!! ,https://www.reddit.com/r/dating_advice/comments/a0w257/roles_are_reversed_is_it_normal_that_i_am_ok_with//eakzjgh/,0.5,0.718943,0.19455661,0.86331284,0.025002124,0.26957804,0.010395273,1543339771.0,178,0,0,Altro83,8.0,0.0,1.0,3234.0,3243.0
a0w257,eal1sts,"If ypu want to show your woman appreciation, make a nice dinner date with her. In your place, 100% home-made dishes, your specialties, and basically pamper her home style.  Enjoy some wine and cuddle. Just let her know you appreciate her. Just return the favor by being sweet. I'm sure this will melt your girl right off of her feet. A hard-day's work is worth it if she sees you being sweet to her. Anyways, good luck to your relation ship and congratulations for finding each other! Seems like you two already know you positions if uou kno' what I mean.",https://www.reddit.com/r/dating_advice/comments/a0w257/roles_are_reversed_is_it_normal_that_i_am_ok_with//eal1sts/,-0.25,0.18649188,0.008049011,0.117874645,0.020781586,0.033019636,0.010317599,1543341410.0,3,0,0,Noo_account_hu_dis,0.0,0.0,104.0,937.0,1041.0
a0w257,eal1t7e,"What bothers me more than anything is the misuse of the word ""are"". Everything else in the post is great and why worry about what others think? Be glad y'all got some kind of way to be happy together.",https://www.reddit.com/r/dating_advice/comments/a0w257/roles_are_reversed_is_it_normal_that_i_am_ok_with//eal1t7e/,-0.25,0.031331215,0.000734329,0.013849284,0.002062631,0.014504919,0.006026078,1543341418.0,80,0,0,SonofFingol,0.0,0.0,42.0,8370.0,8412.0
a0w257,eal4975,"As a man, this is my ideal future. I don't see this as weird at all, and if anything this should be encouraged because reinforcing gender roles harms both men and women.",https://www.reddit.com/r/dating_advice/comments/a0w257/roles_are_reversed_is_it_normal_that_i_am_ok_with//eal4975/,0.106,0.11192002,0.003070831,0.044668075,0.084182754,0.020450363,0.010964886,1543343114.0,1,0,1,[deleted],,,,,
a0w257,eal4p73,"Doesnt sound good to me, if you are happy then why ask others if it is ok?",https://www.reddit.com/r/dating_advice/comments/a0w257/roles_are_reversed_is_it_normal_that_i_am_ok_with//eal4p73/,-0.208,0.026028076,0.000944138,0.014634945,0.003015325,0.010058892,0.006776932,1543343427.0,7,0,0,christianblois,0.0,0.0,85.0,5178.0,5263.0
a0w257,eal5x64,"If you like it and you know she means those comments in a loving way and not a demeaning way, that seems fine! Just keep it in the back of your mind that there's no reason that a person who likes to be more of a homemaker is a woman, and a successful career person is a man. As long as you recognize that, it seems perfectly fine. It seems like y'all are happy!

To the spoiling thing, just do things she knows she'll love. If she likes a good meal, make that. If she likes to come home to a made bed and clean bathroom, do that. If she loves handmade gifts or cards, do that. Compliments work too. There are all sorts of stuff you can do with less money, and it's sweet enough that you want to spoil her in the first place!",https://www.reddit.com/r/dating_advice/comments/a0w257/roles_are_reversed_is_it_normal_that_i_am_ok_with//eal5x64/,-0.271,0.112953395,0.004177094,0.06946823,0.027413858,0.036104713,0.008349842,1543344306.0,1,0,0,ActualSatanHerself,28.0,0.0,13.0,2607.0,2648.0
a0w257,eal6g44,"As others have said if you want to make her feel special too you don't have to spend money. Many comments mention cooking her favourite meal from time to time and stuff which is all good but the day to day stuff can be just as important - asking her about her day, having her dinner or her favourite drink or whatever ready for when she gets home from work, that kind of thing.


As for the dynamic itself man if it works it works. You do you ",https://www.reddit.com/r/dating_advice/comments/a0w257/roles_are_reversed_is_it_normal_that_i_am_ok_with//eal6g44/,-0.13,0.045873325,0.002012253,0.026590679,0.00466173,0.017807651,0.007391856,1543344674.0,3,0,0,Jorgamoundr,109.0,0.0,369.0,34869.0,35347.0
a0w257,eal7wqw,"As the female primary breadwinner in a hetero marriage that works well, I personally find her comments (as a woman) to be icky.  But I'm not you!  If it's a joking or fetish thing that you two enjoy together - totally fine.  But for me, I don't even like playing around the idea that the home-maker role is assigned to women - it's a touchy subject for me living in a social context that is still frequently anti-feminist and anti-men-doing-things-that-aren't-traditionally-masculine (there has to be a better word for that).  She's not doing the male thing - she's doing her thing.  You're not doing the female thing either.  BUT, as long as no one feels uncomfortable, and she's not making those comments to me?  Fine - none of my business, and enjoy!",https://www.reddit.com/r/dating_advice/comments/a0w257/roles_are_reversed_is_it_normal_that_i_am_ok_with//eal7wqw/,-0.104,0.25915736,0.008087158,0.12727508,0.23467018,0.16788013,0.007883795,1543345662.0,122,0,0,SpeckledEggs,75.0,0.0,71.0,15382.0,15528.0
a0w257,eal7wtq,"If you’re cool with it and she is cool with it then it’s all good my dude, fuck what anyone says or thinks.",https://www.reddit.com/r/dating_advice/comments/a0w257/roles_are_reversed_is_it_normal_that_i_am_ok_with//eal7wtq/,0.271,0.8252207,0.34942797,0.8802007,0.05794714,0.38852,0.035113025,1543345664.0,2,0,0,[deleted],,,,,
a0w257,ealav8k,"People don’t talk about this much, but people in demanding careers tend to suffer in domestic areas. We do things like eat at restaurants and hire strangers to clean our homes. Others see these as luxuries, but sometimes they’re necessary to cope.

Considering that, there is significant value in having somebody who takes care of you. Keep that in mind. If you like to cook and keep house, then she can just come home and chill. That’s a real luxury. That’s how you spoil her.",https://www.reddit.com/r/dating_advice/comments/a0w257/roles_are_reversed_is_it_normal_that_i_am_ok_with//ealav8k/,0.167,0.05898502,0.001821518,0.030389199,0.005993653,0.02567133,0.00713294,1543347743.0,22,0,0,curioser1,0.0,0.0,197.0,2328.0,2525.0
a0w257,ealbh85,"She is specifically reinforcing gender roles though. Guy makes a home, which makes him the “girl” in the relationship. I’m confused.",https://www.reddit.com/r/dating_advice/comments/a0w257/roles_are_reversed_is_it_normal_that_i_am_ok_with//ealbh85/,0.062,0.10739898,0.002632141,0.027000591,0.056582913,0.022964163,0.006977591,1543348200.0,11,0,0,Zelthia,0.0,0.0,501.0,36436.0,36937.0
a0w257,ealhnom,"> it's a touchy subject for me living in a social context that is still frequently anti-feminist and anti-men-doing-things-that-aren't-traditionally-masculine (there has to be a better word for that)

I mean, the word is “patriarchal,” but your wording is more specific and probably less likely to offend people on Reddit.",https://www.reddit.com/r/dating_advice/comments/a0w257/roles_are_reversed_is_it_normal_that_i_am_ok_with//ealhnom/,-0.044,0.2396185,0.012130737,0.13344458,0.2795294,0.07872037,0.010032792,1543352657.0,39,0,0,SickTemperTyrannis,13.0,0.0,959.0,19374.0,20346.0
a0w257,ealimhj,Offend people on reddit? Saying the P word is an instant storm of upvotes.,https://www.reddit.com/r/dating_advice/comments/a0w257/roles_are_reversed_is_it_normal_that_i_am_ok_with//ealimhj/,0.0,0.069754265,0.002231598,0.029596692,0.00621564,0.018258847,0.00933372,1543353380.0,9,0,0,[deleted],,,,,
a0w257,eam8vam,"No its perfectly normal to work as a team in 2018.

  
For example, I outearn my fiance by quite a lot but he does a lot more chores and housework than I do. I HATE HATE HATE HATE HATE HATE HATE 

&#x200B;

LOATHE housework with a particular disdain reserved only for the vilest of earthly activities. You see, I'm an ex muslim. My step-mother tried to ""beat"" the cooking and cleaning into me. It had the opposite effect.

&#x200B;

My current fiance has no problem doing any of these things so I just literally give him my debit card. It's his income. All his. As long as I get to avoid that shit.",https://www.reddit.com/r/dating_advice/comments/a0w257/roles_are_reversed_is_it_normal_that_i_am_ok_with//eam8vam/,0.426,0.4274071,0.030523606,0.2666764,0.36702603,0.26957804,0.046218675,1543375712.0,1,0,0,PHOENIX_THE_JEAN,0.0,0.0,274.0,23383.0,23657.0
a0w257,eam8wh9,"I’m in a similar situation with my male partner, I don’t think it needs to be a gendered thing anymore, having a situation where someone has more time or willingness to do those types of things is a great situation to be in. My partner often says he’d make a great “trophy husband” should I ever make it to the top of my career. We balance each other’s roles perfectly ",https://www.reddit.com/r/dating_advice/comments/a0w257/roles_are_reversed_is_it_normal_that_i_am_ok_with//eam8wh9/,-0.104,0.112540044,0.005378723,0.089693464,0.050443888,0.025800243,0.008556974,1543375742.0,1,0,0,SentryTheFianna,85.0,17.0,2805.0,7041.0,9948.0
a0w257,eam92ut,Wow! Congratulations on finding a loving respectful relationship! That can be a rare thing in someone’s life. Embrace it. There is no such thing as a normal role and even if there was and you’re comfortable with how your relationship is working then F normal! Good on you.,https://www.reddit.com/r/dating_advice/comments/a0w257/roles_are_reversed_is_it_normal_that_i_am_ok_with//eam92ut/,-0.333,0.13388206,0.006828308,0.12551236,0.006067649,0.03312982,0.007391856,1543375906.0,2,0,0,Haligirl77,0.0,0.0,19.0,5759.0,5778.0
a0w257,eamakjs,"Just so long as you're happy and she is happy, all is good. If that's the role you're filling, and everything is going well, then you shouldn't worry about it. Sure, it's not ""normal"" by society's traditional standards, but that doesn't really matter, tons of societal standards are meant to be challenged nowadays.",https://www.reddit.com/r/dating_advice/comments/a0w257/roles_are_reversed_is_it_normal_that_i_am_ok_with//eamakjs/,-0.354,0.059974585,0.00246048,0.040409464,0.008694496,0.022899706,0.007210615,1543377321.0,1,0,0,Signal_Fires,0.0,0.0,22.0,21.0,43.0
a0w257,eambj40,Couldn't agree more. It harkens back to the days when women stayed at home while the men worked. The housewife back then had a submissive role as the men were seen as the head of the household. So I feel like there's an underlying dom-sub dynamic going on with op.,https://www.reddit.com/r/dating_advice/comments/a0w257/roles_are_reversed_is_it_normal_that_i_am_ok_with//eambj40/,-0.062,0.1373533,0.004367828,0.027137227,0.10221587,0.05027775,0.007288289,1543378278.0,5,0,0,skinnyguy699,60.0,0.0,1776.0,45627.0,47463.0
a0w257,eamhy45,I only feel off because I think I don’t spoil her as much as she does to me. ,https://www.reddit.com/r/dating_advice/comments/a0w257/roles_are_reversed_is_it_normal_that_i_am_ok_with//eamhy45/,-0.292,0.112540044,0.003585815,0.059948977,0.006844604,0.02212623,0.011638066,1543385692.0,1,0,0,5654delta1,0.0,0.0,664.0,349.0,1013.0
a0w257,eamj4mo,Best post I have read in a while. Enjoy your life dude. Nothing matters as long as you are happy,https://www.reddit.com/r/dating_advice/comments/a0w257/roles_are_reversed_is_it_normal_that_i_am_ok_with//eamj4mo/,-0.522,0.1460314,0.004425049,0.031140719,0.013948337,0.033680726,0.0130621,1543387390.0,2,0,0,vis_gop,41.0,16.0,532.0,174.0,763.0
a0w257,eamn8r7,"Well what is weird is subjective. Everyone has a different definition of what is normal and what is weird. As long as she is happy and you truly are happy, then what else matters? Your own happiness is absolutely much more of a priority than what other people think. When we find partners, we are finding a match - which means you both take on a role in each other’s lives that the both of you embrace.",https://www.reddit.com/r/dating_advice/comments/a0w257/roles_are_reversed_is_it_normal_that_i_am_ok_with//eamn8r7/,-0.312,0.059727192,0.002117157,0.031140719,0.00621564,0.022770792,0.006874025,1543394263.0,1,0,0,catlady555,418.0,10.0,5.0,45388.0,45821.0
a0w257,eamqzvs,If you're both cool with it then it's nbd. ,https://www.reddit.com/r/dating_advice/comments/a0w257/roles_are_reversed_is_it_normal_that_i_am_ok_with//eamqzvs/,-0.333,0.04785245,0.001926422,0.026044132,0.004069764,0.016860934,0.007353018,1543401340.0,2,0,0,boytoy421,903.0,0.0,2305.0,51987.0,55195.0
a0w257,eamstln,I love everything about this.,https://www.reddit.com/r/dating_advice/comments/a0w257/roles_are_reversed_is_it_normal_that_i_am_ok_with//eamstln/,-0.812,0.030506283,0.00295639,0.024404489,0.007880543,0.010476895,0.010162249,1543404702.0,2,0,0,mintyisland,185.0,1276.0,10873.0,20895.0,33229.0
a0w257,eamt1je,The fact that this is even a question offends me greatly...,https://www.reddit.com/r/dating_advice/comments/a0w257/roles_are_reversed_is_it_normal_that_i_am_ok_with//eamt1je/,-0.292,0.18364124,0.004043579,0.043165036,0.006252638,0.04090862,0.00933372,1543405093.0,2,0,0,Kambrie,33.0,0.0,5315.0,658.0,6006.0
a0w257,ean0a7x,"r/egg or no. In all for reversed gender roles but have you ever felt like you wanted to be a woman? I ask because you felt good when she called you one but it’s all good if you’re no an egg.

Also your relationship is amazing I want one like that. ",https://www.reddit.com/r/dating_advice/comments/a0w257/roles_are_reversed_is_it_normal_that_i_am_ok_with//ean0a7x/,-0.104,0.28547668,0.021935565,0.2687007,0.1035157,0.07967083,0.011249693,1543413406.0,2,0,0,seabowtie,0.0,0.0,1539.0,2975.0,4514.0
