post_id,comment_id,txt,url,offensiveness_score,Toxicity,Severe Toxicity,Profanity,Identity Attack,Insult,Threat,created,score,total_awards_received,controversiality,user,user_awardee_karma,user_awarder_karma,user_link_karma,user_comment_karma,user_total_karma
bqau0z,eo344qr,"Heck, I’ll do it for 50k!",https://i.redd.it/yp7hzhdu10z21.jpg/eo344qr/,-0.562,0.4274071,0.02373986,0.45190978,0.013043936,0.07998765,0.013528148,1558234717.0,269,0,0,random_gurl123,473.0,38.0,36137.0,26004.0,62652.0
bqau0z,eo3b771,I mean $20 is $20,https://i.redd.it/yp7hzhdu10z21.jpg/eo3b771/,-0.583,0.02035702,0.001583099,0.018324144,0.004273253,0.009545889,0.007728445,1558238641.0,52,0,0,meh-oh-nai-se,255.0,123.0,34909.0,6528.0,41815.0
bqau0z,eo3pf3q,Wait you guys have ever gotten paid?,https://i.redd.it/yp7hzhdu10z21.jpg/eo3pf3q/,-0.333,0.069754265,0.001840591,0.019348921,0.00362579,0.02264188,0.007197669,1558253332.0,50,0,0,the-wizard-cat,138.0,32.0,2817.0,33146.0,36133.0
bqau0z,eo3pgka,Wait you guys have money?,https://i.redd.it/yp7hzhdu10z21.jpg/eo3pgka/,-0.312,0.04760506,0.001821518,0.019963788,0.0051797,0.016784932,0.007702554,1558253382.0,51,0,0,Seasuper,28.0,164.0,1116.0,5015.0,6323.0
bqau0z,eo4kab3,Fuck I'll do it for $10 and a pb&j,https://i.redd.it/yp7hzhdu10z21.jpg/eo4kab3/,0.708,0.8988238,0.45895407,0.8949436,0.052490227,0.35505778,0.16699752,1558279569.0,3,0,0,henry232323,0.0,18.0,3490.0,4748.0,8256.0
bqau0z,eo605r3,Wait a minute! I still haven't gotten my pay check. What gives?,https://i.redd.it/yp7hzhdu10z21.jpg/eo605r3/,-0.188,0.01822079,0.000796318,0.011936366,0.001230179,0.008975885,0.006498598,1558308243.0,2,0,0,timmeh83,33.0,5220.0,550.0,44735.0,50538.0
bqau0z,eo62nz0,"wait, you guys are getting paid?",https://i.redd.it/yp7hzhdu10z21.jpg/eo62nz0/,-0.438,,,,,,,1558309973.0,1,0,0,contieva,0.0,56.0,5047.0,3644.0,8747.0
bqau0z,eo6pqhy,"Dammit. How I'm supposed to pay for my hookers this month? Curse you, woke facebook moms!",https://i.redd.it/yp7hzhdu10z21.jpg/eo6pqhy/,0.312,0.9288007,0.51028454,0.83974665,0.24462871,0.6675394,0.34804323,1558324161.0,2,0,0,deadprivilegeactivis,0.0,0.0,43.0,131.0,174.0
bqau0z,eo6xqnd,Is it scary or it is scary?,https://i.redd.it/yp7hzhdu10z21.jpg/eo6xqnd/,-0.562,0.040430736,0.001554489,0.015625564,0.003089321,0.014884921,0.007883795,1558328096.0,2,0,0,MiojoGourmet,0.0,0.0,1613.0,10.0,1623.0
bqau0z,eo7vf30,Good job fellow redditors. We scared em off!!,https://i.redd.it/yp7hzhdu10z21.jpg/eo7vf30/,-0.229,0.11429678,0.004692078,0.05017922,0.007473567,0.028502205,0.036839653,1558348916.0,2,0,0,brush18,20.0,21.0,159.0,1341.0,1541.0
bqau0z,eo9t6c2,I'll do it for free!,https://i.redd.it/yp7hzhdu10z21.jpg/eo9t6c2/,-0.812,0.03592727,0.003032684,0.02208166,0.004957713,0.009678889,0.012078222,1558399607.0,1,0,0,[deleted],,,,,
bqau0z,eo9v8hp,"So, where do I report BigPharma for non-payment of my shill wages? I've been unpaid for YEARS, and I've been a model shill!!!!! I. AM. OUTRAGED.",https://i.redd.it/yp7hzhdu10z21.jpg/eo9v8hp/,0.146,0.28087774,0.009727478,0.091633186,0.014450782,0.16861114,0.008505191,1558400980.0,2,0,0,ihavewebfeet,0.0,0.0,181.0,1202.0,1383.0
