post_id,comment_id,txt,url,offensiveness_score,Toxicity,Severe Toxicity,Profanity,Identity Attack,Insult,Threat,created,score,total_awards_received,controversiality,user,user_awardee_karma,user_awarder_karma,user_link_karma,user_comment_karma,user_total_karma
8dc4t6,dxm14wz,What the heck is a front butt?,https://www.reddit.com/r/AskReddit/comments/8dc4t6/european_members_of_reddit_what_are_some_sexual//dxm14wz/,0.213,0.7308154,0.16960317,0.6643082,0.023193322,0.25602314,0.0100069,1524115351.0,7,0,0,WrestyRedcun,0.0,0.0,5021.0,3045.0,8066.0
8dc4t6,dxm7o4r,Shower before sexual activity is kinda like the standard everywhere that has convenient access to water. ,https://www.reddit.com/r/AskReddit/comments/8dc4t6/european_members_of_reddit_what_are_some_sexual//dxm7o4r/,-0.043,0.30439767,0.007667542,0.12727508,0.00673361,0.021997316,0.008401625,1524128880.0,31,0,0,quangtit01,158.0,0.0,8077.0,124217.0,132452.0
8dc4t6,dxm9b7n,found the American. now everybody point and laugh.,https://www.reddit.com/r/AskReddit/comments/8dc4t6/european_members_of_reddit_what_are_some_sexual//dxm9b7n/,0.104,0.11450345,0.003356934,0.017572641,0.042550452,0.029273475,0.011767523,1524132964.0,31,0,0,[deleted],,,,,
8dc4t6,dxm9v0w,"yeaaahhhhh, no. I mean I like the idea, but it's just not how it works, is it? ",https://www.reddit.com/r/AskReddit/comments/8dc4t6/european_members_of_reddit_what_are_some_sexual//dxm9v0w/,-0.375,0.042657252,0.002059937,0.02522431,0.004883717,0.013440913,0.007417747,1524134182.0,24,0,0,Alwin_,1526.0,43.0,17732.0,248427.0,267728.0
8dc4t6,dxmo6yc,Now that is so fucking alien to me. As an American teen i could never imagine banging a sibling or cousin.,https://www.reddit.com/r/AskReddit/comments/8dc4t6/european_members_of_reddit_what_are_some_sexual//dxmo6yc/,0.708,0.82048255,0.3529199,0.8449782,0.28034934,0.42167732,0.13815513,1524151784.0,11,0,0,Latiax81,110.0,34.0,5924.0,15744.0,21812.0
8dc4t6,dxmquh2,"As a Dane, what in the fuck are you actually talking about lmao

Did you have sex with your siblings?",https://www.reddit.com/r/AskReddit/comments/8dc4t6/european_members_of_reddit_what_are_some_sexual//dxmquh2/,0.896,0.8252207,0.45895407,0.6983885,0.18002926,0.48627716,0.1338057,1524154136.0,27,0,0,[deleted],,,,,
8dc4t6,dxmqv3a,"Dane here and I have to say WHAT THE FUCK dude no it's not.
This it utter bullshit, please people dont trust him. 
",https://www.reddit.com/r/AskReddit/comments/8dc4t6/european_members_of_reddit_what_are_some_sexual//dxmqv3a/,0.917,0.9288007,0.48355904,0.902047,0.089145996,0.6261769,0.039256934,1524154151.0,18,0,0,thotzr,56.0,0.0,2516.0,11572.0,14144.0
8dc4t6,dxmqwj0,"Because it's not true..
This is the first time I hear this and I'm just as confused as you are.
Edit: I'm danish.",https://www.reddit.com/r/AskReddit/comments/8dc4t6/european_members_of_reddit_what_are_some_sexual//dxmqwj0/,-0.109,0.11440011,0.003643036,0.033144772,0.029144434,0.035443626,0.008556974,1524154186.0,12,0,0,thotzr,56.0,0.0,2516.0,11572.0,14144.0
8dc4t6,dxmrlto,You can legally have sex at age 15 in Denmark and so long the age difference is enormous it's for the most part accepted.,https://www.reddit.com/r/AskReddit/comments/8dc4t6/european_members_of_reddit_what_are_some_sexual//dxmrlto/,0.104,0.33836752,0.015673593,0.22889622,0.052944973,0.036435258,0.010576514,1524154804.0,1,0,0,Indianna16,0.0,634.0,4.0,17005.0,17643.0
8dc4t6,dxmst0h,"I usually excuse myself to the bathroom and wash my cunt in the sink real fast JUST to be sure. I find cheap toilet paper from like restaurants/work/public places can sometimes break and ball up so I make sure none of that is present either.

Takes all of 3 minutes and it lets me relax more when someone's goin' down, yelling timber.",https://www.reddit.com/r/AskReddit/comments/8dc4t6/european_members_of_reddit_what_are_some_sexual//dxmst0h/,0.426,0.6544696,0.16960317,0.70384485,0.049761772,0.26957804,0.040638234,1524155843.0,5,0,0,[deleted],,,,,
8dc4t6,dxmxxuf,Please someone tell me about Sweden! What are some sexual norms there? ,https://www.reddit.com/r/AskReddit/comments/8dc4t6/european_members_of_reddit_what_are_some_sexual//dxmxxuf/,-0.128,0.3057765,0.012703998,0.17148167,0.17847598,0.043250903,0.010110466,1524160317.0,2,0,0,ShortGhuleh,0.0,0.0,1.0,3817.0,3818.0
8dc4t6,dxnjo8g,"Not here in America, at least from my experience, we just go at it and sometimes it gets messy. Why shower, have messy sex and then shower again? Besides I don't mind being with a girl whose a tad bit ripe if you know what I mean.",https://www.reddit.com/r/AskReddit/comments/8dc4t6/european_members_of_reddit_what_are_some_sexual//dxnjo8g/,0.312,0.4826145,0.024866661,0.41081807,0.12735364,0.15485314,0.016292779,1524180654.0,2,0,0,letscountrox,0.0,0.0,193.0,5985.0,6178.0
