post_id,comment_id,txt,url,offensiveness_score,Toxicity,Severe Toxicity,Profanity,Identity Attack,Insult,Threat,created,score,total_awards_received,controversiality,user,user_awardee_karma,user_awarder_karma,user_link_karma,user_comment_karma,user_total_karma
5y8y9m,deo8s1i,"I've spent a lot of time thinking about the idea of ""greenwashing"", so much that I've got a useless MBA degree in sustainable business. 

I think you should be more forgiving to companies who do ""plaster"" this information out there. It's a marketable value that would presumably create more demand and increase revenue...which then encourages more reinvestment into cause-driven efforts. 

Yeah, ideally, we would want the donation to come from a sincere place, but in the end, what difference does it make if a charity receives $1,000,000 from an anonymous donor or if they receive $1,000,000 from someone who hopes to share that information? Why not go for the win-win option? ",https://www.reddit.com/r/AskReddit/comments/5y8y9m/whats_a_big_industry_secret_that_isnt_supposed_to//deo8s1i/,-0.152,0.15932569,0.002412796,0.038906425,0.003736784,0.08484049,0.006744567,1488998535.0,55,0,0,HeyItsMau,336.0,0.0,6038.0,113036.0,119410.0
5y8y9m,deo9dua,Well it's the board now. Lots of fights have been wages to keep the company intact. The Hershey school is pretty cool. It's a boarding school for poor kids that also pays for college.,https://www.reddit.com/r/AskReddit/comments/5y8y9m/whats_a_big_industry_secret_that_isnt_supposed_to//deo9dua/,-0.043,0.026145924,0.000810623,0.011167783,0.005586676,0.012452906,0.006297939,1488999191.0,2,0,0,tfresca,684.0,18.0,34018.0,222258.0,256978.0
5y8y9m,deod32x,I always thought it was tartar sauce and ketchup...,https://www.reddit.com/r/AskReddit/comments/5y8y9m/whats_a_big_industry_secret_that_isnt_supposed_to//deod32x/,-0.583,0.020607091,0.001363754,0.015488927,0.003570293,0.009165886,0.007249452,1489003149.0,1,0,0,derpado514,131.0,0.0,2173.0,263641.0,265945.0
5y8y9m,deoegzs,"We don't care about the consumers, at all. And when we do, it's to make more money. Deep down, as long as you keep buying our products, when don't give a shit about you.",https://www.reddit.com/r/AskReddit/comments/5y8y9m/whats_a_big_industry_secret_that_isnt_supposed_to//deoegzs/,0.458,0.718943,0.101760045,0.7654259,0.04332388,0.43158367,0.010214032,1489004644.0,2,0,0,[deleted],,,,,
5y8y9m,deof80p,"In the past it probably was more of a hassle to charge but I feel like its become a more common request and now it affects inventory amounts so they have to charge. 

If you give 100 burgers with sauce for free you're gonna have a mismatch amount of mac sauce vs. what you actually sold technically. ",https://www.reddit.com/r/AskReddit/comments/5y8y9m/whats_a_big_industry_secret_that_isnt_supposed_to//deof80p/,-0.021,0.022610499,0.0010252,0.01535229,0.002108878,0.013478912,0.00679635,1489005424.0,1,0,0,[deleted],,,,,
5y8y9m,deogk28,"You're so much better off buying alcohol at a liquor store. Bars are INFINITELY marking up their liquor as beer because ruining a restaurant is so Fucking expensive. 

Just take a few shots and throw the bottle in your bag. If you're going to a nice place, then check it.. Pay for your good time. But if you're just trying to get drunk.... Go to 711 and buy a twelver",https://www.reddit.com/r/AskReddit/comments/5y8y9m/whats_a_big_industry_secret_that_isnt_supposed_to//deogk28/,0.375,0.45549932,0.026936848,0.473824,0.026609946,0.32682732,0.09776353,1489006821.0,2,0,0,LateralusNYC,510.0,0.0,3645.0,23404.0,27559.0
