post_id,comment_id,txt,url,offensiveness_score,Toxicity,Severe Toxicity,Profanity,Identity Attack,Insult,Threat,created,score,total_awards_received,controversiality,user,user_awardee_karma,user_awarder_karma,user_link_karma,user_comment_karma,user_total_karma
b5ryo6,ejffzkk,"Having a binary means there's literally two options. Your gender can't be non-binary if gender is binary. What people mean when they say get rid of the binary, is accept that there's more than two options, that you don't have to be only a man or a woman. So it seems like you already agree with the goal, and are just misunderstanding what get rid of the binary means. ",https://www.reddit.com/r/changemyview/comments/b5ryo6/cmv_we_shouldnt_abolish_the_binary_gender_system//ejffzkk/,0.065,0.11347008,0.004062653,0.04642162,0.089973204,0.028832749,0.008556974,1553618863.0,54,0,0,tbdabbholm,510.0,0.0,1108.0,106997.0,108615.0
b5ryo6,ejfg7am,"In what sense to you mean change the system? Changing bathroom signs, changing some paperwork? These are relatively easy changes to make for someone’s quality of life. On a website it might be altering a drop down.

Let’s also put that 3-4% in perspective. That’s 210-280 million people. Even if a sample change is costly, it affects roughly a quarter of a billion people.",https://www.reddit.com/r/changemyview/comments/b5ryo6/cmv_we_shouldnt_abolish_the_binary_gender_system//ejfg7am/,-0.085,0.039226998,0.001535416,0.017914234,0.0034593,0.018838953,0.007417747,1553619010.0,22,0,0,AngelusCowl,45.0,12.0,4665.0,51939.0,56661.0
b5ryo6,ejfg7ig,I dont think it helps your argument to falsify the non-binary population; its something less than a single percent last I checked.,https://www.reddit.com/r/changemyview/comments/b5ryo6/cmv_we_shouldnt_abolish_the_binary_gender_system//ejfg7ig/,-0.149,0.055026773,0.001468658,0.015454767,0.013244915,0.019096779,0.008090926,1553619014.0,6,0,0,dirkberkis,77.0,8.0,,,85.0
b5ryo6,ejfgib4,"If that's the only goal, of course I agree - but then, why am I hearing claims like changing the medical system, doctor's checklists, ways of living, giving up gender entirely and live in a gender less society - just to accommodate those 3-4% of people? ",https://www.reddit.com/r/changemyview/comments/b5ryo6/cmv_we_shouldnt_abolish_the_binary_gender_system//ejfgib4/,-0.125,0.102192536,0.002784729,0.017299367,0.060220852,0.029714199,0.007676662,1553619225.0,4,0,1,[deleted],,,,,
b5ryo6,ejfgqne,"Lots of those are the extremists. How exactly should those things change, according to what you've heard?",https://www.reddit.com/r/changemyview/comments/b5ryo6/cmv_we_shouldnt_abolish_the_binary_gender_system//ejfgqne/,-0.312,0.07845957,0.001478195,0.013712646,0.009619443,0.028722567,0.007184723,1553619383.0,8,0,0,tbdabbholm,510.0,0.0,1108.0,106997.0,108615.0
b5ryo6,ejfgvbk,"Those are small, reasonable changes. Except for bathroom signs - do you want a third sign, and a third bathroom for non-binary people? In that case, sure. That would cost in infrastructure, however. However, if you're saying we should remove (male/female) bathrooms into just one gender neutral bathroom, that's already implemented in several countries for a long time (I personally disagree with it) or do you mean creating 83 more bathrooms for all genders? That's too much a waste of money. 

I was mostly talking of how people are advocating to change the medical system, how they can tell doctors what they identify as and doctors don't have the right to ask what their real sex or gender is. There are other systems, but I only recall this one at the moment :/

",https://www.reddit.com/r/changemyview/comments/b5ryo6/cmv_we_shouldnt_abolish_the_binary_gender_system//ejfgvbk/,0.104,0.11398677,0.003013611,0.022969801,0.07425626,0.033790905,0.008427517,1553619470.0,-3,0,0,[deleted],,,,,
b5ryo6,ejfgzot,"I only took a generous estimate because I was unsure, so thanks for the statistics. Less than 1% is even smaller, which supports my argument further. Did you get this from a reliable source? ",https://www.reddit.com/r/changemyview/comments/b5ryo6/cmv_we_shouldnt_abolish_the_binary_gender_system//ejfgzot/,-0.438,0.034041706,0.001063347,0.015215653,0.003644289,0.014960921,0.007145886,1553619549.0,8,0,0,[deleted],,,,,
b5ryo6,ejfh5yg,">Not to mention that sex and gender play a very important role in society. Sex, both for medical reasons and roles in society, and gender for a sense of identity. Something that's very important.

These are actually excellent reasons *in favor* of making a change to include non-binary genders. How are medical professionals supposed to treat things specific to non-binary people if they have no tools to catalogue or diagnose them? How is society supposed to understand and accept the identity of non-binary people if society doesn't even acknowledge that they have a different identity?",https://www.reddit.com/r/changemyview/comments/b5ryo6/cmv_we_shouldnt_abolish_the_binary_gender_system//ejfh5yg/,0.021,0.20126031,0.00743866,0.08225787,0.1444726,0.03588435,0.008013252,1553619663.0,8,0,0,Andoverian,148.0,0.0,24.0,44073.0,44245.0
b5ryo6,ejfh6so,"Doctors don't need to know your actual sex or gender, only what you identify as. Men and women as identities should be removed and society should accept everyone is non-binary. Bathrooms and transgendered people issue, it's dangerous and can be so easily misused. Several more. ",https://www.reddit.com/r/changemyview/comments/b5ryo6/cmv_we_shouldnt_abolish_the_binary_gender_system//ejfh6so/,0.104,0.34757367,0.023076924,0.098067984,0.45348886,0.16868424,0.25272974,1553619678.0,0,0,1,[deleted],,,,,
b5ryo6,ejfhru1,"Your argument seems to essentially be that non-binary people don't make up a significant enough percentage of the population to warrant any systemic change to accommodate them. So, what percentage of the population would they need to make up in order for you to feel differently? ",https://www.reddit.com/r/changemyview/comments/b5ryo6/cmv_we_shouldnt_abolish_the_binary_gender_system//ejfhru1/,0.0,0.09655223,0.002393723,0.015728042,0.053854458,0.029604018,0.006783404,1553620059.0,7,0,0,feminist-horsebane,170.0,0.0,5308.0,58763.0,64241.0
b5ryo6,ejfhs2x,"I think the only one of those there's any kind of broad support for is bathrooms. And even that's only basically we should let trans people use the restroom of the gender they identify with, and adding in a gender neutral restroom. Sure other people want all that other stuff but there are people who believe anything. Basically no one is suggesting upend everything, and ""abolishing the gender binary"" certainly doesn't include most of the things you've listed here.",https://www.reddit.com/r/changemyview/comments/b5ryo6/cmv_we_shouldnt_abolish_the_binary_gender_system//ejfhs2x/,0.085,0.15932569,0.005950928,0.0569429,0.18235919,0.037395194,0.010032792,1553620063.0,5,0,0,tbdabbholm,510.0,0.0,1108.0,106997.0,108615.0
b5ryo6,ejfi04z,"I would favor a single bathroom irrespective of any gender. May I ask why you oppose that? I don’t see the need for the distinction for restroom facilities, binary or otherwise.

As for the field of medicine, I’m more in line with you on that, particularly when it comes to surgery. The doctor needs information to be able to perform effectively.

However, this argument does not exist in a void. Many countries has individuals with biases, conscious or unconscious, against the non-binary. Some level of anonymity can help greatly in these cases. But that anonymity should be case by case and voluntary.",https://www.reddit.com/r/changemyview/comments/b5ryo6/cmv_we_shouldnt_abolish_the_binary_gender_system//ejfi04z/,-0.292,0.046120718,0.001363754,0.014190876,0.015857628,0.018129934,0.006757513,1553620203.0,12,0,0,AngelusCowl,45.0,12.0,4665.0,51939.0,56661.0
b5ryo6,ejfi0q6,"Your gender identity does not mean you are not male or female. Unless you are a hermaphrodite, you are either a male, female, or a certain karyotype such as XXY or XYY. Klein-Felter, supermale. That is why your gender identity is becoming a medical problem, because you refuse to tell the doctor what you are in favor of what you identify as. 

I specifically said we should accept that they do have a valid identity, I'm arguing we shouldn't change how the entire world works for that. So, this point is moot. 

",https://www.reddit.com/r/changemyview/comments/b5ryo6/cmv_we_shouldnt_abolish_the_binary_gender_system//ejfi0q6/,0.213,0.20149297,0.008087158,0.07676199,0.19100772,0.07016616,0.008971239,1553620213.0,1,0,0,[deleted],,,,,
b5ryo6,ejfi9g0,"At least 15-20%. Like I said, 10% of the world is sociopaths. We haven't implemented any systemic changes for them. ",https://www.reddit.com/r/changemyview/comments/b5ryo6/cmv_we_shouldnt_abolish_the_binary_gender_system//ejfi9g0/,0.149,0.3389984,0.009231567,0.08096472,0.10235514,0.36798462,0.008453408,1553620367.0,2,0,0,[deleted],,,,,
b5ryo6,ejfilg3,"Ah, but letting trans people use the bathrooms of the gender they identify with is wrong - because bathrooms are not gender segregated. They're *sex segregated*. And if this is ignored, then it's misused by human filth. I could name 6 incidents off the top of my head in which a male went into the female bathrooms, and stayed there for hours either jacking off or peeping. 4 of those involved kids. So, basically - fuck no. You could create a third, gender neutral bathroom for them. But keep bathrooms as they are - **sex segregated, not gender segregated.**",https://www.reddit.com/r/changemyview/comments/b5ryo6/cmv_we_shouldnt_abolish_the_binary_gender_system//ejfilg3/,0.833,0.6027529,0.21902075,0.6001929,0.5135796,0.42367843,0.03787563,1553620580.0,-9,0,0,[deleted],,,,,
b5ryo6,ejfjdv0,"The issue isnt individual preferences, we have a majority rule and most people simply dont want to remove the system we have to comfort an extreme minority. Nor should they be challenged to, which is why OP brought up the point about sociopaths and why we dont cater to their condition.",https://www.reddit.com/r/changemyview/comments/b5ryo6/cmv_we_shouldnt_abolish_the_binary_gender_system//ejfjdv0/,0.104,0.09525062,0.002202988,0.022833163,0.019977676,0.03599453,0.008712323,1553621081.0,0,0,0,dirkberkis,77.0,8.0,,,85.0
b5ryo6,ejflhea,"I would argue that doctors are some of the only people who do need to know your actual sex/gender and lifestyle choices.  Diseases can be sex specific and knowing if a person is on hormones or has had any surgeries is critical to care.  What if a person who identifies as a woman has testicles?  A doctor needs this information.  Heath care for the trans population is a huge issue right now and it looks like current care isn't adequate.  I haven't seen specific research on how this relates to non-binary, non transitioning, people but I would suspect that the stresses on non binary people could cause or worsen medical issues.  Changing a medical intake form is hardly changing the world and the quicker a doctor can gather correct and significant information on a patient the more likely the patient receives the best care.",https://www.reddit.com/r/changemyview/comments/b5ryo6/cmv_we_shouldnt_abolish_the_binary_gender_system//ejflhea/,-0.062,0.23739935,0.006370544,0.07999486,0.17303948,0.061801232,0.007728445,1553622421.0,22,0,0,helluvabella,13.0,0.0,2824.0,15933.0,18770.0
b5ryo6,ejflok9,"I don't know that anyone really advocates for a single blanket destruction of the binary.

Generally speaking, the practices and actions which are carried out by those who oppose the gender binary are small, gradual steps toward the eventuality. There are 1% people who identify as Non-binary in American now, but that number may grow - or at the very least those who do identify with the standard 'man' or 'woman' will feel less constrained to that role. 

And, as the process is glacial in nature, if we reach a point where the number of Non-binary stops rising, people continue to be perfectly comfortable in their assigned genders, and those who are non-binary already feel respected, then we'll know we've gotten to the end of that movement. And the social conventions can just stay there.",https://www.reddit.com/r/changemyview/comments/b5ryo6/cmv_we_shouldnt_abolish_the_binary_gender_system//ejflok9/,0.083,0.06184035,0.002241135,0.020578653,0.030433474,0.02264188,0.010188141,1553622554.0,1,0,0,TheVioletBarry,280.0,0.0,1694.0,19958.0,21932.0
b5ryo6,ejfm86j,"you see you said a male not a transgender woman. good point those men should be held accountable.

Men like your example don't need a trans rights policy to go in the bathroom and do what you discussed.",https://www.reddit.com/r/changemyview/comments/b5ryo6/cmv_we_shouldnt_abolish_the_binary_gender_system//ejfm86j/,0.271,0.30136615,0.008621216,0.027273865,0.36702603,0.11797678,0.007611934,1553622900.0,5,0,0,wrongwayagain,231.0,899.0,2670.0,30265.0,34065.0
b5ryo6,ejfn8v5,">  I could name 6 incidents off the top of my head in which a male went into the female bathrooms, and stayed there for hours either jacking off or peeping. 4 of those involved kids. So, basically - fuck no.

How is that relevant to anything here? Are you claiming that's what trans people would do if we allow them to use whichever restroom they are comfortable with?",https://www.reddit.com/r/changemyview/comments/b5ryo6/cmv_we_shouldnt_abolish_the_binary_gender_system//ejfn8v5/,0.511,0.5559701,0.16960317,0.541926,0.4508763,0.3682569,0.024235269,1553623549.0,3,0,0,tomgabriele,486.0,138.0,23554.0,260094.0,284272.0
b5ryo6,ejfnf1q,"Who is saying we should force laws that abolish gender?

All I and most who I know say is we shouldnt force gender roles and expectations on kids based on gender. So, stop telling boys they cant play with dolls. If a boy wants to say with dolls, fine. If he wants to play with toy cars, fine.

The point is it should be up to them and we shouldnt force them to do what we want. But few people I've seen in any context are actually calling for the abolition of gender entirely.",https://www.reddit.com/r/changemyview/comments/b5ryo6/cmv_we_shouldnt_abolish_the_binary_gender_system//ejfnf1q/,0.043,0.15103401,0.004272461,0.038154904,0.10221587,0.033790905,0.010757755,1553623661.0,14,0,0,begonetoxicpeople,633.0,0.0,12059.0,241861.0,254553.0
b5ryo6,ejfnrng,"In fact, it would make it easier for them. Now they just say ""I identify as"" and walk in freely instead of before when they needed to sneak in and otherwise they'd be stopped. Now no one can stop them even if seen. ",https://www.reddit.com/r/changemyview/comments/b5ryo6/cmv_we_shouldnt_abolish_the_binary_gender_system//ejfnrng/,0.021,0.027088705,0.001144409,0.012551232,0.003255812,0.010172892,0.010369381,1553623888.0,1,0,0,[deleted],,,,,
b5ryo6,ejfotld,His point is that doctors DO need to know your actual sex or gender? It's incredibly medically relevant.,https://www.reddit.com/r/changemyview/comments/b5ryo6/cmv_we_shouldnt_abolish_the_binary_gender_system//ejfotld/,-0.396,0.15987846,0.003128052,0.03765389,0.03249594,0.024124376,0.006407978,1553624566.0,11,0,0,[deleted],,,,,
b5ryo6,ejfprob,"I'm saying that anyone can claim to be transgender and then easily enter the bathroom they want to for whatever reason, moron. Don't put words in my mouth. It's sad how you're literally saying harassment and pedophilia is fine because it's related to trans rights. ",https://www.reddit.com/r/changemyview/comments/b5ryo6/cmv_we_shouldnt_abolish_the_binary_gender_system//ejfprob/,0.562,0.6989911,0.35220072,0.5013569,0.46028158,0.65231085,0.13815513,1553625183.0,0,0,0,[deleted],,,,,
b5ryo6,ejfqesh,"How is a boy playing with dolls gender based? That's a gender based expectation, and it can be wrong. Don't mistake the two for one another. Just because he plays with dolls doesn't mean he's now a girl. ",https://www.reddit.com/r/changemyview/comments/b5ryo6/cmv_we_shouldnt_abolish_the_binary_gender_system//ejfqesh/,-0.064,0.10956833,0.00243187,0.027410502,0.058401883,0.023093075,0.006718676,1553625597.0,4,0,0,[deleted],,,,,
b5ryo6,ejfqh60,"But gay men and lesbians can currently do those things in their respective bathrooms, so wouldn't it make more sense to have laws against loitering in bathrooms and doing those sorts of things rather than sex based segregation. Like, your entire argument seems predicated on the assumption that only heterosexual people exist.",https://www.reddit.com/r/changemyview/comments/b5ryo6/cmv_we_shouldnt_abolish_the_binary_gender_system//ejfqh60/,0.292,0.34757367,0.017674843,0.16217725,0.40158966,0.16266862,0.011767523,1553625638.0,7,0,0,fedora-tion,43.0,0.0,3157.0,13257.0,16457.0
b5ryo6,ejfqj4f,"No it doesnt.

What I'm saying is very few people- certainly not enough to be significant- think we should abolish gender. What they do think is that the boy can play with whatever he wants without expectations forcing him to only play with 'boy' toys",https://www.reddit.com/r/changemyview/comments/b5ryo6/cmv_we_shouldnt_abolish_the_binary_gender_system//ejfqj4f/,0.042,0.17371799,0.005989075,0.058946952,0.105836816,0.06459839,0.010576514,1553625673.0,10,0,0,begonetoxicpeople,633.0,0.0,12059.0,241861.0,254553.0
b5ryo6,ejfqur4,Aaand... That's what I'm saying. We can't live in a gender less society when both gender and sex is important. ,https://www.reddit.com/r/changemyview/comments/b5ryo6/cmv_we_shouldnt_abolish_the_binary_gender_system//ejfqur4/,0.17,0.20149297,0.004806519,0.07967158,0.08252834,0.02122384,0.0069517,1553625878.0,4,0,0,[deleted],,,,,
b5ryo6,ejfr0or,"Um anyone who goes into a bathroom and starts peeping or assaulting people surely can be stopped. 
if your talking about men who are not trans using the womens room where are they ??? wheres all the news. It's irrational fear. I would think its more an issue with men if they can't stop assulting people and peeping maybe you should do a CMV about that?",https://www.reddit.com/r/changemyview/comments/b5ryo6/cmv_we_shouldnt_abolish_the_binary_gender_system//ejfr0or/,0.062,0.30539915,0.01393057,0.08581402,0.28622448,0.12883772,0.07016479,1553625983.0,2,0,0,wrongwayagain,231.0,899.0,2670.0,30265.0,34065.0
b5ryo6,ejfrbq1,"Unfortunately, I don't care. If I was talking to a hermaphrodite, I'd take their feelings into account and ask if they mind the term ""hermaphrodite"". But as I can reasonably predict you're not, I can use what term I want, including the scientific one. Political correctness will be the downfall of free speech, but that's another argument. ",https://www.reddit.com/r/changemyview/comments/b5ryo6/cmv_we_shouldnt_abolish_the_binary_gender_system//ejfrbq1/,0.25,0.22445217,0.00743866,0.07449899,0.034558404,0.15627414,0.010421164,1553626177.0,-5,0,0,[deleted],,,,,
b5ryo6,ejft0me,That’s a pretty slippery slope you’ve got there. Was the civil rights act a bad idea because the majority didn’t want equal rights for minorities?,https://www.reddit.com/r/changemyview/comments/b5ryo6/cmv_we_shouldnt_abolish_the_binary_gender_system//ejft0me/,0.0,0.0665887,0.001392365,0.013507691,0.025404079,0.023221988,0.006537435,1553627240.0,0,0,0,MAKE_ME_REDDIT,123.0,0.0,43.0,276529.0,276695.0
b5ryo6,ejftbev,"I am a person of color. I'm not black, but even if you called me the slur related to my color, I wouldn't give a shit.

And hermaphrodite is a scientific term. N*gger, is not. Hermaphrodite is not inherently insulting. N*gger is. Don't make bad analogies.

You also misunderstood what I'm doing as the cowardly 'behind their back' act. I would ask a hermaphrodite to their face whether they are okay with me referring to them as a hermaphrodite, and change it if they are uncomfortable. ",https://www.reddit.com/r/changemyview/comments/b5ryo6/cmv_we_shouldnt_abolish_the_binary_gender_system//ejftbev/,0.812,0.6342749,0.349738,0.6001929,0.5983441,0.563347,0.064969026,1553627426.0,2,0,0,[deleted],,,,,
b5ryo6,ejfth7t," > Sex, both for medical reasons and roles in society, and gender for a sense of identity. Something that's very important.

I fail to see how sex is important to roles in society, nor how gender matters at all.

I can't debunk these unless you elaborate, and debunking them is crucial to changing your mind I feel.",https://www.reddit.com/r/changemyview/comments/b5ryo6/cmv_we_shouldnt_abolish_the_binary_gender_system//ejfth7t/,0.085,0.24282593,0.005722046,0.077731855,0.037909906,0.03257891,0.007598988,1553627528.0,2,0,0,JoelMahon,3721.0,321.0,30508.0,457379.0,491929.0
b5ryo6,ejftvz0,"Could you elaborate on that? Let's say this:

>I could name 6 incidents off the top of my head in which a male went into the female bathrooms, and stayed there for hours either jacking off or peeping. 4 of those involved kids.

is the problem you want to prevent. To achieve this you want sex segregated bathrooms, because otherwise people could just 

>say "" I identify as a woman"" and waltz in anyway.

What is stopping those same people from saying

>I am a (biological) woman/ I am a trans man

and ""waltz in anyway"" into a sex segregated bathroom?
",https://www.reddit.com/r/changemyview/comments/b5ryo6/cmv_we_shouldnt_abolish_the_binary_gender_system//ejftvz0/,0.354,0.4269174,0.05473421,0.31043148,0.43896464,0.25404143,0.06787856,1553627786.0,3,0,0,nerfnichtreddit,0.0,166.0,482.0,4610.0,5258.0
b5ryo6,ejfw64r,"Because once a biological woman has undergone sex change or transitioned, they are then a male. I feel like that's what you're thinking, a woman who has transitioned completely into a male saying ""I am biologically female"" - which is then wrong. They're still of an XX chromosomal type, but everything else biologically is male, including secondary sexual characteristics and a phallus.

In case you mean people in the middle of transitioning, then they should still be going to the bathroom of their original sex. ",https://www.reddit.com/r/changemyview/comments/b5ryo6/cmv_we_shouldnt_abolish_the_binary_gender_system//ejfw64r/,0.104,0.28087774,0.01121521,0.114160895,0.21668483,0.08558089,0.008789998,1553629160.0,1,0,0,[deleted],,,,,
b5ryo6,ejfxb01,"By your logic, should homosexuals still be classified as mentally ill because our sexuality is a minority?",https://www.reddit.com/r/changemyview/comments/b5ryo6/cmv_we_shouldnt_abolish_the_binary_gender_system//ejfxb01/,0.292,0.40336934,0.02258113,0.18049006,0.4931391,0.27146968,0.009178371,1553629841.0,3,0,0,[deleted],,,,,
b5ryo6,ejfxw76,"I really like how this post has changed from CMV to ""shit on the racist, xenophobic, transphobic, homophobic, (...) cunt! He's a bigot! I'm going to put words in his mouth!""

I think I'll stop replying to comments like yours from now. ",https://www.reddit.com/r/changemyview/comments/b5ryo6/cmv_we_shouldnt_abolish_the_binary_gender_system//ejfxw76/,0.596,0.85173553,0.45895407,0.80158395,0.46028158,0.72868866,0.33923563,1553630197.0,-2,0,0,[deleted],,,,,
b5ryo6,ejfyhmy,"It's a legitimate question. In the 1970s it was considered ""abnormal"" to be gay and there were people who found it to be an imposition on them to say that gay people are normal as well and to consider it a legitimate possibility someone may have a same sex partner.

Your response is quite hostile, and you might be frustrated, but I really do not care whether or not you are a ""good person"". I simply am wondering if this is a particular position held regarding nonbinary people or a general position you have about accommodations made to minority groups in society.",https://www.reddit.com/r/changemyview/comments/b5ryo6/cmv_we_shouldnt_abolish_the_binary_gender_system//ejfyhmy/,0.312,0.2854733,0.010223389,0.12220735,0.28622448,0.15840563,0.010291707,1553630568.0,3,0,0,[deleted],,,,,
b5ryo6,ejfyqjv,Just so you know trans people =/= non-binary people. Non-binary people are those who don't identify with either gender and trans people are those who dont identify with their birth sex (and gender if you believe sex and gender are linked) so not sure why you're pushing this bathroom thing since it has nothing to do with your premise about non-binary people ,https://www.reddit.com/r/changemyview/comments/b5ryo6/cmv_we_shouldnt_abolish_the_binary_gender_system//ejfyqjv/,0.042,0.38811707,0.023076924,0.22542313,0.44690517,0.24903896,0.012285355,1553630725.0,1,0,0,capitolsara,931.0,95.0,7844.0,113201.0,122071.0
b5ryo6,ejfzmsf,">In case you mean people in the middle of transitioning, then they should still be going to the bathroom of their original sex.

So what's stopping any man from saying ""I have a vagina"" (or ""I am in the middle of transitioning from female to male"") and waltz into the female bathroom to peep and jerk off?



",https://www.reddit.com/r/changemyview/comments/b5ryo6/cmv_we_shouldnt_abolish_the_binary_gender_system//ejfzmsf/,0.396,0.60254884,0.29621798,0.48510036,0.38208112,0.3388922,0.03304107,1553631283.0,1,0,0,nerfnichtreddit,0.0,166.0,482.0,4610.0,5258.0
b5ryo6,ejfzwom,"> Because once a biological woman has undergone sex change or transitioned, they are then a male.

This sentiment supports the concept of your sex/gender being based on your external physical attributes. It ignores that your brain is very much a physical component of your body, and it's there in the brain that people are Male or Female or SomethingElse.

There is no ""becoming a woman"" or ""becoming a man"". There are only techniques people use to make their outward appearance align with their internal sense of self so they don't feel a jarring reaction every time someone says they are something they are not.

I would strongly encourage you to educate yourself more on this issue, because you'll draw a lot of false conclusions if you don't understand the nature of how sex/gender really behaves scientifically as well as socially/culturally.
",https://www.reddit.com/r/changemyview/comments/b5ryo6/cmv_we_shouldnt_abolish_the_binary_gender_system//ejfzwom/,0.152,0.21107252,0.005722046,0.052183274,0.11976352,0.06319981,0.006938754,1553631457.0,1,0,0,Splive,182.0,85.0,3655.0,48753.0,52675.0
b5ryo6,ejg1u7u,"You dont have to engage. You can just say ""trans people do not fall into the category of non-binary people I am talking"" about and then not comment. You're choosing to let yourself get side tracked",https://www.reddit.com/r/changemyview/comments/b5ryo6/cmv_we_shouldnt_abolish_the_binary_gender_system//ejg1u7u/,0.125,0.23235008,0.007553101,0.07934829,0.2795294,0.05964688,0.008945347,1553632657.0,2,0,0,capitolsara,931.0,95.0,7844.0,113201.0,122071.0
b5ryo6,ejg2j7b,"Yeah, you're right. I didn't think of that, I guess I just had a really infallible opinion about this sub having only reasonable people.

Thanks for putting me back on track",https://www.reddit.com/r/changemyview/comments/b5ryo6/cmv_we_shouldnt_abolish_the_binary_gender_system//ejg2j7b/,-0.25,0.04166769,0.001764298,0.022833163,0.008657498,0.01617693,0.008505191,1553633091.0,1,0,0,[deleted],,,,,
b5ryo6,ejgg6nx,">That is why your gender identity is becoming a medical problem, because you refuse to tell the doctor what you are in favor of what you identify as.

I strongly suspect you're arguing against a straw man, as I find it very hard to believe there are a significant number of people who aren't forthcoming to their own doctors about their identity.",https://www.reddit.com/r/changemyview/comments/b5ryo6/cmv_we_shouldnt_abolish_the_binary_gender_system//ejgg6nx/,-0.021,0.52272606,0.34993178,0.27139977,0.5135796,0.36798462,0.08089764,1553642693.0,1,0,0,Andoverian,148.0,0.0,24.0,44073.0,44245.0
