post_id,comment_id,txt,url,offensiveness_score,Toxicity,Severe Toxicity,Profanity,Identity Attack,Insult,Threat,created,score,total_awards_received,controversiality,user,user_awardee_karma,user_awarder_karma,user_link_karma,user_comment_karma,user_total_karma
bdlby1,ekz4f32,Why’s everything historic burning down,https://www.bbc.co.uk/news/live/world-europe-47942176?ns_mchannel=social&ns_source=twitter&ns_campaign=bbc_live&ns_linkname=5cb4efcd739f020665817590%26%27Structure%20saved%27%262019-04-15T20%3A56%3A38.720Z&ns_fee=0&pinned_post_locator=urn:asset:c7acbbae-b2cf-48d0-9ffd-371cedcf3d30&pinned_post_asset_id=5cb4efcd739f020665817590&pinned_post_type=share/ekz4f32/,-0.062,0.15048122,0.006217957,0.037904397,0.013144426,0.022964163,0.034422375,1555366965.0,280,0,0,bananasplitsyourgirl,15.0,0.0,46.0,3885.0,3946.0
bdlby1,ekz5xhg,"Compared to the previous century, I think we're doing alright in the 2000s compared to 1900s so far on catastrophe.",https://www.bbc.co.uk/news/live/world-europe-47942176?ns_mchannel=social&ns_source=twitter&ns_campaign=bbc_live&ns_linkname=5cb4efcd739f020665817590%26%27Structure%20saved%27%262019-04-15T20%3A56%3A38.720Z&ns_fee=0&pinned_post_locator=urn:asset:c7acbbae-b2cf-48d0-9ffd-371cedcf3d30&pinned_post_asset_id=5cb4efcd739f020665817590&pinned_post_type=share/ekz5xhg/,-0.375,0.03781283,0.001592636,0.014293353,0.004550736,0.012984909,0.008893564,1555367979.0,588,0,0,[deleted],,,,,
bdlby1,ekzd73h,Mutually assured destruction will prevent that until shit really hits the fan for some reason. Clime change wars?,https://www.bbc.co.uk/news/live/world-europe-47942176?ns_mchannel=social&ns_source=twitter&ns_campaign=bbc_live&ns_linkname=5cb4efcd739f020665817590%26%27Structure%20saved%27%262019-04-15T20%3A56%3A38.720Z&ns_fee=0&pinned_post_locator=urn:asset:c7acbbae-b2cf-48d0-9ffd-371cedcf3d30&pinned_post_asset_id=5cb4efcd739f020665817590&pinned_post_type=share/ekzd73h/,0.304,0.6827122,0.1597006,0.7181329,0.03223813,0.35849577,0.09316374,1555373205.0,8,0,0,SleazyMak,350.0,507.0,1369.0,154398.0,156624.0
bdlby1,el09lx7,"Being from Poland, i fucking agree",https://www.bbc.co.uk/news/live/world-europe-47942176?ns_mchannel=social&ns_source=twitter&ns_campaign=bbc_live&ns_linkname=5cb4efcd739f020665817590%26%27Structure%20saved%27%262019-04-15T20%3A56%3A38.720Z&ns_fee=0&pinned_post_locator=urn:asset:c7acbbae-b2cf-48d0-9ffd-371cedcf3d30&pinned_post_asset_id=5cb4efcd739f020665817590&pinned_post_type=share/el09lx7/,0.553,0.6744087,0.18844056,0.83974665,0.2877625,0.27558193,0.009981008,1555405697.0,2,0,0,loki221bxyz,0.0,0.0,3943.0,1960.0,5903.0
bdlby1,el0r56w,"That's a good guess, but as some of us know. A gothic structure lacking the roof isn't very stable anymore. After a fire even less...",https://www.bbc.co.uk/news/live/world-europe-47942176?ns_mchannel=social&ns_source=twitter&ns_campaign=bbc_live&ns_linkname=5cb4efcd739f020665817590%26%27Structure%20saved%27%262019-04-15T20%3A56%3A38.720Z&ns_fee=0&pinned_post_locator=urn:asset:c7acbbae-b2cf-48d0-9ffd-371cedcf3d30&pinned_post_asset_id=5cb4efcd739f020665817590&pinned_post_type=share/el0r56w/,-0.229,0.026617315,0.001478195,0.015079016,0.005660672,0.010514895,0.00967031,1555424521.0,2,0,0,HockevonderBar,25.0,12.0,,,37.0
bdlby1,el0vx39,Who actually cares it’s just a building,https://www.bbc.co.uk/news/live/world-europe-47942176?ns_mchannel=social&ns_source=twitter&ns_campaign=bbc_live&ns_linkname=5cb4efcd739f020665817590%26%27Structure%20saved%27%262019-04-15T20%3A56%3A38.720Z&ns_fee=0&pinned_post_locator=urn:asset:c7acbbae-b2cf-48d0-9ffd-371cedcf3d30&pinned_post_asset_id=5cb4efcd739f020665817590&pinned_post_type=share/el0vx39/,-0.438,0.17285149,0.006065369,0.07643871,0.008842488,0.0314771,0.008246276,1555427763.0,-9,0,0,[deleted],,,,,
bdlby1,el0yeua,Now I regret not visiting it.,https://www.bbc.co.uk/news/live/world-europe-47942176?ns_mchannel=social&ns_source=twitter&ns_campaign=bbc_live&ns_linkname=5cb4efcd739f020665817590%26%27Structure%20saved%27%262019-04-15T20%3A56%3A38.720Z&ns_fee=0&pinned_post_locator=urn:asset:c7acbbae-b2cf-48d0-9ffd-371cedcf3d30&pinned_post_asset_id=5cb4efcd739f020665817590&pinned_post_type=share/el0yeua/,-0.532,0.044388983,0.001792908,0.016411226,0.00466173,0.011920903,0.009359611,1555429301.0,1,0,0,findey137,0.0,0.0,3.0,-19.0,-16.0
bdlby1,el118aj,I'm so glad it stayed up.  However I hope this will serve as a warning to bring these world heritage sites up to fire code.,https://www.bbc.co.uk/news/live/world-europe-47942176?ns_mchannel=social&ns_source=twitter&ns_campaign=bbc_live&ns_linkname=5cb4efcd739f020665817590%26%27Structure%20saved%27%262019-04-15T20%3A56%3A38.720Z&ns_fee=0&pinned_post_locator=urn:asset:c7acbbae-b2cf-48d0-9ffd-371cedcf3d30&pinned_post_asset_id=5cb4efcd739f020665817590&pinned_post_type=share/el118aj/,-0.125,0.059974585,0.002231598,0.017914234,0.007806548,0.014732921,0.026479885,1555430944.0,3,0,0,mattdan79,28.0,0.0,11444.0,36120.0,47592.0
bdlby1,el1acqj,Was so sad when I heard the news that it was burning 💔😢😭,https://www.bbc.co.uk/news/live/world-europe-47942176?ns_mchannel=social&ns_source=twitter&ns_campaign=bbc_live&ns_linkname=5cb4efcd739f020665817590%26%27Structure%20saved%27%262019-04-15T20%3A56%3A38.720Z&ns_fee=0&pinned_post_locator=urn:asset:c7acbbae-b2cf-48d0-9ffd-371cedcf3d30&pinned_post_asset_id=5cb4efcd739f020665817590&pinned_post_type=share/el1acqj/,-0.333,0.121732734,0.006752014,0.040910475,0.007547563,0.014124917,0.05236103,1555436461.0,1,0,0,LittleLonelyGirl1982,0.0,0.0,15.0,8.0,23.0
bdlby1,el1m80y,Does anyone know if the Joan or arc state is still intact or was it lost?,https://www.bbc.co.uk/news/live/world-europe-47942176?ns_mchannel=social&ns_source=twitter&ns_campaign=bbc_live&ns_linkname=5cb4efcd739f020665817590%26%27Structure%20saved%27%262019-04-15T20%3A56%3A38.720Z&ns_fee=0&pinned_post_locator=urn:asset:c7acbbae-b2cf-48d0-9ffd-371cedcf3d30&pinned_post_asset_id=5cb4efcd739f020665817590&pinned_post_type=share/el1m80y/,-0.404,0.023788974,0.001134872,0.013063621,0.004476741,0.009032886,0.008298059,1555443530.0,1,0,0,SquiddyTidddy,0.0,0.0,36.0,8.0,44.0
bdlby1,el1rdcn,a fire broke out at the Al-Aqse mosque compound in Jerusalem on Monday around the same time as the blaze that ravaged the Norte dame.,https://www.bbc.co.uk/news/live/world-europe-47942176?ns_mchannel=social&ns_source=twitter&ns_campaign=bbc_live&ns_linkname=5cb4efcd739f020665817590%26%27Structure%20saved%27%262019-04-15T20%3A56%3A38.720Z&ns_fee=0&pinned_post_locator=urn:asset:c7acbbae-b2cf-48d0-9ffd-371cedcf3d30&pinned_post_asset_id=5cb4efcd739f020665817590&pinned_post_type=share/el1rdcn/,-0.083,0.044141594,0.00246048,0.020988565,0.028418748,0.012072904,0.02855184,1555446573.0,2,0,0,PrabirPrasd,0.0,0.0,5076.0,64.0,5140.0
bdlby1,el2t8dw,"Can someone explain to me what they are gonna spend the 700 plus million dollars in donations on to ""rebuild"" this? From the pics and videos I saw of the inside...it seems like not that much to fix. They could literally build like 100 of these churches with that amount of money.",https://www.bbc.co.uk/news/live/world-europe-47942176?ns_mchannel=social&ns_source=twitter&ns_campaign=bbc_live&ns_linkname=5cb4efcd739f020665817590%26%27Structure%20saved%27%262019-04-15T20%3A56%3A38.720Z&ns_fee=0&pinned_post_locator=urn:asset:c7acbbae-b2cf-48d0-9ffd-371cedcf3d30&pinned_post_asset_id=5cb4efcd739f020665817590&pinned_post_type=share/el2t8dw/,0.0,0.067380086,0.002288818,0.021740068,0.022590388,0.022899706,0.007819066,1555473959.0,3,0,0,benjohn87,164.0,0.0,4120.0,10902.0,15186.0
bdlby1,el690gw,Look the budget was 8 million for renovations before the fire. Now the fire happen and now they get 800 million. You can predict who burn the church and where the rest of the money is heading. All roads lead to Rome.,https://www.bbc.co.uk/news/live/world-europe-47942176?ns_mchannel=social&ns_source=twitter&ns_campaign=bbc_live&ns_linkname=5cb4efcd739f020665817590%26%27Structure%20saved%27%262019-04-15T20%3A56%3A38.720Z&ns_fee=0&pinned_post_locator=urn:asset:c7acbbae-b2cf-48d0-9ffd-371cedcf3d30&pinned_post_asset_id=5cb4efcd739f020665817590&pinned_post_type=share/el690gw/,-0.283,0.11429678,0.005111694,0.014327513,0.051580742,0.021675033,0.055270568,1555577854.0,2,0,0,ironinferno,0.0,0.0,1323.0,2271.0,3594.0
bdlby1,enmg7bm,People would rather donate to a single building than the whole earth burning down. Smh,https://www.bbc.co.uk/news/live/world-europe-47942176?ns_mchannel=social&ns_source=twitter&ns_campaign=bbc_live&ns_linkname=5cb4efcd739f020665817590%26%27Structure%20saved%27%262019-04-15T20%3A56%3A38.720Z&ns_fee=0&pinned_post_locator=urn:asset:c7acbbae-b2cf-48d0-9ffd-371cedcf3d30&pinned_post_asset_id=5cb4efcd739f020665817590&pinned_post_type=share/enmg7bm/,0.042,0.21374844,0.009346008,0.056441884,0.011099357,0.030485468,0.11922921,1557931363.0,1,0,0,Lafie-Safie,0.0,0.0,5208.0,4047.0,9255.0
