post_id,comment_id,txt,url,offensiveness_score,Toxicity,Severe Toxicity,Profanity,Identity Attack,Insult,Threat,created,score,total_awards_received,controversiality,user,user_awardee_karma,user_awarder_karma,user_link_karma,user_comment_karma,user_total_karma
aj151b,eervgva,"Because the line up to the women's is always longer and you're taking away one of the few advantages we males get in a social setting like that :)  :)

&#x200B;

(Sorry - best i could do.)",https://www.reddit.com/r/changemyview/comments/aj151b/cmv_all_public_restrooms_that_contain_only_a//eervgva/,-0.312,0.121732734,0.003738403,0.02932342,0.10221587,0.028171662,0.00756015,1548260022.0,154,0,0,Foxer604,681.0,0.0,,,681.0
aj151b,eervqsj,"That was the one downside I did see as a Male, but hey gender equality I guess.",https://www.reddit.com/r/changemyview/comments/aj151b/cmv_all_public_restrooms_that_contain_only_a//eervqsj/,-0.104,0.09394901,0.002861023,0.026044132,0.060675595,0.018967867,0.007081157,1548260218.0,34,0,0,Burke_Of_Yorkshire,340.0,0.0,11041.0,105710.0,117091.0
aj151b,eerxipd,"Well seriously, why not. I mean - maybe they were worried that if men and women were passing each other entering the bathroom men might say something inappropriate and offend the ladies, like 'sorry for the delay ma'am, takes a while to get that feller back under control once he's let out"" or something like that?  I don't know.... ",https://www.reddit.com/r/changemyview/comments/aj151b/cmv_all_public_restrooms_that_contain_only_a//eerxipd/,0.146,0.20009702,0.006637573,0.072882555,0.058856625,0.0836065,0.011586283,1548261431.0,18,0,0,Foxer604,681.0,0.0,,,681.0
aj151b,eery11d,"Yeah I can see the harassment angle, but it just feels like it would be too infrequent to be a real issue.",https://www.reddit.com/r/changemyview/comments/aj151b/cmv_all_public_restrooms_that_contain_only_a//eery11d/,-0.239,0.10045706,0.003318787,0.038655918,0.010951365,0.018452216,0.013321015,1548261791.0,10,0,0,Burke_Of_Yorkshire,340.0,0.0,11041.0,105710.0,117091.0
aj151b,eerytho,I agree. Its just a bit of left over old school thinking that nobody's really given any thought to. ,https://www.reddit.com/r/changemyview/comments/aj151b/cmv_all_public_restrooms_that_contain_only_a//eerytho/,-0.396,0.045873325,0.00108242,0.012722028,0.007399572,0.020837102,0.006375613,1548262339.0,2,0,0,Foxer604,681.0,0.0,,,681.0
aj151b,eerzz96,"Its the whole reason there are two bathrooms in the first place. Men dont care if women use theirs, most women are going to flip out if a man is in their bathroom",https://www.reddit.com/r/changemyview/comments/aj151b/cmv_all_public_restrooms_that_contain_only_a//eerzz96/,0.125,0.23198941,0.007209778,0.09260304,0.19298288,0.039737478,0.009566744,1548263121.0,18,0,0,blaketank,0.0,0.0,,,0.0
aj151b,ees09jk,I can imagine people probably wouldn't want to take a stinky sloppy dump and then open the door to someone of the opposite sex waiting to enter.,https://www.reddit.com/r/changemyview/comments/aj151b/cmv_all_public_restrooms_that_contain_only_a//ees09jk/,0.583,0.42129645,0.023076924,0.31402156,0.11976352,0.26957804,0.018192071,1548263315.0,18,0,0,HappensALot,85.0,0.0,2610.0,42950.0,45645.0
aj151b,ees0sp1,"I actually do, cant shit when i know female strangers are around. The same way i cant us urinals if anybody else is using them. ",https://www.reddit.com/r/changemyview/comments/aj151b/cmv_all_public_restrooms_that_contain_only_a//ees0sp1/,0.146,0.6852916,0.16960317,0.7673477,0.36702603,0.36537176,0.012492486,1548263666.0,6,0,0,Emochind,119.0,79.0,884.0,37637.0,38719.0
aj151b,ees38dg,"Wow, what a gender stereotype right there. ",https://www.reddit.com/r/changemyview/comments/aj151b/cmv_all_public_restrooms_that_contain_only_a//ees38dg/,-0.062,0.112953395,0.002155304,0.015728042,0.05612817,0.030485468,0.005928984,1548265263.0,10,0,0,[deleted],,,,,
aj151b,ees3tb6,"Also, women are apparently disgusting in the bathroom.

I haven't had to clean toilets in a while, but when I did the women's room was typically 10x worse.

",https://www.reddit.com/r/changemyview/comments/aj151b/cmv_all_public_restrooms_that_contain_only_a//ees3tb6/,0.104,0.5779532,0.05832097,0.25549942,0.5516043,0.5130944,0.009722093,1548265641.0,8,0,0,ITworksGuys,1680.0,0.0,41543.0,352218.0,395441.0
aj151b,ees732l,"I mean, go try it out",https://www.reddit.com/r/changemyview/comments/aj151b/cmv_all_public_restrooms_that_contain_only_a//ees732l/,-0.646,0.11912931,0.004997253,0.04141149,0.004735726,0.025413504,0.019228047,1548267803.0,18,0,0,blaketank,0.0,0.0,,,0.0
aj151b,ees7ln9,"I have, it's called a gender neutral bathroom and no one has had a problem.",https://www.reddit.com/r/changemyview/comments/aj151b/cmv_all_public_restrooms_that_contain_only_a//ees7ln9/,-0.229,0.08320791,0.002288818,0.024404489,0.042292643,0.016100928,0.006699257,1548268143.0,5,0,1,[deleted],,,,,
aj151b,ees9zy4,"Not with a gender neutral restroom as you are arguing, but u/blaketank said gender-specific restroom.",https://www.reddit.com/r/changemyview/comments/aj151b/cmv_all_public_restrooms_that_contain_only_a//ees9zy4/,-0.146,0.051810697,0.001707077,0.02023706,0.028418748,0.014352918,0.00675104,1548269731.0,10,0,0,wellwaffled,2782.0,1611.0,28841.0,265083.0,298317.0
aj151b,eesal2c,"Women's and men's multi-use bathrooms are separated for safety, it has nothing to do with women being offended at the concept of using a toilet a man has also used. A single use stall would never have that issue.

Women are concerned about having a man in the women's room because of the worry that a man can easily overpower them in an attack and especially in an enclosed room which is not nearly a concern for men due to strength differences.",https://www.reddit.com/r/changemyview/comments/aj151b/cmv_all_public_restrooms_that_contain_only_a//eesal2c/,0.167,0.11347008,0.003433228,0.022901481,0.09410924,0.031256735,0.008686432,1548270130.0,2,0,0,[deleted],,,,,
aj151b,eesc024,"I leave it in the toilet, kind of a dare to do better thing. ",https://www.reddit.com/r/changemyview/comments/aj151b/cmv_all_public_restrooms_that_contain_only_a//eesc024/,-0.13,0.112746716,0.003185272,0.037904397,0.002663846,0.028722567,0.008181547,1548271077.0,5,0,0,paradigmx,81.0,0.0,3221.0,58022.0,61324.0
aj151b,eescck4,"I don’t disagree with that (though I have additional arguments), but I still feel like you’re missing the point of this particular thread. If you [I’m assuming male due to context], hop in the line for a single-occupancy women’s restroom, it is going to be a point of contention.",https://www.reddit.com/r/changemyview/comments/aj151b/cmv_all_public_restrooms_that_contain_only_a//eescck4/,0.083,0.121732734,0.005149841,0.073529124,0.06522302,0.03768798,0.010628296,1548271308.0,3,0,0,wellwaffled,2782.0,1611.0,28841.0,265083.0,298317.0
aj151b,eesclgt,I mean does it really have to have anything to do with gender to provide urinals? If you have the right kit (or are brave enough) I don’t see anything wrong with providing facilities for a quick #1,https://www.reddit.com/r/changemyview/comments/aj151b/cmv_all_public_restrooms_that_contain_only_a//eesclgt/,0.021,0.1883923,0.007896423,0.10023434,0.0543092,0.032468732,0.009851551,1548271468.0,4,0,0,SpookyLlama,15.0,194.0,67807.0,501665.0,569681.0
aj151b,eescmpl,It really wouldn't if there was a reason the men's one isn't available. The only way that would he contentious is if there was no line for the men's and a guy decided to stand in line for the women's and make the line longer for no reason.,https://www.reddit.com/r/changemyview/comments/aj151b/cmv_all_public_restrooms_that_contain_only_a//eescmpl/,-0.104,0.03592727,0.0010252,0.01265371,0.022992345,0.011312899,0.006925808,1548271491.0,2,0,0,[deleted],,,,,
aj151b,eesdgpx,"Let’s try this another way. There is a clearly marked men’s room and women’s room (single occupancy). There are 4 men  and three women in the respective lines (with the understanding that more people will add to the line within the next few minutes because that’s how bladders work). Are you saying you think it would be smooth sailing if you were to get into the shorter [women’s] line? Obviously you will get some funny looks at a minimum and even though it’s single-occupancy, I will wager that your presence will make the women uncomfortable.

Am I wrong? Am I misunderstanding your argument?",https://www.reddit.com/r/changemyview/comments/aj151b/cmv_all_public_restrooms_that_contain_only_a//eesdgpx/,0.0,0.11336674,0.004062653,0.040158957,0.059311368,0.032799274,0.009955117,1548272039.0,3,0,0,wellwaffled,2782.0,1611.0,28841.0,265083.0,298317.0
aj151b,eesfgtt,"Why would we feel uncomfortable with a man just waiting in line? If it's a single person bathroom, there's no risk. You'd get some funny looks because that situation would almost never happen, but no woman would flip out as the original poster said. Women would only flip out if there was no line for the men's bathroom but a man was waiting in the women's line because it would be holding up their line for no reason as the man could go to his bathroom with zero line. Otherwise most people would think it's odd and keep to themselves or ask why they are waiting in the women's line but no flip outs.",https://www.reddit.com/r/changemyview/comments/aj151b/cmv_all_public_restrooms_that_contain_only_a//eesfgtt/,0.044,0.10566349,0.002975464,0.031391226,0.047448806,0.025800243,0.008492245,1548273383.0,1,0,0,[deleted],,,,,
aj151b,eesvuoc,"This is one of the reasons why I don't like the idea of gender neutral restrooms being the norm. It sounds nice, but it's still just every day people together in a potentially vulnerable and sensitive place. Some dickhead WILL harass, flash, or watch them (and more), and vice versa. I think it could work more smoothly in some places, but not all. ",https://www.reddit.com/r/changemyview/comments/aj151b/cmv_all_public_restrooms_that_contain_only_a//eesvuoc/,0.354,0.45243698,0.038593806,0.4840093,0.21075934,0.40243408,0.050744623,1548284475.0,1,0,0,riderbug,0.0,0.0,366.0,4496.0,4862.0
aj151b,eetc73i,"I once went to clean the women's bathroom at a food service job, and discovered that someone had somehow managed to apply shit to the ceiling. I mean, I respect a hustler-- but *damn*.",https://www.reddit.com/r/changemyview/comments/aj151b/cmv_all_public_restrooms_that_contain_only_a//eetc73i/,0.167,0.6827122,0.16960317,0.7809412,0.2331515,0.39297962,0.016465442,1548296796.0,1,0,0,nonsensepoem,1601.0,15.0,11886.0,382471.0,395973.0
aj151b,eetzv8e,"The assumption here is that this is a new idea.  In Japan it is pretty much how it's done already.  Quite common for there to be a single toilet used by everyone, and very common for there to be a men's/women's combined, usually with sit down toilet and change facilities, paired with a men's only toilet equipped with just a urinal to save space.  

Necessity, invention and all that.  Not a new idea, not controversial, works brilliantly.",https://www.reddit.com/r/changemyview/comments/aj151b/cmv_all_public_restrooms_that_contain_only_a//eetzv8e/,-0.042,0.081625134,0.002593994,0.026454043,0.028886627,0.027730936,0.007068211,1548321262.0,1,0,0,felichs_da_katze,0.0,0.0,238.0,7581.0,7819.0
aj151b,eeu0dr5,You mean unisex...gender neutral is such a stupid term.,https://www.reddit.com/r/changemyview/comments/aj151b/cmv_all_public_restrooms_that_contain_only_a//eeu0dr5/,0.319,0.68408644,0.023692908,0.4131548,0.27914262,0.6336687,0.008440462,1548322105.0,2,0,0,SarahMerigold,131.0,172.0,,,303.0
aj151b,eeu3f5p,"I'm way late, but I remember making small talk on this topic while waiting in line for a single toilet restroom. Men's one didn't even have a urinal.

Unintentionally ended up convincing the guy I was talking to head on in to the women's toilet since it didn't have a line.",https://www.reddit.com/r/changemyview/comments/aj151b/cmv_all_public_restrooms_that_contain_only_a//eeu3f5p/,-0.188,0.1991664,0.008735657,0.119731516,0.044870727,0.06512285,0.010369381,1548326729.0,1,0,0,FungusForge,148.0,0.0,3056.0,60279.0,63483.0
aj151b,eeu9gu2,"Once went to a place that had a gender neutral bathroom...

and a men’s bathroom beside it?
🤔",https://www.reddit.com/r/changemyview/comments/aj151b/cmv_all_public_restrooms_that_contain_only_a//eeu9gu2/,-0.146,0.11367676,0.002632141,0.017436003,0.06658725,0.023221988,0.006395032,1548334872.0,1,0,0,Missing_Creativity,0.0,0.0,24183.0,39375.0,63558.0
aj151b,eeu9ma0,"I think it could simply boil down to this: 

If you had some restaurant do a poll (customers could fill out a brief card when they come in) asking if they would want the bathroom(s) available to instead be gender-neutral, you know a majority will say they do not want it to be that way.

I'm not saying that's right/moral, but I'm saying that if something like 70% of customers are in disagreement/upset by something like that, that could affect the store's business.",https://www.reddit.com/r/changemyview/comments/aj151b/cmv_all_public_restrooms_that_contain_only_a//eeu9ma0/,0.021,0.06104896,0.002422333,0.029460056,0.018972786,0.022706337,0.008531082,1548335039.0,1,0,0,Tony_Pizza_Guy,182.0,0.0,611.0,13804.0,14597.0
aj151b,eeu9pz3,Why do you hate baby Jesus so much?,https://www.reddit.com/r/changemyview/comments/aj151b/cmv_all_public_restrooms_that_contain_only_a//eeu9pz3/,0.167,0.2820025,0.009117126,0.07191269,0.2127345,0.06921569,0.010058682,1548335154.0,1,0,0,Higgs-Bosun,3315.0,33.0,75985.0,17192.0,96525.0
aj151b,eeuam3p,"In Japan, where our space is very limited wherever you go, cafes and restaurants often have a single stall restroom for women and another single stall one with a men / women mark. The neutral one is usually smaller and doesn’t  have napkin disposals, or a basket w extra napkins (many japanese restaurants have these for ladies w emergencies). Works very well, since ladies tend to be in there longer for natural reasons and could always use the extra stall :)",https://www.reddit.com/r/changemyview/comments/aj151b/cmv_all_public_restrooms_that_contain_only_a//eeuam3p/,-0.125,0.048594624,0.00207901,0.024951037,0.034042787,0.017420914,0.00713294,1548336031.0,1,0,0,hht72,0.0,0.0,3458.0,1429.0,4887.0
aj151b,eeucsnd,"That's a law where I live, but that's in SoCal. ",https://www.reddit.com/r/changemyview/comments/aj151b/cmv_all_public_restrooms_that_contain_only_a//eeucsnd/,-0.562,0.017718147,0.000925064,0.013815125,0.006141644,0.008690883,0.00675104,1548338010.0,1,0,0,hugsarelife,0.0,0.0,115.0,3034.0,3149.0
aj151b,eeudd1m,"I’ve gone a lot of places where they are gender neutral. They just say “restroom”

My one counter point would be simply hygiene. I’m a man and I know how many of us has shit aim when peeing. So it would suck for women to have to clean the seat before sitting down.",https://www.reddit.com/r/changemyview/comments/aj151b/cmv_all_public_restrooms_that_contain_only_a//eeudd1m/,0.208,0.5721988,0.16960317,0.6321197,0.4139151,0.40243408,0.021472665,1548338503.0,1,0,0,SpecialSauce92,135.0,0.0,2312.0,22904.0,25351.0
aj151b,eeuegei,the space differences dont allow for this,https://www.reddit.com/r/changemyview/comments/aj151b/cmv_all_public_restrooms_that_contain_only_a//eeuegei/,-0.542,0.05255287,0.002117157,0.019622196,0.007954539,0.01309891,0.007482476,1548339380.0,1,0,0,[deleted],,,,,
aj151b,eeuer43,"Why are people looking for permission to take a shit. If the door has a lock it’s a one toilet bathroom. If you think a little sign is stopping people from shitting their pants, I guess you’ve shit yourself then.

",https://www.reddit.com/r/changemyview/comments/aj151b/cmv_all_public_restrooms_that_contain_only_a//eeuer43/,0.583,0.8629672,0.35368225,0.84995824,0.04693319,0.54471385,0.04029291,1548339604.0,1,0,0,jjermainee,0.0,0.0,1.0,883.0,884.0
aj151b,eeues5x,"I'll change your view even further: No restrooms should be labelled by gender. Gender segregation is an antiquated practice from a time when it was believed that seeing a woman's ankle was an immodesty. It's 2018 and we're all adults. There's no reason a man can't handle washing his hands at the same sink as a woman, or vice versa ",https://www.reddit.com/r/changemyview/comments/aj151b/cmv_all_public_restrooms_that_contain_only_a//eeues5x/,-0.021,0.19124292,0.006980896,0.055940874,0.12440576,0.061976057,0.011379151,1548339625.0,2,0,0,PraiseCanada,0.0,0.0,3301.0,1290.0,4591.0
aj151b,eeug0an,This makes sense. However I would not want it to happen because the queue at the women's toilet is way longer than the line at the men's one.,https://www.reddit.com/r/changemyview/comments/aj151b/cmv_all_public_restrooms_that_contain_only_a//eeug0an/,-0.208,0.121732734,0.00328064,0.032894265,0.09410924,0.028612386,0.007197669,1548340554.0,1,0,0,TeunvZ,0.0,8.0,1127.0,2416.0,3551.0
aj151b,eeuimz7,Sorry women you don't get to trash up the male bathroom too! Just kidding but as someone who has worked in retail for awhile the female bathroom almost always seems to be more dirty than the males.,https://www.reddit.com/r/changemyview/comments/aj151b/cmv_all_public_restrooms_that_contain_only_a//eeuimz7/,0.208,0.4013387,0.019998873,0.1612468,0.4054415,0.3486032,0.008323951,1548342354.0,1,0,0,EpochAzshara,0.0,0.0,1.0,1277.0,1278.0
aj151b,eeunroq,"There is no changing your view because you are right!

I’ll use a single men’s room if it’s available and I need to, especially when I was pregnant I would do this often at work. The door locks anyway and there’s always a garbage for whatever you need to toss that can’t go down a toilet. 

",https://www.reddit.com/r/changemyview/comments/aj151b/cmv_all_public_restrooms_that_contain_only_a//eeunroq/,0.062,0.14429577,0.003414154,0.038154904,0.011691323,0.06582214,0.007262398,1548345668.0,1,0,0,KRHFOUR,18.0,0.0,646.0,5140.0,5804.0
aj151b,eeusg0j,"Unisex bathrooms, quite the specialty. Having 2 unisex bathrooms in a small store like McDonalds or Subway would be smarter than telling people they have to wait for a specific bathroom. Furthermore the specialty items that each gender uses (hygiene disposal stations and urinals) does not affect the other gender for it being there as long as it's used correctly. 

Unisex bathrooms have also gone by the name family bathrooms and gender neutral. 

But yes, single toilet can be considered unisex. Women will just have to throw their tampons/pads in the trash which could smell more than putting it in the specialty disposal box?!? I don't know about the box, cause I'm a guy. ",https://www.reddit.com/r/changemyview/comments/aj151b/cmv_all_public_restrooms_that_contain_only_a//eeusg0j/,0.312,0.112953395,0.002765656,0.02522431,0.056582913,0.026960457,0.006828715,1548348794.0,1,0,0,etoneishayeuisky,579.0,127.0,4189.0,69493.0,74388.0
aj151b,eev0rw7,Edit: was referring to multi-user gender neutral restrooms. ,https://www.reddit.com/r/changemyview/comments/aj151b/cmv_all_public_restrooms_that_contain_only_a//eev0rw7/,-0.152,0.063027434,0.00210762,0.019758832,0.04693319,0.017088935,0.007119995,1548354040.0,1,0,0,riderbug,0.0,0.0,366.0,4496.0,4862.0
aj151b,eew4jcc,So all my Dr office only have one gender neutral bathroom and the only issue I had was after and older gentleman used the bathroom I could not until it was cleaned. Every single use men's room I've used has been gross and wouldn't have used it if I could wait.,https://www.reddit.com/r/changemyview/comments/aj151b/cmv_all_public_restrooms_that_contain_only_a//eew4jcc/,-0.083,0.3047732,0.014705247,0.13256322,0.22707681,0.17858955,0.010680079,1548380260.0,1,0,0,jaimelee82sha,0.0,0.0,1.0,759.0,760.0
aj151b,efuoucl,"Really it’s not that big an issue, but if there happens to be a line, men can use the restroom much faster than women, and it’s kinda an inconvenience to wait 2-3 minutes per person for 20 seconds of bathroom time.

This is assuming a line forms at a single stall bathroom though... and that barely ever happens",https://www.reddit.com/r/changemyview/comments/aj151b/cmv_all_public_restrooms_that_contain_only_a//efuoucl/,-0.188,0.09915545,0.003585815,0.040158957,0.04641757,0.023995465,0.008181547,1549430755.0,1,0,0,InBreadDough,0.0,0.0,3725.0,37024.0,40749.0
aj151b,ekfj1cc,If there is one toilet then go for it. But if you are a woman I will warn you that there will always be urine on the seat.,https://www.reddit.com/r/changemyview/comments/aj151b/cmv_all_public_restrooms_that_contain_only_a//ekfj1cc/,0.149,0.31963667,0.012962224,0.16822512,0.23618884,0.12521741,0.014048163,1554767415.0,1,0,0,moose184,486.0,0.0,4092.0,38227.0,42805.0
aj151b,elrx6gk,"The hospital has 8 bogs here in dover each a one bog room with a sink, 6 f 2 m, all identical I'd have just labeled them toilets",https://www.reddit.com/r/changemyview/comments/aj151b/cmv_all_public_restrooms_that_contain_only_a//elrx6gk/,-0.438,0.09915545,0.003108978,0.026044132,0.006437627,0.028392024,0.007055265,1556224216.0,1,0,0,Iwantmyteslanow,15696.0,2916.0,,,18612.0
