post_id,comment_id,txt,url,offensiveness_score,Toxicity,Severe Toxicity,Profanity,Identity Attack,Insult,Threat,created,score,total_awards_received,controversiality,user,user_awardee_karma,user_awarder_karma,user_link_karma,user_comment_karma,user_total_karma
5o8dmo,dchfjnc,"I don't like to share that stuff on FB. Its like another form of PDA, I don't like PDA.

If she is not telling her friends and family then you need to worry",https://www.reddit.com/r/AskMen/comments/5o8dmo/if_your_girlfriend_didnt_want_to_make_your//dchfjnc/,-0.167,0.085582085,0.002651215,0.032142747,0.006770608,0.017292,0.009048914,1484537687.0,2,0,0,Wow_youre_tall,319.0,0.0,239.0,138370.0,138928.0
5o8dmo,dchqqqf,"Totally agree. My BF and I still aren't 'Facebook' official, but TBH anyone we care about already knows we're a thing, and a good stalker could tell from our shared pictures - just means only our 'friends' can tell. The world doesn't have to know. And you avoid the fallout of 'ending' a relationship on FB...

Having it set as single is something else though.",https://www.reddit.com/r/AskMen/comments/5o8dmo/if_your_girlfriend_didnt_want_to_make_your//dchqqqf/,-0.104,0.10956833,0.003261566,0.068967216,0.006474625,0.03588435,0.008013252,1484560182.0,32,0,0,ayeayefitlike,690.0,117.0,1810.0,107333.0,109950.0
5o8dmo,dchrquh,"Just to be sure, when you say she's ""married"" to somebody else, you mean she's married to, say, her friend Tina that she hangs out with all the time, and not her Ex-Husband. Right?",https://www.reddit.com/r/AskMen/comments/5o8dmo/if_your_girlfriend_didnt_want_to_make_your//dchrquh/,-0.064,0.10783285,0.002784729,0.026727317,0.008176526,0.028502205,0.009074804,1484563442.0,15,0,0,Stormfly,2362.0,66.0,42644.0,658224.0,703296.0
5o8dmo,dchtrsk,Right! I'd be a lot less into it if it were an ex.  ,https://www.reddit.com/r/AskMen/comments/5o8dmo/if_your_girlfriend_didnt_want_to_make_your//dchtrsk/,-0.271,0.043646812,0.001344681,0.017094411,0.003200315,0.014732921,0.007288289,1484569735.0,10,0,0,Shevyshev,458.0,0.0,3520.0,95951.0,99929.0
5o8dmo,dchura3,Here's an even better idea: Fuck social media,https://www.reddit.com/r/AskMen/comments/5o8dmo/if_your_girlfriend_didnt_want_to_make_your//dchura3/,0.562,0.9248995,0.45895407,0.9205162,0.11280017,0.48627716,0.0347677,1484572251.0,1,0,0,PBody97,0.0,0.0,504.0,6088.0,6592.0
5o8dmo,dchw4y0,"Ughhh yeah.  The worst thing ever was actually finding out my ex deleted all her pictures of me off of her FB.  She had some really good ones of me I wanted to use for my online dating profiles.  Simultaneously finding out she was seeing someone else, realizing how lonely I was, and not have those sweet pics really did a number on me.... fucking facebook",https://www.reddit.com/r/AskMen/comments/5o8dmo/if_your_girlfriend_didnt_want_to_make_your//dchw4y0/,0.583,0.6667219,0.35058254,0.66456485,0.089145996,0.34237885,0.04098356,1484575139.0,3,0,0,VenomOnKiller,153.0,0.0,697.0,19848.0,20698.0
5o8dmo,dchy36j,"Yeah, that's how I lost all of my senior prom pictures. Boyfriend's mom took them all and he posted them on his profile, but after we broke up they disappeared.",https://www.reddit.com/r/AskMen/comments/5o8dmo/if_your_girlfriend_didnt_want_to_make_your//dchy36j/,-0.062,0.05280026,0.00246048,0.030639706,0.006437627,0.012110904,0.009100696,1484578496.0,1,0,0,RaichuRose,167.0,0.0,3340.0,12406.0,15913.0
5o8dmo,dcix1ln,"As long as we're having consistant sex, I don't really care.
",https://www.reddit.com/r/AskMen/comments/5o8dmo/if_your_girlfriend_didnt_want_to_make_your//dcix1ln/,0.255,0.4394682,0.016771052,0.31043148,0.012061302,0.043250903,0.008362788,1484621372.0,1,0,0,[deleted],,,,,
5o8dmo,dck3hql,I'd feel confused why my girlfriend has her relationship status on her social media.,https://www.reddit.com/r/AskMen/comments/5o8dmo/if_your_girlfriend_didnt_want_to_make_your//dck3hql/,-0.5,0.036870047,0.001449585,0.023243073,0.006844604,0.010020891,0.007275343,1484689967.0,1,0,0,odjebibre,0.0,0.0,,,0.0
