post_id,comment_id,txt,url,offensiveness_score,Toxicity,Severe Toxicity,Profanity,Identity Attack,Insult,Threat,created,score,total_awards_received,controversiality,user,user_awardee_karma,user_awarder_karma,user_link_karma,user_comment_karma,user_total_karma
8xajna,e222vbv,Americans killing each other is our patriotic right.  Dirty foreigners don't have rights.,http://www.dailymail.co.uk/news/article-5928169/Leading-Putin-critic-strangled-death-day-court.html/e222vbv/,0.457,0.6667219,0.23340854,0.26621178,0.6649212,0.5130944,0.5195707,1531142867.0,4,0,0,Phrygue,139.0,0.0,8.0,81293.0,81440.0
8xajna,e22g33d,Did Russia take my keys? Bloody Russia making me late for work. ,http://www.dailymail.co.uk/news/article-5928169/Leading-Putin-critic-strangled-death-day-court.html/e22g33d/,0.021,,,,,,,1531154354.0,-9,0,0,Maximussaucealot,0.0,0.0,45.0,265.0,310.0
8xajna,e23fdd9,What a day for the foreign secretary to resign 🤔,http://www.dailymail.co.uk/news/article-5928169/Leading-Putin-critic-strangled-death-day-court.html/e23fdd9/,-0.277,0.050326355,0.001296997,0.01220964,0.006252638,0.020901557,0.007275343,1531182227.0,2,0,0,fresh_avocado_,0.0,0.0,358.0,1266.0,1624.0
8xajna,e23pudn,"Being late is bad! Anything bad is russia's fault. Therefore your job is russian troll, you should quit to boycott russia. Russia/job gets punished, you suffer consquences but they are totally worth it, and ignore how american pigdog competitor company benefits from the situation since without you your employer is weaker in the world market and you have less leverage.",http://www.dailymail.co.uk/news/article-5928169/Leading-Putin-critic-strangled-death-day-court.html/e23pudn/,-0.021,0.47473195,0.023076924,0.1612468,0.3817989,0.489133,0.011560392,1531190100.0,1,0,0,Inquisitor1,902.0,0.0,,,902.0
8xajna,e23v8rv,The timing of the murder here is convenient for Russia.,http://www.dailymail.co.uk/news/article-5928169/Leading-Putin-critic-strangled-death-day-court.html/e23v8rv/,0.021,0.39021665,0.023076924,0.0816113,0.2854555,0.083112895,0.44942492,1531194607.0,1,0,0,Epyon214,83.0,0.0,1.0,61457.0,61541.0
8xajna,e2445ok,"I guess if you wanted to make Russia look bad, this would be an easy way to do it. You would have to want to win the US election really badly to kill somebody.",http://www.dailymail.co.uk/news/article-5928169/Leading-Putin-critic-strangled-death-day-court.html/e2445ok/,0.354,0.43965456,0.023270357,0.1612468,0.116281845,0.13245803,0.52547425,1531205718.0,-1,0,0,posticon,0.0,0.0,2959.0,25864.0,28823.0
8xajna,e24xkc1,Confusing—who was suing whom over what?,http://www.dailymail.co.uk/news/article-5928169/Leading-Putin-critic-strangled-death-day-court.html/e24xkc1/,-0.312,0.02107848,0.000801086,0.01087743,0.001516912,0.010362893,0.007314181,1531241395.0,1,0,0,tomatosoupsatisfies,395.0,0.0,14138.0,34329.0,48862.0
8xajna,e2627bs,"Yes, definitely not the fault of the people who likely committed the murder, really the fault of the weaklings who didn’t stop it",http://www.dailymail.co.uk/news/article-5928169/Leading-Putin-critic-strangled-death-day-court.html/e2627bs/,0.109,0.2854699,0.01322045,0.07482228,0.052944973,0.081508696,0.13815513,1531275052.0,5,0,0,somejosh,0.0,0.0,1.0,45.0,46.0
8xajna,e2h1h75,So basically Putin can just order anyone he wants killed want on British soil with impunity. Smh,http://www.dailymail.co.uk/news/article-5928169/Leading-Putin-critic-strangled-death-day-court.html/e2h1h75/,0.25,0.42129645,0.023411209,0.10920923,0.10221587,0.13607834,0.511324,1531733634.0,1,0,0,[deleted],,,,,
