post_id,comment_id,txt,url,offensiveness_score,Toxicity,Severe Toxicity,Profanity,Identity Attack,Insult,Threat,created,score,total_awards_received,controversiality,user,user_awardee_karma,user_awarder_karma,user_link_karma,user_comment_karma,user_total_karma
5hnxux,db1u4tj,"Wouldn't need to wipe the memory if they simply changed the course of time.... 

Ever hear of Last Thursdayism?  It's the idea that the Universe in its entirety was created last Thursday, in it's current form, with all your memories formed at that moment... how would you know?

Now, normally Occam's Razor can cut through that shit like butter... But here's the thing, they've recently discovered that large events can send ripples through time in *both* directions, affecting both future and past events.

So, if something big happens 100 years in the future, and the effects rippled back in time 100 years to last Thursday, altering events and basically popping you into existence, how would you know?",https://www.reddit.com/r/AskReddit/comments/5hnxux/girls_when_the_guys_arent_around_what_are_your//db1u4tj/,0.292,0.4014846,0.023076924,0.47435758,0.035847444,0.24630153,0.016292779,1481440545.0,1,0,0,Belboz99,0.0,0.0,1291.0,29508.0,30799.0
5hnxux,db2bsiw,Physics questions are too spicy for you?,https://www.reddit.com/r/AskReddit/comments/5hnxux/girls_when_the_guys_arent_around_what_are_your//db2bsiw/,-0.146,0.112333365,0.002117157,0.02071529,0.004439743,0.039151907,0.006220264,1481480618.0,2,0,0,[deleted],,,,,
5hnxux,db2fnid,We are ALL shitposters in this blessed day ,https://www.reddit.com/r/AskReddit/comments/5hnxux/girls_when_the_guys_arent_around_what_are_your//db2fnid/,0.128,0.60152835,0.101760045,0.6242122,0.059311368,0.40243408,0.010291707,1481485092.0,1,0,0,jessec12,0.0,0.0,4093.0,195.0,4288.0
5hnxux,db2r4mp,"That's like saying, ""Men of Reddit, while your ladies aren't around, what are your thoughts on the Kennedy assassination and 9/11?""

What's with these random af Ask AskReddit questions?",https://www.reddit.com/r/AskReddit/comments/5hnxux/girls_when_the_guys_arent_around_what_are_your//db2r4mp/,-0.064,0.09568449,0.00371933,0.033645786,0.026408968,0.021159383,0.016810767,1481498724.0,1,0,0,IAmTheNight2014,0.0,0.0,16026.0,115436.0,131462.0
5hnxux,dd3bvse,"Ok this is the 6th-most upvoted post on this sub, alongside several major news event and the famous rice thread

Congrats on being part of Reddit history",https://www.reddit.com/r/AskReddit/comments/5hnxux/girls_when_the_guys_arent_around_what_are_your//dd3bvse/,-0.2,0.019100413,0.001316071,0.016957775,0.005327691,0.008519882,0.007793174,1485766143.0,2,0,0,Aoae,979.0,275.0,39259.0,269994.0,310507.0
5hnxux,dedtchv,"This may be shocking to you, but I honestly don't care.

But hey, everybody has different hobbies. Maybe you just like studying stuff like this, whatever floats your boat.",https://www.reddit.com/r/AskReddit/comments/5hnxux/girls_when_the_guys_arent_around_what_are_your//dedtchv/,-0.083,0.07054565,0.002098084,0.024267852,0.00362579,0.022899706,0.007573096,1488400726.0,1,0,0,Flowslikepixelz,504.0,0.0,12015.0,30670.0,43189.0
