post_id,comment_id,txt,url,offensiveness_score,Toxicity,Severe Toxicity,Profanity,Identity Attack,Insult,Threat,created,score,total_awards_received,controversiality,user,user_awardee_karma,user_awarder_karma,user_link_karma,user_comment_karma,user_total_karma
blot4j,emq9zd3,"I'm smart and poor, so there's likely rich and stupid as well :p",https://i.redd.it/mze9sk27irw21.jpg/emq9zd3/,0.468,0.6827122,0.02425631,0.44475567,0.089145996,0.6677319,0.010395273,1557228359.0,29,0,0,LaurensFanProjects,0,0,1239,10086,11325
blot4j,emqaydd,"Like Steven Jobs had the education for chemo- and radiotherapy?

Or how about Jenny McCarthy - one of the main proponents of the antivaxx movement?",https://i.redd.it/mze9sk27irw21.jpg/emqaydd/,-0.083,0.019728716,0.000720024,0.009664777,0.003311308,0.010438894,0.00661511,1557229264.0,270,0,0,alexmbrennan,295,0,3,67173,67471
blot4j,emqo5ag,The religious are consistently screwing the pooch throughout history,https://i.redd.it/mze9sk27irw21.jpg/emqo5ag/,0.146,0.56269526,0.16960317,0.40185395,0.5124616,0.46476576,0.027688526,1557238645.0,7,0,0,swahzey,38,79,4786,69150,74053
blot4j,emqr9ez,"Lol there is no such thing as impartiality, anything that you communicate will have an imprint of your essence in it, the goal is to be fair and unbiased.  Good luck tho.",https://i.redd.it/mze9sk27irw21.jpg/emqr9ez/,-0.273,0.07291982,0.00166893,0.021056883,0.003255812,0.025155678,0.006485652,1557240512.0,1,0,0,whiteflour1888,123,0,179,18678,18980
blot4j,emr2f5m,"OR! they could let all unvaccinated kids go one and the same school and no vaccinated ones, so they all can kill eachother. The parents can be teachers aswell so that they die also.",https://i.redd.it/mze9sk27irw21.jpg/emr2f5m/,0.625,0.55739564,0.16960317,0.15459715,0.1769227,0.2469859,0.5942688,1557246808.0,2,0,0,Armedion,38,0,3591,17865,21494
blot4j,emr4mb8,Took them a while to get forced injections right,https://i.redd.it/mze9sk27irw21.jpg/emr4mb8/,-0.17,0.25462922,0.014447021,0.0913099,0.014350293,0.033570543,0.14802226,1557248017.0,0,0,0,banananon,220,0,688,33802,34710
blot4j,emrj8gk,"I found this part of the song sort of angering, Hitler was originally from Austria, most of the original people attracted were of Austrian descent, and Germany was forced to submit when many cities were held at gun point.
Most ethnic Germans in the military had their families threatened and held hostage to keep them fighting.

So in reality WW2 is Austrias fault.",https://i.redd.it/mze9sk27irw21.jpg/emrj8gk/,0.062,0.23667802,0.01483436,0.11539881,0.19100772,0.0623257,0.049128212,1557256383.0,6,0,0,paradiseheist136,15,167,3915,901,4998
blot4j,ems0tfg,Finally I can get out my swastika flag and kill every jew again. And the earth is flat.,https://i.redd.it/mze9sk27irw21.jpg/ems0tfg/,0.479,0.8299589,0.52891463,0.39409557,0.7895903,0.40420914,0.72028553,1557267160.0,-2,0,0,ErrorFell,0,77,6088,6923,13088
