post_id,comment_id,txt,url,offensiveness_score,Toxicity,Severe Toxicity,Profanity,Identity Attack,Insult,Threat,created,score,total_awards_received,controversiality,user,user_awardee_karma,user_awarder_karma,user_link_karma,user_comment_karma,user_total_karma
cgbfnz,eufv48x,"From what I can see, it'll be a huge step towards equality.
If, in addition, a method comes about that allows men to give birth, then women have a fighting chance in the world !",https://www.reddit.com/r/AskMen/comments/cgbfnz/if_in_the_future_by_genetic_engineering_girls_are//eufv48x/,-0.208,0.091913216,0.003376007,0.020442016,0.060220852,0.015264924,0.013217449,1563791839.0,-3,0,1,seedyProfessor,20.0,0.0,677.0,2144.0,2841.0
cgbfnz,eugedj1,"Yes. And hopefully the optional futanari will be a real thing by then.

I can wait.",https://www.reddit.com/r/AskMen/comments/cgbfnz/if_in_the_future_by_genetic_engineering_girls_are//eugedj1/,-0.167,0.036870047,0.001792908,0.01893901,0.003829278,0.01306091,0.007870848,1563806172.0,3,0,0,PM_ME_NUMEROUS_FUTA,0.0,0.0,1.0,11910.0,11911.0
cgbfnz,eugplv3,I am pretty sure that genetically engineer people will not be selected for strength. Intelligence would be highly sought but not sure what that would look like. Think of it. I am certain that secondary sexual characteristics would not be a concern. Actually there is a current historian that  speculates that we may become a genderless species.,https://www.reddit.com/r/AskMen/comments/cgbfnz/if_in_the_future_by_genetic_engineering_girls_are//eugplv3/,-0.083,0.14950264,0.00492096,0.069969244,0.06158508,0.03070583,0.009307829,1563812506.0,1,0,0,[deleted],,,,,
cgbfnz,eugvfdw,"Men will have to preen more and peacock more to attract women since strength isn't an advantage anymore.  I think we will get overly romantic. More flowery gestures etc.

Sports will be more egalitarian. Maybe Men's sports will have to get more violent and bloody to separate itself from mixed or women's sports.",https://www.reddit.com/r/AskMen/comments/cgbfnz/if_in_the_future_by_genetic_engineering_girls_are//eugvfdw/,0.146,0.30539915,0.022452017,0.2188925,0.25309357,0.100019015,0.047835086,1563815617.0,11,0,0,ShangoRaijin,0.0,0.0,111.0,6339.0,6450.0
cgbfnz,euh002h,"For a female to be as strong as a male, she would need to either be larger, or be the same size with high testosterone levels. That's going to be weird and females won't be as physically attractive if they look male from the testosterone levels, growing facial hair and not developing feminine attributes as fully...plus it's going to affect their ability to have babies. I don't think it's a good idea.

I also don't think a race of tall Amazonian women is going to be great either",https://www.reddit.com/r/AskMen/comments/cgbfnz/if_in_the_future_by_genetic_engineering_girls_are//euh002h/,0.0,0.25462922,0.013866014,0.13432594,0.27798235,0.08533409,0.010757755,1563818252.0,0,0,1,CaptainKabaddi,0.0,0.0,26.0,330.0,356.0
cgbfnz,euhk6t0,Less rape and domestic violence as males learn they might get their butts kicked.,https://www.reddit.com/r/AskMen/comments/cgbfnz/if_in_the_future_by_genetic_engineering_girls_are//euhk6t0/,0.125,0.6852916,0.25624833,0.541926,0.39870077,0.37279442,0.52038735,1563828834.0,3,0,0,[deleted],,,,,
cgbfnz,euhwm2m,"A dog is about 50% muscle by mass, 10% more than a very fit man. So a rottweiler is about as strong as the average man but they lack the dexterity to lift things like that unfortunately. Would be so nice if my dog could really use all that muscle power in a useful way.",https://www.reddit.com/r/AskMen/comments/cgbfnz/if_in_the_future_by_genetic_engineering_girls_are//euhwm2m/,-0.511,0.07687678,0.003929138,0.02836696,0.008324518,0.025929155,0.010472948,1563835626.0,3,0,0,unclephilsyiff,18.0,0.0,2025.0,723.0,2766.0
cgbfnz,euiajpr,"I suspect that, even if we had advanced drugs and/or gene therapy that could avoid all the androgenic side effects, most women wouldn't want to be walking around with overtly masculine physiques, so I don't see this as a plausible scenario.",https://www.reddit.com/r/AskMen/comments/cgbfnz/if_in_the_future_by_genetic_engineering_girls_are//euiajpr/,0.067,0.08320791,0.002670288,0.023516348,0.053399716,0.01838776,0.008867673,1563843746.0,1,0,0,Throwaway-242424,616.0,0.0,,,616.0
