post_id,comment_id,txt,url,offensiveness_score,Toxicity,Severe Toxicity,Profanity,Identity Attack,Insult,Threat,created,score,total_awards_received,controversiality,user,user_awardee_karma,user_awarder_karma,user_link_karma,user_comment_karma,user_total_karma
9x2g5a,e9ozqp0,"I just don’t like to be aggressively hit on. A little bit hey sure, I could use a compliment every now and again, but no thank you means no thank you.",https://www.reddit.com/r/AskMen/comments/9x2g5a/straight_men_what_do_you_think_constitutes_as_a//e9ozqp0/,0.062,0.17111848,0.006065369,0.072882555,0.009175468,0.033239998,0.04132889,1542218665.0,115,0,0,shepherdshook,0.0,37.0,1900.0,3672.0,5609.0
9x2g5a,e9ozsqi,"Pretty much the same as when straight people push their sexuality in my face. Things like being overly intimate in public places. I don't need to see two people playing tonsil hockey and heavy petting while I'm waiting to order my latte. As long as you can read a room and have some sense of decorum, you do you.",https://www.reddit.com/r/AskMen/comments/9x2g5a/straight_men_what_do_you_think_constitutes_as_a//e9ozsqi/,0.042,0.4269174,0.023076924,0.2659008,0.45348886,0.2469859,0.03407705,1542218709.0,209,0,0,LEIFey,1247.0,0.0,62.0,420538.0,421847.0
9x2g5a,e9p07ja,"I think you'd have to step in front of me, trap me where I am, and aggressively make out with someone while making eye contact with me for me to feel like you're pushing your sexuality in my face.

Otherwise, you're just a person doing person shit.
",https://www.reddit.com/r/AskMen/comments/9x2g5a/straight_men_what_do_you_think_constitutes_as_a//e9p07ja/,0.562,0.8403191,0.3525603,0.8186401,0.094936445,0.56997263,0.13815513,1542219021.0,2,0,0,Diablo165,3770.0,83.0,16640.0,636516.0,657009.0
9x2g5a,e9pa757,"I don't think it's doing me any harm, but I just prefer not to have to watch people doing it, that's all. Guys jacking off on the subway technically aren't harming me either, but I still don't want to see it on my way to work.",https://www.reddit.com/r/AskMen/comments/9x2g5a/straight_men_what_do_you_think_constitutes_as_a//e9pa757/,0.333,0.045131154,0.001926422,0.022354934,0.006104646,0.013820915,0.01119791,1542226730.0,18,0,0,LEIFey,1247.0,0.0,62.0,420538.0,421847.0
9x2g5a,e9pb5cp,Fair trade it's tacky either way.,https://www.reddit.com/r/AskMen/comments/9x2g5a/straight_men_what_do_you_think_constitutes_as_a//e9pb5cp/,-0.438,0.03109552,0.001049042,0.014634945,0.003329807,0.014808921,0.006653947,1542227456.0,10,0,0,tds_dgs,0.0,0.0,17825.0,5553.0,23378.0
9x2g5a,e9pc4sc,Maybe you're just a prude. /s,https://www.reddit.com/r/AskMen/comments/9x2g5a/straight_men_what_do_you_think_constitutes_as_a//e9pc4sc/,0.104,0.3974717,0.012962224,0.17334256,0.01766643,0.42881694,0.008556974,1542228207.0,3,0,0,kingeryck,1164.0,637.0,295406.0,2584184.0,2881391.0
9x2g5a,e9pdq84,"Similarly, I don't react especially favorably to pansexual or non-monogamous people acting like having more diverse romantic/sexual preferences than me makes them more enlightened.",https://www.reddit.com/r/AskMen/comments/9x2g5a/straight_men_what_do_you_think_constitutes_as_a//e9pdq84/,0.104,0.25462922,0.008049011,0.10054382,0.19693321,0.036325075,0.007780228,1542229455.0,36,0,0,hobbesnblue,0.0,2083.0,76.0,24689.0,26848.0
9x2g5a,e9pe6ny,"Get a load of this guy, ruining the subway fun for all of us. ",https://www.reddit.com/r/AskMen/comments/9x2g5a/straight_men_what_do_you_think_constitutes_as_a//e9pe6ny/,-0.292,0.27750343,0.007553101,0.024267852,0.00414376,0.08459369,0.13815513,1542229826.0,5,0,0,Lumber-Jacked,178.0,33.0,5861.0,109262.0,115334.0
9x2g5a,e9pf3wq,"A thousand times yes— people being weirdly over intimate in public need to stop, no matter the sexuality. 

Weirdest display I’ve seen was one person *cleaning their partner’s ear* while standing in line for coffee.

Ew. 

And I couldn’t just leave the area— I was ringing them up. ",https://www.reddit.com/r/AskMen/comments/9x2g5a/straight_men_what_do_you_think_constitutes_as_a//e9pf3wq/,-0.021,0.26293078,0.008850098,0.11168506,0.02238941,0.06407392,0.018882722,1542230546.0,8,0,0,Erinysceidae,23.0,855.0,649.0,59927.0,61454.0
9x2g5a,e9pfsm8,"I had a former coworker who would constantly hit on me and tell me he has turned so many ""straight' men gay because of how talented he was. He would also ask me questions about anal sex but would use euphemisms and I would just pretend to be dumb and not understand.",https://www.reddit.com/r/AskMen/comments/9x2g5a/straight_men_what_do_you_think_constitutes_as_a//e9pfsm8/,0.562,0.5559701,0.16960317,0.4989438,0.48915586,0.37619758,0.13262562,1542231075.0,9,0,0,frumious88,146.0,0.0,13491.0,45828.0,59465.0
9x2g5a,e9ph4l0,"that kind of shit is now being used against gays to accuse us of being close minded for shit like not wanting women in our gay porn, i literally seen gay guys getting accused of being sexists for not wanting gay porn companies to be including women in gay porn vids",https://www.reddit.com/r/AskMen/comments/9x2g5a/straight_men_what_do_you_think_constitutes_as_a//e9ph4l0/,0.646,0.9248995,0.5231034,0.8089582,0.77429146,0.6500014,0.14327845,1542232125.0,7,0,0,gayway123,0.0,0.0,,,0.0
9x2g5a,e9q1t04,I knew a guy like this. He was my best friend since first grade but we grew apart quickly once his sexuality became the base of his entire personality it got uncomfortable. He also had a problem with the over aggressive touching (a lot of people seem to be mentioning such) despite knowing i was straight and had no interest in being touched randomly by anyone.,https://www.reddit.com/r/AskMen/comments/9x2g5a/straight_men_what_do_you_think_constitutes_as_a//e9q1t04/,0.152,0.24603334,0.008850098,0.17241211,0.06385879,0.056719027,0.010731863,1542250404.0,2,0,0,Blackrain1299,1089.0,51.0,18827.0,255645.0,275612.0
9x2g5a,e9q8qy1,"I know a flamboyant gay man personally. Its not just wearing the makeup it’s pointing it out. None of the female friends I’ve ever had needed to flaunt their nail polish to me. My girlfriend does yes but our relationship is more intimate. Now my flamboyant gay friend does not have a very intimate relationship with me. Yet they felt the need to point out their makeup, nail polish, etc.

I don’t ask my female friends about their makeup why do i care about a gay persons. I feel like that qualifies as pushing their gayness in my face. As you may be able to tell im not a homophobe. Im still friends with him.",https://www.reddit.com/r/AskMen/comments/9x2g5a/straight_men_what_do_you_think_constitutes_as_a//e9q8qy1/,0.333,0.3561489,0.023076924,0.26634997,0.3817989,0.21836096,0.01101667,1542257188.0,1,0,0,Blackrain1299,1089.0,51.0,18827.0,255645.0,275612.0
9x2g5a,e9qd4ft,"Their becoming physical with you at a table because they want a ""taste"" but don't seem to understand you have no problem using a butter knife.",https://www.reddit.com/r/AskMen/comments/9x2g5a/straight_men_what_do_you_think_constitutes_as_a//e9qd4ft/,-0.277,0.11150667,0.004043579,0.019963788,0.004402745,0.01819439,0.063352615,1542262567.0,1,0,0,GroundbreakingPost,0.0,0.0,134.0,9092.0,9226.0
9x2g5a,e9qf7dj,"As a straight guy who used to be a hardcore homophobe just quit caring what people think. If their're closed minded enough to be offended you exist nothing is going to change them.

 The only thing that bothers me is those who makes their whole identity is being gay. (same issue I have with potheads) This goes for straight folk as well; If your entire life is based around what you're humping then you may as well be a dog.",https://www.reddit.com/r/AskMen/comments/9x2g5a/straight_men_what_do_you_think_constitutes_as_a//e9qf7dj/,0.292,0.4014846,0.023076924,0.29209393,0.458714,0.35333878,0.034422375,1542265695.0,1,0,0,Milkymilkymilks,197.0,0.0,,,197.0
9x2g5a,e9qhgz9,">Straight Men what do you think constitutes as a gay man pushing their sexuality in your face?

Highly subjective, and whatever makes the person in question uncomfortable. Some are already offended if you don't stay in the closet, some are if you're broadcasting your sexual orientation (by, say, making out in public with a guy), some are if you hit on them and some are if you hit on them but don't take no for an answer.",https://www.reddit.com/r/AskMen/comments/9x2g5a/straight_men_what_do_you_think_constitutes_as_a//e9qhgz9/,0.458,0.6744087,0.35368225,0.36230123,0.6458014,0.44464502,0.27637172,1542269528.0,1,0,0,exit_sandman,15.0,0.0,291.0,139798.0,140104.0
9x2g5a,e9qi4nh,I've never ever met someone gay who who even came close to pushing his sexuality in my face....,https://www.reddit.com/r/AskMen/comments/9x2g5a/straight_men_what_do_you_think_constitutes_as_a//e9qi4nh/,0.146,0.47900817,0.023411209,0.26586622,0.5135796,0.25205973,0.021300001,1542270650.0,1,0,0,Motorchampion,4141.0,0.0,103250.0,50824.0,158215.0
9x2g5a,e9qiqks,"When anybody (whether gay or straight) just.. aggressively turns the conversation towards sexual topics that serve to highlight (over and over) their sexual preferences/practices. Like damn, I don't think that anybody here is uncomfortable about you being gay, we're just confused and weirded out that you feel the need to keep piloting the conversation towards  sex. By no means limited to gay people, it's just as annoying and cringey when a straight guy/girl won't stop saying unnecessarily sexual shit with no appropriate context, like they've got something to prove that nobody else is all that interested in. I guess it's just happened with gay people more than straight people in my experience so that's what came to mind. 

",https://www.reddit.com/r/AskMen/comments/9x2g5a/straight_men_what_do_you_think_constitutes_as_a//e9qiqks/,0.333,0.50759226,0.08595808,0.46460027,0.48915586,0.36798462,0.018364733,1542271741.0,1,0,0,[deleted],,,,,
9x2g5a,e9qjymw,"Outside of harassing behavior, most of the time I hear that phrase coming from people who think that any reminder that the other person is not straight is tantamount to ""pushing it in their face.""  Those are the people who think that they are already making a big sacrifice by not saying mean things to people who are not straight - a ""you stay hidden, I'll stay quiet"" type of bigotry.",https://www.reddit.com/r/AskMen/comments/9x2g5a/straight_men_what_do_you_think_constitutes_as_a//e9qjymw/,0.083,0.25462922,0.00907898,0.07320584,0.25647953,0.107333586,0.0475118,1542273859.0,3,0,0,[deleted],,,,,
9x2g5a,e9qnmnx,"I've had plenty of friendships with gay dudes and never had a drama with it. Some guys I didn't like, because they weren't my style of person, but it wasn't their sexuality, it was just a clash of personalities. I actually didn't mind being the wing man for a mate of mine, it was just as flattering being hit on by a gay guy as a woman. So what's too much for me, I guess being paraded at gay events as ""one we should turn"" was a bit much but other than that I'm cool with every other experience I've had with gay guys I've been around. ",https://www.reddit.com/r/AskMen/comments/9x2g5a/straight_men_what_do_you_think_constitutes_as_a//e9qnmnx/,0.229,0.30439767,0.019998873,0.25184435,0.36873037,0.1378885,0.03235042,1542280914.0,1,0,0,AusRaidersFan,0.0,0.0,1292.0,4770.0,6062.0
9x2g5a,e9qp710,"Top comment pretty much.

I have gay friends and gay family, but i’ve also had gay guys hit on me or ask me out, i would turn them down nicely but it’s still a little weird they’d ask knowing i’m straight.

Also i had a guy that couldn’t take a hint and stopped me on multiple occasions saying graphic stuff and i’d imagine other guys have had similar experiences.",https://www.reddit.com/r/AskMen/comments/9x2g5a/straight_men_what_do_you_think_constitutes_as_a//e9qp710/,0.146,0.3389984,0.023076924,0.240511,0.38699543,0.16795322,0.11002964,1542283624.0,1,0,0,FIRSTSARGEANT,0.0,0.0,1780.0,876.0,2656.0
