post_id,comment_id,txt,url,offensiveness_score,Toxicity,Severe Toxicity,Profanity,Identity Attack,Insult,Threat,created,score,total_awards_received,controversiality,user,user_awardee_karma,user_awarder_karma,user_link_karma,user_comment_karma,user_total_karma
bw82f7,epvspeo,"As a male, I like this and I think it goes both ways for both men and women. Sucks for your buddy, but hopefully he'll move on and not ruin his friendship with the girl.",https://www.reddit.com/r/TwoXChromosomes/comments/bw82f7/reflections_on_the_concept_of_friendzone_from_a//epvspeo/,-0.083,0.6407703,0.16960317,0.6370159,0.11047905,0.4555076,0.01508414,1559548687.0,3,0,0,billyfsupdaily,0.0,0.0,26.0,5294.0,5320.0
bw82f7,epvu2q0,"
> It's gotten so bad that now he's starting to get pissed at her, saying that she's being leading him on all this time

This is ironic considering that he was the one who was leading her on to think that they're only friends.",https://www.reddit.com/r/TwoXChromosomes/comments/bw82f7/reflections_on_the_concept_of_friendzone_from_a//epvu2q0/,0.13,0.37576625,0.021935565,0.33023968,0.029402243,0.23237456,0.012285355,1559551015.0,593,0,0,HoldThisBeer,89.0,0.0,,,89.0
bw82f7,epvwaqr,"You either ask her out or don’t. What you don’t do is make her some villain who is manipulating you for friendship, or decide she owes you anything more than friendship.
If she rejects you you don’t have to stay friends with her, but if you “friend dump” her because it isn’t leading to sex and romance, it kind of indicates that the friendship part was never really a big priority.",https://www.reddit.com/r/TwoXChromosomes/comments/bw82f7/reflections_on_the_concept_of_friendzone_from_a//epvwaqr/,0.042,0.33255672,0.011444092,0.21348765,0.015355183,0.15982662,0.015774792,1559554925.0,16,0,0,[deleted],,,,,
bw82f7,epwd8z8,"I totally agree with everything you’ve said. In college (in retrospect) there were a lot of guys who were my friends. Years later when I got married and they all disappeared, I figured out that they weren’t there to be my friends, before that I had no clue. 

To all you guys out there, being “friends:” Tell the object of your affection, ask them out. Women are not mind readers. The most attractive quality in a person is being attracted to you. Many of those guys could have been in a relationship with me back then but seemed interested in only being my friend.",https://www.reddit.com/r/TwoXChromosomes/comments/bw82f7/reflections_on_the_concept_of_friendzone_from_a//epwd8z8/,-0.208,0.112643376,0.003299713,0.04266402,0.060220852,0.039737478,0.007611934,1559572869.0,33,0,0,planet_rose,853.0,16.0,239.0,143265.0,144373.0
bw82f7,epwkm9r,"It may suprise you, but sexual assault is not the only way to communicate sexual and romantic interest.",https://www.reddit.com/r/TwoXChromosomes/comments/bw82f7/reflections_on_the_concept_of_friendzone_from_a//epwkm9r/,0.062,0.33255672,0.011978149,0.15635987,0.015053716,0.03235855,0.06270605,1559578204.0,14,0,0,Ovary_under,0.0,0.0,1.0,7956.0,7957.0
bw82f7,epwkon3,"He screwed up from the start. If I want a relationship with someone, I'm gonna let them know and see where it goes.  If she just wants to be friends and I am crushing hard/can't do that, I explain this and move on. Not knocking the girl in this scenario, I just don't want to get my heart stomped on every time she is with someone else.",https://www.reddit.com/r/TwoXChromosomes/comments/bw82f7/reflections_on_the_concept_of_friendzone_from_a//epwkon3/,0.021,0.4014846,0.023106033,0.4381921,0.019877186,0.24928534,0.01698343,1559578250.0,1,0,0,SpideyTingle,148.0,0.0,7010.0,22351.0,29509.0
bw82f7,epwnlbf,Right like wtf is that comment? You don’t know how to express your interest without assaulting someone? It’s called an adult conversation and I don’t know if that person has ever had one,https://www.reddit.com/r/TwoXChromosomes/comments/bw82f7/reflections_on_the_concept_of_friendzone_from_a//epwnlbf/,0.312,0.51980776,0.05473421,0.5013569,0.027011903,0.2838064,0.012337137,1559580273.0,7,0,0,g0t_schwifty,0.0,88.0,828.0,11327.0,12243.0
bw82f7,epwv2ad,"I noticed that most posts here don't have TL;DR so thanks for that!

Also that kind of ""nice guy"" behavior is really gross, being nice and friendly to someone just because you want to fuck them. Instead of having these ulterior motives, just be honest and get it over with.",https://www.reddit.com/r/TwoXChromosomes/comments/bw82f7/reflections_on_the_concept_of_friendzone_from_a//epwv2ad/,0.383,0.6611249,0.34954423,0.7181329,0.10221587,0.40420914,0.029933142,1559585387.0,1,0,0,MrFlyingKitty,121.0,0.0,1636.0,13027.0,14784.0
bw82f7,epxb90x,"Well to be fair, most of my friends from College, both male and female have “disappeared” or drifted out of my life, and I’m pretty sure none of them were waiting for a relationship with me.

A lot of friendships are born of proximity and convenience and hopefully a handful become good friends for life.",https://www.reddit.com/r/TwoXChromosomes/comments/bw82f7/reflections_on_the_concept_of_friendzone_from_a//epxb90x/,-0.146,0.09308127,0.00295639,0.043415543,0.0233943,0.02373764,0.008298059,1559596439.0,8,0,0,ArenSteele,1167.0,104.0,5.0,196741.0,198017.0
bw82f7,epxihq4,"I completely agree. If you don't want to be friends, say so right away, Don't act like a friend while waiting for her to suddenly develop romantic feelings. It only leads to resentment and hurt feelings on both sides. She will feel lied to and he will resent the time he put in waiting for something that was never going to happen.",https://www.reddit.com/r/TwoXChromosomes/comments/bw82f7/reflections_on_the_concept_of_friendzone_from_a//epxihq4/,-0.152,0.102192536,0.003089905,0.04667213,0.007806548,0.028832749,0.010783645,1559601660.0,1,0,0,kevnmartin,2851.0,154.0,1.0,617845.0,620851.0
