post_id,comment_id,txt,url,offensiveness_score,Toxicity,Severe Toxicity,Profanity,Identity Attack,Insult,Threat,created,score,total_awards_received,controversiality,user,user_awardee_karma,user_awarder_karma,user_link_karma,user_comment_karma,user_total_karma
b5al5q,ejc5tsu,"Went to catholic school all the way up to high school. Our 7th grade social studies teacher was fired for molesting girls in our class. He started out on AIM being all sexual and gross, then sent dick pics, then massages in his office started to happen. School kept it quiet and got rid of him.",https://www.reddit.com/r/TwoXChromosomes/comments/b5al5q/priests_raped_nuns_priests_raped_children_priests//ejc5tsu/,0.667,0.53579444,0.17009245,0.46460027,0.39207554,0.40243408,0.10236332,1553521268.0,1297,0,0,AzzzEater64,65,47,3934,31801,35847
b5al5q,ejcdljm,"Kinda! Agnostic and gnostic work more like descriptors of your level of faith in whatever belief, or lack thereof, that you have.
So a gnostic atheist is SURE theres no higher power, whereas an agnostic atheist, often shortened to agnostic, isnt sure if there is a higher power or not but doesn't believe in one.
You can apply gnostic and agnostic as an adjective to any religion as well.",https://www.reddit.com/r/TwoXChromosomes/comments/b5al5q/priests_raped_nuns_priests_raped_children_priests//ejcdljm/,-0.125,0.15656179,0.005302429,0.03389629,0.12735364,0.039151907,0.007508367,1553527185.0,25,0,0,GlitchyZorak,15,6,9,3799,3829
b5al5q,ejce5ye,"But by the same token that logic would apply to a God; how can a god seemingly come from nothing, thus by your own logic you have to ask what created him? A super God? Then what created that? A mega God? etc etc.

",https://www.reddit.com/r/TwoXChromosomes/comments/b5al5q/priests_raped_nuns_priests_raped_children_priests//ejce5ye/,0.255,0.036870047,0.001649857,0.014088398,0.02439919,0.012528907,0.006589218,1553527586.0,14,0,0,shocksalot123,377,0,10914,51790,63081
b5al5q,ejch7w5,I never stated a “god” explained it. I never stated God at all actually. I stated we have no proof that an unknown power exist or doesn’t. ,https://www.reddit.com/r/TwoXChromosomes/comments/b5al5q/priests_raped_nuns_priests_raped_children_priests//ejch7w5/,-0.104,0.04067813,0.001382828,0.014190876,0.023997234,0.012832909,0.006310884,1553529655.0,2,0,0,jaylenthomas,48,63,15,72094,72220
b5al5q,ejcj1i8,"Why did you include something coming from nothing in your original comment, if the two concepts ate unrelated and your comment was only about the lack of evidence for and against an unknown power?",https://www.reddit.com/r/TwoXChromosomes/comments/b5al5q/priests_raped_nuns_priests_raped_children_priests//ejcj1i8/,-0.208,0.028385026,0.00067234,0.010365041,0.001951637,0.014808921,0.006003422,1553530875.0,1,0,1,worldsonwords,0,0,1061,8675,9736
b5al5q,ejcjwor,"I guess I can say the same about Muslims? Just waiting for y'all to learn that they do in Muslim countries, it makes the Catholic Church look like Disneyland ",https://www.reddit.com/r/TwoXChromosomes/comments/b5al5q/priests_raped_nuns_priests_raped_children_priests//ejcjwor/,0.396,0.37340668,0.02167734,0.10549548,0.43896464,0.16266862,0.015774792,1553531439.0,-28,0,1,edduvald0,10,0,61,545,616
b5al5q,ejcjx4m,I think the real crime here was people had to use AIM.,https://www.reddit.com/r/TwoXChromosomes/comments/b5al5q/priests_raped_nuns_priests_raped_children_priests//ejcjx4m/,-0.208,0.07212844,0.003108978,0.018529098,0.004809721,0.012946909,0.032695748,1553531446.0,-29,0,0,danteheehaw,5059,148,13125,671409,689741
b5al5q,ejcjy6a,"Not a monolith, find any organization with over a billion members that is spotless. ",https://www.reddit.com/r/TwoXChromosomes/comments/b5al5q/priests_raped_nuns_priests_raped_children_priests//ejcjy6a/,-0.125,0.1798404,0.002727509,0.020510335,0.007325576,0.09855611,0.007676662,1553531466.0,27,0,0,PapaBearEU4,0,0,449,5961,6410
b5al5q,ejckkjx,"Yeah. I got married and had two kids over the last 5-years. My mother in law is adamant that we must get our kids baptized. I tell her, when a week passes where the church is not defending themselves for horrible current or past abuse, I will schedule to get it done... Keeping my kids away from the church should be a big priority for any parents, given all the nasty shit that has been uncovered over the years.",https://www.reddit.com/r/TwoXChromosomes/comments/b5al5q/priests_raped_nuns_priests_raped_children_priests//ejckkjx/,0.458,0.4269174,0.02378681,0.44431314,0.28034934,0.35505778,0.02250864,1553531877.0,15,0,0,Justinaroni,209,0,12,7335,7556
b5al5q,ejcl0vx,My mom is a devout Catholic and gets irritated when I tell her I don’t believe in a god. I asked her if she would let a priest baby sit my older brother’s kids and she said no lol.,https://www.reddit.com/r/TwoXChromosomes/comments/b5al5q/priests_raped_nuns_priests_raped_children_priests//ejcl0vx/,0.146,0.3234372,0.015350811,0.15635987,0.32768643,0.113185234,0.035803676,1553532174.0,10,0,0,Richardduh,106,205,62,13120,13493
