post_id,comment_id,txt,url,offensiveness_score,Toxicity,Severe Toxicity,Profanity,Identity Attack,Insult,Threat,created,score,total_awards_received,controversiality,user,user_awardee_karma,user_awarder_karma,user_link_karma,user_comment_karma,user_total_karma
c2y0hk,ernd62s,"Considering they still chant ""Drain the Swamp!"" (which he filled with the most wealthy former executives in history), ""Lock Her Up!"" (which he promised not to do within a month of his election), and ""Build the Wall!"" (which is just replacing existing fencing and looks shocking similar to a big fence itself), I'd say they'd still support him blindly.",http://nyti.ms/2Xp0Lsc?smid=nytcore-ios-share/ernd62s/,0.149,0.18459146,0.005874634,0.04065997,0.010803374,0.08484049,0.021127338,1561050028.0,24,0,0,hnglmkrnglbrry,12475,908,969,1201015,1215367
c2y0hk,eroutet,FFS correct the typo in this headline.  I’ve scrolled past it 50 times today.  Deomcrats.   Was that a quote from a Trump tweet?,http://nyti.ms/2Xp0Lsc?smid=nytcore-ios-share/eroutet/,0.152,0.050326355,0.001430512,0.013473531,0.006585619,0.021352753,0.006977591,1561089349.0,3,0,0,justbrowse2018,224,0,327,28987,29538
c2y0hk,erow59v,Politicians - always putting self interest first.,http://nyti.ms/2Xp0Lsc?smid=nytcore-ios-share/erow59v/,-0.298,0.058737632,0.000863075,0.010450439,0.006104646,0.028832749,0.006016368,1561090494.0,2,0,0,Snaxet,0,0,1,1017,1018
c2y0hk,erozqxs,When it comes to war there is no liberal media. Everyone is on the same page. Got to bomb the hell out of them and rake in those profits.,http://nyti.ms/2Xp0Lsc?smid=nytcore-ios-share/erozqxs/,0.271,0.50789946,0.16960317,0.33954415,0.11280017,0.31740165,0.54310024,1561093934.0,3,0,0,Satevo462,0,11,547,29461,30019
c2y0hk,erp7awd,Youre in private mode? Cmon OP you couldnt have posted this on a  different website? No instead you gotta advertise your website with a stupid pay wall system to make me read the rest of the article? You can go fuck yourself OP,http://nyti.ms/2Xp0Lsc?smid=nytcore-ios-share/erp7awd/,0.812,0.9061063,0.6134631,0.86331284,0.10221587,0.6798578,0.13815513,1561103140.0,6,0,0,destraight,33,0,1720,20272,22025
c2y0hk,erryp5i,"“There is no amount of oil you can produce that will get me and others to give you a pass on chopping somebody up in a consulate.”

If only our president wasn't so goddamn greedy.",http://nyti.ms/2Xp0Lsc?smid=nytcore-ios-share/erryp5i/,0.326,0.60152835,0.02491361,0.5013569,0.044612918,0.5678696,0.037530303,1561189968.0,2,0,0,earhere,6348,14,128587,729352,864301
