post_id,comment_id,txt,url,offensiveness_score,Toxicity,Severe Toxicity,Profanity,Identity Attack,Insult,Threat,created,score,total_awards_received,controversiality,user,user_awardee_karma,user_awarder_karma,user_link_karma,user_comment_karma,user_total_karma
ab1fv9,ecwzooy,"US police are under no obligation to either serve or protect. 

Just doing their job.",https://thinkprogress.org/mccluskey-university-of-utah-warned-police-about-ex-boyfriend-6-times-bc08aed0fad5//ecwzooy/,0.021,0.02685301,0.000786781,0.0103992,0.007325576,0.013516913,0.006537435,1546222164.0,40,0,0,[deleted],,,,,
ab1fv9,ecwzpbn,What would that have helped with though? A separation order isn't going to stop a murder from killing someone. There is nothing that could have been done short of preemptively locking him up based on her fears that he may do something. ,https://thinkprogress.org/mccluskey-university-of-utah-warned-police-about-ex-boyfriend-6-times-bc08aed0fad5//ecwzpbn/,0.167,0.17545098,0.006294251,0.019553876,0.003977269,0.017872108,0.2836219,1546222179.0,105,0,0,tjsdaname27,0.0,0.0,180.0,9515.0,9695.0
ab1fv9,ecx0ug0,"“Given that approximately 75 percent of women who are murdered by their abusive partner are killed when they try to end the relationship.” 

This is why I don’t date. 

",https://thinkprogress.org/mccluskey-university-of-utah-warned-police-about-ex-boyfriend-6-times-bc08aed0fad5//ecx0ug0/,0.042,0.28674445,0.013478675,0.044417568,0.10221587,0.060927123,0.3490162,1546223154.0,64,0,0,[deleted],,,,,
ab1fv9,ecx0vs1,is this a clear time for that? as far as I could tell there had been no threat of physical violence ahead of the murder. now I could be wrong about that so please correct me if there was.,https://thinkprogress.org/mccluskey-university-of-utah-warned-police-about-ex-boyfriend-6-times-bc08aed0fad5//ecx0vs1/,0.104,0.113263406,0.004425049,0.024541125,0.008361516,0.017012933,0.11616269,1546223183.0,10,0,1,TheCentralFlame,173.0,0.0,4355.0,33229.0,37757.0
ab1fv9,ecx14qe,"Every school I toured when I started looking at colleges had either someone manning the door or required two separate anonymous swipe cards to access a room. I’m not sure if Utah has something similar, but if not, that’s a major security oversight on their part. ",https://thinkprogress.org/mccluskey-university-of-utah-warned-police-about-ex-boyfriend-6-times-bc08aed0fad5//ecx14qe/,-0.229,0.028502874,0.001187325,0.014054239,0.005364689,0.015720926,0.0069517,1546223392.0,594,0,0,Nakahashi2123,154.0,28.0,135.0,24261.0,24578.0
ab1fv9,ecx2b2e,"Ladies, go get trained and get a concealed carry if you ever date and subsequently break up with a psycho. 

A gun is the ultimate equalizer. 

Encourage your friends to train and get licensed when they break up with a psycho, too. 

As a woman who knows guns, I’ve spent nights at my girlfriends’ houses b/c their exes were unhinged but there aren’t enough of me to go around so everyone needs to consider learning to protect themselves. ",https://thinkprogress.org/mccluskey-university-of-utah-warned-police-about-ex-boyfriend-6-times-bc08aed0fad5//ecx2b2e/,-0.043,0.37751234,0.021419114,0.2263305,0.10221587,0.40243408,0.1329628,1546224426.0,136,0,0,Earthling03,96.0,0.0,1426.0,63696.0,65218.0
ab1fv9,ecx2zg5,"because murdering someone doesn't come with the threat of the legal system being involved?

If you're going to murder someone, I don't think a piece of paper is going to stop you. ",https://thinkprogress.org/mccluskey-university-of-utah-warned-police-about-ex-boyfriend-6-times-bc08aed0fad5//ecx2zg5/,0.167,0.3389984,0.019224197,0.049177196,0.008657498,0.033901088,0.49142194,1546225040.0,-5,0,1,butt-mudd-brooks,0.0,0.0,,,0.0
ab1fv9,ecx319c,This exactly why we need emergency gun violence restraining orders (GVROs). ,https://thinkprogress.org/mccluskey-university-of-utah-warned-police-about-ex-boyfriend-6-times-bc08aed0fad5//ecx319c/,-0.188,0.11223003,0.005569458,0.013917602,0.004273253,0.01632893,0.11769595,1546225083.0,16,0,0,_L3g10n_,7302.0,0.0,21916.0,32258.0,61476.0
ab1fv9,ecx35t5,Was he not violating his parole and a sex offender?  Shouldn't that be an indicator that LE should get involved?,https://thinkprogress.org/mccluskey-university-of-utah-warned-police-about-ex-boyfriend-6-times-bc08aed0fad5//ecx35t5/,-0.021,0.3389984,0.008544922,0.054938845,0.015958117,0.16839184,0.019573374,1546225185.0,235,0,0,catcog,0.0,0.0,57.0,11740.0,11797.0
ab1fv9,ecx5wx9,Stories like this make me absolutely terrified of Tinder and similar apps.,https://thinkprogress.org/mccluskey-university-of-utah-warned-police-about-ex-boyfriend-6-times-bc08aed0fad5//ecx5wx9/,0.042,0.13908891,0.003738403,0.044668075,0.008324518,0.026315894,0.009023022,1546227533.0,26,0,0,baddiedraper,0.0,0.0,5187.0,4931.0,10118.0
