post_id,comment_id,txt,url,offensiveness_score,Toxicity,Severe Toxicity,Profanity,Identity Attack,Insult,Threat,created,score,total_awards_received,controversiality,user,user_awardee_karma,user_awarder_karma,user_link_karma,user_comment_karma,user_total_karma
7c3n05,dpmwey7,Spongebob Squarepants the Movie Video Game,https://www.reddit.com/r/AskReddit/comments/7c3n05/what_was_your_favorite_childhood_video_game//dpmwey7/,-0.609,0.028974265,0.002355576,0.02126184,0.005438685,0.011084898,0.009411395,1510344788.0,1,0,0,Gingersnap5322,5558.0,965.0,319873.0,206821.0,533217.0
7c3n05,dpmwi92,Tony Hawk Pro Skater and 1080 were my jam growing up. Those games are why I skateboard and snowboard. ,https://www.reddit.com/r/AskReddit/comments/7c3n05/what_was_your_favorite_childhood_video_game//dpmwi92/,-0.521,0.016210219,0.001001358,0.013166099,0.002885833,0.009222887,0.006874025,1510344889.0,1,0,0,zaise_chsa,274.0,144.0,6806.0,46594.0,53818.0
7c3n05,dpmwmcd,"Adventure on the Atari 2600 was a lot of fun.  Later on, the Legend of Zelda on the original NES was a huge time killer. ",https://www.reddit.com/r/AskReddit/comments/7c3n05/what_was_your_favorite_childhood_video_game//dpmwmcd/,-0.396,0.15324512,0.005569458,0.05543986,0.011247349,0.027605021,0.046218675,1510345015.0,1,0,0,LovesMeSomeRedhead,420.0,0.0,25.0,97366.0,97811.0
7c3n05,dpmx8fd,"I got into games late compared to most kids, so 007:Nightfire, followed by Halo 2",https://www.reddit.com/r/AskReddit/comments/7c3n05/what_was_your_favorite_childhood_video_game//dpmx8fd/,-0.521,0.045131154,0.002708435,0.01941724,0.006104646,0.012528907,0.01052473,1510345682.0,1,0,0,Dr_Propofol,0.0,0.0,1154.0,28127.0,29281.0
7c3n05,dpmxii6,Pokémon leafgreen. First game I ever played.,https://www.reddit.com/r/AskReddit/comments/7c3n05/what_was_your_favorite_childhood_video_game//dpmxii6/,-0.542,0.032627538,0.002241135,0.02030538,0.003995769,0.010020891,0.008000307,1510345992.0,1,0,0,Sonofaconspiracy,20.0,0.0,5585.0,11298.0,16903.0
7c3n05,dpmzwks,You didn't kill them you just transported them back to their home planet :-),https://www.reddit.com/r/AskReddit/comments/7c3n05/what_was_your_favorite_childhood_video_game//dpmzwks/,0.292,0.36095104,0.023076924,0.077731855,0.034300596,0.05262003,0.39416263,1510348620.0,3,0,0,buddythebear,785.0,178.0,50855.0,209851.0,261669.0
7c3n05,dpn09du,"Oh, *I* was killing them, I promise. ",https://www.reddit.com/r/AskReddit/comments/7c3n05/what_was_your_favorite_childhood_video_game//dpn09du/,0.083,0.4977744,0.16960317,0.22602804,0.034816213,0.06953252,0.5940531,1510349013.0,3,0,0,TooMuchPretzels,777.0,291.0,911.0,152468.0,154447.0
7c3n05,dpn78nv,"Call of duty two, played it with dad when I was like 5, fucking loved it. It sparked my interest in ww2 and now I'm kind of a history buff ",https://www.reddit.com/r/AskReddit/comments/7c3n05/what_was_your_favorite_childhood_video_game//dpn78nv/,0.521,0.51869136,0.16960317,0.67055607,0.060220852,0.15414265,0.023889944,1510357446.0,2,0,0,Marokman,672.0,12.0,15022.0,13786.0,29492.0
7c3n05,dpn9jqt,"Simpsons Hit & Run

Still the best GTA game. Fight me.",https://www.reddit.com/r/AskReddit/comments/7c3n05/what_was_your_favorite_childhood_video_game//dpn9jqt/,-0.25,0.19219314,0.010299683,0.064458095,0.012240025,0.020256994,0.13815513,1510360536.0,1,0,0,[deleted],,,,,
7c3n05,dpn9q3u,The Simpsons Hit and Run. ,https://www.reddit.com/r/AskReddit/comments/7c3n05/what_was_your_favorite_childhood_video_game//dpn9q3u/,-0.375,0.15545623,0.006828308,0.03339528,0.007288578,0.024124376,0.1348172,1510360780.0,1,0,0,[deleted],,,,,
7c3n05,dpnbyg5,"Illusion of Time (Illusion of Gaia for my American friends). 

I remember my dad and I spending a lot of time trying to beat the first major boss in the Inca ruins. I came home from school one day and my dad told me that he'd beat the boss. I loaded it up and I was in a brand new area, I couldn't believe it.

A couple of days after this happened my dad told me he was moving back south (my mam had split up with him); we've rarely seen each other over the years but we always talk about this game whenever we meet up; in fact we're gonna play it all the way through the next time I visit him. 

",https://www.reddit.com/r/AskReddit/comments/7c3n05/what_was_your_favorite_childhood_video_game//dpnbyg5/,-0.5,0.104795754,0.004634857,0.06596114,0.021083053,0.031917825,0.014393489,1510363877.0,1,0,0,[deleted],,,,,
7c3n05,dpnfbr3,Spongebob Battle For Bikini Bottom,https://www.reddit.com/r/AskReddit/comments/7c3n05/what_was_your_favorite_childhood_video_game//dpnfbr3/,-0.521,,,,,,,1510368648.0,1,0,0,CrispyMiner,479.0,43.0,125121.0,105447.0,231090.0
7c3n05,dq79vwp,"It was Super Mario Advance. 
Also yeah im stalking your history
oops. 
",https://www.reddit.com/r/AskReddit/comments/7c3n05/what_was_your_favorite_childhood_video_game//dq79vwp/,-0.062,0.19893374,0.005493164,0.066963166,0.006400629,0.0573046,0.009955117,1511377228.0,1,0,0,GreenDog3,459.0,205.0,28866.0,106093.0,135623.0
