post_id,comment_id,txt,url,offensiveness_score,Toxicity,Severe Toxicity,Profanity,Identity Attack,Insult,Threat,created,score,total_awards_received,controversiality,user,user_awardee_karma,user_awarder_karma,user_link_karma,user_comment_karma,user_total_karma
cn5i3b,ew7249t,"The entire western world is going to shit very quickly, the sooner people realize this the better.",https://i.redd.it/7292mriwy0f31.jpg/ew7249t/,0.542,0.7675452,0.23225316,0.7796426,0.25817248,0.40243408,0.04098356,1565184874.0,-1,0,1,Jydedommen,0.0,0.0,567.0,7216.0,7783.0
cn5i3b,ew73la9,What’s considered a mass shooting?,https://i.redd.it/7292mriwy0f31.jpg/ew73la9/,-0.217,0.25462922,0.01412424,0.026727317,0.007362573,0.018645585,0.34827536,1565185591.0,2,0,0,davidg4781,88.0,135.0,5833.0,21028.0,27084.0
cn5i3b,ew74ly6,And how many of those are gang related?,https://i.redd.it/7292mriwy0f31.jpg/ew74ly6/,-0.25,0.07845957,0.002336502,0.016137952,0.006955597,0.018452216,0.013321015,1565186067.0,-4,0,0,[deleted],,,,,
cn5i3b,ew74pqn,"What difference does that make? They used guns and it was a mass shooting. If they didn’t have access to the gun, it wouldn’t have been a mass shooting.",https://i.redd.it/7292mriwy0f31.jpg/ew74pqn/,0.146,0.16591948,0.00667572,0.017982552,0.003662788,0.01465692,0.24878941,1565186115.0,6,0,0,surroundedbywolves,219.0,430.0,8067.0,137747.0,146463.0
cn5i3b,ew7ahwo,And that is good. My case is too that you need a permit. It's ridiculous if anyone can own a gun. Not everyone can drive a car.,https://i.redd.it/7292mriwy0f31.jpg/ew7ahwo/,-0.25,0.39021665,0.008087158,0.11539881,0.006252638,0.4196762,0.012647836,1565188764.0,3,0,0,[deleted],,,,,
cn5i3b,ew7f7qm,At least in Minnesota you need a permit to purchase a handgun or a semi auto rifle. Shotguns and single action rifles can be purchased without one but you still have to pass a background check,https://i.redd.it/7292mriwy0f31.jpg/ew7f7qm/,-0.083,0.07212844,0.003223419,0.013507691,0.005364689,0.012072904,0.054624002,1565190926.0,1,0,0,[deleted],,,,,
cn5i3b,ew98bkw,"A training course to stop shootings...? So, now we will have highly trained school shooters...? Great fucking logic dude.",https://i.redd.it/7292mriwy0f31.jpg/ew98bkw/,0.833,0.8299589,0.34938923,0.85672,0.05089863,0.48627716,0.13815513,1565221220.0,1,0,0,Deadliestwarrior1234,0.0,0.0,,,0.0
cn5i3b,ewagtx9,"I hope you all manage to elect a bunch of folks that will pass meaningful changes via legislation. Can't say that those of us around the world hold out much hope for you all though. Genuinely sad, and equally bizarre.",https://i.redd.it/7292mriwy0f31.jpg/ewagtx9/,-0.354,0.091913216,0.001220703,0.012961143,0.005105704,0.034562174,0.00623321,1565243400.0,0,0,0,nametaken_thisonetoo,144.0,0.0,3139.0,5785.0,9068.0
cn5i3b,ewaknsd,"My man, guns are a necessary evil. How the hell do we do a proletarian revolution without firearms?",https://i.redd.it/7292mriwy0f31.jpg/ewaknsd/,0.104,0.45751464,0.023152983,0.44431314,0.044870727,0.22303216,0.0824309,1565245724.0,1,0,0,LibsEnableFascism,0.0,0.0,,,0.0
cn5i3b,ewaphxf,So the USA has more mass shootings than Mexico or anywhere in south America? That's doesn't sound right...,https://i.redd.it/7292mriwy0f31.jpg/ewaphxf/,0.083,0.2043827,0.00743866,0.021056883,0.15731181,0.030595649,0.13363713,1565248830.0,2,0,0,KidWeaboo,0.0,55.0,6149.0,1938.0,8142.0
cn5i3b,ewkoyzm,You can keep arguing for an actual terrorist organization that only promotes firearm ownership for profits. Only a fool would believe that they proudly defend the 2nd amendment with nothing else to gain. The NRA is a terrorist group and so is the Republican party.,https://i.redd.it/7292mriwy0f31.jpg/ewkoyzm/,0.319,0.6020386,0.023076924,0.19032755,0.07425626,0.65231085,0.02613456,1565490397.0,1,0,0,Todd_Clorox,0.0,0.0,1.0,1693.0,1694.0
