post_id,comment_id,txt,url,offensiveness_score,Toxicity,Severe Toxicity,Profanity,Identity Attack,Insult,Threat,created,score,total_awards_received,controversiality,user,user_awardee_karma,user_awarder_karma,user_link_karma,user_comment_karma,user_total_karma
9cdwv8,e5a0q2o,Don't forget the flaming text. Red and yellow fire was hardcore but the blue flames were where it was at. ,https://www.reddit.com/r/AskReddit/comments/9cdwv8/older_people_of_reddit_what_websites_from_the//e5a0q2o/,-0.234,0.029799197,0.001335144,0.012517073,0.003551794,0.0115029,0.008841781,1535912588.0,134,0,0,[deleted],,,,,
9cdwv8,e5axkfh,Sign my guestbook > Drop a like,https://www.reddit.com/r/AskReddit/comments/9cdwv8/older_people_of_reddit_what_websites_from_the//e5axkfh/,-0.522,0.05205809,0.00333786,0.026863953,0.006400629,0.013212911,0.011767523,1535947824.0,3,0,0,Pacific_Voyager,0.0,0.0,247.0,20057.0,20304.0
9cdwv8,e5b70hd,"Oh god, the fucking bonsai kittens",https://www.reddit.com/r/AskReddit/comments/9cdwv8/older_people_of_reddit_what_websites_from_the//e5b70hd/,0.5,0.9061063,0.42874086,0.90258646,0.10221587,0.4962726,0.011741633,1535963310.0,1,0,0,RheaRainbow,0.0,0.0,1.0,1389.0,1390.0
9cdwv8,e5bkm7z,"I'm sad that remembering the internet before 2010 means I'm ""older"" :(((",https://www.reddit.com/r/AskReddit/comments/9cdwv8/older_people_of_reddit_what_websites_from_the//e5bkm7z/,-0.417,0.03969839,0.001745224,0.018392462,0.007214582,0.013440913,0.007353018,1535985739.0,1,0,0,quantumSpammer,0.0,0.0,2871.0,10581.0,13452.0
9cdwv8,e5bnp75,"Holy shit, remembering things from 90s and 00s makes me an old man now",https://www.reddit.com/r/AskReddit/comments/9cdwv8/older_people_of_reddit_what_websites_from_the//e5bnp75/,0.239,0.8115627,0.19455661,0.8449782,0.04538634,0.34101152,0.008531082,1535988778.0,1,0,0,totalwpierdol,122.0,0.0,4311.0,29235.0,33668.0
9cdwv8,e5bpx5n,What is also forgotten is the noisy 56k dial up modems used to access these old websites. ,https://www.reddit.com/r/AskReddit/comments/9cdwv8/older_people_of_reddit_what_websites_from_the//e5bpx5n/,-0.417,0.045378547,0.001220703,0.015181494,0.004014268,0.018452216,0.007068211,1535990919.0,1,0,0,Kevsev777,0.0,513.0,207.0,5139.0,5859.0
9cdwv8,e5bs2ti,"B3ta, Weebls stuff. Also Winamp was awesome and I spent way too much time downloading skins and visualisers for it, thinking it was the coolest thing ever.",https://www.reddit.com/r/AskReddit/comments/9cdwv8/older_people_of_reddit_what_websites_from_the//e5bs2ti/,-0.167,0.045625936,0.003566742,0.033645786,0.008879486,0.013668913,0.010576514,1535992970.0,1,0,0,[deleted],,,,,
9cdwv8,e5ccclz,"""Older people""

&#x200B;

""00s""

&#x200B;

Jesus fucking Christ.",https://www.reddit.com/r/AskReddit/comments/9cdwv8/older_people_of_reddit_what_websites_from_the//e5ccclz/,0.565,0.89241093,0.45895407,0.91513264,0.46028158,0.54471385,0.011405042,1536011898.0,2,0,0,boyforsale,0.0,0.0,2509.0,19437.0,21946.0
