post_id,comment_id,txt,url,offensiveness_score,Toxicity,Severe Toxicity,Profanity,Identity Attack,Insult,Threat,created,score,total_awards_received,controversiality,user,user_awardee_karma,user_awarder_karma,user_link_karma,user_comment_karma,user_total_karma
87di3j,dwc248q,"Short doesn't matter. I am 6""5 myself. I guess its true  a larger portion like taller boys, but its not like they are all a potential waifu and we have to organize a sudden death so we marry the winner.

You get the quality, we get the quantity.",https://www.reddit.com/r/AskMen/comments/87di3j/what_is_on_your_mind_all_the_time//dwc248q/,-0.188,0.17371799,0.009689331,0.08064143,0.021083053,0.028942931,0.11309616,1522105688.0,1,0,0,WisdomIsNear,0.0,0.0,91.0,4709.0,4800.0
87di3j,dwc28xi,Perhaps its a insecurity thing for you? ,https://www.reddit.com/r/AskMen/comments/87di3j/what_is_on_your_mind_all_the_time//dwc28xi/,-0.312,0.079250954,0.001373291,0.012961143,0.003440801,0.029493837,0.006815769,1522105821.0,2,0,0,WisdomIsNear,0.0,0.0,91.0,4709.0,4800.0
87di3j,dwc5wk6,"Yes but 5'4"" doesn't work. Also I'm ugly as fuck too. ",https://www.reddit.com/r/AskMen/comments/87di3j/what_is_on_your_mind_all_the_time//dwc5wk6/,0.511,0.8778702,0.35368225,0.90258646,0.083355546,0.5130944,0.012233571,1522109657.0,4,0,0,[deleted],,,,,
87di3j,dwcd59t,"I am married now, but when I was single in college, yes, I would meet women easily. I still get hit on from time to time if I'm in a situation like a bar, as well as other situations over the past years that remind me I've still got it. ",https://www.reddit.com/r/AskMen/comments/87di3j/what_is_on_your_mind_all_the_time//dwcd59t/,-0.229,0.10739898,0.004348755,0.06546012,0.026609946,0.016632931,0.021300001,1522117310.0,1,0,0,Dajbman22,917.0,62.0,8305.0,236496.0,245780.0
87di3j,dwcvlki,"Money. Until it's not, and then it's making stuff. Or food. Or sex.",https://www.reddit.com/r/AskMen/comments/87di3j/what_is_on_your_mind_all_the_time//dwcvlki/,0.042,0.40891263,0.01573815,0.2801717,0.008028535,0.03423163,0.012596053,1522150059.0,1,0,0,AvailableBeat,0.0,0.0,27.0,845.0,872.0
87di3j,dwcvonq,My bottled rage. I'm usually calm and kind to people. I let it all out during sports. It helps.,https://www.reddit.com/r/AskMen/comments/87di3j/what_is_on_your_mind_all_the_time//dwcvonq/,-0.021,0.03734144,0.001907349,0.022696527,0.004291751,0.010324894,0.008349842,1522150213.0,1,0,0,zeMVK,243.0,0.0,809.0,41166.0,42218.0
87di3j,dwd24uh,How to escape the 9-5 cubicle job and create a life based on travel.,https://www.reddit.com/r/AskMen/comments/87di3j/what_is_on_your_mind_all_the_time//dwd24uh/,-0.229,0.014765122,0.000677109,0.010211324,0.001914639,0.008006879,0.0065698,1522158855.0,1,0,0,[deleted],,,,,
87di3j,dwd2kpk,"The thread is so fucking depressing, wtf guys.",https://www.reddit.com/r/AskMen/comments/87di3j/what_is_on_your_mind_all_the_time//dwd2kpk/,0.625,0.911035,0.35368225,0.9205162,0.04693319,0.5130944,0.010783645,1522159329.0,4,0,0,PM_ME_RnB_ALBUMS,0.0,0.0,579.0,1279.0,1858.0
87di3j,dwd5gb3,"Jesus Christ you people live a sad life eh?

At least I'm happy enough to just imagine how I would torture and kill random bystanders on the street—especially those with short hair.",https://www.reddit.com/r/AskMen/comments/87di3j/what_is_on_your_mind_all_the_time//dwd5gb3/,0.354,0.6989911,0.44713756,0.27207452,0.46028158,0.36798462,0.6943677,1522162220.0,1,0,0,Kringspier_Des_Heren,0.0,0.0,92.0,22230.0,22322.0
87di3j,dwd83od,Sex and suicide. Not necessarily in that order.,https://www.reddit.com/r/AskMen/comments/87di3j/what_is_on_your_mind_all_the_time//dwd83od/,0.292,0.5140397,0.024678862,0.2980872,0.018872296,0.0654725,0.45336214,1522164715.0,5,0,0,fish1479,0.0,0.0,818.0,51040.0,51858.0
87di3j,dwd9d5b,[deleted],https://www.reddit.com/r/AskMen/comments/87di3j/what_is_on_your_mind_all_the_time//dwd9d5b/,0.021,,,,,,,1522165857.0,3,0,0,[deleted],,,,,
