post_id,comment_id,txt,url,offensiveness_score,Toxicity,Severe Toxicity,Profanity,Identity Attack,Insult,Threat,created,score,total_awards_received,controversiality,user,user_awardee_karma,user_awarder_karma,user_link_karma,user_comment_karma,user_total_karma
78ih3b,dou6ofa,Exposing the number of bots would crash their stock,https://www.cnbc.com/2017/10/24/twitter-will-label-political-ads-including-who-bought-and-spend.html/dou6ofa/,-0.457,0.10045706,0.003299713,0.02795705,0.009064475,0.021803947,0.016292779,1508880852.0,1220,0,0,JacksonWasADictator,0.0,0.0,1.0,36284.0,36285.0
78ih3b,doublzm,I’m ok with this. ,https://www.cnbc.com/2017/10/24/twitter-will-label-political-ads-including-who-bought-and-spend.html/doublzm/,-0.708,0.022846194,0.002002716,0.018255826,0.005216698,0.009317887,0.009048914,1508886589.0,552,0,0,Deomon,163.0,0.0,25.0,37451.0,37639.0
78ih3b,doud2zo,Why risk it? What could beat being the most woefully entertaining President ever's mouthpiece to the world?,https://www.cnbc.com/2017/10/24/twitter-will-label-political-ads-including-who-bought-and-spend.html/doud2zo/,0.065,0.16765249,0.002574921,0.020032106,0.003292809,0.08410009,0.0069517,1508888365.0,5,0,0,[deleted],,,,,
78ih3b,douilmu,Yeah fuck those people who work at Twitter amirite? It's not like they need jobs.,https://www.cnbc.com/2017/10/24/twitter-will-label-political-ads-including-who-bought-and-spend.html/douilmu/,0.812,0.91625386,0.45401973,0.902047,0.16993292,0.5130944,0.063675895,1508894671.0,1,0,0,__SPIDERMAN___,216.0,0.0,2469.0,34455.0,37140.0
78ih3b,doukfes,"haha, right? The fuck was his statement even thinking? ""Yea, let's crush the economy just a little more!""",https://www.cnbc.com/2017/10/24/twitter-will-label-political-ads-including-who-bought-and-spend.html/doukfes/,0.717,0.7998551,0.33047765,0.8089582,0.04641757,0.46476576,0.13616586,1508896734.0,1,0,0,dont_worry_im_here,2653.0,544.0,,,3197.0
78ih3b,dove5ug,"Unintended consequence is that surely political ad campaigns will find a way around this making their trolls seem not trolling because they ""aren't labeled"" so they must be legitimate. 

There will still be plenty of paid advertisements not labeled as such. ",https://www.cnbc.com/2017/10/24/twitter-will-label-political-ads-including-who-bought-and-spend.html/dove5ug/,-0.208,0.33421695,0.005149841,0.052183274,0.00984143,0.36365277,0.008194493,1508947068.0,1,0,0,hypoto,0.0,0.0,70.0,944.0,1014.0
78ih3b,dp1t4o2,It will be finding out all the things they bought and account for breaking their TOS by inciting violence and bullying.,https://www.cnbc.com/2017/10/24/twitter-will-label-political-ads-including-who-bought-and-spend.html/dp1t4o2/,-0.062,0.24763705,0.007476807,0.026454043,0.008694496,0.04852104,0.21332647,1509289238.0,1,0,0,fancy_wolf420,0.0,0.0,,,0.0
