post_id,comment_id,txt,url,offensiveness_score,Toxicity,Severe Toxicity,Profanity,Identity Attack,Insult,Threat,created,score,total_awards_received,controversiality,user,user_awardee_karma,user_awarder_karma,user_link_karma,user_comment_karma,user_total_karma
a2x71c,eb1w79k,I can’t wait till we get to the place in history where I can see anyone’s personal tax and financial records simply because I want to see em! ,https://thehill.com/homenews/administration/419498-majority-of-americans-believe-house-dems-should-release-trumps-tax/eb1w79k/,0.062,0.015393426,0.000782013,0.010792031,0.001572409,0.008481883,0.006537435,1543900979.0,-50,0,0,ibnerdy,15.0,0.0,,,15.0
a2x71c,eb1zwyw,is that even legal for them to release them?,https://thehill.com/homenews/administration/419498-majority-of-americans-believe-house-dems-should-release-trumps-tax/eb1zwyw/,-0.208,0.023553278,0.001015663,0.013439372,0.00310782,0.009222887,0.008556974,1543906013.0,-38,0,0,Crypto_Poison,0.0,0.0,1046.0,5753.0,6799.0
a2x71c,eb233p7,[deleted],https://thehill.com/homenews/administration/419498-majority-of-americans-believe-house-dems-should-release-trumps-tax/eb233p7/,-0.208,,,,,,,1543911306.0,-43,0,0,[deleted],,,,,
a2x71c,eb2e4d3,"Shady tricks = just dosent pay 

= tax evasion ",https://thehill.com/homenews/administration/419498-majority-of-americans-believe-house-dems-should-release-trumps-tax/eb2e4d3/,-0.021,0.05131592,0.001077652,0.011628932,0.002229121,0.025800243,0.00632383,1543929786.0,11,0,0,[deleted],,,,,
a2x71c,eb2lunv,Petty nationalism isn't a valid argument. ,https://thehill.com/homenews/administration/419498-majority-of-americans-believe-house-dems-should-release-trumps-tax/eb2lunv/,0.062,0.15158679,0.003623962,0.02126184,0.06522302,0.03768798,0.008466354,1543937145.0,3,0,0,tom_da_boom,295.0,40.0,5122.0,32941.0,38398.0
a2x71c,eb2nn7n,"Fuck one person on vote. What do we have? A government by the people, for the people? Yeah right! Shut up libtard./s",https://thehill.com/homenews/administration/419498-majority-of-americans-believe-house-dems-should-release-trumps-tax/eb2nn7n/,0.812,0.9288007,0.47886345,0.90150756,0.37361985,0.7090544,0.1115629,1543938612.0,2,0,0,IntrovertedSpace,15.0,165.0,3723.0,15212.0,19115.0
a2x71c,eb2olnb,"A businessman has a much more complicated tax return than someone who works for others or is a practicing attorney.  Donald keeps his tax returns private because it is so easy to take **any** businessman’s return, pick it apart, question everything down to the crossing of a t.  Ask 10 accountants to do your taxes and you’ll get 10 different tax returns.

Transparency and the IRS...yeah, right.....",https://thehill.com/homenews/administration/419498-majority-of-americans-believe-house-dems-should-release-trumps-tax/eb2olnb/,0.043,0.07608539,0.001926422,0.028640235,0.005549679,0.03335018,0.006239682,1543939357.0,-6,0,0,SpecOpsAlpha,148.0,43.0,,,191.0
a2x71c,eb2weob,"Well uhhhh... yeah.  Hell, even Republicans I've talked to that are totally in on Trump are at least *okay* with it.",https://thehill.com/homenews/administration/419498-majority-of-americans-believe-house-dems-should-release-trumps-tax/eb2weob/,0.333,0.4977744,0.024350211,0.5013569,0.10221587,0.336253,0.011922873,1543945106.0,1,0,0,Darth_Ra,1108.0,217.0,38624.0,210704.0,250653.0
a2x71c,eb2x3dw,">reddit coins

they already closed that down as it was shown to somewhat be a money laundering scam.",https://thehill.com/homenews/administration/419498-majority-of-americans-believe-house-dems-should-release-trumps-tax/eb2x3dw/,-0.021,0.22311419,0.006980896,0.09260304,0.017766917,0.07016616,0.008259222,1543945598.0,1,0,0,Usagii_YO,294.0,55.0,,,349.0
a2x71c,eb3ofsg,"Racial profiling??? Really come on. You know if father was from Kenya and hes spent part of of his childhood in foreign countries.   So that's why it was questioned. Also, I never said I agree with the whole question of his berth place. It's just as pointless as bitching about his tax returns. 

Oh so now we will hold trump to a certain standard but doubt you will hold yourself or others to than same standard. 

What if nothing is wrong with his tax returns? What do you do then? Please tell me. 
It seems to me like your mind is already made up on the issue and you just want to find something to bash on him for ir getting him impeached. Just like the birth certificate, you are exactly the same. 

",https://thehill.com/homenews/administration/419498-majority-of-americans-believe-house-dems-should-release-trumps-tax/eb3ofsg/,0.277,0.3389984,0.013285006,0.20592089,0.10221587,0.33896056,0.009074804,1543966071.0,-1,0,0,Vruestrervree,0.0,0.0,1.0,174.0,175.0
