post_id,comment_id,txt,url,offensiveness_score,Toxicity,Severe Toxicity,Profanity,Identity Attack,Insult,Threat,created,score,total_awards_received,controversiality,user,user_awardee_karma,user_awarder_karma,user_link_karma,user_comment_karma,user_total_karma
ck7weu,evk7ide,"People are abused emotionally and physically far more often than we like to admit. Many controlling, manipulative, unfaithful and psychotic people exist in the world, I would know I’ve dated a few crazies. Some of these things aren’t prosecuted as crimes but they still violate the core of the relationship. When you enter into a relationship, you don’t agree to subject yourself to every whim of your partner. Ideally, we want people to feel some freedom to leave bad and abusive relationships. Relationships are complex social contracts and you can’t give a one size prescription to every ended marriage.",https://www.reddit.com/r/changemyview/comments/ck7weu/cmv_any_forms_of_alimony_to_the_partner_that//evk7ide/,-0.042,0.25462922,0.007286072,0.14225815,0.023997234,0.19734058,0.012337137,1564576939.0,1,0,0,sammy-f,0.0,0.0,61.0,674.0,735.0
ck7weu,evk7spq,"I don't include child support in this discussion, as it has other issues that might detract. Division of marital property is a hard question. I would say if it was acquired in tandem, it should probably be split equally, but I'm not too sure.",https://www.reddit.com/r/changemyview/comments/ck7weu/cmv_any_forms_of_alimony_to_the_partner_that//evk7spq/,-0.083,0.014639461,0.000882149,0.01265371,0.003958771,0.007702877,0.007068211,1564577082.0,0,0,0,AskingToFeminists,714.0,34.0,792.0,38057.0,39597.0
ck7weu,evk80vk,"Emotional and physical abuse are cases of fault, which are excluded from this post's topic.",https://www.reddit.com/r/changemyview/comments/ck7weu/cmv_any_forms_of_alimony_to_the_partner_that//evk80vk/,-0.087,0.044883765,0.001735687,0.012722028,0.004458242,0.012832909,0.010395273,1564577193.0,0,0,1,AskingToFeminists,714.0,34.0,792.0,38057.0,39597.0
ck7weu,evk8cfb,"> I would say if it was acquired in tandem, it should probably be split equally, but I'm not too sure.

What does this even mean? By definition, all property acquired in a marriage is acquired in tandem. The marriage replaces each parties' economic individualism with an economic partnership. Even if only one person's name is on the deed, contract, etc if something is matrimonial property, it's owned by the marriage, not by any individual.",https://www.reddit.com/r/changemyview/comments/ck7weu/cmv_any_forms_of_alimony_to_the_partner_that//evk8cfb/,-0.17,0.027442247,0.001120567,0.015488927,0.004643231,0.014580919,0.006809296,1564577349.0,7,0,0,PM_UR_EROTIC_FANTASY,0.0,0.0,55.0,69.0,124.0
ck7weu,evk8zhb,"Suppose - for the sake of discussion - that something like alimony was agreed on in a pre-nuptual contract, and then funded with a bond.  Is that something that should be reversed or rendered invalid?

This is clearly an extreme example - and possibly a straw man - but, the headline CMV does go with ""... **any** forms of alimony...""",https://www.reddit.com/r/changemyview/comments/ck7weu/cmv_any_forms_of_alimony_to_the_partner_that//evk8zhb/,-0.17,0.059727192,0.001821518,0.029186781,0.003385304,0.026315894,0.006841661,1564577646.0,2,0,0,Rufus_Reddit,375.0,0.0,59.0,86341.0,86775.0
ck7weu,evk9bmb,">What does this even mean?

As I said... I'm not too sure. That's why I am discussing alimony. That is, a continuous payment from one party to the other. For other cases, it's very dependent.

Imagine a person who saved money for ten years to buy a house. The day before the buy, they marry. The buy has been done only through that person's hard work and saving, but as there was a 1day marriage, it is now owned by both? And if that second person decides to leave for no good reason, that person get half a cut? That hardly seems fair.

So as I said, the division of property is a tricky case that requires more subtelty, and I don't know.

But what about alimony?",https://www.reddit.com/r/changemyview/comments/ck7weu/cmv_any_forms_of_alimony_to_the_partner_that//evk9bmb/,-0.021,0.059727192,0.002441406,0.025497584,0.009249465,0.020385906,0.007158832,1564577796.0,1,0,0,AskingToFeminists,714.0,34.0,792.0,38057.0,39597.0
ck7weu,evka1uw,"I'm not sure that if it's a thing that is funded until the relationship breakup and is no longer funded after, it really counts as alimony instead of a splitting of the marital property.

I have not too many issues with prenups provided that they were always upheld instead of being commonly dismissed by the judges whenever they want. From what I know, a prenup is about as valuable as the paper it is written on.

So I would maybe be OK with an alimony that is written in a prenup if the prenups were really something valid. I guess I can award you a !delta for that",https://www.reddit.com/r/changemyview/comments/ck7weu/cmv_any_forms_of_alimony_to_the_partner_that//evka1uw/,-0.208,0.021314176,0.000796318,0.013029462,0.002571351,0.012756908,0.006505071,1564578132.0,0,0,0,AskingToFeminists,714.0,34.0,792.0,38057.0,39597.0
ck7weu,evkadm6,"I could see it in cases where one partner pays for the others college tuition or something with the agreement that the one paying would only pay if they were together, or if, as a couple, they agree one should forego a career to raise their kids and so a finite amount of alimony might be reasonable in both cases. Finite being an important factor. Alimony or even splitting assets can be dumb in many situations but if you give someone something with the expectation they may only have it while you are a couple, you should be able to recoup your losses somewhat, but within reason.",https://www.reddit.com/r/changemyview/comments/ck7weu/cmv_any_forms_of_alimony_to_the_partner_that//evkadm6/,-0.021,0.1893425,0.002346039,0.07482228,0.003255812,0.14512913,0.006828715,1564578287.0,0,0,0,[deleted],,,,,
ck7weu,evkaepy,How do you judge what is considered emotional or physical abuse?,https://www.reddit.com/r/changemyview/comments/ck7weu/cmv_any_forms_of_alimony_to_the_partner_that//evkaepy/,-0.208,0.0466155,0.001716614,0.015591404,0.003329807,0.0113889,0.010680079,1564578302.0,4,0,0,sammy-f,0.0,0.0,61.0,674.0,735.0
ck7weu,evkb6wp,"Do you have some sense about what the differences between that fantasy scenario and a more typical no-fault breakup are that makes one seem like it might be OK, and the other seem unjust?",https://www.reddit.com/r/changemyview/comments/ck7weu/cmv_any_forms_of_alimony_to_the_partner_that//evkb6wp/,-0.271,0.030977672,0.001058579,0.015215653,0.003181816,0.012984909,0.006977591,1564578696.0,3,0,0,Rufus_Reddit,375.0,0.0,59.0,86341.0,86775.0
ck7weu,evkb91w,"As you mentionned, a couple shares revenues, time and affection. But they share it as a common entity.

It means that some decisions might be taken for the benefit of the couple, but might screw one of the parties individually.
Quick example : man makes 50k per year. woman makes 50k. Woman is offered a mega raise at 100k but need to move in the city and for some reason man cannot pursue his old career at all and start back at 10k y (lets say he's a farmer).
For the couple it means more money... but one of them is clearly screwed and might need garantees.

Same goes for housewifes. Who knows how many successful business contracts are due to the fact that someone could be 100% dedicated to the job while their wife was taking care of the kids.",https://www.reddit.com/r/changemyview/comments/ck7weu/cmv_any_forms_of_alimony_to_the_partner_that//evkb91w/,-0.125,0.11088664,0.003414154,0.11725569,0.01465176,0.033680726,0.006783404,1564578730.0,5,0,0,jeeves_geez,0.0,0.0,78.0,4348.0,4426.0
ck7weu,evkbu6g,There are specialists in that. I would defer to their judgment.,https://www.reddit.com/r/changemyview/comments/ck7weu/cmv_any_forms_of_alimony_to_the_partner_that//evkbu6g/,-0.447,0.019477395,0.000762939,0.011970525,0.002663846,0.009868891,0.007171778,1564579070.0,1,0,0,AskingToFeminists,714.0,34.0,792.0,38057.0,39597.0
ck7weu,evkc0n2,What are you talking about?,https://www.reddit.com/r/changemyview/comments/ck7weu/cmv_any_forms_of_alimony_to_the_partner_that//evkc0n2/,-0.542,0.09033044,0.001964569,0.021603432,0.003218814,0.026960457,0.006912862,1564579170.0,1,0,0,AskingToFeminists,714.0,34.0,792.0,38057.0,39597.0
ck7weu,evkc7vd,"Can you give a specific example or anecdote of what you are trying to avoid?  For me theres a pretty big gray area. What if a partner just stops wanting sex (and there aren’t underlying medical problems)? What if a partner cheats? That’s not technically abusive by many definitions? What if a partner takes a job that requires 80-90hrs per week of work and you never see them?  I guess in my perspective, someone who requests a divorce usually had something go pretty wrong in their relationship. This is why we let the legal system hash out all these things. I agree with your premise, but I would find it extremely hard to apply in the real world.",https://www.reddit.com/r/changemyview/comments/ck7weu/cmv_any_forms_of_alimony_to_the_partner_that//evkc7vd/,-0.064,0.20126031,0.004062653,0.07934829,0.008879486,0.036104713,0.008129764,1564579281.0,3,0,0,sammy-f,0.0,0.0,61.0,674.0,735.0
ck7weu,evkc9xt,Yeah... So? If the person who made the choice to take a loss of income make then the unilateral choice to leave for no good reason... Why should they get anything. Remember that I am not talking of when the person that benefitted decides to leave them.,https://www.reddit.com/r/changemyview/comments/ck7weu/cmv_any_forms_of_alimony_to_the_partner_that//evkc9xt/,-0.085,0.071337044,0.001945496,0.022423252,0.003533295,0.027218282,0.007210615,1564579314.0,0,0,1,AskingToFeminists,714.0,34.0,792.0,38057.0,39597.0
ck7weu,evkckqd,"The classic example is the woman who doesn't go to advanced schooling and doesn't build her career in her twenties to care for the couple's home/children.

The man gained off her sacrifice, and when the relationship is over, that sacrifice put her at a huge disadvantage in the workplace.

Since her sacrifice was for the benefit of the people of the relationship, shouldn't the people of the relationship pay her back?",https://www.reddit.com/r/changemyview/comments/ck7weu/cmv_any_forms_of_alimony_to_the_partner_that//evkckqd/,0.085,0.104795754,0.002241135,0.016616182,0.035331827,0.036435258,0.007262398,1564579460.0,4,0,0,Burflax,462.0,0.0,22.0,59389.0,59873.0
ck7weu,evkcqx3,"Anyone who has even reportedly touched a level of confidentiality in relation to  abuse/rape (ie mandated reporters from universities, actual councilors, etc.) will tell you that the most important thing for someone who has made the first step in reporting abuse is to let them maintain control. If they dont want knowledge of their abuse splayed on the table divorce for whatever reason that is their business, not yours or the judge's or whoever.",https://www.reddit.com/r/changemyview/comments/ck7weu/cmv_any_forms_of_alimony_to_the_partner_that//evkcqx3/,-0.146,0.17891699,0.005569458,0.049678206,0.014048826,0.061101943,0.018537397,1564579540.0,2,0,0,somuchbitch,15.0,0.0,354.0,27295.0,27664.0
ck7weu,evkcvb0,"Iirc, affection deprivation is considered abuse, and cheating is a ground for fault divorce. So no problem here

>What if a partner takes a job that requires 80-90hrs per week of work and you never see them?

Then what, you are unhappy that they spend that time making money from which you benefit, so you would like to just go away but still benefit from that money, and force them to keep that workload despite it being also a part of the compromise going with the relationship? 

How is that fair?",https://www.reddit.com/r/changemyview/comments/ck7weu/cmv_any_forms_of_alimony_to_the_partner_that//evkcvb0/,0.0,0.11450345,0.003509522,0.033144772,0.008546505,0.046178754,0.007754337,1564579598.0,1,0,0,AskingToFeminists,714.0,34.0,792.0,38057.0,39597.0
ck7weu,evkd8wk,"Oh, I got it. The difference between one and the other is that the prenup is something you have the option to take or not take. While alimony is mandated by law. So the difference is basically consent. If you want to sign your money away in case your partner decides to leave you for no good reason, be a fool and be my guest. You can also directly make a donation to that person.",https://www.reddit.com/r/changemyview/comments/ck7weu/cmv_any_forms_of_alimony_to_the_partner_that//evkd8wk/,0.109,0.3811502,0.007362366,0.13608865,0.007436569,0.43296707,0.008298059,1564579759.0,6,0,0,AskingToFeminists,714.0,34.0,792.0,38057.0,39597.0
ck7weu,evkdkaz,"Ok my specific example was an instance where a party needed more emotional support/attention than there partner was giving. I wasn’t assuming a greedy motive, but I guess if you want to make my example that then sure. I don’t think that we disagree in general. So I’m out of this thread lol.",https://www.reddit.com/r/changemyview/comments/ck7weu/cmv_any_forms_of_alimony_to_the_partner_that//evkdkaz/,-0.062,0.11347008,0.004329681,0.082581155,0.010063417,0.04090862,0.008789998,1564579888.0,1,0,0,sammy-f,0.0,0.0,61.0,674.0,735.0
ck7weu,evkdznp,How is never seeing them not affection deprivation?  They are literally being deprived of affection by never seeing their partner.,https://www.reddit.com/r/changemyview/comments/ck7weu/cmv_any_forms_of_alimony_to_the_partner_that//evkdznp/,0.106,0.05651112,0.001277924,0.013576009,0.004994711,0.020966014,0.006861079,1564580069.0,1,0,0,techiemikey,123.0,0.0,303.0,57005.0,57431.0
ck7weu,evkgitq,"They left for a good reason.  Just not a ""at fault"" reason, or they couldn't prove the ""at fault"" reason in a court room.",https://www.reddit.com/r/changemyview/comments/ck7weu/cmv_any_forms_of_alimony_to_the_partner_that//evkgitq/,-0.208,0.017215505,0.000610352,0.010604155,0.001424418,0.009564889,0.00675104,1564581145.0,0,0,0,techiemikey,123.0,0.0,303.0,57005.0,57431.0
ck7weu,evkhkrm,"> ... So the difference is basically consent. ...

You've already given me a delta, but I'll leave you with this to think about:  Suppose that a man gets married knowing that he might be liable for alimony later, but there's no formal pre-nup.  Is he still consenting?",https://www.reddit.com/r/changemyview/comments/ck7weu/cmv_any_forms_of_alimony_to_the_partner_that//evkhkrm/,0.125,0.081625134,0.002384186,0.02167175,0.012943448,0.027841117,0.007702554,1564581622.0,1,0,0,Rufus_Reddit,375.0,0.0,59.0,86341.0,86775.0
ck7weu,evkkzlq,"Depends if taking that workload is due to the demands of the non-working partner. There has been cases where the partner who isn't working demands some standard of living, which requires the working partner to work that kind of workload. If it's ""I want a house with a pool, buy me a pool"" ""OK, but I will have to work more"" ""just buy me a pool"" *works to buy the pool* ""I never see you anymore, why don't you spend more time with me?"", in that case, where the abuse is can be discussed. Sure, it's one case, but all abuse cases are specific",https://www.reddit.com/r/changemyview/comments/ck7weu/cmv_any_forms_of_alimony_to_the_partner_that//evkkzlq/,0.062,0.051563308,0.001964569,0.025634222,0.005142702,0.020708188,0.00823333,1564583036.0,0,0,0,AskingToFeminists,714.0,34.0,792.0,38057.0,39597.0
ck7weu,evkler0,"It might not be, but if they want the court to acknowledge they have legitimate reasons to want to forcibly extract money from someone, then they bloody well should have to demonstrate it. Forcible extraction of money from someone is literally theft. To have the courts mandate it, you have to demonstrate to the public that it is warranted, or the public looses faith in its institutions. I am not really fond of guilty unless proven otherwise",https://www.reddit.com/r/changemyview/comments/ck7weu/cmv_any_forms_of_alimony_to_the_partner_that//evkler0/,-0.128,0.14429577,0.004005432,0.07676199,0.009545447,0.06687108,0.010576514,1564583205.0,0,0,0,AskingToFeminists,714.0,34.0,792.0,38057.0,39597.0
ck7weu,evklzuu,"Not really, no. Marriage has unique perks, amongst other things regarding rights of access to children or sick and dying partner. That's not for nothing that gay people wanted to be able to marry. To me, marriage should be dispensed with and just replaced by prenups that basically do the same things but you can get modified. You have no option to enter a contract that grants you what you like about marriage.",https://www.reddit.com/r/changemyview/comments/ck7weu/cmv_any_forms_of_alimony_to_the_partner_that//evklzuu/,0.042,0.2553839,0.010910034,0.10116278,0.2854555,0.083359696,0.014393489,1564583441.0,2,0,0,AskingToFeminists,714.0,34.0,792.0,38057.0,39597.0
ck7weu,evkmw7s,That's just not good enough to have court mandated theft/slavery demanding someone work against their will while stealing the product of that work,https://www.reddit.com/r/changemyview/comments/ck7weu/cmv_any_forms_of_alimony_to_the_partner_that//evkmw7s/,0.043,0.17458448,0.005302429,0.040158957,0.021585498,0.04090862,0.012751401,1564583814.0,0,0,1,AskingToFeminists,714.0,34.0,792.0,38057.0,39597.0
ck7weu,evkngye,"Only if she was the one who was left.

Loo' at this. Someone worked for many year for an employer. That employer made a lot of profit on the basis of that work, and so did that person's colleagues. 

If she decides spontaneoisly to leave that employer, shouldn't then the people who benefitted from that person's work keep paying that person?

I would say no. That perdon decided to leave. It's different if that person gets fired",https://www.reddit.com/r/changemyview/comments/ck7weu/cmv_any_forms_of_alimony_to_the_partner_that//evkngye/,-0.104,0.11057663,0.003108978,0.040158957,0.004606233,0.042665333,0.00933372,1564583997.0,1,0,0,AskingToFeminists,714.0,34.0,792.0,38057.0,39597.0
ck7weu,evkp19g,"When you marry you become a single legal entity. That is the entire point of marriage, front to back. The intention is that therere IS no ""one made a sacrifice and now they have to live with that"" involved. Instead, a single 'person' with two bodies and brains divides labors and responsibilities to work together. If that is ended, and it doesn't matter by who, then all gains made by either party are, whenever feasible, shared property. That includes changes in earning potential, especially when one sacrificed to facilitate the other.

If you do not like this system, you do not like marriage. Period. Do not get married. The ideal relationship for you is probably unmarried cohabitation.",https://www.reddit.com/r/changemyview/comments/ck7weu/cmv_any_forms_of_alimony_to_the_partner_that//evkp19g/,-0.167,0.09438288,0.002040863,0.026317406,0.013445892,0.03312982,0.007094103,1564584555.0,3,0,0,OneShotHelpful,164.0,0.0,7.0,51145.0,51316.0
ck7weu,evkp5lu,"No one is going to want to be the person who makes that sacrifice if the relationship ending means their life is ruined.

Who specifically calls it quits first doesn't really matter, does it?

Imagine a woman, who, under your scenario, realizes the relationship isn't working, and, instead of filing for divorce and losing everything the couple has earned, just starts treating the man poorly, ruining every moment they are together until *he* files for divorce.

The fact that matters is that the relationship ended, and the two people should share in the things the relationship invested in, and the earning potential of both people is part of that.

Let's skip the 'who quit first' thing, and just focus on fairly dividing up the couples assets.",https://www.reddit.com/r/changemyview/comments/ck7weu/cmv_any_forms_of_alimony_to_the_partner_that//evkp5lu/,-0.021,0.10566349,0.00289917,0.040158957,0.021987455,0.030926194,0.011327368,1564584598.0,2,0,0,Burflax,462.0,0.0,22.0,59389.0,59873.0
ck7weu,evkr48r,"Unless in extreme cases, there are no unilateral choice without reason
A person is willingfully putting himself in a situation of vulnerability and dependancy out of trust for the other. This trust relationship can easily be altered once one of them has more to lose than the other.
The monetary compensation is meant to bring equity in that",https://www.reddit.com/r/changemyview/comments/ck7weu/cmv_any_forms_of_alimony_to_the_partner_that//evkr48r/,-0.312,0.027324399,0.001006126,0.014498309,0.002978328,0.014010916,0.007055265,1564585303.0,2,0,0,jeeves_geez,0.0,0.0,78.0,4348.0,4426.0
ck7weu,evktjaf,"What is has no bearing on what should be, and that is what I am discussing here.",https://www.reddit.com/r/changemyview/comments/ck7weu/cmv_any_forms_of_alimony_to_the_partner_that//evktjaf/,-0.375,0.027442247,0.001020432,0.015454767,0.00414376,0.011122898,0.007016428,1564586203.0,0,0,0,AskingToFeminists,714.0,34.0,792.0,38057.0,39597.0
ck7weu,evkuc4n,"Yup. If the person who leaves is the one paying. One person is a position of vulnerability in one front, but of strength on another.

The person who earns less to take care of the kids looses on the earning, but win on the relationship and time spent with the kids. The person who start working 60hrs a week looses on the ability to take care of the house and many other meaningful decisions. When people split, there is no ""you have to keep taking care of the house of your partner"", and there should be no ""you have to keep the financial upkeep of your partner"".

It's a question of incentive. You don't in entivize financially people to leave their relationships for futilities.",https://www.reddit.com/r/changemyview/comments/ck7weu/cmv_any_forms_of_alimony_to_the_partner_that//evkuc4n/,0.0,0.030034892,0.000863075,0.013678487,0.002534353,0.017163089,0.006446815,1564586526.0,0,0,0,AskingToFeminists,714.0,34.0,792.0,38057.0,39597.0
ck7weu,evkujul,So then what should it be? A tax break and a way to share insurance policies?,https://www.reddit.com/r/changemyview/comments/ck7weu/cmv_any_forms_of_alimony_to_the_partner_that//evkujul/,-0.333,0.008859074,0.000476837,0.009733095,0.001285676,0.007047373,0.006039023,1564586614.0,2,0,0,OneShotHelpful,164.0,0.0,7.0,51145.0,51316.0
ck7weu,evl6c43,"What happens if you can't prove fault, but it exists?",https://www.reddit.com/r/changemyview/comments/ck7weu/cmv_any_forms_of_alimony_to_the_partner_that//evl6c43/,-0.354,0.02308189,0.000829697,0.011560614,0.002108878,0.010058892,0.007016428,1564590880.0,2,0,0,techiemikey,123.0,0.0,303.0,57005.0,57431.0
ck7weu,evld10o,Anyone who lets their spouse not work is asking to take it between the eyes.,https://www.reddit.com/r/changemyview/comments/ck7weu/cmv_any_forms_of_alimony_to_the_partner_that//evld10o/,0.167,0.37073207,0.021548226,0.174273,0.009101473,0.06599696,0.34804323,1564593216.0,0,0,0,0nlyhalfjewish,2101.0,1259.0,32041.0,263403.0,298804.0
ck7weu,evm2h1o,"The arduous legal process of going through a divorce is enough of a disincentive.

You've said elsewhere that for cause divorce is still ok.

So assume I accuse my spouse of abuse. But I can't prove it. Do you force me to stay in a potentially abusive relationship? Or do you assume all accusations of abuse are true, thus giving an incentive for people to accuse their spouses of abuse? There's no third option. Your system either favors spousal abusers over victims, or it gives an incentive to falsely claim spousal abuse. Which is it?",https://www.reddit.com/r/changemyview/comments/ck7weu/cmv_any_forms_of_alimony_to_the_partner_that//evm2h1o/,0.021,0.15103401,0.003585815,0.02522431,0.015154205,0.061976057,0.012285355,1564602382.0,1,0,0,zardeh,0.0,0.0,16.0,34809.0,34825.0
ck7weu,evmb9z9,">Iirc, affection deprivation is considered abuse, and cheating is a ground for fault divorce. 

You are sounding more and more like an incel.

Ok, so using your example - say I'm a workaholic and I stop paying attention to my wife. I'm not abusing her, I'm just too busy for sex. She wants affection, attention, and time. I refuse to give it to her, because I'm working 7 days a week, and when I come home from a 14 hr day I'm too tired to participate in family stuff.

If she decides to leave me, am I at fault? Is she?",https://www.reddit.com/r/changemyview/comments/ck7weu/cmv_any_forms_of_alimony_to_the_partner_that//evmb9z9/,0.396,0.37694603,0.02116089,0.2268346,0.14661247,0.21602537,0.010887212,1564605700.0,1,0,0,Izawwlgood,262.0,0.0,424.0,135240.0,135926.0
ck7weu,evmwl35,"I kind of just think alimony should go away. it's a product of a time before women were equal in the workforce. There is really no justification for it anymore. (Child support is an entirely different story) but just going ""woman gets alimony"" or ""they make less money"" Doesn't justify taking someone else's money.

If there was wrong doing and reparations need to be paid that is for a civil court case to decide. Not divorce court.",https://www.reddit.com/r/changemyview/comments/ck7weu/cmv_any_forms_of_alimony_to_the_partner_that//evmwl35/,0.064,0.09438288,0.002326965,0.018529098,0.057492398,0.026702631,0.007430693,1564614631.0,1,0,0,rewt127,277.0,0.0,4371.0,26207.0,30855.0
ck7weu,evo5su5,"Once again, I am not the abuse expert. Go take that with them.",https://www.reddit.com/r/changemyview/comments/ck7weu/cmv_any_forms_of_alimony_to_the_partner_that//evo5su5/,0.188,0.24282593,0.006790161,0.027820412,0.005734668,0.06599696,0.063675895,1564639152.0,1,0,0,AskingToFeminists,714.0,34.0,792.0,38057.0,39597.0
ck7weu,evooznv,"Some other person, trying to convince me that alimony was just, came near to convincing me that all alimony was unjust, while arguing that leaving an exception for wrong doing or for who leaves who would generate many more issues.",https://www.reddit.com/r/changemyview/comments/ck7weu/cmv_any_forms_of_alimony_to_the_partner_that//evooznv/,-0.083,0.019226074,0.000658035,0.010740792,0.001831394,0.010780896,0.006317357,1564652929.0,1,0,0,AskingToFeminists,714.0,34.0,792.0,38057.0,39597.0
ck7weu,evopqax,"As it is, indeed, but that doesn't mean that's how it should be, does it?",https://www.reddit.com/r/changemyview/comments/ck7weu/cmv_any_forms_of_alimony_to_the_partner_that//evopqax/,-0.396,0.013131535,0.000753403,0.012756188,0.002719343,0.007607877,0.006731622,1564653593.0,1,0,0,AskingToFeminists,714.0,34.0,792.0,38057.0,39597.0
ck7weu,evopuvb,"Sadly, what has to matter for the justice system is what can be proven. Otherwise you open the door to all kind of justice enforced abuses that would be incredibly damaging to society. Innocent until proven otherwise has to be an unbreakable principle.",https://www.reddit.com/r/changemyview/comments/ck7weu/cmv_any_forms_of_alimony_to_the_partner_that//evopuvb/,-0.188,0.11088664,0.002632141,0.02167175,0.011173353,0.047935467,0.010654188,1564653707.0,1,0,0,AskingToFeminists,714.0,34.0,792.0,38057.0,39597.0
ck7weu,evp4r43,"No, but the alternative is to allow the woman to not work and then if the marriage ends, she has nothing. So if alimony laws change, I suspect VERY few women would ever agree to get married and stay home to raise the kids. That would do more to change the nature of marriage and families in America than probably anything else I can think of.",https://www.reddit.com/r/changemyview/comments/ck7weu/cmv_any_forms_of_alimony_to_the_partner_that//evp4r43/,0.0,0.11347008,0.003738403,0.022628209,0.09576365,0.032468732,0.008712323,1564666075.0,2,0,0,0nlyhalfjewish,2101.0,1259.0,32041.0,263403.0,298804.0
ck7weu,evpaylj,"But you do recognize that your position hinges on the capacity for identification of abuse? 

Without your willingness to recognize how uninformed and untenable your position is because of this significant flaw, you don't appear to be willing to engage in good faith.",https://www.reddit.com/r/changemyview/comments/ck7weu/cmv_any_forms_of_alimony_to_the_partner_that//evpaylj/,0.021,0.11440011,0.002202988,0.016821137,0.004569235,0.06617179,0.007741391,1564669874.0,1,0,0,Izawwlgood,262.0,0.0,424.0,135240.0,135926.0
ck7weu,evpb2pj,"And a right of decision if your partner gets ill and unable, and an automatic beneficiary in cases of deaths, etc. Possibly a standard contract that can be edited by both parties before they enter it.",https://www.reddit.com/r/changemyview/comments/ck7weu/cmv_any_forms_of_alimony_to_the_partner_that//evpb2pj/,-0.271,0.06025757,0.002670288,0.015728042,0.004069764,0.012870909,0.04201601,1564669940.0,1,0,0,AskingToFeminists,714.0,34.0,792.0,38057.0,39597.0
ck7weu,evpboar,">So assume I accuse my spouse of abuse. But I can't prove it. Do you force me to stay in a potentially abusive relationship? Or do you assume all accusations of abuse are true, thus giving an incentive for people to accuse their spouses of abuse? There's no third option.

Yes there is, the one I am proposing : you can leave if you want. You are not entitled to the product of the work of the other. You just leave, and take what's yours, but nothing of what will be the others.

How hard is it to understand that I still propose that you can divorce anytime you want for whatever reason you want,  BUT that you only get to keep extracting money from the other if you can prove a very good reason to force them to ?",https://www.reddit.com/r/changemyview/comments/ck7weu/cmv_any_forms_of_alimony_to_the_partner_that//evpboar/,0.271,0.20032968,0.005950928,0.03489832,0.01766643,0.076502606,0.0115345,1564670287.0,1,0,0,AskingToFeminists,714.0,34.0,792.0,38057.0,39597.0
ck7weu,evpdazp,Those are both already possible without marriage,https://www.reddit.com/r/changemyview/comments/ck7weu/cmv_any_forms_of_alimony_to_the_partner_that//evpdazp/,-0.292,0.025556687,0.001296997,0.015113175,0.008065533,0.00815888,0.007586042,1564671221.0,1,0,0,OneShotHelpful,164.0,0.0,7.0,51145.0,51316.0
ck7weu,evq99fs,"Yet does that justify another injustice? Sure, it will reduce the number of women willing to take that risk, for that specific situation. But stay at home parents aren't already the majority of parents.
But there would probably be more men that would become interested again in risking marriage with women that have jobs that they earn less than the man.

And right now, we have more a shortage of men interested in marriage than a shortage of women, so that might increase the total number of marriages. After all, that is just giving the highest earner the assurance that they won't get forced to pay for someone who left them even though they did their best.",https://www.reddit.com/r/changemyview/comments/ck7weu/cmv_any_forms_of_alimony_to_the_partner_that//evq99fs/,0.0,0.09568449,0.002155304,0.017572641,0.053854458,0.027347196,0.007948523,1564688955.0,1,0,0,AskingToFeminists,714.0,34.0,792.0,38057.0,39597.0
